Unity Editor version:    6000.6.4f1 (12bfff696524)
Branch:                  6000.6/staging
Build type:              Release
Batch mode:              YES
macOS version:           Version 27.2 (Build 26B5091g)
Darwin version:          27.2.0
Architecture:            arm64
Running under Rosetta:   NO
Available memory:        16384 MB
Date:                    2026-10-07T14:15:11Z
VBCSCompilerPreWarmer: watching VBCSCompiler (PID 61376)
VBCSCompilerPreWarmer: pre-warm launched (dotnet PID 61378)
VBCSCompiler prewarm took 2.79 ms
[Licensing::Module] Trying to connect to existing licensing client channel...
[Licensing::IpcConnector] Successfully connected to: "LicenseClient-qinziqian" at "2026-10-07T14:15:11.532352Z"
Launching external process: /Applications/Unity/Hub/Editor/6000.6.4f1/Unity.app/Contents/Helpers/PackageManager/Server/UnityPackageManager

COMMAND LINE ARGUMENTS:
/Applications/Unity/Hub/Editor/6000.6.4f1/Unity.app/Contents/MacOS/Unity
-batchmode
-projectPath
/tmp/palmbay-aircraft-unity6
-executeMethod
ChubbyAircraftDelivery.Run
-quit
-logFile
/tmp/palmbay-aircraft-final.log
Successfully changed project path to: /tmp/palmbay-aircraft-unity6
/private/tmp/palmbay-aircraft-unity6
[UnityMemory] Configuration Parameters - Can be set up in boot.config
    "memorysetup-temp-allocator-size-gi-baking-worker=262144"
    "memorysetup-temp-allocator-size-gi-baking-worker=262144"
    "memorysetup-temp-allocator-size-gi-baking-worker=262144"
    "memorysetup-temp-allocator-size-gi-baking-worker=262144"
    "memorysetup-temp-allocator-size-gi-baking-worker=262144"
    "memorysetup-temp-allocator-size-nav-mesh-worker=65536"
    "memorysetup-temp-allocator-size-audio-worker=65536"
    "memorysetup-temp-allocator-size-cloud-worker=32768"
    "memorysetup-temp-allocator-size-preload-manager=33554432"
    "memorysetup-remapper-allocator-initial-capacity=32768"
    "memorysetup-temp-allocator-size-gfx=262144"
    "memorysetup-allocator-temp-initial-block-size-main=262144"
    "memorysetup-allocator-temp-initial-block-size-worker=262144"
    "memorysetup-temp-allocator-size-background-worker=32768"
    "memorysetup-temp-allocator-size-job-worker=262144"
    "memorysetup-bucket-allocator-granularity=16"
    "memorysetup-bucket-allocator-bucket-count=8"
    "memorysetup-bucket-allocator-block-size=33554432"
    "memorysetup-bucket-allocator-block-count=8"
    "memorysetup-main-allocator-block-size=16777216"
    "memorysetup-thread-allocator-block-size=16777216"
    "memorysetup-main-allocator-mimalloc-enabled=1"
    "memorysetup-gfx-main-allocator-block-size=16777216"
    "memorysetup-gfx-thread-allocator-block-size=16777216"
    "memorysetup-cache-allocator-block-size=4194304"
    "memorysetup-typetree-allocator-block-size=2097152"
    "memorysetup-profiler-bucket-allocator-granularity=16"
    "memorysetup-profiler-bucket-allocator-bucket-count=8"
    "memorysetup-profiler-bucket-allocator-block-size=33554432"
    "memorysetup-profiler-bucket-allocator-block-count=8"
    "memorysetup-profiler-allocator-block-size=16777216"
    "memorysetup-profiler-editor-allocator-block-size=1048576"
    "memorysetup-temp-allocator-size-main=16777216"
    "memorysetup-job-temp-allocator-block-size=2097152"
    "memorysetup-job-temp-allocator-block-size-background=1048576"
    "memorysetup-job-temp-allocator-reduction-small-platforms=262144"
Logging is directed to a specific file, skipping project log.
Player connection [8496890624]  Target information:

Player connection [8496890624]  * "[IP] 192.168.1.4 [Port] 55504 [Flags] 2 [Guid] 224617147 [EditorId] 224617147 [Version] 1048832 [Id] OSXEditor(0,anonymous) [Debug] 1 [PackageName] OSXEditor [ProjectName] Editor" 

Player connection [8496890624] Host joined multi-casting on [225.0.0.222:54997]...
Player connection [8496890624] Host joined alternative multi-casting on [225.0.0.222:34997]...
Input System module state changed to: Initialized.
[Physics::Module] Initialized fallback backend.
[Physics::Module] Id: 0xdecafbad
[Package Manager] Connected to IPC stream "Upm-61373" after 0.1 seconds.
[Licensing::Module] Licensing is not yet initialized.
[Licensing::Client] Handshaking with LicensingClient:
  Version:                 1.18.3+d7ffd15
  Session Id:              f1b5ff5a5d314f3784313af19c48d960
  Correlation Id:          7e7e76107429ad1914b2214a7752b6fe
  External correlation Id: 869798210106188311
  Machine Id:              2qJXSmjy+8qC9zvVypdceXsI7UU=
[Licensing::Module] Successfully connected to LicensingClient on channel: "LicenseClient-qinziqian" (connect: 0.00s, validation: 0.00s, handshake: 0.28s)
[Licensing::IpcConnector] Successfully connected to: "LicenseClient-qinziqian-notifications" at "2026-10-07T14:15:11.811724Z"
[Licensing::Module] Error: Access token is unavailable; failed to update
[Licensing::Client] Successfully resolved entitlement details
[Licensing::Module] License group:
  Id: 15669776586674-UnityPersXXXX
  Product: Unity Personal
  Type: Assigned
  Expiration: Unlimited
[Licensing::Client] Successfully updated license, isAsync: True, time: 0.00
[Licensing::Client] Successfully resolved entitlement details
[Licensing::Module] Licensing Background thread has ended after 0.28s
[Licensing::Module] Licensing is initialized (took 0.04s).
[Licensing::Client] Successfully resolved entitlement details
Library Redirect Path: Library/
Initialising UDS system complete:
  - System type: Client
  - Resource namespace: 99fd7164dcd897bf0c2cc5db7507556b
  - Shared memory size: 1073741824
  - Command buffer id: 1052672
  - Command buffer size: 8192
  - Hashmap size: 4194304
  - Service connected: false
Launching Unity Data Store - /Applications/Unity/Hub/Editor/6000.6.4f1/Unity.app/Contents/Helpers/Unity.DataStore 
Unity Data Store artifact dir = Library/DataStore, working dir = /private/tmp/palmbay-aircraft-unity6Setting multithreaded rendering option only supported for iOS, tvOS and Android platforms, HMIAndroid provided
Multithreaded rendering setting removed for platform HMIAndroid
Unity Data Store running and initialised
[Physics::Module] Selected backend (deferred post-plugins).
[Physics::Module] Name: PhysX
[Physics::Module] Id: 0xf2b8ea05
[Physics::Module] SDK Version: 4.1.2
[Physics::Module] Integration Version: 1.0.0
[Physics::Module] Threading Mode: Multi-Threaded
Initialize engine version: 6000.6.4f1 (12bfff696524)
[EntityIdStore] init: VM path (explicit commit), pageSize=16384, blockCount=262144, entitiesPerBlock=1024, slots reserved=4294967296 bytes
[Subsystems] Discovering subsystems at path /Applications/Unity/Hub/Editor/6000.6.4f1/Unity.app/Contents/Resources/UnitySubsystems
[Subsystems] Discovering subsystems at path /private/tmp/palmbay-aircraft-unity6/Assets
GfxDevice: creating device client; kGfxThreadingModeNonThreaded
 preferred device: Apple M5 (high power)
Metal devices available: 1
0: Apple M5 (high power)
Using device Apple M5 (high power)
Initializing Metal device caps: Apple M5
Mac GPU Family: 2
Apple GPU Family: 9
MSL Version: 3.0
Has Float MSAA: 1
Has Float Filtering: 1
ReadWrite Texture Tier: 2
Initialize mono
Mono path[0] = '/Applications/Unity/Hub/Editor/6000.6.4f1/Unity.app/Contents/Resources/Scripting/Managed'
Mono path[1] = '/Applications/Unity/Hub/Editor/6000.6.4f1/Unity.app/Contents/Resources/Scripting/BCLExtensions/runtime/netstandard2.1'
Mono path[2] = '/Applications/Unity/Hub/Editor/6000.6.4f1/Unity.app/Contents/Resources/Scripting/MonoBleedingEdge/lib/mono/unityjit-macos'
Mono config path = '/Applications/Unity/Hub/Editor/6000.6.4f1/Unity.app/Contents/Resources/Scripting/MonoBleedingEdge/etc'
Using monoOptions --debugger-agent=transport=dt_socket,embedding=1,server=y,suspend=n,address=127.0.0.1:56373
CodeReloadManager initialized
ImportWorker Server TCP listen port: 0
AcceleratorClientConnectionCallback - disconnected - :0
Begin MonoManager ReloadAssembly
Registering precompiled unity dll's ...
Register platform support module: /Applications/Unity/Hub/Editor/6000.6.4f1/PlaybackEngines/WebGLSupport/UnityEditor.WebGL.Extensions.dll
Register platform support module: /Applications/Unity/Hub/Editor/6000.6.4f1/PlaybackEngines/MacStandaloneSupport/UnityEditor.OSXStandalone.Extensions.dll
Registered in 0.000485 seconds.
Native extension for OSXStandalone target not found
Native extension for WebGL target not found
Package Manager log level set to [2]
ScheduleIndexationOnStartup MainProcess:False IndexOnStartup:True
Scripting: successfully reloaded assembly
- Finished resetting the current domain, in  0.297 seconds
Domain Reload Profiling: 525ms
	BeginReloadAssembly (57ms)
		CreateAndSetChildDomain (12ms)
	RebuildNativeTypeToScriptingClass (8ms)
	initialDomainReloadingComplete (23ms)
	LoadAllAssembliesAndSetupDomain (138ms)
		LoadAssemblies (45ms)
		TypeCache.Refresh (99ms)
			TypeCache.ScanAssembly (92ms)
		AnalyzeDomain (0ms)
	FinalizeReload (297ms)
		SetupLoadedEditorAssemblies (0ms)
			BeforeProcessingInitializeOnLoad (42ms)
			ProcessInitializeOnLoadAttributes (39ms)
			ProcessInitializeOnLoadMethodAttributes (127ms)
[Licensing::Client] Successfully resolved entitlement details
Application.AssetDatabase Initial Refresh Start
[Package Manager] Restoring resolved packages state from cache
[Licensing::Client] Successfully resolved entitlement details
[Package Manager] Registered 12 packages:
  Built-in packages:
    com.unity.modules.audio@1.0.0 (location: /private/tmp/palmbay-aircraft-unity6/Library/PackageCache/com.unity.modules.audio)
    com.unity.modules.androidjni@1.0.0 (location: /private/tmp/palmbay-aircraft-unity6/Library/PackageCache/com.unity.modules.androidjni)
    com.unity.modules.imgui@1.0.0 (location: /private/tmp/palmbay-aircraft-unity6/Library/PackageCache/com.unity.modules.imgui)
    com.unity.modules.physics@1.0.0 (location: /private/tmp/palmbay-aircraft-unity6/Library/PackageCache/com.unity.modules.physics)
    com.unity.modules.jsonserialize@1.0.0 (location: /private/tmp/palmbay-aircraft-unity6/Library/PackageCache/com.unity.modules.jsonserialize)
    com.unity.modules.screencapture@1.0.0 (location: /private/tmp/palmbay-aircraft-unity6/Library/PackageCache/com.unity.modules.screencapture)
    com.unity.modules.ui@1.0.0 (location: /private/tmp/palmbay-aircraft-unity6/Library/PackageCache/com.unity.modules.ui)
    com.unity.modules.imageconversion@1.0.0 (location: /private/tmp/palmbay-aircraft-unity6/Library/PackageCache/com.unity.modules.imageconversion)
    com.unity.ugui@2.6.0 (location: /private/tmp/palmbay-aircraft-unity6/Library/PackageCache/com.unity.ugui@0727b404f3a0)
    com.unity.modules.unitywebrequest@1.0.0 (location: /private/tmp/palmbay-aircraft-unity6/Library/PackageCache/com.unity.modules.unitywebrequest)
    com.unity.modules.physics2d@1.0.0 (location: /private/tmp/palmbay-aircraft-unity6/Library/PackageCache/com.unity.modules.physics2d)
    com.unity.modules.physicscore2d@1.0.0 (location: /private/tmp/palmbay-aircraft-unity6/Library/PackageCache/com.unity.modules.physicscore2d)
[Subsystems] No new subsystems found in resolved package list.
[Package Manager] Done registering packages in 0.00 seconds
Starting: /Applications/Unity/Hub/Editor/6000.6.4f1/Unity.app/Contents/Resources/BuildPipeline/bee_backend --ipc --defer-dag-verification --dagfile="Library/Bee/200b0aE.dag" --continue-on-failure --profile="Library/Bee/backend1.traceevents" ScriptAssemblies
WorkingDir: /private/tmp/palmbay-aircraft-unity6
DisplayProgressbar: Compiling Scripts
ExitCode: 0 Duration: 0s96ms
[216/241    0s] ILPP-Configuration Library/ilpp-configuration.nevergeneratedoutput
*** Tundra build success (0.09 seconds), 1 items updated, 241 evaluated
Total cache size 2011884
AssetDatabase: script compilation time: 0.340386s
Total cache size after purge 2011884, took 00:00:00.0047809
Begin MonoManager ReloadAssembly
Native extension for OSXStandalone target not found
Native extension for WebGL target not found
ScheduleIndexationOnStartup MainProcess:True IndexOnStartup:True
Scripting: successfully reloaded assembly
- Finished resetting the current domain, in  0.180 seconds
Domain Reload Profiling: 345ms
	BeginReloadAssembly (85ms)
		DisableScriptedObjects (7ms)
		CreateAndSetChildDomain (24ms)
	RebuildCommonClasses (4ms)
	RebuildNativeTypeToScriptingClass (7ms)
	initialDomainReloadingComplete (15ms)
	LoadAllAssembliesAndSetupDomain (54ms)
		LoadAssemblies (36ms)
		TypeCache.Refresh (7ms)
			TypeCache.ScanAssembly (3ms)
		AnalyzeDomain (3ms)
	FinalizeReload (181ms)
		SetupLoadedEditorAssemblies (0ms)
			BeforeProcessingInitializeOnLoad (40ms)
			ProcessInitializeOnLoadAttributes (23ms)
			ProcessInitializeOnLoadMethodAttributes (14ms)
		AwakeInstancesAfterBackupRestoration (8ms)
Starting new worker id: 0 with log in /private/tmp/palmbay-aircraft-unity6/Logs/AssetImportWorkerHW0.log
Importing 'GUID: a21f212b5631a4d26b01b2528c55a20e - Path: Assets/Art/ChubbyAircraft/README.md' with importer (TextScriptImporter)
Imported 'GUID: a21f212b5631a4d26b01b2528c55a20e' -> (Import Result ID: '0a9937317067a768e2d5b842cc34c380') in 0.005 seconds [static dependencies only]. Details - ImportResultOutputID=ca07cc0589ee7c2e4d6f8db6401d97e9 DependenciesID=b2f5ed9b85b28c746a6854c7e30c3f53 StaticDependenciesID=73acd7154baff627f9d0b1a564f25b17 

Asset Pipeline Refresh (id=d73523515236540fa8c3508807f2f5a0): Total: 0.826 seconds - Initiated by InitialRefreshV2(ForceSynchronousImport)
	(Values over 0.05ms)
	Summary:
		Imports: total=1 (actual=1, local cache=0, cache server=0)
		Asset DB Process Time: managed=0 ms, native=271 ms
		Asset DB Callback time: managed=28 ms, native=3 ms
		Scripting: domain reloads=1, domain reload time=177 ms, compile time=342 ms, other=2 ms
		Project Asset Count: scripts=189, non-scripts=375
		Asset File Changes: new=1, changed=1, moved=0, deleted=0
		Scan Filter Count: 1
	InvokePackagesCallback: 4.285ms
	ApplyChangesToAssetFolders: 0.069ms
	Scan: 48.693ms
	Collect global state as custom dependencies: 2.663ms
	OnSourceAssetsModified: 0.214ms
	CategorizeScriptCompilationAssets: 0.645ms
	ProcessAssetsWithTransientArtifactChanges: 3.024ms
	CategorizeAssets: 1.813ms
	CompileScripts: 341.591ms
	ImportOutOfDateAssets: 189.545ms (181.183ms without children)
		ImportManagerImport: 5.982ms (0.415ms without children)
		UnloadImportedAssets: 0.762ms
		ImportSchedulerStart: 1.572ms
	PostProcessAllAssets: 28.087ms
		MonoPostProcessAllAssets: 27.957ms
			AssetPostprocessor.OnPostprocessAllAssets 13.010ms
			StyleCatalogPostProcessor.OnPostprocessAllAssets 3.475ms
			BuilderAssetPostprocessor.OnPostprocessAllAssets 2.619ms
			WindowAssetPostprocessingWatcher.OnPostprocessAllAssets 2.608ms
			AssetChangedListener.OnPostprocessAllAssets 0.684ms
			RetainedModeAssetPostprocessor.OnPostprocessAllAssets 0.503ms
			SyncVS.PostprocessSyncProject 0.459ms
			EditModeScopePostprocessor.OnPostprocessAllAssets 0.308ms
			SpeedTree9Postprocessor.OnPostprocessAllAssets 0.294ms
			TextAssetPostProcessor.OnPostprocessAllAssets 0.195ms
			ArtifactBrowserPostProcessor.OnPostprocessAllAssets 0.181ms
			TMPro_TexturePostProcessor.OnPostprocessAllAssets 0.129ms
			ReferencedClipsPostProcessor.OnPostprocessAllAssets 0.104ms
			AudioMixerPostprocessor.OnPostprocessAllAssets 0.102ms
			AssetEvents.OnPostprocessAllAssets 0.083ms
			TerrainToolbarOverlayPostProcessor.OnPostprocessAllAssets 0.067ms
			SpeedTreePostProcessor.OnPostprocessAllAssets 0.057ms
	PostAssetChangesProfiler: 0.585ms
	UnloadStreamsBegin: 0.577ms
	Untracked: 202.551ms

Application.AssetDatabase Initial Refresh End
Launching external process: /Applications/Unity/Hub/Editor/6000.6.4f1/Unity.app/Contents/Helpers/UnityShaderCompiler
Launched and connected shader compiler UnityShaderCompiler after 0.01 seconds
Scanning for USB devices : 0.018ms
Initializing Unity extensions:
[MODES] ModeService[none].Initialize
[MODES] ModeService[none].LoadModes
[MODES] Loading mode Default (0) for mode-current-id-PALM BAY
2026-10-07 22:15:13.456 Unity[61373:1579940] NSEventModifierFlagFunction specified to -setKeyEquivalentModifierMask: for item <NSMenuItem: 0x793b3e2e40 SDF, ke='Command-F12'>, but is only supported for system-provided menu items; will not be used
Unloading 4 Unused Serialized files (Serialized files now loaded: 0)
Unloading 469 unused Assets / (420.1 KB). Loaded Objects now: 1217.
Memory consumption went from 141.4 MB to 141.0 MB.
Total: 3.745916 ms (FindLiveObjects: 0.085417 ms CreateObjectMapping: 0.012375 ms MarkObjects: 3.311208 ms  DeleteObjects: 0.277916 ms)

2026-10-07 22:15:13.479 Unity[61373:1579940] NSEventModifierFlagFunction specified to -setKeyEquivalentModifierMask: for item <NSMenuItem: 0x793b3e3c00 SDF, ke='Command-F12'>, but is only supported for system-provided menu items; will not be used
Asset Pipeline Refresh (id=ca9634f5d8a5345eab6e9fad43c5faf3): Total: 0.031 seconds - Initiated by RefreshV2(NoUpdateAssetOptions)
Unloading 0 Unused Serialized files (Serialized files now loaded: 0)
Unloading 1 unused Assets / (0.6 KB). Loaded Objects now: 1217.
Memory consumption went from 140.5 MB to 140.5 MB.
Total: 2.879583 ms (FindLiveObjects: 0.052000 ms CreateObjectMapping: 0.004250 ms MarkObjects: 2.773667 ms  DeleteObjects: 0.011917 ms)

Asset Pipeline Refresh (id=c651af09a4af2497297485b3f93eaf1b): Total: 0.004 seconds - Initiated by StopAssetImportingV2(NoUpdateAssetOptions)
Importing 'GUID: 0324c9e3d1f70437895f031c5d66097c - Path: Assets/Art/ChubbyAircraft/NavyCoral_ShortTwin/Materials/Part_05.mat' with importer (NativeFormatImporter)
Main Object Name 'NavyCoral_ShortTwin_Part_05' does not match filename 'Part_05'
UnityEngine.Debug:ExtractStackTraceNoAlloc (byte*,int,string)
UnityEngine.StackTraceUtility:ExtractStackTrace () (at /Users/bokken/build/output/unity/unity/Runtime/Export/Scripting/StackTrace.cs:23)
ChubbyAircraftDelivery:SaveAndValidatePrefab (UnityEngine.GameObject,string,System.Text.StringBuilder) (at Assets/Editor/ChubbyAircraftDelivery.cs:220)
ChubbyAircraftDelivery:Run () (at Assets/Editor/ChubbyAircraftDelivery.cs:103)

[Assets/Editor/ChubbyAircraftDelivery.cs line 103]

Imported 'GUID: 0324c9e3d1f70437895f031c5d66097c' -> (Import Result ID: 'a6a698690e0eeddb92e2e8d0bf816956') in 0.002 seconds [static dependencies only]. Details - ImportResultOutputID=0594bb2f6afe79ea99e52ab4bfe4af02 DependenciesID=d1d31f7414ddeb007b6249df0b75f1c7 StaticDependenciesID=e36f76be1ef75675d89b4b10e2d9ed47 
Importing 'GUID: 8354d4f56f93242f288e414a335483a6 - Path: Assets/Art/ChubbyAircraft/NavyCoral_ShortTwin/Materials/Part_02.mat' with importer (NativeFormatImporter)
Main Object Name 'NavyCoral_ShortTwin_Part_02' does not match filename 'Part_02'
UnityEngine.Debug:ExtractStackTraceNoAlloc (byte*,int,string)
UnityEngine.StackTraceUtility:ExtractStackTrace () (at /Users/bokken/build/output/unity/unity/Runtime/Export/Scripting/StackTrace.cs:23)
ChubbyAircraftDelivery:SaveAndValidatePrefab (UnityEngine.GameObject,string,System.Text.StringBuilder) (at Assets/Editor/ChubbyAircraftDelivery.cs:220)
ChubbyAircraftDelivery:Run () (at Assets/Editor/ChubbyAircraftDelivery.cs:103)

[Assets/Editor/ChubbyAircraftDelivery.cs line 103]

Imported 'GUID: 8354d4f56f93242f288e414a335483a6' -> (Import Result ID: 'a0cc2a1f3faf806003c2672697fcfc30') in 0.001 seconds [static dependencies only]. Details - ImportResultOutputID=371fd0fb1abd74b70d7edeff56e238b3 DependenciesID=e58cead5b9fcd6e84b56747c0c0f8f0e StaticDependenciesID=1922f742152f83647043f6cbfaeb499e 
Importing 'GUID: c3be1b295c7204d398f212d9a4e72e5f - Path: Assets/Art/ChubbyAircraft/NavyCoral_ShortTwin/Materials/Part_01.mat' with importer (NativeFormatImporter)
Main Object Name 'NavyCoral_ShortTwin_Part_01' does not match filename 'Part_01'
UnityEngine.Debug:ExtractStackTraceNoAlloc (byte*,int,string)
UnityEngine.StackTraceUtility:ExtractStackTrace () (at /Users/bokken/build/output/unity/unity/Runtime/Export/Scripting/StackTrace.cs:23)
ChubbyAircraftDelivery:SaveAndValidatePrefab (UnityEngine.GameObject,string,System.Text.StringBuilder) (at Assets/Editor/ChubbyAircraftDelivery.cs:220)
ChubbyAircraftDelivery:Run () (at Assets/Editor/ChubbyAircraftDelivery.cs:103)

[Assets/Editor/ChubbyAircraftDelivery.cs line 103]

Imported 'GUID: c3be1b295c7204d398f212d9a4e72e5f' -> (Import Result ID: 'eae6d68671d48015959d4d05ef6daffe') in 0.001 seconds [static dependencies only]. Details - ImportResultOutputID=efeef355d44ff2ad04d3ccd20ce92460 DependenciesID=9e70181b2dcf36af6c9da4f5688a06cc StaticDependenciesID=d726357a7f820e0f73778dade68b77d0 
Importing 'GUID: 644dd85913e4b4676a9089e518bf84eb - Path: Assets/Art/ChubbyAircraft/NavyCoral_ShortTwin/Materials/Part_04.mat' with importer (NativeFormatImporter)
Main Object Name 'NavyCoral_ShortTwin_Part_04' does not match filename 'Part_04'
UnityEngine.Debug:ExtractStackTraceNoAlloc (byte*,int,string)
UnityEngine.StackTraceUtility:ExtractStackTrace () (at /Users/bokken/build/output/unity/unity/Runtime/Export/Scripting/StackTrace.cs:23)
ChubbyAircraftDelivery:SaveAndValidatePrefab (UnityEngine.GameObject,string,System.Text.StringBuilder) (at Assets/Editor/ChubbyAircraftDelivery.cs:220)
ChubbyAircraftDelivery:Run () (at Assets/Editor/ChubbyAircraftDelivery.cs:103)

[Assets/Editor/ChubbyAircraftDelivery.cs line 103]

Imported 'GUID: 644dd85913e4b4676a9089e518bf84eb' -> (Import Result ID: 'dff11823ea9041658380e22c013bcd13') in 0.001 seconds [static dependencies only]. Details - ImportResultOutputID=face4d2f1e1f0bb12b141ad396f3d842 DependenciesID=d7089dcb16d94235db445476ef863750 StaticDependenciesID=f0978e3d8ec7622d03599d76217dbc17 
Importing 'GUID: b5272531037d84f46be12e168fd4b331 - Path: Assets/Art/ChubbyAircraft/NavyCoral_ShortTwin/Materials/Part_09.mat' with importer (NativeFormatImporter)
Main Object Name 'NavyCoral_ShortTwin_Part_09' does not match filename 'Part_09'
UnityEngine.Debug:ExtractStackTraceNoAlloc (byte*,int,string)
UnityEngine.StackTraceUtility:ExtractStackTrace () (at /Users/bokken/build/output/unity/unity/Runtime/Export/Scripting/StackTrace.cs:23)
ChubbyAircraftDelivery:SaveAndValidatePrefab (UnityEngine.GameObject,string,System.Text.StringBuilder) (at Assets/Editor/ChubbyAircraftDelivery.cs:220)
ChubbyAircraftDelivery:Run () (at Assets/Editor/ChubbyAircraftDelivery.cs:103)

[Assets/Editor/ChubbyAircraftDelivery.cs line 103]

Imported 'GUID: b5272531037d84f46be12e168fd4b331' -> (Import Result ID: '4c5dcafc61596744fce9070a0301ed97') in 0.001 seconds [static dependencies only]. Details - ImportResultOutputID=a85259a22906f4d0ad7071bb675a4f8c DependenciesID=a29f3bfb819089c7011e333a8efbfc66 StaticDependenciesID=5af975f5d2495208a6c204c27a12e451 
Importing 'GUID: b5cd1d781ca0b413aa44938d741f194e - Path: Assets/Art/ChubbyAircraft/NavyCoral_ShortTwin/Materials/Part_03.mat' with importer (NativeFormatImporter)
Main Object Name 'NavyCoral_ShortTwin_Part_03' does not match filename 'Part_03'
UnityEngine.Debug:ExtractStackTraceNoAlloc (byte*,int,string)
UnityEngine.StackTraceUtility:ExtractStackTrace () (at /Users/bokken/build/output/unity/unity/Runtime/Export/Scripting/StackTrace.cs:23)
ChubbyAircraftDelivery:SaveAndValidatePrefab (UnityEngine.GameObject,string,System.Text.StringBuilder) (at Assets/Editor/ChubbyAircraftDelivery.cs:220)
ChubbyAircraftDelivery:Run () (at Assets/Editor/ChubbyAircraftDelivery.cs:103)

[Assets/Editor/ChubbyAircraftDelivery.cs line 103]

Imported 'GUID: b5cd1d781ca0b413aa44938d741f194e' -> (Import Result ID: 'c5283f277f581590d5315c7acb0eebd9') in 0.001 seconds [static dependencies only]. Details - ImportResultOutputID=f8bfe3488354ac18801fe728b3391b52 DependenciesID=32398db4846f42ea9b4d49994821fecd StaticDependenciesID=d7ae7b8c011bd5a17514ada2b23364c9 
Importing 'GUID: b6aae7607b543492291ac303cfb7dbba - Path: Assets/Art/ChubbyAircraft/NavyCoral_ShortTwin/Materials/Part_06.mat' with importer (NativeFormatImporter)
Main Object Name 'NavyCoral_ShortTwin_Part_06' does not match filename 'Part_06'
UnityEngine.Debug:ExtractStackTraceNoAlloc (byte*,int,string)
UnityEngine.StackTraceUtility:ExtractStackTrace () (at /Users/bokken/build/output/unity/unity/Runtime/Export/Scripting/StackTrace.cs:23)
ChubbyAircraftDelivery:SaveAndValidatePrefab (UnityEngine.GameObject,string,System.Text.StringBuilder) (at Assets/Editor/ChubbyAircraftDelivery.cs:220)
ChubbyAircraftDelivery:Run () (at Assets/Editor/ChubbyAircraftDelivery.cs:103)

[Assets/Editor/ChubbyAircraftDelivery.cs line 103]

Imported 'GUID: b6aae7607b543492291ac303cfb7dbba' -> (Import Result ID: '8aef45f198d7ff857efb721db7ca367f') in 0.000 seconds [static dependencies only]. Details - ImportResultOutputID=53781ff4234d8fd974e4a2f694066aa9 DependenciesID=bc2d02c6b21955cfae7913dd45cfe63f StaticDependenciesID=81d0722d027fbdbbbc2d3ae76666150c 
Importing 'GUID: 0810ee2ab6abf4841b19d5b12389a760 - Path: Assets/Art/ChubbyAircraft/NavyCoral_ShortTwin/Materials/Part_07.mat' with importer (NativeFormatImporter)
Main Object Name 'NavyCoral_ShortTwin_Part_07' does not match filename 'Part_07'
UnityEngine.Debug:ExtractStackTraceNoAlloc (byte*,int,string)
UnityEngine.StackTraceUtility:ExtractStackTrace () (at /Users/bokken/build/output/unity/unity/Runtime/Export/Scripting/StackTrace.cs:23)
ChubbyAircraftDelivery:SaveAndValidatePrefab (UnityEngine.GameObject,string,System.Text.StringBuilder) (at Assets/Editor/ChubbyAircraftDelivery.cs:220)
ChubbyAircraftDelivery:Run () (at Assets/Editor/ChubbyAircraftDelivery.cs:103)

[Assets/Editor/ChubbyAircraftDelivery.cs line 103]

Imported 'GUID: 0810ee2ab6abf4841b19d5b12389a760' -> (Import Result ID: 'ea28f735539ed30c40d2f363720cfddd') in 0.001 seconds [static dependencies only]. Details - ImportResultOutputID=13257b875d330a377dc05e2c2ab3c9cd DependenciesID=b075d2a0227870a92b78327cc6ec1f7e StaticDependenciesID=41649d575e2aa737cd56b036f9741b23 
Importing 'GUID: b960ec5065d9b4eddb5b3d6779896adc - Path: Assets/Art/ChubbyAircraft/NavyCoral_ShortTwin/Materials/Part_08.mat' with importer (NativeFormatImporter)
Main Object Name 'NavyCoral_ShortTwin_Part_08' does not match filename 'Part_08'
UnityEngine.Debug:ExtractStackTraceNoAlloc (byte*,int,string)
UnityEngine.StackTraceUtility:ExtractStackTrace () (at /Users/bokken/build/output/unity/unity/Runtime/Export/Scripting/StackTrace.cs:23)
ChubbyAircraftDelivery:SaveAndValidatePrefab (UnityEngine.GameObject,string,System.Text.StringBuilder) (at Assets/Editor/ChubbyAircraftDelivery.cs:220)
ChubbyAircraftDelivery:Run () (at Assets/Editor/ChubbyAircraftDelivery.cs:103)

[Assets/Editor/ChubbyAircraftDelivery.cs line 103]

Imported 'GUID: b960ec5065d9b4eddb5b3d6779896adc' -> (Import Result ID: 'ed0e8f6a8c0c497e63d15fd09040e3c2') in 0.001 seconds [static dependencies only]. Details - ImportResultOutputID=6b399beaf7ee1ebcee7f33eca202f1f2 DependenciesID=37f477f1a9d61286d627a4eed31d0e32 StaticDependenciesID=f22579d23de02436bebf927520eb2bf0 
Importing 'GUID: c90a3ade1ee124dda897da6dfff34d59 - Path: Assets/Art/ChubbyAircraft/NavyCoral_ShortTwin/Materials/Part_00.mat' with importer (NativeFormatImporter)
Main Object Name 'NavyCoral_ShortTwin_Part_00' does not match filename 'Part_00'
UnityEngine.Debug:ExtractStackTraceNoAlloc (byte*,int,string)
UnityEngine.StackTraceUtility:ExtractStackTrace () (at /Users/bokken/build/output/unity/unity/Runtime/Export/Scripting/StackTrace.cs:23)
ChubbyAircraftDelivery:SaveAndValidatePrefab (UnityEngine.GameObject,string,System.Text.StringBuilder) (at Assets/Editor/ChubbyAircraftDelivery.cs:220)
ChubbyAircraftDelivery:Run () (at Assets/Editor/ChubbyAircraftDelivery.cs:103)

[Assets/Editor/ChubbyAircraftDelivery.cs line 103]

Imported 'GUID: c90a3ade1ee124dda897da6dfff34d59' -> (Import Result ID: '3b05842768969c90e19d615e2ef96bfe') in 0.001 seconds [static dependencies only]. Details - ImportResultOutputID=9f43bd8c1d762a631e8a7fa37b4a5554 DependenciesID=11fdeb9e5565094e2ae469659a7e3d43 StaticDependenciesID=7a122e807f8e3c782de6032981666149 
Importing 'GUID: 2a5c293a677214660aa0dc1f9b61d55d - Path: Assets/Art/ChubbyAircraft/NavyCoral_ShortTwin/Materials/Part_10.mat' with importer (NativeFormatImporter)
Main Object Name 'NavyCoral_ShortTwin_Part_10' does not match filename 'Part_10'
UnityEngine.Debug:ExtractStackTraceNoAlloc (byte*,int,string)
UnityEngine.StackTraceUtility:ExtractStackTrace () (at /Users/bokken/build/output/unity/unity/Runtime/Export/Scripting/StackTrace.cs:23)
ChubbyAircraftDelivery:SaveAndValidatePrefab (UnityEngine.GameObject,string,System.Text.StringBuilder) (at Assets/Editor/ChubbyAircraftDelivery.cs:220)
ChubbyAircraftDelivery:Run () (at Assets/Editor/ChubbyAircraftDelivery.cs:103)

[Assets/Editor/ChubbyAircraftDelivery.cs line 103]

Imported 'GUID: 2a5c293a677214660aa0dc1f9b61d55d' -> (Import Result ID: '5c0ea3623913352f8644616de4df2616') in 0.001 seconds [static dependencies only]. Details - ImportResultOutputID=c5f7cb4860bba146c5868a5b72fb62e0 DependenciesID=74cef8a3b7466dd460c1619e660aaaa2 StaticDependenciesID=f7a792d95a3c3da2853a94c853236c9a 
Importing 'GUID: 2ebe6a49e41b14a88b2901b9a6cd3522 - Path: Assets/Art/ChubbyAircraft/NavyCoral_ShortTwin/Materials/Part_11.mat' with importer (NativeFormatImporter)
Main Object Name 'NavyCoral_ShortTwin_Part_11' does not match filename 'Part_11'
UnityEngine.Debug:ExtractStackTraceNoAlloc (byte*,int,string)
UnityEngine.StackTraceUtility:ExtractStackTrace () (at /Users/bokken/build/output/unity/unity/Runtime/Export/Scripting/StackTrace.cs:23)
ChubbyAircraftDelivery:SaveAndValidatePrefab (UnityEngine.GameObject,string,System.Text.StringBuilder) (at Assets/Editor/ChubbyAircraftDelivery.cs:220)
ChubbyAircraftDelivery:Run () (at Assets/Editor/ChubbyAircraftDelivery.cs:103)

[Assets/Editor/ChubbyAircraftDelivery.cs line 103]

Imported 'GUID: 2ebe6a49e41b14a88b2901b9a6cd3522' -> (Import Result ID: '2531c7e430d1b13f4376c08838f86a3f') in 0.001 seconds [static dependencies only]. Details - ImportResultOutputID=700823bcb208221ce07d8ddd516813ea DependenciesID=7dfdb79f5404f2ad485d27d06fb3cd77 StaticDependenciesID=69a827ca8f0c81e69cb89fbf5ee14dcd 
Importing 'GUID: 9284a4b91dece4ff1915259e4dfa4418 - Path: Assets/Art/ChubbyAircraft/NavyCoral_ShortTwin/Meshes/Part_06.asset' with importer (NativeFormatImporter)
Main Object Name 'NavyCoral_ShortTwin_Part_06' does not match filename 'Part_06'
UnityEngine.Debug:ExtractStackTraceNoAlloc (byte*,int,string)
UnityEngine.StackTraceUtility:ExtractStackTrace () (at /Users/bokken/build/output/unity/unity/Runtime/Export/Scripting/StackTrace.cs:23)
ChubbyAircraftDelivery:SaveAndValidatePrefab (UnityEngine.GameObject,string,System.Text.StringBuilder) (at Assets/Editor/ChubbyAircraftDelivery.cs:220)
ChubbyAircraftDelivery:Run () (at Assets/Editor/ChubbyAircraftDelivery.cs:103)

[Assets/Editor/ChubbyAircraftDelivery.cs line 103]

Imported 'GUID: 9284a4b91dece4ff1915259e4dfa4418' -> (Import Result ID: '520ad9d5dd9b7858269c4e3c35c44000') in 0.000 seconds [static dependencies only]. Details - ImportResultOutputID=698575773f63bac941e96f5088817b8c DependenciesID=8f4d0e930d1122b73494e24e173fed21 StaticDependenciesID=dd70cf531818addbfae1ad41bb552396 
Importing 'GUID: e2b70e2b264f1459cb458251f238189a - Path: Assets/Art/ChubbyAircraft/NavyCoral_ShortTwin/Meshes/Part_02.asset' with importer (NativeFormatImporter)
Main Object Name 'NavyCoral_ShortTwin_Part_02' does not match filename 'Part_02'
UnityEngine.Debug:ExtractStackTraceNoAlloc (byte*,int,string)
UnityEngine.StackTraceUtility:ExtractStackTrace () (at /Users/bokken/build/output/unity/unity/Runtime/Export/Scripting/StackTrace.cs:23)
ChubbyAircraftDelivery:SaveAndValidatePrefab (UnityEngine.GameObject,string,System.Text.StringBuilder) (at Assets/Editor/ChubbyAircraftDelivery.cs:220)
ChubbyAircraftDelivery:Run () (at Assets/Editor/ChubbyAircraftDelivery.cs:103)

[Assets/Editor/ChubbyAircraftDelivery.cs line 103]

Imported 'GUID: e2b70e2b264f1459cb458251f238189a' -> (Import Result ID: '4591c3dea613df84d518f2da6fa58028') in 0.002 seconds [static dependencies only]. Details - ImportResultOutputID=df261a6b44c962feb9ce012ebe51a66b DependenciesID=e8f5040d9109fa07e88cf48f12980f9b StaticDependenciesID=069a266deed1bdce05ce2d188c4341bc 
Importing 'GUID: a48d05f578815411f899ad1479d64171 - Path: Assets/Art/ChubbyAircraft/NavyCoral_ShortTwin/Meshes/Part_10.asset' with importer (NativeFormatImporter)
Main Object Name 'NavyCoral_ShortTwin_Part_10' does not match filename 'Part_10'
UnityEngine.Debug:ExtractStackTraceNoAlloc (byte*,int,string)
UnityEngine.StackTraceUtility:ExtractStackTrace () (at /Users/bokken/build/output/unity/unity/Runtime/Export/Scripting/StackTrace.cs:23)
ChubbyAircraftDelivery:SaveAndValidatePrefab (UnityEngine.GameObject,string,System.Text.StringBuilder) (at Assets/Editor/ChubbyAircraftDelivery.cs:220)
ChubbyAircraftDelivery:Run () (at Assets/Editor/ChubbyAircraftDelivery.cs:103)

[Assets/Editor/ChubbyAircraftDelivery.cs line 103]

Imported 'GUID: a48d05f578815411f899ad1479d64171' -> (Import Result ID: 'f19da1525c22e2499d4a3045b931d901') in 0.001 seconds [static dependencies only]. Details - ImportResultOutputID=bf1a8f0ff7d36224a4c00bb3b91b3acc DependenciesID=9cafa0a94909f47b98e353271a9b915f StaticDependenciesID=310c3ffe48fee5a95f658e9bf3875081 
Importing 'GUID: e53fd89750c5b4cf0a8492234b68f3e0 - Path: Assets/Art/ChubbyAircraft/NavyCoral_ShortTwin/Meshes/Part_00.asset' with importer (NativeFormatImporter)
Main Object Name 'NavyCoral_ShortTwin_Part_00' does not match filename 'Part_00'
UnityEngine.Debug:ExtractStackTraceNoAlloc (byte*,int,string)
UnityEngine.StackTraceUtility:ExtractStackTrace () (at /Users/bokken/build/output/unity/unity/Runtime/Export/Scripting/StackTrace.cs:23)
ChubbyAircraftDelivery:SaveAndValidatePrefab (UnityEngine.GameObject,string,System.Text.StringBuilder) (at Assets/Editor/ChubbyAircraftDelivery.cs:220)
ChubbyAircraftDelivery:Run () (at Assets/Editor/ChubbyAircraftDelivery.cs:103)

[Assets/Editor/ChubbyAircraftDelivery.cs line 103]

Imported 'GUID: e53fd89750c5b4cf0a8492234b68f3e0' -> (Import Result ID: 'c92e4cc24eb6b727d6fd613802eb9025') in 0.001 seconds [static dependencies only]. Details - ImportResultOutputID=e5e79af448f9c5ad12dcb00eaecc2ec4 DependenciesID=7c1e238118a76b35049e48322c588999 StaticDependenciesID=2e2fcd596a518cb403b71f81f976b61c 
Importing 'GUID: 87cbe670f54734721aa83ee589366300 - Path: Assets/Art/ChubbyAircraft/NavyCoral_ShortTwin/Meshes/Part_09.asset' with importer (NativeFormatImporter)
Main Object Name 'NavyCoral_ShortTwin_Part_09' does not match filename 'Part_09'
UnityEngine.Debug:ExtractStackTraceNoAlloc (byte*,int,string)
UnityEngine.StackTraceUtility:ExtractStackTrace () (at /Users/bokken/build/output/unity/unity/Runtime/Export/Scripting/StackTrace.cs:23)
ChubbyAircraftDelivery:SaveAndValidatePrefab (UnityEngine.GameObject,string,System.Text.StringBuilder) (at Assets/Editor/ChubbyAircraftDelivery.cs:220)
ChubbyAircraftDelivery:Run () (at Assets/Editor/ChubbyAircraftDelivery.cs:103)

[Assets/Editor/ChubbyAircraftDelivery.cs line 103]

Imported 'GUID: 87cbe670f54734721aa83ee589366300' -> (Import Result ID: 'b0491dc62b05a28529832e308b6c20ec') in 0.001 seconds [static dependencies only]. Details - ImportResultOutputID=ec808f29e9a9d92816eb60a72d3495c7 DependenciesID=cd342488bae9d7382d5e53816aafa702 StaticDependenciesID=f4f8a10eabfcb33c181a6f0c67aaadb4 
Importing 'GUID: c7fa5c94f11514e64a53d900c7caa964 - Path: Assets/Art/ChubbyAircraft/NavyCoral_ShortTwin/Meshes/Part_07.asset' with importer (NativeFormatImporter)
Main Object Name 'NavyCoral_ShortTwin_Part_07' does not match filename 'Part_07'
UnityEngine.Debug:ExtractStackTraceNoAlloc (byte*,int,string)
UnityEngine.StackTraceUtility:ExtractStackTrace () (at /Users/bokken/build/output/unity/unity/Runtime/Export/Scripting/StackTrace.cs:23)
ChubbyAircraftDelivery:SaveAndValidatePrefab (UnityEngine.GameObject,string,System.Text.StringBuilder) (at Assets/Editor/ChubbyAircraftDelivery.cs:220)
ChubbyAircraftDelivery:Run () (at Assets/Editor/ChubbyAircraftDelivery.cs:103)

[Assets/Editor/ChubbyAircraftDelivery.cs line 103]

Imported 'GUID: c7fa5c94f11514e64a53d900c7caa964' -> (Import Result ID: 'd9e2469c3a0e1dba1bad4ce7cf29075b') in 0.001 seconds [static dependencies only]. Details - ImportResultOutputID=27d38f96fe177dbc1b396237f0939bc6 DependenciesID=f40b5e0d77aeefeac5cd924ad5afb6c8 StaticDependenciesID=4e526a3e3a0b13e7d3ea4689cc80cfed 
Importing 'GUID: 88faab557d7c6445481ba8f7f6349fee - Path: Assets/Art/ChubbyAircraft/NavyCoral_ShortTwin/Meshes/Part_01.asset' with importer (NativeFormatImporter)
Main Object Name 'NavyCoral_ShortTwin_Part_01' does not match filename 'Part_01'
UnityEngine.Debug:ExtractStackTraceNoAlloc (byte*,int,string)
UnityEngine.StackTraceUtility:ExtractStackTrace () (at /Users/bokken/build/output/unity/unity/Runtime/Export/Scripting/StackTrace.cs:23)
ChubbyAircraftDelivery:SaveAndValidatePrefab (UnityEngine.GameObject,string,System.Text.StringBuilder) (at Assets/Editor/ChubbyAircraftDelivery.cs:220)
ChubbyAircraftDelivery:Run () (at Assets/Editor/ChubbyAircraftDelivery.cs:103)

[Assets/Editor/ChubbyAircraftDelivery.cs line 103]

Imported 'GUID: 88faab557d7c6445481ba8f7f6349fee' -> (Import Result ID: '9c4acdaccc86363944fb981a066e9920') in 0.002 seconds [static dependencies only]. Details - ImportResultOutputID=dab3bd44418d05b14268ae409a014d85 DependenciesID=e5fa7f3417514956bdd7a80a2aacd275 StaticDependenciesID=75a8b7f0c7394cf221d68ec2ac8ca294 
Importing 'GUID: 98b4203abb93b4c0fb649d4fa086cf38 - Path: Assets/Art/ChubbyAircraft/NavyCoral_ShortTwin/Meshes/Part_04.asset' with importer (NativeFormatImporter)
Main Object Name 'NavyCoral_ShortTwin_Part_04' does not match filename 'Part_04'
UnityEngine.Debug:ExtractStackTraceNoAlloc (byte*,int,string)
UnityEngine.StackTraceUtility:ExtractStackTrace () (at /Users/bokken/build/output/unity/unity/Runtime/Export/Scripting/StackTrace.cs:23)
ChubbyAircraftDelivery:SaveAndValidatePrefab (UnityEngine.GameObject,string,System.Text.StringBuilder) (at Assets/Editor/ChubbyAircraftDelivery.cs:220)
ChubbyAircraftDelivery:Run () (at Assets/Editor/ChubbyAircraftDelivery.cs:103)

[Assets/Editor/ChubbyAircraftDelivery.cs line 103]

Imported 'GUID: 98b4203abb93b4c0fb649d4fa086cf38' -> (Import Result ID: 'af2ee827188753e6b835fd470f1f252f') in 0.001 seconds [static dependencies only]. Details - ImportResultOutputID=354de53e3667c646d2f7963fa82b7947 DependenciesID=164e6b3e86697bf04a68506b9add2643 StaticDependenciesID=9015dd00ee2afab6ed60f065d3a1d17d 
Importing 'GUID: d819421abd26d4aadaa2c53494f943d2 - Path: Assets/Art/ChubbyAircraft/NavyCoral_ShortTwin/Meshes/Part_08.asset' with importer (NativeFormatImporter)
Main Object Name 'NavyCoral_ShortTwin_Part_08' does not match filename 'Part_08'
UnityEngine.Debug:ExtractStackTraceNoAlloc (byte*,int,string)
UnityEngine.StackTraceUtility:ExtractStackTrace () (at /Users/bokken/build/output/unity/unity/Runtime/Export/Scripting/StackTrace.cs:23)
ChubbyAircraftDelivery:SaveAndValidatePrefab (UnityEngine.GameObject,string,System.Text.StringBuilder) (at Assets/Editor/ChubbyAircraftDelivery.cs:220)
ChubbyAircraftDelivery:Run () (at Assets/Editor/ChubbyAircraftDelivery.cs:103)

[Assets/Editor/ChubbyAircraftDelivery.cs line 103]

Imported 'GUID: d819421abd26d4aadaa2c53494f943d2' -> (Import Result ID: 'deb67db2b956802369721511f0c9ff77') in 0.001 seconds [static dependencies only]. Details - ImportResultOutputID=59b720788e1e4159a9cc30f316677126 DependenciesID=5df6baef7fa985149421a2cd4b887a98 StaticDependenciesID=3bb74fec741a469bb8807a27764c1b5b 
Importing 'GUID: 5c0bfa48647344134b9aabc325cff434 - Path: Assets/Art/ChubbyAircraft/NavyCoral_ShortTwin/Meshes/Part_11.asset' with importer (NativeFormatImporter)
Main Object Name 'NavyCoral_ShortTwin_Part_11' does not match filename 'Part_11'
UnityEngine.Debug:ExtractStackTraceNoAlloc (byte*,int,string)
UnityEngine.StackTraceUtility:ExtractStackTrace () (at /Users/bokken/build/output/unity/unity/Runtime/Export/Scripting/StackTrace.cs:23)
ChubbyAircraftDelivery:SaveAndValidatePrefab (UnityEngine.GameObject,string,System.Text.StringBuilder) (at Assets/Editor/ChubbyAircraftDelivery.cs:220)
ChubbyAircraftDelivery:Run () (at Assets/Editor/ChubbyAircraftDelivery.cs:103)

[Assets/Editor/ChubbyAircraftDelivery.cs line 103]

Imported 'GUID: 5c0bfa48647344134b9aabc325cff434' -> (Import Result ID: 'beae475e5c066acbd188c2c9ad408eb3') in 0.002 seconds [static dependencies only]. Details - ImportResultOutputID=323045957f42156614883460373219ad DependenciesID=455acb33233d96ae67d4919efbce8b5c StaticDependenciesID=83bd99967607b80f13b818de9a7bbd68 
Importing 'GUID: 4dcdf43033a854ca79ad3e78c155e153 - Path: Assets/Art/ChubbyAircraft/NavyCoral_ShortTwin/Meshes/Part_03.asset' with importer (NativeFormatImporter)
Main Object Name 'NavyCoral_ShortTwin_Part_03' does not match filename 'Part_03'
UnityEngine.Debug:ExtractStackTraceNoAlloc (byte*,int,string)
UnityEngine.StackTraceUtility:ExtractStackTrace () (at /Users/bokken/build/output/unity/unity/Runtime/Export/Scripting/StackTrace.cs:23)
ChubbyAircraftDelivery:SaveAndValidatePrefab (UnityEngine.GameObject,string,System.Text.StringBuilder) (at Assets/Editor/ChubbyAircraftDelivery.cs:220)
ChubbyAircraftDelivery:Run () (at Assets/Editor/ChubbyAircraftDelivery.cs:103)

[Assets/Editor/ChubbyAircraftDelivery.cs line 103]

Imported 'GUID: 4dcdf43033a854ca79ad3e78c155e153' -> (Import Result ID: '58b22e017129750c560079354a3727ef') in 0.002 seconds [static dependencies only]. Details - ImportResultOutputID=51b5af39bd9094a02434a4f8361c6e5b DependenciesID=44c3751b7fd398669a407732eaa8b0b0 StaticDependenciesID=4a61272b8e9e22748e3473cfc70dfe0e 
Importing 'GUID: 7f195f9e50d4b467e8dc0a3b2839e652 - Path: Assets/Art/ChubbyAircraft/NavyCoral_ShortTwin/Meshes/Part_05.asset' with importer (NativeFormatImporter)
Main Object Name 'NavyCoral_ShortTwin_Part_05' does not match filename 'Part_05'
UnityEngine.Debug:ExtractStackTraceNoAlloc (byte*,int,string)
UnityEngine.StackTraceUtility:ExtractStackTrace () (at /Users/bokken/build/output/unity/unity/Runtime/Export/Scripting/StackTrace.cs:23)
ChubbyAircraftDelivery:SaveAndValidatePrefab (UnityEngine.GameObject,string,System.Text.StringBuilder) (at Assets/Editor/ChubbyAircraftDelivery.cs:220)
ChubbyAircraftDelivery:Run () (at Assets/Editor/ChubbyAircraftDelivery.cs:103)

[Assets/Editor/ChubbyAircraftDelivery.cs line 103]

Imported 'GUID: 7f195f9e50d4b467e8dc0a3b2839e652' -> (Import Result ID: 'ff517d06e7d2164351d10925a067db20') in 0.001 seconds [static dependencies only]. Details - ImportResultOutputID=676669620a6257fcf4ed5019a29e3ecf DependenciesID=abaa11a4d3c9de833af3eb3484e9ca84 StaticDependenciesID=6819fb3367400b12b3b5131aca25a9e8 
Asset Pipeline Refresh (id=30c859bbc1c4f4e458352ebc081cfff7): Total: 0.037 seconds - Initiated by StopAssetImportingV2(NoUpdateAssetOptions)
Importing 'GUID: 5803ae4f4f8c24ca1a0ed38bf59f3114 - Path: Assets/Art/ChubbyAircraft/NavyCoral_ShortTwin/NavyCoral_ShortTwin.prefab' with importer (PrefabImporter)
Imported 'GUID: 5803ae4f4f8c24ca1a0ed38bf59f3114' -> (Import Result ID: '0bc64b1b1401dae13ab7c252caea4fa4') in 0.002 seconds [static dependencies only]. Details - ImportResultOutputID=9e8657d91b8bd2ba98e6052eac09e253 DependenciesID=9663d7206fa06e720f38f2852dc88bc7 StaticDependenciesID=08b8393631726c1684c58c3e82fae102 
Asset Pipeline Refresh (id=cd2707e65c5a444739caad1260b4f48c): Total: 0.007 seconds - Initiated by StopAssetImportingV2(NoUpdateAssetOptions)
Loaded scene 'Library/Unused/7c7b5e81d4858400ca2684a87a0e346c'
	Deserialize:            0.324 ms
	Integration:            0.156 ms
	Integration of assets:  0.001 ms
	Thread Wait Time:       0.004 ms
	Total Operation Time:   0.485 ms
Asset Pipeline Refresh (id=e42d9901ee80a414aadf109d421f2eb6): Total: 0.002 seconds - Initiated by StopAssetImportingV2(NoUpdateAssetOptions)
Importing 'GUID: 0b04c22e4a21f42748a787bcc130e19c - Path: Assets/Art/ChubbyAircraft/ChubbyAircraft.prefab' with importer (PrefabImporter)
Imported 'GUID: 0b04c22e4a21f42748a787bcc130e19c' -> (Import Result ID: 'eec9c8527ad7c4c05e193c345a169058') in 0.001 seconds [static dependencies only]. Details - ImportResultOutputID=fc74b4c1baaa1583a37783c272ac41ab DependenciesID=1b1a16d1070e70c7a4ba91d5dff38f8c StaticDependenciesID=91c00296c34c30510acf3edcbaba4306 
Asset Pipeline Refresh (id=7877c91114ac44995b992e1b59490b0a): Total: 0.004 seconds - Initiated by StopAssetImportingV2(NoUpdateAssetOptions)
Loaded scene 'Library/Unused/0072d8ceb84e54bafbfee27d34b2dbde'
	Deserialize:            0.187 ms
	Integration:            0.082 ms
	Integration of assets:  0.001 ms
	Thread Wait Time:       0.005 ms
	Total Operation Time:   0.275 ms
Asset Pipeline Refresh (id=d07ca9dd55c5e4320965fa5083c6ce2f): Total: 0.004 seconds - Initiated by StopAssetImportingV2(NoUpdateAssetOptions)
Importing 'GUID: 21ce29bef1a9444cc972fdafbd71aca2 - Path: Assets/Art/ChubbyAircraft/NavyCoral_MediumTwin/Materials/Part_07.mat' with importer (NativeFormatImporter)
Main Object Name 'NavyCoral_MediumTwin_Part_07' does not match filename 'Part_07'
UnityEngine.Debug:ExtractStackTraceNoAlloc (byte*,int,string)
UnityEngine.StackTraceUtility:ExtractStackTrace () (at /Users/bokken/build/output/unity/unity/Runtime/Export/Scripting/StackTrace.cs:23)
ChubbyAircraftDelivery:SaveAndValidatePrefab (UnityEngine.GameObject,string,System.Text.StringBuilder) (at Assets/Editor/ChubbyAircraftDelivery.cs:220)
ChubbyAircraftDelivery:Run () (at Assets/Editor/ChubbyAircraftDelivery.cs:103)

[Assets/Editor/ChubbyAircraftDelivery.cs line 103]

Imported 'GUID: 21ce29bef1a9444cc972fdafbd71aca2' -> (Import Result ID: 'c15f60e271f9a2acaeb73f13a15fdbdb') in 0.001 seconds [static dependencies only]. Details - ImportResultOutputID=8753e7749a275d25351e8305d74d9e1a DependenciesID=7d86a0067d9b21a78042ff568f880e59 StaticDependenciesID=dde589faaaa67499ffb81a5688065ade 
Importing 'GUID: d11dab6a7be714d7390c9791e6905bd8 - Path: Assets/Art/ChubbyAircraft/NavyCoral_MediumTwin/Materials/Part_09.mat' with importer (NativeFormatImporter)
Main Object Name 'NavyCoral_MediumTwin_Part_09' does not match filename 'Part_09'
UnityEngine.Debug:ExtractStackTraceNoAlloc (byte*,int,string)
UnityEngine.StackTraceUtility:ExtractStackTrace () (at /Users/bokken/build/output/unity/unity/Runtime/Export/Scripting/StackTrace.cs:23)
ChubbyAircraftDelivery:SaveAndValidatePrefab (UnityEngine.GameObject,string,System.Text.StringBuilder) (at Assets/Editor/ChubbyAircraftDelivery.cs:220)
ChubbyAircraftDelivery:Run () (at Assets/Editor/ChubbyAircraftDelivery.cs:103)

[Assets/Editor/ChubbyAircraftDelivery.cs line 103]

Imported 'GUID: d11dab6a7be714d7390c9791e6905bd8' -> (Import Result ID: '57acb9571b3de4c53341ec9e25ee0899') in 0.000 seconds [static dependencies only]. Details - ImportResultOutputID=4e0a60287210c74b3fa82c0d6b2e83d1 DependenciesID=64e6266e6ad875fd1441ba060f731d62 StaticDependenciesID=ee3282802edc6aab996c723cf5219021 
Importing 'GUID: f329746f40df543c89cf870472e2cb5b - Path: Assets/Art/ChubbyAircraft/NavyCoral_MediumTwin/Materials/Part_00.mat' with importer (NativeFormatImporter)
Main Object Name 'NavyCoral_MediumTwin_Part_00' does not match filename 'Part_00'
UnityEngine.Debug:ExtractStackTraceNoAlloc (byte*,int,string)
UnityEngine.StackTraceUtility:ExtractStackTrace () (at /Users/bokken/build/output/unity/unity/Runtime/Export/Scripting/StackTrace.cs:23)
ChubbyAircraftDelivery:SaveAndValidatePrefab (UnityEngine.GameObject,string,System.Text.StringBuilder) (at Assets/Editor/ChubbyAircraftDelivery.cs:220)
ChubbyAircraftDelivery:Run () (at Assets/Editor/ChubbyAircraftDelivery.cs:103)

[Assets/Editor/ChubbyAircraftDelivery.cs line 103]

Imported 'GUID: f329746f40df543c89cf870472e2cb5b' -> (Import Result ID: 'ad0d9af376d8678e2735eb26776dca48') in 0.000 seconds [static dependencies only]. Details - ImportResultOutputID=1ed7ef9ff19a061c0b12eba1bdb2325f DependenciesID=125d88594405a9e1572f26739b37b369 StaticDependenciesID=6137d124a1c7de0f46fa687989d58a80 
Importing 'GUID: 585141c3ff32b4f8ba67fc29079c1c59 - Path: Assets/Art/ChubbyAircraft/NavyCoral_MediumTwin/Materials/Part_03.mat' with importer (NativeFormatImporter)
Main Object Name 'NavyCoral_MediumTwin_Part_03' does not match filename 'Part_03'
UnityEngine.Debug:ExtractStackTraceNoAlloc (byte*,int,string)
UnityEngine.StackTraceUtility:ExtractStackTrace () (at /Users/bokken/build/output/unity/unity/Runtime/Export/Scripting/StackTrace.cs:23)
ChubbyAircraftDelivery:SaveAndValidatePrefab (UnityEngine.GameObject,string,System.Text.StringBuilder) (at Assets/Editor/ChubbyAircraftDelivery.cs:220)
ChubbyAircraftDelivery:Run () (at Assets/Editor/ChubbyAircraftDelivery.cs:103)

[Assets/Editor/ChubbyAircraftDelivery.cs line 103]

Imported 'GUID: 585141c3ff32b4f8ba67fc29079c1c59' -> (Import Result ID: '1458940e832cbec465c8263bc89442e5') in 0.000 seconds [static dependencies only]. Details - ImportResultOutputID=815c8236a497fa0e4c3010b839b81806 DependenciesID=081c475cdf46fe841e00608d5d19af7b StaticDependenciesID=2af78c1e2842e18db5405b8eb072302e 
Importing 'GUID: d8e838133d26e462094a573bb9125ab6 - Path: Assets/Art/ChubbyAircraft/NavyCoral_MediumTwin/Materials/Part_01.mat' with importer (NativeFormatImporter)
Main Object Name 'NavyCoral_MediumTwin_Part_01' does not match filename 'Part_01'
UnityEngine.Debug:ExtractStackTraceNoAlloc (byte*,int,string)
UnityEngine.StackTraceUtility:ExtractStackTrace () (at /Users/bokken/build/output/unity/unity/Runtime/Export/Scripting/StackTrace.cs:23)
ChubbyAircraftDelivery:SaveAndValidatePrefab (UnityEngine.GameObject,string,System.Text.StringBuilder) (at Assets/Editor/ChubbyAircraftDelivery.cs:220)
ChubbyAircraftDelivery:Run () (at Assets/Editor/ChubbyAircraftDelivery.cs:103)

[Assets/Editor/ChubbyAircraftDelivery.cs line 103]

Imported 'GUID: d8e838133d26e462094a573bb9125ab6' -> (Import Result ID: 'c602b0f72a1709472e570a8ce71756d4') in 0.000 seconds [static dependencies only]. Details - ImportResultOutputID=0fc54646ee966d0ce78c07546d34f870 DependenciesID=b9c90ac8f12376d8a9470aee3f0bdcbc StaticDependenciesID=c09a13936a0e6fb7d7f3b9462eb398a8 
Importing 'GUID: e8c6d764816e34232bffb90c0fc9fce4 - Path: Assets/Art/ChubbyAircraft/NavyCoral_MediumTwin/Materials/Part_04.mat' with importer (NativeFormatImporter)
Main Object Name 'NavyCoral_MediumTwin_Part_04' does not match filename 'Part_04'
UnityEngine.Debug:ExtractStackTraceNoAlloc (byte*,int,string)
UnityEngine.StackTraceUtility:ExtractStackTrace () (at /Users/bokken/build/output/unity/unity/Runtime/Export/Scripting/StackTrace.cs:23)
ChubbyAircraftDelivery:SaveAndValidatePrefab (UnityEngine.GameObject,string,System.Text.StringBuilder) (at Assets/Editor/ChubbyAircraftDelivery.cs:220)
ChubbyAircraftDelivery:Run () (at Assets/Editor/ChubbyAircraftDelivery.cs:103)

[Assets/Editor/ChubbyAircraftDelivery.cs line 103]

Imported 'GUID: e8c6d764816e34232bffb90c0fc9fce4' -> (Import Result ID: '9ab307aba1349f84daf3cea169576eb4') in 0.000 seconds [static dependencies only]. Details - ImportResultOutputID=b94d2bcf1d90d5ef23882f9412239051 DependenciesID=a4ebfcc94c6677ecae2a1627875b4a52 StaticDependenciesID=68b18c0b90011223a72dee7b84d97966 
Importing 'GUID: 19129a177da2644f5a6d011506c51c19 - Path: Assets/Art/ChubbyAircraft/NavyCoral_MediumTwin/Materials/Part_10.mat' with importer (NativeFormatImporter)
Main Object Name 'NavyCoral_MediumTwin_Part_10' does not match filename 'Part_10'
UnityEngine.Debug:ExtractStackTraceNoAlloc (byte*,int,string)
UnityEngine.StackTraceUtility:ExtractStackTrace () (at /Users/bokken/build/output/unity/unity/Runtime/Export/Scripting/StackTrace.cs:23)
ChubbyAircraftDelivery:SaveAndValidatePrefab (UnityEngine.GameObject,string,System.Text.StringBuilder) (at Assets/Editor/ChubbyAircraftDelivery.cs:220)
ChubbyAircraftDelivery:Run () (at Assets/Editor/ChubbyAircraftDelivery.cs:103)

[Assets/Editor/ChubbyAircraftDelivery.cs line 103]

Imported 'GUID: 19129a177da2644f5a6d011506c51c19' -> (Import Result ID: 'cb3b0e6c6e4f268730062d2f8e3ffac7') in 0.000 seconds [static dependencies only]. Details - ImportResultOutputID=16b812344674e6c761129d023e24349a DependenciesID=9adfb22b2dfa2c5f8e3c953895588d11 StaticDependenciesID=bbb4760d0e545039d4261375950bae8c 
Importing 'GUID: 79f317597d7624d369a49a385416b8b3 - Path: Assets/Art/ChubbyAircraft/NavyCoral_MediumTwin/Materials/Part_11.mat' with importer (NativeFormatImporter)
Main Object Name 'NavyCoral_MediumTwin_Part_11' does not match filename 'Part_11'
UnityEngine.Debug:ExtractStackTraceNoAlloc (byte*,int,string)
UnityEngine.StackTraceUtility:ExtractStackTrace () (at /Users/bokken/build/output/unity/unity/Runtime/Export/Scripting/StackTrace.cs:23)
ChubbyAircraftDelivery:SaveAndValidatePrefab (UnityEngine.GameObject,string,System.Text.StringBuilder) (at Assets/Editor/ChubbyAircraftDelivery.cs:220)
ChubbyAircraftDelivery:Run () (at Assets/Editor/ChubbyAircraftDelivery.cs:103)

[Assets/Editor/ChubbyAircraftDelivery.cs line 103]

Imported 'GUID: 79f317597d7624d369a49a385416b8b3' -> (Import Result ID: '65b4436c7def995d1a750f181b13167e') in 0.000 seconds [static dependencies only]. Details - ImportResultOutputID=9fb2dccf517e2db27b58deaebe48b90f DependenciesID=11feac93515bdef147f6ed1948502792 StaticDependenciesID=c7cf00f110715ea9b003a47524095a5b 
Importing 'GUID: f9971be76fb5a4ae2acff9be12ff24e4 - Path: Assets/Art/ChubbyAircraft/NavyCoral_MediumTwin/Materials/Part_06.mat' with importer (NativeFormatImporter)
Main Object Name 'NavyCoral_MediumTwin_Part_06' does not match filename 'Part_06'
UnityEngine.Debug:ExtractStackTraceNoAlloc (byte*,int,string)
UnityEngine.StackTraceUtility:ExtractStackTrace () (at /Users/bokken/build/output/unity/unity/Runtime/Export/Scripting/StackTrace.cs:23)
ChubbyAircraftDelivery:SaveAndValidatePrefab (UnityEngine.GameObject,string,System.Text.StringBuilder) (at Assets/Editor/ChubbyAircraftDelivery.cs:220)
ChubbyAircraftDelivery:Run () (at Assets/Editor/ChubbyAircraftDelivery.cs:103)

[Assets/Editor/ChubbyAircraftDelivery.cs line 103]

Imported 'GUID: f9971be76fb5a4ae2acff9be12ff24e4' -> (Import Result ID: '3e487cfbe50fb74ac4978773446e0a23') in 0.000 seconds [static dependencies only]. Details - ImportResultOutputID=8a8c0bf1a90be28ec6a50ad67fa61555 DependenciesID=23c51e83d684cd4af5059874f20ff625 StaticDependenciesID=e73f59f2621099bf7d534ad6174d0f6f 
Importing 'GUID: bac47c6730c28443ca5951772f457e3b - Path: Assets/Art/ChubbyAircraft/NavyCoral_MediumTwin/Materials/Part_05.mat' with importer (NativeFormatImporter)
Main Object Name 'NavyCoral_MediumTwin_Part_05' does not match filename 'Part_05'
UnityEngine.Debug:ExtractStackTraceNoAlloc (byte*,int,string)
UnityEngine.StackTraceUtility:ExtractStackTrace () (at /Users/bokken/build/output/unity/unity/Runtime/Export/Scripting/StackTrace.cs:23)
ChubbyAircraftDelivery:SaveAndValidatePrefab (UnityEngine.GameObject,string,System.Text.StringBuilder) (at Assets/Editor/ChubbyAircraftDelivery.cs:220)
ChubbyAircraftDelivery:Run () (at Assets/Editor/ChubbyAircraftDelivery.cs:103)

[Assets/Editor/ChubbyAircraftDelivery.cs line 103]

Imported 'GUID: bac47c6730c28443ca5951772f457e3b' -> (Import Result ID: 'fd7d4754b43f3023beea30b74dcbfc68') in 0.000 seconds [static dependencies only]. Details - ImportResultOutputID=2b657acff41457ffcedb14a4ac015ff9 DependenciesID=f6c3d003507fb5d9eca293834d028378 StaticDependenciesID=d8d35d909e2a7ad916dafedd9e4aa47a 
Importing 'GUID: acf8647bc781f47f0a55f8fac2abf7bc - Path: Assets/Art/ChubbyAircraft/NavyCoral_MediumTwin/Materials/Part_02.mat' with importer (NativeFormatImporter)
Main Object Name 'NavyCoral_MediumTwin_Part_02' does not match filename 'Part_02'
UnityEngine.Debug:ExtractStackTraceNoAlloc (byte*,int,string)
UnityEngine.StackTraceUtility:ExtractStackTrace () (at /Users/bokken/build/output/unity/unity/Runtime/Export/Scripting/StackTrace.cs:23)
ChubbyAircraftDelivery:SaveAndValidatePrefab (UnityEngine.GameObject,string,System.Text.StringBuilder) (at Assets/Editor/ChubbyAircraftDelivery.cs:220)
ChubbyAircraftDelivery:Run () (at Assets/Editor/ChubbyAircraftDelivery.cs:103)

[Assets/Editor/ChubbyAircraftDelivery.cs line 103]

Imported 'GUID: acf8647bc781f47f0a55f8fac2abf7bc' -> (Import Result ID: '85f391ce932dfc8fe06d939251358787') in 0.000 seconds [static dependencies only]. Details - ImportResultOutputID=2a6e23f1ac0dc7d4b573932c625b44a5 DependenciesID=2b0e5026ae2c5333d4bc90452cdcb6f4 StaticDependenciesID=6fdfaab14c2070a3479169b54eaa74fb 
Importing 'GUID: 1f59ebbb030564ad591e78f5b16ce500 - Path: Assets/Art/ChubbyAircraft/NavyCoral_MediumTwin/Materials/Part_08.mat' with importer (NativeFormatImporter)
Main Object Name 'NavyCoral_MediumTwin_Part_08' does not match filename 'Part_08'
UnityEngine.Debug:ExtractStackTraceNoAlloc (byte*,int,string)
UnityEngine.StackTraceUtility:ExtractStackTrace () (at /Users/bokken/build/output/unity/unity/Runtime/Export/Scripting/StackTrace.cs:23)
ChubbyAircraftDelivery:SaveAndValidatePrefab (UnityEngine.GameObject,string,System.Text.StringBuilder) (at Assets/Editor/ChubbyAircraftDelivery.cs:220)
ChubbyAircraftDelivery:Run () (at Assets/Editor/ChubbyAircraftDelivery.cs:103)

[Assets/Editor/ChubbyAircraftDelivery.cs line 103]

Imported 'GUID: 1f59ebbb030564ad591e78f5b16ce500' -> (Import Result ID: '9bf7acf2cdfba2992a350bfa138813d0') in 0.000 seconds [static dependencies only]. Details - ImportResultOutputID=35b66ca62a48a982062c7caab3263ca7 DependenciesID=a11bc33b7f1b23b382fc353ee7c9cf80 StaticDependenciesID=a184a7f6d6b9bbaac60a74c1c8e8f084 
Importing 'GUID: 1039b316df5e54206a9dc43c9ac96868 - Path: Assets/Art/ChubbyAircraft/NavyCoral_MediumTwin/Meshes/Part_02.asset' with importer (NativeFormatImporter)
Main Object Name 'NavyCoral_MediumTwin_Part_02' does not match filename 'Part_02'
UnityEngine.Debug:ExtractStackTraceNoAlloc (byte*,int,string)
UnityEngine.StackTraceUtility:ExtractStackTrace () (at /Users/bokken/build/output/unity/unity/Runtime/Export/Scripting/StackTrace.cs:23)
ChubbyAircraftDelivery:SaveAndValidatePrefab (UnityEngine.GameObject,string,System.Text.StringBuilder) (at Assets/Editor/ChubbyAircraftDelivery.cs:220)
ChubbyAircraftDelivery:Run () (at Assets/Editor/ChubbyAircraftDelivery.cs:103)

[Assets/Editor/ChubbyAircraftDelivery.cs line 103]

Imported 'GUID: 1039b316df5e54206a9dc43c9ac96868' -> (Import Result ID: '9b6b50561c6c20de00f8bc1fee293cf9') in 0.001 seconds [static dependencies only]. Details - ImportResultOutputID=c191b8bbcb2a893d12b42b7fff244ab3 DependenciesID=bbe499094f33a130f25611e936ac99b9 StaticDependenciesID=ebbffa0eb73a2731cdcf2bcbf5c2ccc2 
Importing 'GUID: 14d533096726645e9860730ade2bbcac - Path: Assets/Art/ChubbyAircraft/NavyCoral_MediumTwin/Meshes/Part_07.asset' with importer (NativeFormatImporter)
Main Object Name 'NavyCoral_MediumTwin_Part_07' does not match filename 'Part_07'
UnityEngine.Debug:ExtractStackTraceNoAlloc (byte*,int,string)
UnityEngine.StackTraceUtility:ExtractStackTrace () (at /Users/bokken/build/output/unity/unity/Runtime/Export/Scripting/StackTrace.cs:23)
ChubbyAircraftDelivery:SaveAndValidatePrefab (UnityEngine.GameObject,string,System.Text.StringBuilder) (at Assets/Editor/ChubbyAircraftDelivery.cs:220)
ChubbyAircraftDelivery:Run () (at Assets/Editor/ChubbyAircraftDelivery.cs:103)

[Assets/Editor/ChubbyAircraftDelivery.cs line 103]

Imported 'GUID: 14d533096726645e9860730ade2bbcac' -> (Import Result ID: '797f193a5cb628ff1e9c21531889ac4c') in 0.000 seconds [static dependencies only]. Details - ImportResultOutputID=38d081a6d243f24118e42c52f748c095 DependenciesID=fa49e4566021929bc0d3c4476d815f6e StaticDependenciesID=55d1fd4f05b300daa41a35e256294cf2 
Importing 'GUID: 442aff20731c040528e69d5e86cb1919 - Path: Assets/Art/ChubbyAircraft/NavyCoral_MediumTwin/Meshes/Part_10.asset' with importer (NativeFormatImporter)
Main Object Name 'NavyCoral_MediumTwin_Part_10' does not match filename 'Part_10'
UnityEngine.Debug:ExtractStackTraceNoAlloc (byte*,int,string)
UnityEngine.StackTraceUtility:ExtractStackTrace () (at /Users/bokken/build/output/unity/unity/Runtime/Export/Scripting/StackTrace.cs:23)
ChubbyAircraftDelivery:SaveAndValidatePrefab (UnityEngine.GameObject,string,System.Text.StringBuilder) (at Assets/Editor/ChubbyAircraftDelivery.cs:220)
ChubbyAircraftDelivery:Run () (at Assets/Editor/ChubbyAircraftDelivery.cs:103)

[Assets/Editor/ChubbyAircraftDelivery.cs line 103]

Imported 'GUID: 442aff20731c040528e69d5e86cb1919' -> (Import Result ID: 'fa05cf5d844eaa978eaf431c7a338c33') in 0.000 seconds [static dependencies only]. Details - ImportResultOutputID=2acde2929c798c03786239ca174e6d44 DependenciesID=58b3a70efe628a7b23c2fbade54f931f StaticDependenciesID=f165649f5fde2f446c6746bc543b5b3f 
Importing 'GUID: 76d4781724a3c4bd6bbf8ec29ba6aeda - Path: Assets/Art/ChubbyAircraft/NavyCoral_MediumTwin/Meshes/Part_04.asset' with importer (NativeFormatImporter)
Main Object Name 'NavyCoral_MediumTwin_Part_04' does not match filename 'Part_04'
UnityEngine.Debug:ExtractStackTraceNoAlloc (byte*,int,string)
UnityEngine.StackTraceUtility:ExtractStackTrace () (at /Users/bokken/build/output/unity/unity/Runtime/Export/Scripting/StackTrace.cs:23)
ChubbyAircraftDelivery:SaveAndValidatePrefab (UnityEngine.GameObject,string,System.Text.StringBuilder) (at Assets/Editor/ChubbyAircraftDelivery.cs:220)
ChubbyAircraftDelivery:Run () (at Assets/Editor/ChubbyAircraftDelivery.cs:103)

[Assets/Editor/ChubbyAircraftDelivery.cs line 103]

Imported 'GUID: 76d4781724a3c4bd6bbf8ec29ba6aeda' -> (Import Result ID: '34a1ad87a7a83f3537e91b2461edf3aa') in 0.000 seconds [static dependencies only]. Details - ImportResultOutputID=c63e83d3d64652d07dfe800f5a8f0e8b DependenciesID=df43a052e3ab0210515a66f07fb095cf StaticDependenciesID=12356fc199ec07333582166ff111ec09 
Importing 'GUID: 076f0220102e6436c8211486993ad4a0 - Path: Assets/Art/ChubbyAircraft/NavyCoral_MediumTwin/Meshes/Part_03.asset' with importer (NativeFormatImporter)
Main Object Name 'NavyCoral_MediumTwin_Part_03' does not match filename 'Part_03'
UnityEngine.Debug:ExtractStackTraceNoAlloc (byte*,int,string)
UnityEngine.StackTraceUtility:ExtractStackTrace () (at /Users/bokken/build/output/unity/unity/Runtime/Export/Scripting/StackTrace.cs:23)
ChubbyAircraftDelivery:SaveAndValidatePrefab (UnityEngine.GameObject,string,System.Text.StringBuilder) (at Assets/Editor/ChubbyAircraftDelivery.cs:220)
ChubbyAircraftDelivery:Run () (at Assets/Editor/ChubbyAircraftDelivery.cs:103)

[Assets/Editor/ChubbyAircraftDelivery.cs line 103]

Imported 'GUID: 076f0220102e6436c8211486993ad4a0' -> (Import Result ID: '13b958406e7a545f0290e27ec8c2a038') in 0.001 seconds [static dependencies only]. Details - ImportResultOutputID=d47ea6de252f421fd5b8ad465a3d7786 DependenciesID=cdb50ab821fd61ee2241bc36fdf3c8dc StaticDependenciesID=f8683838955516bb223dec270fea0f9c 
Importing 'GUID: 87e339a1e2e8b43409f75fb4ee583cad - Path: Assets/Art/ChubbyAircraft/NavyCoral_MediumTwin/Meshes/Part_05.asset' with importer (NativeFormatImporter)
Main Object Name 'NavyCoral_MediumTwin_Part_05' does not match filename 'Part_05'
UnityEngine.Debug:ExtractStackTraceNoAlloc (byte*,int,string)
UnityEngine.StackTraceUtility:ExtractStackTrace () (at /Users/bokken/build/output/unity/unity/Runtime/Export/Scripting/StackTrace.cs:23)
ChubbyAircraftDelivery:SaveAndValidatePrefab (UnityEngine.GameObject,string,System.Text.StringBuilder) (at Assets/Editor/ChubbyAircraftDelivery.cs:220)
ChubbyAircraftDelivery:Run () (at Assets/Editor/ChubbyAircraftDelivery.cs:103)

[Assets/Editor/ChubbyAircraftDelivery.cs line 103]

Imported 'GUID: 87e339a1e2e8b43409f75fb4ee583cad' -> (Import Result ID: 'bfdfe29a7174c4eb11b4830b5cd6f1bf') in 0.000 seconds [static dependencies only]. Details - ImportResultOutputID=fb16e8ddeb1ce461af114bb4bb503e49 DependenciesID=8c706594262dcfec5fc9d7ffdb2ed266 StaticDependenciesID=badec448f162f8218155b24dd2703c38 
Importing 'GUID: 590bf8e67aaae45d2b536502c612612d - Path: Assets/Art/ChubbyAircraft/NavyCoral_MediumTwin/Meshes/Part_01.asset' with importer (NativeFormatImporter)
Main Object Name 'NavyCoral_MediumTwin_Part_01' does not match filename 'Part_01'
UnityEngine.Debug:ExtractStackTraceNoAlloc (byte*,int,string)
UnityEngine.StackTraceUtility:ExtractStackTrace () (at /Users/bokken/build/output/unity/unity/Runtime/Export/Scripting/StackTrace.cs:23)
ChubbyAircraftDelivery:SaveAndValidatePrefab (UnityEngine.GameObject,string,System.Text.StringBuilder) (at Assets/Editor/ChubbyAircraftDelivery.cs:220)
ChubbyAircraftDelivery:Run () (at Assets/Editor/ChubbyAircraftDelivery.cs:103)

[Assets/Editor/ChubbyAircraftDelivery.cs line 103]

Imported 'GUID: 590bf8e67aaae45d2b536502c612612d' -> (Import Result ID: 'f03d504e8db09cbfa0dadb934d8ae9d9') in 0.001 seconds [static dependencies only]. Details - ImportResultOutputID=82a1b1ca76582ffa305ea0b261d396dc DependenciesID=fef2fb939dc998a0e9bdbaf96ba77934 StaticDependenciesID=b87ff0ed4571c9783e0ce8ee2d28feea 
Importing 'GUID: 0a11a72a8cfcf43fdb3311b13ef0c0f4 - Path: Assets/Art/ChubbyAircraft/NavyCoral_MediumTwin/Meshes/Part_09.asset' with importer (NativeFormatImporter)
Main Object Name 'NavyCoral_MediumTwin_Part_09' does not match filename 'Part_09'
UnityEngine.Debug:ExtractStackTraceNoAlloc (byte*,int,string)
UnityEngine.StackTraceUtility:ExtractStackTrace () (at /Users/bokken/build/output/unity/unity/Runtime/Export/Scripting/StackTrace.cs:23)
ChubbyAircraftDelivery:SaveAndValidatePrefab (UnityEngine.GameObject,string,System.Text.StringBuilder) (at Assets/Editor/ChubbyAircraftDelivery.cs:220)
ChubbyAircraftDelivery:Run () (at Assets/Editor/ChubbyAircraftDelivery.cs:103)

[Assets/Editor/ChubbyAircraftDelivery.cs line 103]

Imported 'GUID: 0a11a72a8cfcf43fdb3311b13ef0c0f4' -> (Import Result ID: '4e84c4e3506198a5a1178a86199681ad') in 0.000 seconds [static dependencies only]. Details - ImportResultOutputID=88196254295c73c4cdd631b52f807d84 DependenciesID=caaeb609581104dbeebd8aab42eb1b8e StaticDependenciesID=aa9409d3bc52ee00faf1d38f1f604a3a 
Importing 'GUID: 3a5b752436fef487197ab9dc7defb2c3 - Path: Assets/Art/ChubbyAircraft/NavyCoral_MediumTwin/Meshes/Part_08.asset' with importer (NativeFormatImporter)
Main Object Name 'NavyCoral_MediumTwin_Part_08' does not match filename 'Part_08'
UnityEngine.Debug:ExtractStackTraceNoAlloc (byte*,int,string)
UnityEngine.StackTraceUtility:ExtractStackTrace () (at /Users/bokken/build/output/unity/unity/Runtime/Export/Scripting/StackTrace.cs:23)
ChubbyAircraftDelivery:SaveAndValidatePrefab (UnityEngine.GameObject,string,System.Text.StringBuilder) (at Assets/Editor/ChubbyAircraftDelivery.cs:220)
ChubbyAircraftDelivery:Run () (at Assets/Editor/ChubbyAircraftDelivery.cs:103)

[Assets/Editor/ChubbyAircraftDelivery.cs line 103]

Imported 'GUID: 3a5b752436fef487197ab9dc7defb2c3' -> (Import Result ID: 'ceea65b21a6bb94d2acf09028d67edac') in 0.000 seconds [static dependencies only]. Details - ImportResultOutputID=bc27fc877b6ffbc94d2544fd3d29ec30 DependenciesID=5103412dc49097ef2a44f690954d11bf StaticDependenciesID=cf6bee509082e85527903f1474bee36d 
Importing 'GUID: 8b9c08bb257284c6a8e43aa4f38ac405 - Path: Assets/Art/ChubbyAircraft/NavyCoral_MediumTwin/Meshes/Part_11.asset' with importer (NativeFormatImporter)
Main Object Name 'NavyCoral_MediumTwin_Part_11' does not match filename 'Part_11'
UnityEngine.Debug:ExtractStackTraceNoAlloc (byte*,int,string)
UnityEngine.StackTraceUtility:ExtractStackTrace () (at /Users/bokken/build/output/unity/unity/Runtime/Export/Scripting/StackTrace.cs:23)
ChubbyAircraftDelivery:SaveAndValidatePrefab (UnityEngine.GameObject,string,System.Text.StringBuilder) (at Assets/Editor/ChubbyAircraftDelivery.cs:220)
ChubbyAircraftDelivery:Run () (at Assets/Editor/ChubbyAircraftDelivery.cs:103)

[Assets/Editor/ChubbyAircraftDelivery.cs line 103]

Imported 'GUID: 8b9c08bb257284c6a8e43aa4f38ac405' -> (Import Result ID: 'ed3cf87c3e5077e4dbc5d3c314c0b5ab') in 0.001 seconds [static dependencies only]. Details - ImportResultOutputID=3d3b87ed8b8a85da16de1358559fdbca DependenciesID=453ef8b603cfb8952a6a3b29b08879bf StaticDependenciesID=e83e224f45f9fa250d1c703c2a3b7895 
Importing 'GUID: bbb8cd221c99345768767b0c17b9843a - Path: Assets/Art/ChubbyAircraft/NavyCoral_MediumTwin/Meshes/Part_00.asset' with importer (NativeFormatImporter)
Main Object Name 'NavyCoral_MediumTwin_Part_00' does not match filename 'Part_00'
UnityEngine.Debug:ExtractStackTraceNoAlloc (byte*,int,string)
UnityEngine.StackTraceUtility:ExtractStackTrace () (at /Users/bokken/build/output/unity/unity/Runtime/Export/Scripting/StackTrace.cs:23)
ChubbyAircraftDelivery:SaveAndValidatePrefab (UnityEngine.GameObject,string,System.Text.StringBuilder) (at Assets/Editor/ChubbyAircraftDelivery.cs:220)
ChubbyAircraftDelivery:Run () (at Assets/Editor/ChubbyAircraftDelivery.cs:103)

[Assets/Editor/ChubbyAircraftDelivery.cs line 103]

Imported 'GUID: bbb8cd221c99345768767b0c17b9843a' -> (Import Result ID: '4f1f95a4ed2559cfa2038e3ce83f3235') in 0.001 seconds [static dependencies only]. Details - ImportResultOutputID=147b8ad37a27ee64dbabbff7a661681f DependenciesID=1faba9084ef0f415da03c70fd1fc329a StaticDependenciesID=dc71b97afe8ddf4d4ca45a3b269d129a 
Importing 'GUID: ebac7dab3ad16419b94526951348863b - Path: Assets/Art/ChubbyAircraft/NavyCoral_MediumTwin/Meshes/Part_06.asset' with importer (NativeFormatImporter)
Main Object Name 'NavyCoral_MediumTwin_Part_06' does not match filename 'Part_06'
UnityEngine.Debug:ExtractStackTraceNoAlloc (byte*,int,string)
UnityEngine.StackTraceUtility:ExtractStackTrace () (at /Users/bokken/build/output/unity/unity/Runtime/Export/Scripting/StackTrace.cs:23)
ChubbyAircraftDelivery:SaveAndValidatePrefab (UnityEngine.GameObject,string,System.Text.StringBuilder) (at Assets/Editor/ChubbyAircraftDelivery.cs:220)
ChubbyAircraftDelivery:Run () (at Assets/Editor/ChubbyAircraftDelivery.cs:103)

[Assets/Editor/ChubbyAircraftDelivery.cs line 103]

Imported 'GUID: ebac7dab3ad16419b94526951348863b' -> (Import Result ID: 'de2f92e0e812142b20693f0b25c28220') in 0.000 seconds [static dependencies only]. Details - ImportResultOutputID=3a497805d72e043720cfdfbfa4c98f3e DependenciesID=63d03fc100582820bfa8ac74bc1d3bab StaticDependenciesID=91409142a72f400f953434dab37ffff2 
Asset Pipeline Refresh (id=4b33860c80fa44847a5023ec8f2b9326): Total: 0.020 seconds - Initiated by StopAssetImportingV2(NoUpdateAssetOptions)
Importing 'GUID: effb1480b49af42c6a8fd65c10795884 - Path: Assets/Art/ChubbyAircraft/NavyCoral_MediumTwin/NavyCoral_MediumTwin.prefab' with importer (PrefabImporter)
Imported 'GUID: effb1480b49af42c6a8fd65c10795884' -> (Import Result ID: '148fbf8973c25bbbec3993461bb26840') in 0.001 seconds [static dependencies only]. Details - ImportResultOutputID=237b1e509f1e1fdc3fee96247df5a508 DependenciesID=8bc2b64811e06c8d9fc36ad32e27207e StaticDependenciesID=2d351731d9a5b68a4f36dc5bdc2b6677 
Asset Pipeline Refresh (id=572c1225998cc4c5199024160e9dd999): Total: 0.004 seconds - Initiated by StopAssetImportingV2(NoUpdateAssetOptions)
Loaded scene 'Library/Unused/241ecb2d2fe8d4176aa33887f210ab20'
	Deserialize:            0.191 ms
	Integration:            0.074 ms
	Integration of assets:  0.001 ms
	Thread Wait Time:       0.004 ms
	Total Operation Time:   0.269 ms
Worker ready: AssetImportWorkerHW0 0
Asset Pipeline Refresh (id=051e6ffb83e2c4636accb221b056c26a): Total: 0.004 seconds - Initiated by StopAssetImportingV2(NoUpdateAssetOptions)
Importing 'GUID: 61f3f813c014640f494bdbd4e49a7aee - Path: Assets/Art/ChubbyAircraft/NavyCoral_LongQuad/Materials/Part_01.mat' with importer (NativeFormatImporter)
Main Object Name 'NavyCoral_LongQuad_Part_01' does not match filename 'Part_01'
UnityEngine.Debug:ExtractStackTraceNoAlloc (byte*,int,string)
UnityEngine.StackTraceUtility:ExtractStackTrace () (at /Users/bokken/build/output/unity/unity/Runtime/Export/Scripting/StackTrace.cs:23)
ChubbyAircraftDelivery:SaveAndValidatePrefab (UnityEngine.GameObject,string,System.Text.StringBuilder) (at Assets/Editor/ChubbyAircraftDelivery.cs:220)
ChubbyAircraftDelivery:Run () (at Assets/Editor/ChubbyAircraftDelivery.cs:103)

[Assets/Editor/ChubbyAircraftDelivery.cs line 103]

Imported 'GUID: 61f3f813c014640f494bdbd4e49a7aee' -> (Import Result ID: 'f5364b0105f53355340b9a5f30cf9a47') in 0.001 seconds [static dependencies only]. Details - ImportResultOutputID=d186ddf9f28362f562df5f0004099b67 DependenciesID=feb261e68af2c179dd51d4666ffc3e9d StaticDependenciesID=22ebc63b5432f356b5f0e4c919d8561a 
Importing 'GUID: 04c57cadea2ca40ab80a07a05fb4f2a6 - Path: Assets/Art/ChubbyAircraft/NavyCoral_LongQuad/Materials/Part_04.mat' with importer (NativeFormatImporter)
Main Object Name 'NavyCoral_LongQuad_Part_04' does not match filename 'Part_04'
UnityEngine.Debug:ExtractStackTraceNoAlloc (byte*,int,string)
UnityEngine.StackTraceUtility:ExtractStackTrace () (at /Users/bokken/build/output/unity/unity/Runtime/Export/Scripting/StackTrace.cs:23)
ChubbyAircraftDelivery:SaveAndValidatePrefab (UnityEngine.GameObject,string,System.Text.StringBuilder) (at Assets/Editor/ChubbyAircraftDelivery.cs:220)
ChubbyAircraftDelivery:Run () (at Assets/Editor/ChubbyAircraftDelivery.cs:103)

[Assets/Editor/ChubbyAircraftDelivery.cs line 103]

Imported 'GUID: 04c57cadea2ca40ab80a07a05fb4f2a6' -> (Import Result ID: 'db3700d08fcdbb4b12981daecf57ea44') in 0.001 seconds [static dependencies only]. Details - ImportResultOutputID=ecaf38e9e6d3e7abf967b9aef587cd3b DependenciesID=e92b36eed070d04179cec778c127228c StaticDependenciesID=3ae0eea1af84d26a66e0927967e562f6 
Importing 'GUID: a4566b0c822284944b791ed04be8ffec - Path: Assets/Art/ChubbyAircraft/NavyCoral_LongQuad/Materials/Part_06.mat' with importer (NativeFormatImporter)
Main Object Name 'NavyCoral_LongQuad_Part_06' does not match filename 'Part_06'
UnityEngine.Debug:ExtractStackTraceNoAlloc (byte*,int,string)
UnityEngine.StackTraceUtility:ExtractStackTrace () (at /Users/bokken/build/output/unity/unity/Runtime/Export/Scripting/StackTrace.cs:23)
ChubbyAircraftDelivery:SaveAndValidatePrefab (UnityEngine.GameObject,string,System.Text.StringBuilder) (at Assets/Editor/ChubbyAircraftDelivery.cs:220)
ChubbyAircraftDelivery:Run () (at Assets/Editor/ChubbyAircraftDelivery.cs:103)

[Assets/Editor/ChubbyAircraftDelivery.cs line 103]

Imported 'GUID: a4566b0c822284944b791ed04be8ffec' -> (Import Result ID: 'bb767391b30bd0e88700ed74d46b4bb3') in 0.000 seconds [static dependencies only]. Details - ImportResultOutputID=2203cd6203abf7881b0f3e87895376bb DependenciesID=f2d2b605e20987bc76ae451381cc5eb1 StaticDependenciesID=e871c325bdf308a9c2ed868fec6ebd54 
Importing 'GUID: c4931b63ee5f74190a52ee3dcc276b77 - Path: Assets/Art/ChubbyAircraft/NavyCoral_LongQuad/Materials/Part_00.mat' with importer (NativeFormatImporter)
Main Object Name 'NavyCoral_LongQuad_Part_00' does not match filename 'Part_00'
UnityEngine.Debug:ExtractStackTraceNoAlloc (byte*,int,string)
UnityEngine.StackTraceUtility:ExtractStackTrace () (at /Users/bokken/build/output/unity/unity/Runtime/Export/Scripting/StackTrace.cs:23)
ChubbyAircraftDelivery:SaveAndValidatePrefab (UnityEngine.GameObject,string,System.Text.StringBuilder) (at Assets/Editor/ChubbyAircraftDelivery.cs:220)
ChubbyAircraftDelivery:Run () (at Assets/Editor/ChubbyAircraftDelivery.cs:103)

[Assets/Editor/ChubbyAircraftDelivery.cs line 103]

Imported 'GUID: c4931b63ee5f74190a52ee3dcc276b77' -> (Import Result ID: '8620277ce94b674cce9dbe15202d032e') in 0.000 seconds [static dependencies only]. Details - ImportResultOutputID=3cf9a06cf5d488d594034edf04f0d93d DependenciesID=c6cfa9f35b0e6b774e0a983e9c86b0ca StaticDependenciesID=dc3ea7dc5507a343a8aa5897c063f71c 
Importing 'GUID: f43d15bfada834a5181e68563d4b5f99 - Path: Assets/Art/ChubbyAircraft/NavyCoral_LongQuad/Materials/Part_10.mat' with importer (NativeFormatImporter)
Main Object Name 'NavyCoral_LongQuad_Part_10' does not match filename 'Part_10'
UnityEngine.Debug:ExtractStackTraceNoAlloc (byte*,int,string)
UnityEngine.StackTraceUtility:ExtractStackTrace () (at /Users/bokken/build/output/unity/unity/Runtime/Export/Scripting/StackTrace.cs:23)
ChubbyAircraftDelivery:SaveAndValidatePrefab (UnityEngine.GameObject,string,System.Text.StringBuilder) (at Assets/Editor/ChubbyAircraftDelivery.cs:220)
ChubbyAircraftDelivery:Run () (at Assets/Editor/ChubbyAircraftDelivery.cs:103)

[Assets/Editor/ChubbyAircraftDelivery.cs line 103]

Imported 'GUID: f43d15bfada834a5181e68563d4b5f99' -> (Import Result ID: '4159cf2c0345ed7ad944564584094247') in 0.000 seconds [static dependencies only]. Details - ImportResultOutputID=0852084d4d1ce3e4102e64a86087cfad DependenciesID=9a4e49ef28275749c425fe8bc5a4978f StaticDependenciesID=cd3d2cc888ccd16107b654c789d3e49d 
Importing 'GUID: 45fef47c2a8c94a429a75e9554278302 - Path: Assets/Art/ChubbyAircraft/NavyCoral_LongQuad/Materials/Part_09.mat' with importer (NativeFormatImporter)
Main Object Name 'NavyCoral_LongQuad_Part_09' does not match filename 'Part_09'
UnityEngine.Debug:ExtractStackTraceNoAlloc (byte*,int,string)
UnityEngine.StackTraceUtility:ExtractStackTrace () (at /Users/bokken/build/output/unity/unity/Runtime/Export/Scripting/StackTrace.cs:23)
ChubbyAircraftDelivery:SaveAndValidatePrefab (UnityEngine.GameObject,string,System.Text.StringBuilder) (at Assets/Editor/ChubbyAircraftDelivery.cs:220)
ChubbyAircraftDelivery:Run () (at Assets/Editor/ChubbyAircraftDelivery.cs:103)

[Assets/Editor/ChubbyAircraftDelivery.cs line 103]

Imported 'GUID: 45fef47c2a8c94a429a75e9554278302' -> (Import Result ID: 'a529a47bacba6c15b698c0e4da6ffafd') in 0.000 seconds [static dependencies only]. Details - ImportResultOutputID=cf48f8cbd4929253e5638b3ba8e51f5b DependenciesID=52d278a76c697123cb5248f46323c2e6 StaticDependenciesID=2a90c7d79f2e9d8a25866bb1fa097d2b 
Importing 'GUID: e648b606e9db5429f83e7f5aa6d9c6e7 - Path: Assets/Art/ChubbyAircraft/NavyCoral_LongQuad/Materials/Part_02.mat' with importer (NativeFormatImporter)
Main Object Name 'NavyCoral_LongQuad_Part_02' does not match filename 'Part_02'
UnityEngine.Debug:ExtractStackTraceNoAlloc (byte*,int,string)
UnityEngine.StackTraceUtility:ExtractStackTrace () (at /Users/bokken/build/output/unity/unity/Runtime/Export/Scripting/StackTrace.cs:23)
ChubbyAircraftDelivery:SaveAndValidatePrefab (UnityEngine.GameObject,string,System.Text.StringBuilder) (at Assets/Editor/ChubbyAircraftDelivery.cs:220)
ChubbyAircraftDelivery:Run () (at Assets/Editor/ChubbyAircraftDelivery.cs:103)

[Assets/Editor/ChubbyAircraftDelivery.cs line 103]

Imported 'GUID: e648b606e9db5429f83e7f5aa6d9c6e7' -> (Import Result ID: '4f698b1ba652e35691b9d6aa6d273f8a') in 0.000 seconds [static dependencies only]. Details - ImportResultOutputID=6fcc1f31771c156c05ced14f4f8b7253 DependenciesID=77a948066d92d982b89a3705ddac1c57 StaticDependenciesID=38c79c5d6b6fc0448d00f46a288c98c4 
Importing 'GUID: 67e5c178ff6354742b90403411d59649 - Path: Assets/Art/ChubbyAircraft/NavyCoral_LongQuad/Materials/Part_07.mat' with importer (NativeFormatImporter)
Main Object Name 'NavyCoral_LongQuad_Part_07' does not match filename 'Part_07'
UnityEngine.Debug:ExtractStackTraceNoAlloc (byte*,int,string)
UnityEngine.StackTraceUtility:ExtractStackTrace () (at /Users/bokken/build/output/unity/unity/Runtime/Export/Scripting/StackTrace.cs:23)
ChubbyAircraftDelivery:SaveAndValidatePrefab (UnityEngine.GameObject,string,System.Text.StringBuilder) (at Assets/Editor/ChubbyAircraftDelivery.cs:220)
ChubbyAircraftDelivery:Run () (at Assets/Editor/ChubbyAircraftDelivery.cs:103)

[Assets/Editor/ChubbyAircraftDelivery.cs line 103]

Imported 'GUID: 67e5c178ff6354742b90403411d59649' -> (Import Result ID: '9ab6b41ec418172bcc7af9af27c82ae8') in 0.000 seconds [static dependencies only]. Details - ImportResultOutputID=23f12a3af60fcf3e8a0a58c559569e39 DependenciesID=6a2df4e096cd887e903cbc4c70ef2852 StaticDependenciesID=27f2e80581897ded334e0ea52bfa70e8 
Importing 'GUID: e7d6577aef16f42b4b16bf25b372652d - Path: Assets/Art/ChubbyAircraft/NavyCoral_LongQuad/Materials/Part_05.mat' with importer (NativeFormatImporter)
Main Object Name 'NavyCoral_LongQuad_Part_05' does not match filename 'Part_05'
UnityEngine.Debug:ExtractStackTraceNoAlloc (byte*,int,string)
UnityEngine.StackTraceUtility:ExtractStackTrace () (at /Users/bokken/build/output/unity/unity/Runtime/Export/Scripting/StackTrace.cs:23)
ChubbyAircraftDelivery:SaveAndValidatePrefab (UnityEngine.GameObject,string,System.Text.StringBuilder) (at Assets/Editor/ChubbyAircraftDelivery.cs:220)
ChubbyAircraftDelivery:Run () (at Assets/Editor/ChubbyAircraftDelivery.cs:103)

[Assets/Editor/ChubbyAircraftDelivery.cs line 103]

Imported 'GUID: e7d6577aef16f42b4b16bf25b372652d' -> (Import Result ID: '14cbba7039da1103efff8c9581789508') in 0.000 seconds [static dependencies only]. Details - ImportResultOutputID=de014922b02ef35ac06de9c827db7750 DependenciesID=22268de9012c35b8f63524cc08b1283e StaticDependenciesID=a9031cf254fa0d614696bcea74d5c64d 
Importing 'GUID: 0bc42a8b8acad48148d043819e89e282 - Path: Assets/Art/ChubbyAircraft/NavyCoral_LongQuad/Materials/Part_08.mat' with importer (NativeFormatImporter)
Main Object Name 'NavyCoral_LongQuad_Part_08' does not match filename 'Part_08'
UnityEngine.Debug:ExtractStackTraceNoAlloc (byte*,int,string)
UnityEngine.StackTraceUtility:ExtractStackTrace () (at /Users/bokken/build/output/unity/unity/Runtime/Export/Scripting/StackTrace.cs:23)
ChubbyAircraftDelivery:SaveAndValidatePrefab (UnityEngine.GameObject,string,System.Text.StringBuilder) (at Assets/Editor/ChubbyAircraftDelivery.cs:220)
ChubbyAircraftDelivery:Run () (at Assets/Editor/ChubbyAircraftDelivery.cs:103)

[Assets/Editor/ChubbyAircraftDelivery.cs line 103]

Imported 'GUID: 0bc42a8b8acad48148d043819e89e282' -> (Import Result ID: '29fc9be6d2b4c595cafa141c607100c6') in 0.000 seconds [static dependencies only]. Details - ImportResultOutputID=0d968557e1a7437fa082695f36fca5bd DependenciesID=8f518ed49bc4bae6fc9920346cb90f27 StaticDependenciesID=21a31a215ae3621b6afcdb478f806987 
Importing 'GUID: ad83aea68f7864af19b15a43356b1fda - Path: Assets/Art/ChubbyAircraft/NavyCoral_LongQuad/Materials/Part_11.mat' with importer (NativeFormatImporter)
Main Object Name 'NavyCoral_LongQuad_Part_11' does not match filename 'Part_11'
UnityEngine.Debug:ExtractStackTraceNoAlloc (byte*,int,string)
UnityEngine.StackTraceUtility:ExtractStackTrace () (at /Users/bokken/build/output/unity/unity/Runtime/Export/Scripting/StackTrace.cs:23)
ChubbyAircraftDelivery:SaveAndValidatePrefab (UnityEngine.GameObject,string,System.Text.StringBuilder) (at Assets/Editor/ChubbyAircraftDelivery.cs:220)
ChubbyAircraftDelivery:Run () (at Assets/Editor/ChubbyAircraftDelivery.cs:103)

[Assets/Editor/ChubbyAircraftDelivery.cs line 103]

Imported 'GUID: ad83aea68f7864af19b15a43356b1fda' -> (Import Result ID: 'bb560d13ce763e186aa0b538d84a765b') in 0.000 seconds [static dependencies only]. Details - ImportResultOutputID=bc6ccd09c40af75677167386d1703b10 DependenciesID=2acd5b7175dab87d334246646604fecd StaticDependenciesID=0dbee19abbe38a14eda26b4bcfcb1950 
Importing 'GUID: 5ff16fffd6fc64f5d85ce32a759a4374 - Path: Assets/Art/ChubbyAircraft/NavyCoral_LongQuad/Materials/Part_03.mat' with importer (NativeFormatImporter)
Main Object Name 'NavyCoral_LongQuad_Part_03' does not match filename 'Part_03'
UnityEngine.Debug:ExtractStackTraceNoAlloc (byte*,int,string)
UnityEngine.StackTraceUtility:ExtractStackTrace () (at /Users/bokken/build/output/unity/unity/Runtime/Export/Scripting/StackTrace.cs:23)
ChubbyAircraftDelivery:SaveAndValidatePrefab (UnityEngine.GameObject,string,System.Text.StringBuilder) (at Assets/Editor/ChubbyAircraftDelivery.cs:220)
ChubbyAircraftDelivery:Run () (at Assets/Editor/ChubbyAircraftDelivery.cs:103)

[Assets/Editor/ChubbyAircraftDelivery.cs line 103]

Imported 'GUID: 5ff16fffd6fc64f5d85ce32a759a4374' -> (Import Result ID: '2856a2587d6f38e980143cfffcc2acd6') in 0.000 seconds [static dependencies only]. Details - ImportResultOutputID=81247734ecc5780d0a87bd456792f84e DependenciesID=a179d934a3555dd45707eeafa2bd4efe StaticDependenciesID=04f6d1f52e743b77b929d976e3cb502f 
Importing 'GUID: 000049759e0aa442a97ab063dfa2e2e9 - Path: Assets/Art/ChubbyAircraft/NavyCoral_LongQuad/Meshes/Part_01.asset' with importer (NativeFormatImporter)
Main Object Name 'NavyCoral_LongQuad_Part_01' does not match filename 'Part_01'
UnityEngine.Debug:ExtractStackTraceNoAlloc (byte*,int,string)
UnityEngine.StackTraceUtility:ExtractStackTrace () (at /Users/bokken/build/output/unity/unity/Runtime/Export/Scripting/StackTrace.cs:23)
ChubbyAircraftDelivery:SaveAndValidatePrefab (UnityEngine.GameObject,string,System.Text.StringBuilder) (at Assets/Editor/ChubbyAircraftDelivery.cs:220)
ChubbyAircraftDelivery:Run () (at Assets/Editor/ChubbyAircraftDelivery.cs:103)

[Assets/Editor/ChubbyAircraftDelivery.cs line 103]

Imported 'GUID: 000049759e0aa442a97ab063dfa2e2e9' -> (Import Result ID: 'ccfe482309c776f72d2bdf6a5a11e980') in 0.001 seconds [static dependencies only]. Details - ImportResultOutputID=391e6d421af4e23d468b21914995a054 DependenciesID=876e47614a38234d7d439bd00d5991e1 StaticDependenciesID=01f8155ae7e67779c96ecd0364dd4385 
Importing 'GUID: 955d59b3f7b6f478b911e465300e29e2 - Path: Assets/Art/ChubbyAircraft/NavyCoral_LongQuad/Meshes/Part_03.asset' with importer (NativeFormatImporter)
Main Object Name 'NavyCoral_LongQuad_Part_03' does not match filename 'Part_03'
UnityEngine.Debug:ExtractStackTraceNoAlloc (byte*,int,string)
UnityEngine.StackTraceUtility:ExtractStackTrace () (at /Users/bokken/build/output/unity/unity/Runtime/Export/Scripting/StackTrace.cs:23)
ChubbyAircraftDelivery:SaveAndValidatePrefab (UnityEngine.GameObject,string,System.Text.StringBuilder) (at Assets/Editor/ChubbyAircraftDelivery.cs:220)
ChubbyAircraftDelivery:Run () (at Assets/Editor/ChubbyAircraftDelivery.cs:103)

[Assets/Editor/ChubbyAircraftDelivery.cs line 103]

Imported 'GUID: 955d59b3f7b6f478b911e465300e29e2' -> (Import Result ID: '42ce9cb5568c20a2d02b51bd012b5aa5') in 0.001 seconds [static dependencies only]. Details - ImportResultOutputID=92459f1f6b18ba96b6742257fd8ae82e DependenciesID=7e4e9c576f192dc5f69a6ffb407502ce StaticDependenciesID=5d9fdb143bb0559edfd295db9322685a 
Importing 'GUID: e5d9b0a1919d3432d8784933f0d9398f - Path: Assets/Art/ChubbyAircraft/NavyCoral_LongQuad/Meshes/Part_07.asset' with importer (NativeFormatImporter)
Main Object Name 'NavyCoral_LongQuad_Part_07' does not match filename 'Part_07'
UnityEngine.Debug:ExtractStackTraceNoAlloc (byte*,int,string)
UnityEngine.StackTraceUtility:ExtractStackTrace () (at /Users/bokken/build/output/unity/unity/Runtime/Export/Scripting/StackTrace.cs:23)
ChubbyAircraftDelivery:SaveAndValidatePrefab (UnityEngine.GameObject,string,System.Text.StringBuilder) (at Assets/Editor/ChubbyAircraftDelivery.cs:220)
ChubbyAircraftDelivery:Run () (at Assets/Editor/ChubbyAircraftDelivery.cs:103)

[Assets/Editor/ChubbyAircraftDelivery.cs line 103]

Imported 'GUID: e5d9b0a1919d3432d8784933f0d9398f' -> (Import Result ID: 'd59f4e3a9686a543ca60bb0e9d0f2025') in 0.000 seconds [static dependencies only]. Details - ImportResultOutputID=78e8e2b19c90e9ee6428210c41f8699e DependenciesID=921b1e30291cf801be881238e8f4fc82 StaticDependenciesID=9f538a9380d684bb7b27423da9906fb1 
Importing 'GUID: 76e6136005d57482b8b677adff5c4691 - Path: Assets/Art/ChubbyAircraft/NavyCoral_LongQuad/Meshes/Part_09.asset' with importer (NativeFormatImporter)
Main Object Name 'NavyCoral_LongQuad_Part_09' does not match filename 'Part_09'
UnityEngine.Debug:ExtractStackTraceNoAlloc (byte*,int,string)
UnityEngine.StackTraceUtility:ExtractStackTrace () (at /Users/bokken/build/output/unity/unity/Runtime/Export/Scripting/StackTrace.cs:23)
ChubbyAircraftDelivery:SaveAndValidatePrefab (UnityEngine.GameObject,string,System.Text.StringBuilder) (at Assets/Editor/ChubbyAircraftDelivery.cs:220)
ChubbyAircraftDelivery:Run () (at Assets/Editor/ChubbyAircraftDelivery.cs:103)

[Assets/Editor/ChubbyAircraftDelivery.cs line 103]

Imported 'GUID: 76e6136005d57482b8b677adff5c4691' -> (Import Result ID: '529903a31b10a1aca2bf201031a04928') in 0.000 seconds [static dependencies only]. Details - ImportResultOutputID=4560220aeb19d1ff60407b6fdf716f6d DependenciesID=e38af06bd8b566807d8bfeabc9923d71 StaticDependenciesID=3cec99a2cbbec0051703787a75b51162 
Importing 'GUID: d62c499d988b74b2bb8a58d3cb366514 - Path: Assets/Art/ChubbyAircraft/NavyCoral_LongQuad/Meshes/Part_10.asset' with importer (NativeFormatImporter)
Main Object Name 'NavyCoral_LongQuad_Part_10' does not match filename 'Part_10'
UnityEngine.Debug:ExtractStackTraceNoAlloc (byte*,int,string)
UnityEngine.StackTraceUtility:ExtractStackTrace () (at /Users/bokken/build/output/unity/unity/Runtime/Export/Scripting/StackTrace.cs:23)
ChubbyAircraftDelivery:SaveAndValidatePrefab (UnityEngine.GameObject,string,System.Text.StringBuilder) (at Assets/Editor/ChubbyAircraftDelivery.cs:220)
ChubbyAircraftDelivery:Run () (at Assets/Editor/ChubbyAircraftDelivery.cs:103)

[Assets/Editor/ChubbyAircraftDelivery.cs line 103]

Imported 'GUID: d62c499d988b74b2bb8a58d3cb366514' -> (Import Result ID: '98c1f77cc57e390c835a0149fd3e8d15') in 0.000 seconds [static dependencies only]. Details - ImportResultOutputID=d5cbb6b681eb4e57d532e499d94a19cf DependenciesID=cba1360929089bdc6e8b9285cf933e32 StaticDependenciesID=60b580d98bed9d8f9c3c9e452bf3bb78 
Importing 'GUID: e8bcdae46804b479f969e4d0755d0c3d - Path: Assets/Art/ChubbyAircraft/NavyCoral_LongQuad/Meshes/Part_06.asset' with importer (NativeFormatImporter)
Main Object Name 'NavyCoral_LongQuad_Part_06' does not match filename 'Part_06'
UnityEngine.Debug:ExtractStackTraceNoAlloc (byte*,int,string)
UnityEngine.StackTraceUtility:ExtractStackTrace () (at /Users/bokken/build/output/unity/unity/Runtime/Export/Scripting/StackTrace.cs:23)
ChubbyAircraftDelivery:SaveAndValidatePrefab (UnityEngine.GameObject,string,System.Text.StringBuilder) (at Assets/Editor/ChubbyAircraftDelivery.cs:220)
ChubbyAircraftDelivery:Run () (at Assets/Editor/ChubbyAircraftDelivery.cs:103)

[Assets/Editor/ChubbyAircraftDelivery.cs line 103]

Imported 'GUID: e8bcdae46804b479f969e4d0755d0c3d' -> (Import Result ID: '3a2114871e821e3b087b6a898f0fd52f') in 0.000 seconds [static dependencies only]. Details - ImportResultOutputID=32a4d2d5ad1fc92476a0d28ba2196989 DependenciesID=ad11f9be674ff2be31d5b7126d24cbfe StaticDependenciesID=080a10a4a3a7730d2e27f284729ccd18 
Importing 'GUID: 89ddfbfd2c139492a9d287a5de6cc4c7 - Path: Assets/Art/ChubbyAircraft/NavyCoral_LongQuad/Meshes/Part_02.asset' with importer (NativeFormatImporter)
Main Object Name 'NavyCoral_LongQuad_Part_02' does not match filename 'Part_02'
UnityEngine.Debug:ExtractStackTraceNoAlloc (byte*,int,string)
UnityEngine.StackTraceUtility:ExtractStackTrace () (at /Users/bokken/build/output/unity/unity/Runtime/Export/Scripting/StackTrace.cs:23)
ChubbyAircraftDelivery:SaveAndValidatePrefab (UnityEngine.GameObject,string,System.Text.StringBuilder) (at Assets/Editor/ChubbyAircraftDelivery.cs:220)
ChubbyAircraftDelivery:Run () (at Assets/Editor/ChubbyAircraftDelivery.cs:103)

[Assets/Editor/ChubbyAircraftDelivery.cs line 103]

Imported 'GUID: 89ddfbfd2c139492a9d287a5de6cc4c7' -> (Import Result ID: '6890e0881820cb7bef09022188a6e41f') in 0.002 seconds [static dependencies only]. Details - ImportResultOutputID=773bf85380199c624ff6c51a9b76f265 DependenciesID=d002328d993607d109b811f4b170b8e6 StaticDependenciesID=d9c5cfa449abc07e4beef8a4e990b8c5 
Importing 'GUID: eac8f4a7fa12f414ea6cdc63b115cc93 - Path: Assets/Art/ChubbyAircraft/NavyCoral_LongQuad/Meshes/Part_00.asset' with importer (NativeFormatImporter)
Main Object Name 'NavyCoral_LongQuad_Part_00' does not match filename 'Part_00'
UnityEngine.Debug:ExtractStackTraceNoAlloc (byte*,int,string)
UnityEngine.StackTraceUtility:ExtractStackTrace () (at /Users/bokken/build/output/unity/unity/Runtime/Export/Scripting/StackTrace.cs:23)
ChubbyAircraftDelivery:SaveAndValidatePrefab (UnityEngine.GameObject,string,System.Text.StringBuilder) (at Assets/Editor/ChubbyAircraftDelivery.cs:220)
ChubbyAircraftDelivery:Run () (at Assets/Editor/ChubbyAircraftDelivery.cs:103)

[Assets/Editor/ChubbyAircraftDelivery.cs line 103]

Imported 'GUID: eac8f4a7fa12f414ea6cdc63b115cc93' -> (Import Result ID: '198eff4f4e69c9bd0a959ce63498f5fb') in 0.001 seconds [static dependencies only]. Details - ImportResultOutputID=2e42380e0402e569cf3b65a1851d29d6 DependenciesID=aacc6d4790b4d4162dd81457b04eac65 StaticDependenciesID=3cddd07049f72fe51f5f5381cd571ffa 
Importing 'GUID: 7b30668cfc5b34c70a3a7b55478d73b0 - Path: Assets/Art/ChubbyAircraft/NavyCoral_LongQuad/Meshes/Part_05.asset' with importer (NativeFormatImporter)
Main Object Name 'NavyCoral_LongQuad_Part_05' does not match filename 'Part_05'
UnityEngine.Debug:ExtractStackTraceNoAlloc (byte*,int,string)
UnityEngine.StackTraceUtility:ExtractStackTrace () (at /Users/bokken/build/output/unity/unity/Runtime/Export/Scripting/StackTrace.cs:23)
ChubbyAircraftDelivery:SaveAndValidatePrefab (UnityEngine.GameObject,string,System.Text.StringBuilder) (at Assets/Editor/ChubbyAircraftDelivery.cs:220)
ChubbyAircraftDelivery:Run () (at Assets/Editor/ChubbyAircraftDelivery.cs:103)

[Assets/Editor/ChubbyAircraftDelivery.cs line 103]

Imported 'GUID: 7b30668cfc5b34c70a3a7b55478d73b0' -> (Import Result ID: '0252b318ceb2585cf38c878d18a415bc') in 0.000 seconds [static dependencies only]. Details - ImportResultOutputID=336919fa73f206fccf31bcce4cd11074 DependenciesID=f769aa290968f2259bab00ad4e384cfc StaticDependenciesID=2c7712db6c956f89698f911abf17f00a 
Importing 'GUID: ab797c9b716b341cda57b7ebcd941dbc - Path: Assets/Art/ChubbyAircraft/NavyCoral_LongQuad/Meshes/Part_08.asset' with importer (NativeFormatImporter)
Main Object Name 'NavyCoral_LongQuad_Part_08' does not match filename 'Part_08'
UnityEngine.Debug:ExtractStackTraceNoAlloc (byte*,int,string)
UnityEngine.StackTraceUtility:ExtractStackTrace () (at /Users/bokken/build/output/unity/unity/Runtime/Export/Scripting/StackTrace.cs:23)
ChubbyAircraftDelivery:SaveAndValidatePrefab (UnityEngine.GameObject,string,System.Text.StringBuilder) (at Assets/Editor/ChubbyAircraftDelivery.cs:220)
ChubbyAircraftDelivery:Run () (at Assets/Editor/ChubbyAircraftDelivery.cs:103)

[Assets/Editor/ChubbyAircraftDelivery.cs line 103]

Imported 'GUID: ab797c9b716b341cda57b7ebcd941dbc' -> (Import Result ID: 'c9f964458b15248b08d4b55b0bfef259') in 0.000 seconds [static dependencies only]. Details - ImportResultOutputID=41e1e8b41d0dd471cbd79b7d838d777a DependenciesID=d6fe12549b024bdb2c0618756db9b93e StaticDependenciesID=b7d6a88a7ff36e81ac22e9fb8e7da5d2 
Importing 'GUID: 0cbba94112c9342ec9305e1040866c9b - Path: Assets/Art/ChubbyAircraft/NavyCoral_LongQuad/Meshes/Part_11.asset' with importer (NativeFormatImporter)
Main Object Name 'NavyCoral_LongQuad_Part_11' does not match filename 'Part_11'
UnityEngine.Debug:ExtractStackTraceNoAlloc (byte*,int,string)
UnityEngine.StackTraceUtility:ExtractStackTrace () (at /Users/bokken/build/output/unity/unity/Runtime/Export/Scripting/StackTrace.cs:23)
ChubbyAircraftDelivery:SaveAndValidatePrefab (UnityEngine.GameObject,string,System.Text.StringBuilder) (at Assets/Editor/ChubbyAircraftDelivery.cs:220)
ChubbyAircraftDelivery:Run () (at Assets/Editor/ChubbyAircraftDelivery.cs:103)

[Assets/Editor/ChubbyAircraftDelivery.cs line 103]

Imported 'GUID: 0cbba94112c9342ec9305e1040866c9b' -> (Import Result ID: '5c53b87be377112cf0f0c43a6f6032b3') in 0.001 seconds [static dependencies only]. Details - ImportResultOutputID=d9c5da0fcddc5aa1c6b9204ad0341b0b DependenciesID=be1093399374a0681600025e1df1b34c StaticDependenciesID=de3e847f25997d3a8208cee0af1cd5d4 
Importing 'GUID: 8e8ff756e9e61460ca59790d5c5de8e7 - Path: Assets/Art/ChubbyAircraft/NavyCoral_LongQuad/Meshes/Part_04.asset' with importer (NativeFormatImporter)
Main Object Name 'NavyCoral_LongQuad_Part_04' does not match filename 'Part_04'
UnityEngine.Debug:ExtractStackTraceNoAlloc (byte*,int,string)
UnityEngine.StackTraceUtility:ExtractStackTrace () (at /Users/bokken/build/output/unity/unity/Runtime/Export/Scripting/StackTrace.cs:23)
ChubbyAircraftDelivery:SaveAndValidatePrefab (UnityEngine.GameObject,string,System.Text.StringBuilder) (at Assets/Editor/ChubbyAircraftDelivery.cs:220)
ChubbyAircraftDelivery:Run () (at Assets/Editor/ChubbyAircraftDelivery.cs:103)

[Assets/Editor/ChubbyAircraftDelivery.cs line 103]

Imported 'GUID: 8e8ff756e9e61460ca59790d5c5de8e7' -> (Import Result ID: '8cfcbe4311b3abf2f702c5e393543e69') in 0.000 seconds [static dependencies only]. Details - ImportResultOutputID=9015524d1ffcac70ba7481f0d4d953b6 DependenciesID=e389c881564eb383c2fee3dd0aba19f1 StaticDependenciesID=09d6c1e7eb4f877fa81b19eefc432bbf 
Asset Pipeline Refresh (id=ab12588d8202043d5a3fc9536b31b425): Total: 0.022 seconds - Initiated by StopAssetImportingV2(NoUpdateAssetOptions)
Importing 'GUID: bba19f22412da4ecdb31235990c3b2bb - Path: Assets/Art/ChubbyAircraft/NavyCoral_LongQuad/NavyCoral_LongQuad.prefab' with importer (PrefabImporter)
Imported 'GUID: bba19f22412da4ecdb31235990c3b2bb' -> (Import Result ID: '495fc9bc2c2fb9399764e8063810e35c') in 0.001 seconds [static dependencies only]. Details - ImportResultOutputID=99af536404319f042790883c89cce378 DependenciesID=0c9bc719ac3d7e51c571e5d37e3a054b StaticDependenciesID=3b08050ae5604318e969caaadb95612f 
Asset Pipeline Refresh (id=584fbd1d1a077436d9b68c9bd0977e7d): Total: 0.004 seconds - Initiated by StopAssetImportingV2(NoUpdateAssetOptions)
Loaded scene 'Library/Unused/db94f540e76cf4a3da27724c1c8f27de'
	Deserialize:            0.182 ms
	Integration:            0.082 ms
	Integration of assets:  0.001 ms
	Thread Wait Time:       0.005 ms
	Total Operation Time:   0.271 ms
Asset Pipeline Refresh (id=45e85b786590449bb939c36086eb6de7): Total: 0.003 seconds - Initiated by StopAssetImportingV2(NoUpdateAssetOptions)
Importing 'GUID: 104baec19f8c143ed9b00d0e5eca0328 - Path: Assets/Art/ChubbyAircraft/PorcelainRed_ShortTwin/Materials/Part_12.mat' with importer (NativeFormatImporter)
Main Object Name 'PorcelainRed_ShortTwin_Part_12' does not match filename 'Part_12'
UnityEngine.Debug:ExtractStackTraceNoAlloc (byte*,int,string)
UnityEngine.StackTraceUtility:ExtractStackTrace () (at /Users/bokken/build/output/unity/unity/Runtime/Export/Scripting/StackTrace.cs:23)
ChubbyAircraftDelivery:SaveAndValidatePrefab (UnityEngine.GameObject,string,System.Text.StringBuilder) (at Assets/Editor/ChubbyAircraftDelivery.cs:220)
ChubbyAircraftDelivery:Run () (at Assets/Editor/ChubbyAircraftDelivery.cs:103)

[Assets/Editor/ChubbyAircraftDelivery.cs line 103]

Imported 'GUID: 104baec19f8c143ed9b00d0e5eca0328' -> (Import Result ID: 'c7fb054593b2e109922db4f73e4fd896') in 0.001 seconds [static dependencies only]. Details - ImportResultOutputID=39ac0930c9eedd99ee9a56fe7c69a4ef DependenciesID=2a6bfc9f31752fa6834a89bcedd28999 StaticDependenciesID=99a147e20221549644a4300d6323d6c7 
Importing 'GUID: 5040157abd6a0440eaac44dcb8116709 - Path: Assets/Art/ChubbyAircraft/PorcelainRed_ShortTwin/Materials/Part_04.mat' with importer (NativeFormatImporter)
Main Object Name 'PorcelainRed_ShortTwin_Part_04' does not match filename 'Part_04'
UnityEngine.Debug:ExtractStackTraceNoAlloc (byte*,int,string)
UnityEngine.StackTraceUtility:ExtractStackTrace () (at /Users/bokken/build/output/unity/unity/Runtime/Export/Scripting/StackTrace.cs:23)
ChubbyAircraftDelivery:SaveAndValidatePrefab (UnityEngine.GameObject,string,System.Text.StringBuilder) (at Assets/Editor/ChubbyAircraftDelivery.cs:220)
ChubbyAircraftDelivery:Run () (at Assets/Editor/ChubbyAircraftDelivery.cs:103)

[Assets/Editor/ChubbyAircraftDelivery.cs line 103]

Imported 'GUID: 5040157abd6a0440eaac44dcb8116709' -> (Import Result ID: '6e3b4769a5be0e833075dab3e72ebecd') in 0.000 seconds [static dependencies only]. Details - ImportResultOutputID=d3402a626af8d18a7001efc4c2ff8aae DependenciesID=fd0b73c27d84a781f22a07ffab9e1a22 StaticDependenciesID=0f5dd3e750dc6ff03e10c027ae694aac 
Importing 'GUID: 9072392a5079547eeba262327aec4f43 - Path: Assets/Art/ChubbyAircraft/PorcelainRed_ShortTwin/Materials/Part_11.mat' with importer (NativeFormatImporter)
Main Object Name 'PorcelainRed_ShortTwin_Part_11' does not match filename 'Part_11'
UnityEngine.Debug:ExtractStackTraceNoAlloc (byte*,int,string)
UnityEngine.StackTraceUtility:ExtractStackTrace () (at /Users/bokken/build/output/unity/unity/Runtime/Export/Scripting/StackTrace.cs:23)
ChubbyAircraftDelivery:SaveAndValidatePrefab (UnityEngine.GameObject,string,System.Text.StringBuilder) (at Assets/Editor/ChubbyAircraftDelivery.cs:220)
ChubbyAircraftDelivery:Run () (at Assets/Editor/ChubbyAircraftDelivery.cs:103)

[Assets/Editor/ChubbyAircraftDelivery.cs line 103]

Imported 'GUID: 9072392a5079547eeba262327aec4f43' -> (Import Result ID: 'e7c3912380fec021016d423d2711871d') in 0.000 seconds [static dependencies only]. Details - ImportResultOutputID=12b7872d039d7407735f8191c1a49934 DependenciesID=9a952b338fa1a2544a0c92764bc25fc1 StaticDependenciesID=a00c5d4f8534cf0cfbfa3f5924b7d4fa 
Importing 'GUID: f029f940496574f428ee7f8c3b398e97 - Path: Assets/Art/ChubbyAircraft/PorcelainRed_ShortTwin/Materials/Part_10.mat' with importer (NativeFormatImporter)
Main Object Name 'PorcelainRed_ShortTwin_Part_10' does not match filename 'Part_10'
UnityEngine.Debug:ExtractStackTraceNoAlloc (byte*,int,string)
UnityEngine.StackTraceUtility:ExtractStackTrace () (at /Users/bokken/build/output/unity/unity/Runtime/Export/Scripting/StackTrace.cs:23)
ChubbyAircraftDelivery:SaveAndValidatePrefab (UnityEngine.GameObject,string,System.Text.StringBuilder) (at Assets/Editor/ChubbyAircraftDelivery.cs:220)
ChubbyAircraftDelivery:Run () (at Assets/Editor/ChubbyAircraftDelivery.cs:103)

[Assets/Editor/ChubbyAircraftDelivery.cs line 103]

Imported 'GUID: f029f940496574f428ee7f8c3b398e97' -> (Import Result ID: 'c728a22d6c0aaf2130aa80361761a822') in 0.000 seconds [static dependencies only]. Details - ImportResultOutputID=ffbd8a676dac36b1965a349ba8c1b509 DependenciesID=77207e7a5b90058b826de0cb543ed2bf StaticDependenciesID=dba29233658d129a7651091e55d26e12 
Importing 'GUID: 31b2ff697c3b04714beade43c04dcaa6 - Path: Assets/Art/ChubbyAircraft/PorcelainRed_ShortTwin/Materials/Part_01.mat' with importer (NativeFormatImporter)
Main Object Name 'PorcelainRed_ShortTwin_Part_01' does not match filename 'Part_01'
UnityEngine.Debug:ExtractStackTraceNoAlloc (byte*,int,string)
UnityEngine.StackTraceUtility:ExtractStackTrace () (at /Users/bokken/build/output/unity/unity/Runtime/Export/Scripting/StackTrace.cs:23)
ChubbyAircraftDelivery:SaveAndValidatePrefab (UnityEngine.GameObject,string,System.Text.StringBuilder) (at Assets/Editor/ChubbyAircraftDelivery.cs:220)
ChubbyAircraftDelivery:Run () (at Assets/Editor/ChubbyAircraftDelivery.cs:103)

[Assets/Editor/ChubbyAircraftDelivery.cs line 103]

Imported 'GUID: 31b2ff697c3b04714beade43c04dcaa6' -> (Import Result ID: 'f89b8315ceb330c2928284ae16ea4f76') in 0.000 seconds [static dependencies only]. Details - ImportResultOutputID=bf2e9457717795a029ca8113ca8972ba DependenciesID=58c97ef6b2bae0dfe95cbac98d4f3311 StaticDependenciesID=5235a00f30156e32ecf296a3f40a00ee 
Importing 'GUID: 813a8e89f2af54d709c07e6f9f868387 - Path: Assets/Art/ChubbyAircraft/PorcelainRed_ShortTwin/Materials/Part_09.mat' with importer (NativeFormatImporter)
Main Object Name 'PorcelainRed_ShortTwin_Part_09' does not match filename 'Part_09'
UnityEngine.Debug:ExtractStackTraceNoAlloc (byte*,int,string)
UnityEngine.StackTraceUtility:ExtractStackTrace () (at /Users/bokken/build/output/unity/unity/Runtime/Export/Scripting/StackTrace.cs:23)
ChubbyAircraftDelivery:SaveAndValidatePrefab (UnityEngine.GameObject,string,System.Text.StringBuilder) (at Assets/Editor/ChubbyAircraftDelivery.cs:220)
ChubbyAircraftDelivery:Run () (at Assets/Editor/ChubbyAircraftDelivery.cs:103)

[Assets/Editor/ChubbyAircraftDelivery.cs line 103]

Imported 'GUID: 813a8e89f2af54d709c07e6f9f868387' -> (Import Result ID: '75ef8bbc073f2aed4cd41e595d35b0fe') in 0.000 seconds [static dependencies only]. Details - ImportResultOutputID=09ab8d552ccb2d827a67b48b7dc8b14b DependenciesID=5cc69fb1cbce1acf836890d5546ad79d StaticDependenciesID=60dbf2a88b5ab0131a0460a48068377b 
Importing 'GUID: c16f04baba2f04683a68c8b9226b184a - Path: Assets/Art/ChubbyAircraft/PorcelainRed_ShortTwin/Materials/Part_00.mat' with importer (NativeFormatImporter)
Main Object Name 'PorcelainRed_ShortTwin_Part_00' does not match filename 'Part_00'
UnityEngine.Debug:ExtractStackTraceNoAlloc (byte*,int,string)
UnityEngine.StackTraceUtility:ExtractStackTrace () (at /Users/bokken/build/output/unity/unity/Runtime/Export/Scripting/StackTrace.cs:23)
ChubbyAircraftDelivery:SaveAndValidatePrefab (UnityEngine.GameObject,string,System.Text.StringBuilder) (at Assets/Editor/ChubbyAircraftDelivery.cs:220)
ChubbyAircraftDelivery:Run () (at Assets/Editor/ChubbyAircraftDelivery.cs:103)

[Assets/Editor/ChubbyAircraftDelivery.cs line 103]

Imported 'GUID: c16f04baba2f04683a68c8b9226b184a' -> (Import Result ID: 'ad23c1c690c9a6bed0e773770a28d73c') in 0.000 seconds [static dependencies only]. Details - ImportResultOutputID=884aaaefc537e7ab7f2a18ee6df5aaeb DependenciesID=de380d5f0ee7cf7b398e174ca38c8df2 StaticDependenciesID=855809c9e20cbb9dee1c0058b345dbb4 
Importing 'GUID: b409eafc83b46490fbf4c7f822d6ddde - Path: Assets/Art/ChubbyAircraft/PorcelainRed_ShortTwin/Materials/Part_08.mat' with importer (NativeFormatImporter)
Main Object Name 'PorcelainRed_ShortTwin_Part_08' does not match filename 'Part_08'
UnityEngine.Debug:ExtractStackTraceNoAlloc (byte*,int,string)
UnityEngine.StackTraceUtility:ExtractStackTrace () (at /Users/bokken/build/output/unity/unity/Runtime/Export/Scripting/StackTrace.cs:23)
ChubbyAircraftDelivery:SaveAndValidatePrefab (UnityEngine.GameObject,string,System.Text.StringBuilder) (at Assets/Editor/ChubbyAircraftDelivery.cs:220)
ChubbyAircraftDelivery:Run () (at Assets/Editor/ChubbyAircraftDelivery.cs:103)

[Assets/Editor/ChubbyAircraftDelivery.cs line 103]

Imported 'GUID: b409eafc83b46490fbf4c7f822d6ddde' -> (Import Result ID: '9cff602221589381b74bfe3103b089ff') in 0.000 seconds [static dependencies only]. Details - ImportResultOutputID=6ebf6d20e1bcf9d044f069e685dd957f DependenciesID=1daf46624c4c01611be60e70a7d06f3d StaticDependenciesID=4316a05178f69aeefc9c0f4505fdb09a 
Importing 'GUID: e9d03ebf0748446d58ee8bf14331ac3d - Path: Assets/Art/ChubbyAircraft/PorcelainRed_ShortTwin/Materials/Part_06.mat' with importer (NativeFormatImporter)
Main Object Name 'PorcelainRed_ShortTwin_Part_06' does not match filename 'Part_06'
UnityEngine.Debug:ExtractStackTraceNoAlloc (byte*,int,string)
UnityEngine.StackTraceUtility:ExtractStackTrace () (at /Users/bokken/build/output/unity/unity/Runtime/Export/Scripting/StackTrace.cs:23)
ChubbyAircraftDelivery:SaveAndValidatePrefab (UnityEngine.GameObject,string,System.Text.StringBuilder) (at Assets/Editor/ChubbyAircraftDelivery.cs:220)
ChubbyAircraftDelivery:Run () (at Assets/Editor/ChubbyAircraftDelivery.cs:103)

[Assets/Editor/ChubbyAircraftDelivery.cs line 103]

Imported 'GUID: e9d03ebf0748446d58ee8bf14331ac3d' -> (Import Result ID: 'd01b7fc09a1956c7c35b45eccc0ce347') in 0.000 seconds [static dependencies only]. Details - ImportResultOutputID=50d3b817a8218d5636e06fd616e008ea DependenciesID=8a5a770486037d3a25f6d1cbcb7f94d1 StaticDependenciesID=c95f28bda6ca89225b5c58978b6b5f1d 
Importing 'GUID: 4a28af0b807334ea4aa70d6a4131f652 - Path: Assets/Art/ChubbyAircraft/PorcelainRed_ShortTwin/Materials/Part_03.mat' with importer (NativeFormatImporter)
Main Object Name 'PorcelainRed_ShortTwin_Part_03' does not match filename 'Part_03'
UnityEngine.Debug:ExtractStackTraceNoAlloc (byte*,int,string)
UnityEngine.StackTraceUtility:ExtractStackTrace () (at /Users/bokken/build/output/unity/unity/Runtime/Export/Scripting/StackTrace.cs:23)
ChubbyAircraftDelivery:SaveAndValidatePrefab (UnityEngine.GameObject,string,System.Text.StringBuilder) (at Assets/Editor/ChubbyAircraftDelivery.cs:220)
ChubbyAircraftDelivery:Run () (at Assets/Editor/ChubbyAircraftDelivery.cs:103)

[Assets/Editor/ChubbyAircraftDelivery.cs line 103]

Imported 'GUID: 4a28af0b807334ea4aa70d6a4131f652' -> (Import Result ID: 'e44af6d37f09a77193460739d8d476af') in 0.000 seconds [static dependencies only]. Details - ImportResultOutputID=5668cfcd4bae1d2bdc9ae539dc014180 DependenciesID=5c8bd9b1b6aa92e7e84ad27f32e899ff StaticDependenciesID=7875f5912fae87cc0b3117606fcc45e7 
Importing 'GUID: faf090c9af272477aaef9e617bf236b7 - Path: Assets/Art/ChubbyAircraft/PorcelainRed_ShortTwin/Materials/Part_02.mat' with importer (NativeFormatImporter)
Main Object Name 'PorcelainRed_ShortTwin_Part_02' does not match filename 'Part_02'
UnityEngine.Debug:ExtractStackTraceNoAlloc (byte*,int,string)
UnityEngine.StackTraceUtility:ExtractStackTrace () (at /Users/bokken/build/output/unity/unity/Runtime/Export/Scripting/StackTrace.cs:23)
ChubbyAircraftDelivery:SaveAndValidatePrefab (UnityEngine.GameObject,string,System.Text.StringBuilder) (at Assets/Editor/ChubbyAircraftDelivery.cs:220)
ChubbyAircraftDelivery:Run () (at Assets/Editor/ChubbyAircraftDelivery.cs:103)

[Assets/Editor/ChubbyAircraftDelivery.cs line 103]

Imported 'GUID: faf090c9af272477aaef9e617bf236b7' -> (Import Result ID: '632c85424080f1a9e7ea50f236be9dfe') in 0.000 seconds [static dependencies only]. Details - ImportResultOutputID=de5ae70c38c3b95ab10a5a068d9edcbf DependenciesID=b2533e7dae158c027f52c60fe59c7168 StaticDependenciesID=cc6ae604c60092058930a7cbe38c17de 
Importing 'GUID: 8cb58465f20194d7ca9af28a145d62a1 - Path: Assets/Art/ChubbyAircraft/PorcelainRed_ShortTwin/Materials/Part_07.mat' with importer (NativeFormatImporter)
Main Object Name 'PorcelainRed_ShortTwin_Part_07' does not match filename 'Part_07'
UnityEngine.Debug:ExtractStackTraceNoAlloc (byte*,int,string)
UnityEngine.StackTraceUtility:ExtractStackTrace () (at /Users/bokken/build/output/unity/unity/Runtime/Export/Scripting/StackTrace.cs:23)
ChubbyAircraftDelivery:SaveAndValidatePrefab (UnityEngine.GameObject,string,System.Text.StringBuilder) (at Assets/Editor/ChubbyAircraftDelivery.cs:220)
ChubbyAircraftDelivery:Run () (at Assets/Editor/ChubbyAircraftDelivery.cs:103)

[Assets/Editor/ChubbyAircraftDelivery.cs line 103]

Imported 'GUID: 8cb58465f20194d7ca9af28a145d62a1' -> (Import Result ID: 'a3ef82bd98b6e1037851e5c694437984') in 0.000 seconds [static dependencies only]. Details - ImportResultOutputID=f6f392b27bd63fe82a56c72a5efe2756 DependenciesID=b2056fce2d87e2b489020e4623e15b9a StaticDependenciesID=e854e88f5f92bcec72a200b4c5fe2b39 
Importing 'GUID: fca2bb87839ed4bb1b5bf3885261274a - Path: Assets/Art/ChubbyAircraft/PorcelainRed_ShortTwin/Materials/Part_05.mat' with importer (NativeFormatImporter)
Main Object Name 'PorcelainRed_ShortTwin_Part_05' does not match filename 'Part_05'
UnityEngine.Debug:ExtractStackTraceNoAlloc (byte*,int,string)
UnityEngine.StackTraceUtility:ExtractStackTrace () (at /Users/bokken/build/output/unity/unity/Runtime/Export/Scripting/StackTrace.cs:23)
ChubbyAircraftDelivery:SaveAndValidatePrefab (UnityEngine.GameObject,string,System.Text.StringBuilder) (at Assets/Editor/ChubbyAircraftDelivery.cs:220)
ChubbyAircraftDelivery:Run () (at Assets/Editor/ChubbyAircraftDelivery.cs:103)

[Assets/Editor/ChubbyAircraftDelivery.cs line 103]

Imported 'GUID: fca2bb87839ed4bb1b5bf3885261274a' -> (Import Result ID: '3575aaabb04e6cafa5230ec676be8ed3') in 0.000 seconds [static dependencies only]. Details - ImportResultOutputID=a5f274f2f2554bf9f775fbbed143518a DependenciesID=a860f1d1c8deffdf8e4d2ebd86803d15 StaticDependenciesID=52cd374a901ab91e06b93522ff767354 
Importing 'GUID: 625fffa203791439c85c4ae28fe380d2 - Path: Assets/Art/ChubbyAircraft/PorcelainRed_ShortTwin/Meshes/Part_08.asset' with importer (NativeFormatImporter)
Main Object Name 'PorcelainRed_ShortTwin_Part_08' does not match filename 'Part_08'
UnityEngine.Debug:ExtractStackTraceNoAlloc (byte*,int,string)
UnityEngine.StackTraceUtility:ExtractStackTrace () (at /Users/bokken/build/output/unity/unity/Runtime/Export/Scripting/StackTrace.cs:23)
ChubbyAircraftDelivery:SaveAndValidatePrefab (UnityEngine.GameObject,string,System.Text.StringBuilder) (at Assets/Editor/ChubbyAircraftDelivery.cs:220)
ChubbyAircraftDelivery:Run () (at Assets/Editor/ChubbyAircraftDelivery.cs:103)

[Assets/Editor/ChubbyAircraftDelivery.cs line 103]

Imported 'GUID: 625fffa203791439c85c4ae28fe380d2' -> (Import Result ID: '339f883c568b3843d73e84f85b287f9a') in 0.000 seconds [static dependencies only]. Details - ImportResultOutputID=7521e5fcc48d4d26f7d5ab1f58e47d61 DependenciesID=7ad98e0cb4974167da6e85c70af0f705 StaticDependenciesID=306c14589a0680dbaf16a86795e04c88 
Importing 'GUID: d24fd7e923a5b4a54b5815b63ec0e90b - Path: Assets/Art/ChubbyAircraft/PorcelainRed_ShortTwin/Meshes/Part_03.asset' with importer (NativeFormatImporter)
Main Object Name 'PorcelainRed_ShortTwin_Part_03' does not match filename 'Part_03'
UnityEngine.Debug:ExtractStackTraceNoAlloc (byte*,int,string)
UnityEngine.StackTraceUtility:ExtractStackTrace () (at /Users/bokken/build/output/unity/unity/Runtime/Export/Scripting/StackTrace.cs:23)
ChubbyAircraftDelivery:SaveAndValidatePrefab (UnityEngine.GameObject,string,System.Text.StringBuilder) (at Assets/Editor/ChubbyAircraftDelivery.cs:220)
ChubbyAircraftDelivery:Run () (at Assets/Editor/ChubbyAircraftDelivery.cs:103)

[Assets/Editor/ChubbyAircraftDelivery.cs line 103]

Imported 'GUID: d24fd7e923a5b4a54b5815b63ec0e90b' -> (Import Result ID: 'ed8111070d3252400a9b058176ac62df') in 0.001 seconds [static dependencies only]. Details - ImportResultOutputID=5696ff8b6d9e9b0017d1998858e81b97 DependenciesID=b9c53d617eb0af9c299ee9c213bd9666 StaticDependenciesID=7717adbd017dd7bf4dd5418c230a90ce 
Importing 'GUID: 731042e34391a4796b41b65ef832f9d1 - Path: Assets/Art/ChubbyAircraft/PorcelainRed_ShortTwin/Meshes/Part_12.asset' with importer (NativeFormatImporter)
Main Object Name 'PorcelainRed_ShortTwin_Part_12' does not match filename 'Part_12'
UnityEngine.Debug:ExtractStackTraceNoAlloc (byte*,int,string)
UnityEngine.StackTraceUtility:ExtractStackTrace () (at /Users/bokken/build/output/unity/unity/Runtime/Export/Scripting/StackTrace.cs:23)
ChubbyAircraftDelivery:SaveAndValidatePrefab (UnityEngine.GameObject,string,System.Text.StringBuilder) (at Assets/Editor/ChubbyAircraftDelivery.cs:220)
ChubbyAircraftDelivery:Run () (at Assets/Editor/ChubbyAircraftDelivery.cs:103)

[Assets/Editor/ChubbyAircraftDelivery.cs line 103]

Imported 'GUID: 731042e34391a4796b41b65ef832f9d1' -> (Import Result ID: 'a17e08a029eb1e0f02a0d5804361076c') in 0.001 seconds [static dependencies only]. Details - ImportResultOutputID=7cbe4af63319a9fbb82b495efad8e0f7 DependenciesID=a57303a018f249d4ca7603b5ab4af9f4 StaticDependenciesID=3a9af77bbfa689bea231d602c6e45087 
Importing 'GUID: e3832cfad7b9447ffaf0267df684833a - Path: Assets/Art/ChubbyAircraft/PorcelainRed_ShortTwin/Meshes/Part_09.asset' with importer (NativeFormatImporter)
Main Object Name 'PorcelainRed_ShortTwin_Part_09' does not match filename 'Part_09'
UnityEngine.Debug:ExtractStackTraceNoAlloc (byte*,int,string)
UnityEngine.StackTraceUtility:ExtractStackTrace () (at /Users/bokken/build/output/unity/unity/Runtime/Export/Scripting/StackTrace.cs:23)
ChubbyAircraftDelivery:SaveAndValidatePrefab (UnityEngine.GameObject,string,System.Text.StringBuilder) (at Assets/Editor/ChubbyAircraftDelivery.cs:220)
ChubbyAircraftDelivery:Run () (at Assets/Editor/ChubbyAircraftDelivery.cs:103)

[Assets/Editor/ChubbyAircraftDelivery.cs line 103]

Imported 'GUID: e3832cfad7b9447ffaf0267df684833a' -> (Import Result ID: '864d35c3f8d4e585b7aa3522e01947d3') in 0.000 seconds [static dependencies only]. Details - ImportResultOutputID=1616ecac56e078436cdd42d98f8963ed DependenciesID=f2846877a7207aea4e090dcba12dd3c9 StaticDependenciesID=88052c7754e2c631915801687b973084 
Importing 'GUID: d452b65ed451240099dd92530ac1baa0 - Path: Assets/Art/ChubbyAircraft/PorcelainRed_ShortTwin/Meshes/Part_00.asset' with importer (NativeFormatImporter)
Main Object Name 'PorcelainRed_ShortTwin_Part_00' does not match filename 'Part_00'
UnityEngine.Debug:ExtractStackTraceNoAlloc (byte*,int,string)
UnityEngine.StackTraceUtility:ExtractStackTrace () (at /Users/bokken/build/output/unity/unity/Runtime/Export/Scripting/StackTrace.cs:23)
ChubbyAircraftDelivery:SaveAndValidatePrefab (UnityEngine.GameObject,string,System.Text.StringBuilder) (at Assets/Editor/ChubbyAircraftDelivery.cs:220)
ChubbyAircraftDelivery:Run () (at Assets/Editor/ChubbyAircraftDelivery.cs:103)

[Assets/Editor/ChubbyAircraftDelivery.cs line 103]

Imported 'GUID: d452b65ed451240099dd92530ac1baa0' -> (Import Result ID: 'd1ebf6214539c9194c78a43df6d6093e') in 0.001 seconds [static dependencies only]. Details - ImportResultOutputID=ec0f007890fa694669dd49699a8e0236 DependenciesID=a8f026e3925e8e32dd8d4af66ea73b32 StaticDependenciesID=a7ed256dc7ea373a11e9fbeec2990c3e 
Importing 'GUID: 25211cef781694c4aae804344ffabcf9 - Path: Assets/Art/ChubbyAircraft/PorcelainRed_ShortTwin/Meshes/Part_01.asset' with importer (NativeFormatImporter)
Main Object Name 'PorcelainRed_ShortTwin_Part_01' does not match filename 'Part_01'
UnityEngine.Debug:ExtractStackTraceNoAlloc (byte*,int,string)
UnityEngine.StackTraceUtility:ExtractStackTrace () (at /Users/bokken/build/output/unity/unity/Runtime/Export/Scripting/StackTrace.cs:23)
ChubbyAircraftDelivery:SaveAndValidatePrefab (UnityEngine.GameObject,string,System.Text.StringBuilder) (at Assets/Editor/ChubbyAircraftDelivery.cs:220)
ChubbyAircraftDelivery:Run () (at Assets/Editor/ChubbyAircraftDelivery.cs:103)

[Assets/Editor/ChubbyAircraftDelivery.cs line 103]

Imported 'GUID: 25211cef781694c4aae804344ffabcf9' -> (Import Result ID: '0d5908b47a67ecdbe2d78ec34faf3db6') in 0.001 seconds [static dependencies only]. Details - ImportResultOutputID=037f51db7698e81b59c5e7688fb557e9 DependenciesID=14cb5468694d4a52e73134c220b0a668 StaticDependenciesID=40adc4cdb9c273276022a3026c7201d4 
Importing 'GUID: e606a31cac2a14e6faa91a2a1cc96bcb - Path: Assets/Art/ChubbyAircraft/PorcelainRed_ShortTwin/Meshes/Part_10.asset' with importer (NativeFormatImporter)
Main Object Name 'PorcelainRed_ShortTwin_Part_10' does not match filename 'Part_10'
UnityEngine.Debug:ExtractStackTraceNoAlloc (byte*,int,string)
UnityEngine.StackTraceUtility:ExtractStackTrace () (at /Users/bokken/build/output/unity/unity/Runtime/Export/Scripting/StackTrace.cs:23)
ChubbyAircraftDelivery:SaveAndValidatePrefab (UnityEngine.GameObject,string,System.Text.StringBuilder) (at Assets/Editor/ChubbyAircraftDelivery.cs:220)
ChubbyAircraftDelivery:Run () (at Assets/Editor/ChubbyAircraftDelivery.cs:103)

[Assets/Editor/ChubbyAircraftDelivery.cs line 103]

Imported 'GUID: e606a31cac2a14e6faa91a2a1cc96bcb' -> (Import Result ID: '8393f6c79965da85d114f70d0d79f7b6') in 0.000 seconds [static dependencies only]. Details - ImportResultOutputID=ea25c7fefaa3822fe3c7b01f038c43de DependenciesID=4ebd7c11ff4c22830c0c4af3e3377413 StaticDependenciesID=841acee67ec7591f266cbcffd7a9f55d 
Importing 'GUID: 076a7ba6da0b24c6993723ac449ace81 - Path: Assets/Art/ChubbyAircraft/PorcelainRed_ShortTwin/Meshes/Part_04.asset' with importer (NativeFormatImporter)
Main Object Name 'PorcelainRed_ShortTwin_Part_04' does not match filename 'Part_04'
UnityEngine.Debug:ExtractStackTraceNoAlloc (byte*,int,string)
UnityEngine.StackTraceUtility:ExtractStackTrace () (at /Users/bokken/build/output/unity/unity/Runtime/Export/Scripting/StackTrace.cs:23)
ChubbyAircraftDelivery:SaveAndValidatePrefab (UnityEngine.GameObject,string,System.Text.StringBuilder) (at Assets/Editor/ChubbyAircraftDelivery.cs:220)
ChubbyAircraftDelivery:Run () (at Assets/Editor/ChubbyAircraftDelivery.cs:103)

[Assets/Editor/ChubbyAircraftDelivery.cs line 103]

Imported 'GUID: 076a7ba6da0b24c6993723ac449ace81' -> (Import Result ID: '3de9adc9c1dbbfd2f1bdbb3e0fc10d6f') in 0.000 seconds [static dependencies only]. Details - ImportResultOutputID=1e9c7f6c118f32190a6e9d241c0e77be DependenciesID=75617a029bd7562a03a428dc3018c5c0 StaticDependenciesID=afa3f0b9badd9a398505ad1cf63872ad 
Importing 'GUID: c79d156553f8f4ee0afa5cf1f5d701a7 - Path: Assets/Art/ChubbyAircraft/PorcelainRed_ShortTwin/Meshes/Part_11.asset' with importer (NativeFormatImporter)
Main Object Name 'PorcelainRed_ShortTwin_Part_11' does not match filename 'Part_11'
UnityEngine.Debug:ExtractStackTraceNoAlloc (byte*,int,string)
UnityEngine.StackTraceUtility:ExtractStackTrace () (at /Users/bokken/build/output/unity/unity/Runtime/Export/Scripting/StackTrace.cs:23)
ChubbyAircraftDelivery:SaveAndValidatePrefab (UnityEngine.GameObject,string,System.Text.StringBuilder) (at Assets/Editor/ChubbyAircraftDelivery.cs:220)
ChubbyAircraftDelivery:Run () (at Assets/Editor/ChubbyAircraftDelivery.cs:103)

[Assets/Editor/ChubbyAircraftDelivery.cs line 103]

Imported 'GUID: c79d156553f8f4ee0afa5cf1f5d701a7' -> (Import Result ID: '900ca974cb6b70264f689cb7da6fc04c') in 0.000 seconds [static dependencies only]. Details - ImportResultOutputID=e8bc6750d3afc8cf24d55c63fca1e113 DependenciesID=74108729b2a15fe196555e99b753694d StaticDependenciesID=66795a86dbdb1e80e0b2d6f246ee1606 
Importing 'GUID: c8d58018e2be44d1aba3341f8e23c22c - Path: Assets/Art/ChubbyAircraft/PorcelainRed_ShortTwin/Meshes/Part_02.asset' with importer (NativeFormatImporter)
Main Object Name 'PorcelainRed_ShortTwin_Part_02' does not match filename 'Part_02'
UnityEngine.Debug:ExtractStackTraceNoAlloc (byte*,int,string)
UnityEngine.StackTraceUtility:ExtractStackTrace () (at /Users/bokken/build/output/unity/unity/Runtime/Export/Scripting/StackTrace.cs:23)
ChubbyAircraftDelivery:SaveAndValidatePrefab (UnityEngine.GameObject,string,System.Text.StringBuilder) (at Assets/Editor/ChubbyAircraftDelivery.cs:220)
ChubbyAircraftDelivery:Run () (at Assets/Editor/ChubbyAircraftDelivery.cs:103)

[Assets/Editor/ChubbyAircraftDelivery.cs line 103]

Imported 'GUID: c8d58018e2be44d1aba3341f8e23c22c' -> (Import Result ID: 'e6beda8a79a1306511538459d2e0ab3d') in 0.001 seconds [static dependencies only]. Details - ImportResultOutputID=320c6ba9debd5cb396790f3b665cbf13 DependenciesID=de5b0b0be1fc1bc244da4c2f2a38c4ca StaticDependenciesID=b11ed25ed108ec582111fa54353ccc16 
Importing 'GUID: aa00c608ff3e84e63a7a4c0b078356c8 - Path: Assets/Art/ChubbyAircraft/PorcelainRed_ShortTwin/Meshes/Part_06.asset' with importer (NativeFormatImporter)
Main Object Name 'PorcelainRed_ShortTwin_Part_06' does not match filename 'Part_06'
UnityEngine.Debug:ExtractStackTraceNoAlloc (byte*,int,string)
UnityEngine.StackTraceUtility:ExtractStackTrace () (at /Users/bokken/build/output/unity/unity/Runtime/Export/Scripting/StackTrace.cs:23)
ChubbyAircraftDelivery:SaveAndValidatePrefab (UnityEngine.GameObject,string,System.Text.StringBuilder) (at Assets/Editor/ChubbyAircraftDelivery.cs:220)
ChubbyAircraftDelivery:Run () (at Assets/Editor/ChubbyAircraftDelivery.cs:103)

[Assets/Editor/ChubbyAircraftDelivery.cs line 103]

Imported 'GUID: aa00c608ff3e84e63a7a4c0b078356c8' -> (Import Result ID: 'dd96998ec461c778e242e6954f27d597') in 0.000 seconds [static dependencies only]. Details - ImportResultOutputID=0aababed4f8e9608935677e5d13e46c1 DependenciesID=1ae21b1d2c4e6bc9cb3f0a7baf34e84e StaticDependenciesID=ebe3a51c188fc0bf7a3ba7149be0f245 
Importing 'GUID: eab17c6bb371e4785bcb1bf84947e116 - Path: Assets/Art/ChubbyAircraft/PorcelainRed_ShortTwin/Meshes/Part_05.asset' with importer (NativeFormatImporter)
Main Object Name 'PorcelainRed_ShortTwin_Part_05' does not match filename 'Part_05'
UnityEngine.Debug:ExtractStackTraceNoAlloc (byte*,int,string)
UnityEngine.StackTraceUtility:ExtractStackTrace () (at /Users/bokken/build/output/unity/unity/Runtime/Export/Scripting/StackTrace.cs:23)
ChubbyAircraftDelivery:SaveAndValidatePrefab (UnityEngine.GameObject,string,System.Text.StringBuilder) (at Assets/Editor/ChubbyAircraftDelivery.cs:220)
ChubbyAircraftDelivery:Run () (at Assets/Editor/ChubbyAircraftDelivery.cs:103)

[Assets/Editor/ChubbyAircraftDelivery.cs line 103]

Imported 'GUID: eab17c6bb371e4785bcb1bf84947e116' -> (Import Result ID: '37f133e5f475ba320c601ab949c77f8a') in 0.000 seconds [static dependencies only]. Details - ImportResultOutputID=42faa5322a1e9b33bb922c27fb9777fc DependenciesID=6d0177672d925b3c50bc954b178933f5 StaticDependenciesID=0271ca1d0baeb6784bfc5a7cb65be0fa 
Importing 'GUID: ec7b77dd66f0f47dba9a26982a601835 - Path: Assets/Art/ChubbyAircraft/PorcelainRed_ShortTwin/Meshes/Part_07.asset' with importer (NativeFormatImporter)
Main Object Name 'PorcelainRed_ShortTwin_Part_07' does not match filename 'Part_07'
UnityEngine.Debug:ExtractStackTraceNoAlloc (byte*,int,string)
UnityEngine.StackTraceUtility:ExtractStackTrace () (at /Users/bokken/build/output/unity/unity/Runtime/Export/Scripting/StackTrace.cs:23)
ChubbyAircraftDelivery:SaveAndValidatePrefab (UnityEngine.GameObject,string,System.Text.StringBuilder) (at Assets/Editor/ChubbyAircraftDelivery.cs:220)
ChubbyAircraftDelivery:Run () (at Assets/Editor/ChubbyAircraftDelivery.cs:103)

[Assets/Editor/ChubbyAircraftDelivery.cs line 103]

Imported 'GUID: ec7b77dd66f0f47dba9a26982a601835' -> (Import Result ID: 'efbdbd17b33d3edcccc1f8d00e7eecc7') in 0.000 seconds [static dependencies only]. Details - ImportResultOutputID=b920f068a90c427c7dbe8eb5d270ecb3 DependenciesID=81f9bda218e2f3ac71c28dbc186bc471 StaticDependenciesID=ef0be7a0e98a6ad381ebcf4e31fc05ac 
Asset Pipeline Refresh (id=5a7418cab1e9041ecbffa04fe581249c): Total: 0.020 seconds - Initiated by StopAssetImportingV2(NoUpdateAssetOptions)
Importing 'GUID: 77062d44340874b008bcd9d5945ce395 - Path: Assets/Art/ChubbyAircraft/PorcelainRed_ShortTwin/PorcelainRed_ShortTwin.prefab' with importer (PrefabImporter)
Imported 'GUID: 77062d44340874b008bcd9d5945ce395' -> (Import Result ID: '623cc45704309bb258674282a827d627') in 0.001 seconds [static dependencies only]. Details - ImportResultOutputID=63a95c02a6b80c436432c20fb25bbf22 DependenciesID=523aedfb9c634f09511deafbb6c8357f StaticDependenciesID=5da4dc41d2e7effc4c2ad8e744848697 
Asset Pipeline Refresh (id=b7f5f223ca9344377b9d1e180f84625c): Total: 0.004 seconds - Initiated by StopAssetImportingV2(NoUpdateAssetOptions)
Loaded scene 'Library/Unused/f6842dbb3144c4297b9c6302acacb1d1'
	Deserialize:            0.202 ms
	Integration:            0.106 ms
	Integration of assets:  0.001 ms
	Thread Wait Time:       1.312 ms
	Total Operation Time:   1.622 ms
Asset Pipeline Refresh (id=7fbd99cd58d4a41dd9b17e248f46fee1): Total: 0.002 seconds - Initiated by StopAssetImportingV2(NoUpdateAssetOptions)
Importing 'GUID: e07ba6b49a8434a46b9354ecfb111e46 - Path: Assets/Art/ChubbyAircraft/PorcelainRed_MediumTwin/Materials/Part_07.mat' with importer (NativeFormatImporter)
Main Object Name 'PorcelainRed_MediumTwin_Part_07' does not match filename 'Part_07'
UnityEngine.Debug:ExtractStackTraceNoAlloc (byte*,int,string)
UnityEngine.StackTraceUtility:ExtractStackTrace () (at /Users/bokken/build/output/unity/unity/Runtime/Export/Scripting/StackTrace.cs:23)
ChubbyAircraftDelivery:SaveAndValidatePrefab (UnityEngine.GameObject,string,System.Text.StringBuilder) (at Assets/Editor/ChubbyAircraftDelivery.cs:220)
ChubbyAircraftDelivery:Run () (at Assets/Editor/ChubbyAircraftDelivery.cs:103)

[Assets/Editor/ChubbyAircraftDelivery.cs line 103]

Imported 'GUID: e07ba6b49a8434a46b9354ecfb111e46' -> (Import Result ID: '96946ff5dd0e342a926e8cd3305bfb15') in 0.001 seconds [static dependencies only]. Details - ImportResultOutputID=9b9680b82d539d2e7998c0a4fbf36e79 DependenciesID=00a150da99aad3a2fd29136a12f6c2fd StaticDependenciesID=9c590c5816d1fa69dd332f3d69da9ed5 
Importing 'GUID: a25e66b4a53bd4169a70fd75a283b92a - Path: Assets/Art/ChubbyAircraft/PorcelainRed_MediumTwin/Materials/Part_04.mat' with importer (NativeFormatImporter)
Main Object Name 'PorcelainRed_MediumTwin_Part_04' does not match filename 'Part_04'
UnityEngine.Debug:ExtractStackTraceNoAlloc (byte*,int,string)
UnityEngine.StackTraceUtility:ExtractStackTrace () (at /Users/bokken/build/output/unity/unity/Runtime/Export/Scripting/StackTrace.cs:23)
ChubbyAircraftDelivery:SaveAndValidatePrefab (UnityEngine.GameObject,string,System.Text.StringBuilder) (at Assets/Editor/ChubbyAircraftDelivery.cs:220)
ChubbyAircraftDelivery:Run () (at Assets/Editor/ChubbyAircraftDelivery.cs:103)

[Assets/Editor/ChubbyAircraftDelivery.cs line 103]

Imported 'GUID: a25e66b4a53bd4169a70fd75a283b92a' -> (Import Result ID: '45c549843ecfe11b20412db3655af06b') in 0.000 seconds [static dependencies only]. Details - ImportResultOutputID=016d52eb009b742265f5cb2a13f1d3a7 DependenciesID=19fbb75e87ea48abe1e69529c22f133c StaticDependenciesID=c1a228dbae91f08aaa5bb7dcf12c580b 
Importing 'GUID: 6334288d318fb42c68f17330fa9be7f1 - Path: Assets/Art/ChubbyAircraft/PorcelainRed_MediumTwin/Materials/Part_03.mat' with importer (NativeFormatImporter)
Main Object Name 'PorcelainRed_MediumTwin_Part_03' does not match filename 'Part_03'
UnityEngine.Debug:ExtractStackTraceNoAlloc (byte*,int,string)
UnityEngine.StackTraceUtility:ExtractStackTrace () (at /Users/bokken/build/output/unity/unity/Runtime/Export/Scripting/StackTrace.cs:23)
ChubbyAircraftDelivery:SaveAndValidatePrefab (UnityEngine.GameObject,string,System.Text.StringBuilder) (at Assets/Editor/ChubbyAircraftDelivery.cs:220)
ChubbyAircraftDelivery:Run () (at Assets/Editor/ChubbyAircraftDelivery.cs:103)

[Assets/Editor/ChubbyAircraftDelivery.cs line 103]

Imported 'GUID: 6334288d318fb42c68f17330fa9be7f1' -> (Import Result ID: '7768d567e57605b790bf5bc02176dbea') in 0.000 seconds [static dependencies only]. Details - ImportResultOutputID=a6c2782c7168f3e787b27db90d697b01 DependenciesID=db04acaf09f113f385358627e8437432 StaticDependenciesID=455d7a63692884c0938e1cb54843f1ad 
Importing 'GUID: 931274afa215d4d7992cc7a1f51e4bc7 - Path: Assets/Art/ChubbyAircraft/PorcelainRed_MediumTwin/Materials/Part_01.mat' with importer (NativeFormatImporter)
Main Object Name 'PorcelainRed_MediumTwin_Part_01' does not match filename 'Part_01'
UnityEngine.Debug:ExtractStackTraceNoAlloc (byte*,int,string)
UnityEngine.StackTraceUtility:ExtractStackTrace () (at /Users/bokken/build/output/unity/unity/Runtime/Export/Scripting/StackTrace.cs:23)
ChubbyAircraftDelivery:SaveAndValidatePrefab (UnityEngine.GameObject,string,System.Text.StringBuilder) (at Assets/Editor/ChubbyAircraftDelivery.cs:220)
ChubbyAircraftDelivery:Run () (at Assets/Editor/ChubbyAircraftDelivery.cs:103)

[Assets/Editor/ChubbyAircraftDelivery.cs line 103]

Imported 'GUID: 931274afa215d4d7992cc7a1f51e4bc7' -> (Import Result ID: 'bb7f974eb6e0eae8b42316de0f6d84e2') in 0.000 seconds [static dependencies only]. Details - ImportResultOutputID=710ffda66edd74a6f829f7b0af301e40 DependenciesID=6c55d0eb8327ef268134c40c43248980 StaticDependenciesID=53aef3c98fd25108aa3278937996cc45 
Importing 'GUID: e34d3df636cf34c68a2784a7043a929f - Path: Assets/Art/ChubbyAircraft/PorcelainRed_MediumTwin/Materials/Part_11.mat' with importer (NativeFormatImporter)
Main Object Name 'PorcelainRed_MediumTwin_Part_11' does not match filename 'Part_11'
UnityEngine.Debug:ExtractStackTraceNoAlloc (byte*,int,string)
UnityEngine.StackTraceUtility:ExtractStackTrace () (at /Users/bokken/build/output/unity/unity/Runtime/Export/Scripting/StackTrace.cs:23)
ChubbyAircraftDelivery:SaveAndValidatePrefab (UnityEngine.GameObject,string,System.Text.StringBuilder) (at Assets/Editor/ChubbyAircraftDelivery.cs:220)
ChubbyAircraftDelivery:Run () (at Assets/Editor/ChubbyAircraftDelivery.cs:103)

[Assets/Editor/ChubbyAircraftDelivery.cs line 103]

Imported 'GUID: e34d3df636cf34c68a2784a7043a929f' -> (Import Result ID: '3c3811b6c49ea75e44772fcb3d40f1fe') in 0.000 seconds [static dependencies only]. Details - ImportResultOutputID=205579302253d0d5275c1da3d078c9b5 DependenciesID=e2bb947e284e9ac108b1a4819f2f49ec StaticDependenciesID=d122edba61eed382515c638b47de54c2 
Importing 'GUID: c7ef822e4caca43d68190dcf8e0149c4 - Path: Assets/Art/ChubbyAircraft/PorcelainRed_MediumTwin/Materials/Part_06.mat' with importer (NativeFormatImporter)
Main Object Name 'PorcelainRed_MediumTwin_Part_06' does not match filename 'Part_06'
UnityEngine.Debug:ExtractStackTraceNoAlloc (byte*,int,string)
UnityEngine.StackTraceUtility:ExtractStackTrace () (at /Users/bokken/build/output/unity/unity/Runtime/Export/Scripting/StackTrace.cs:23)
ChubbyAircraftDelivery:SaveAndValidatePrefab (UnityEngine.GameObject,string,System.Text.StringBuilder) (at Assets/Editor/ChubbyAircraftDelivery.cs:220)
ChubbyAircraftDelivery:Run () (at Assets/Editor/ChubbyAircraftDelivery.cs:103)

[Assets/Editor/ChubbyAircraftDelivery.cs line 103]

Imported 'GUID: c7ef822e4caca43d68190dcf8e0149c4' -> (Import Result ID: 'a2243a983b6c4e6ec2b4bb175641c7c5') in 0.000 seconds [static dependencies only]. Details - ImportResultOutputID=e8800cf39e9b76630ef3db6b12c5b8d8 DependenciesID=d6919ec7309cbdcd853da54fa5810b8f StaticDependenciesID=9ddc6d65c123446b1d405f66d94961a7 
Importing 'GUID: 08ba85697c3364c5c8a76017b4dbe58a - Path: Assets/Art/ChubbyAircraft/PorcelainRed_MediumTwin/Materials/Part_09.mat' with importer (NativeFormatImporter)
Main Object Name 'PorcelainRed_MediumTwin_Part_09' does not match filename 'Part_09'
UnityEngine.Debug:ExtractStackTraceNoAlloc (byte*,int,string)
UnityEngine.StackTraceUtility:ExtractStackTrace () (at /Users/bokken/build/output/unity/unity/Runtime/Export/Scripting/StackTrace.cs:23)
ChubbyAircraftDelivery:SaveAndValidatePrefab (UnityEngine.GameObject,string,System.Text.StringBuilder) (at Assets/Editor/ChubbyAircraftDelivery.cs:220)
ChubbyAircraftDelivery:Run () (at Assets/Editor/ChubbyAircraftDelivery.cs:103)

[Assets/Editor/ChubbyAircraftDelivery.cs line 103]

Imported 'GUID: 08ba85697c3364c5c8a76017b4dbe58a' -> (Import Result ID: '2b94863c44134ed2c59402d41039b06b') in 0.000 seconds [static dependencies only]. Details - ImportResultOutputID=5748e1d93da3720ce270a77995ff8558 DependenciesID=7149d3afbf80a489e9dd0b612fa8506e StaticDependenciesID=e866951b863546402ca2dc9929d30344 
Importing 'GUID: 694de9d80111c42cba000fcd760aa3fe - Path: Assets/Art/ChubbyAircraft/PorcelainRed_MediumTwin/Materials/Part_08.mat' with importer (NativeFormatImporter)
Main Object Name 'PorcelainRed_MediumTwin_Part_08' does not match filename 'Part_08'
UnityEngine.Debug:ExtractStackTraceNoAlloc (byte*,int,string)
UnityEngine.StackTraceUtility:ExtractStackTrace () (at /Users/bokken/build/output/unity/unity/Runtime/Export/Scripting/StackTrace.cs:23)
ChubbyAircraftDelivery:SaveAndValidatePrefab (UnityEngine.GameObject,string,System.Text.StringBuilder) (at Assets/Editor/ChubbyAircraftDelivery.cs:220)
ChubbyAircraftDelivery:Run () (at Assets/Editor/ChubbyAircraftDelivery.cs:103)

[Assets/Editor/ChubbyAircraftDelivery.cs line 103]

Imported 'GUID: 694de9d80111c42cba000fcd760aa3fe' -> (Import Result ID: '6de45f79bc8128ddd293476c6f180984') in 0.000 seconds [static dependencies only]. Details - ImportResultOutputID=a9be2a1876727e7d50e4395e176ac510 DependenciesID=29003394c9d151ca117937cae9f0efd5 StaticDependenciesID=8173332b731c63ccb21a980ed3a54c6e 
Importing 'GUID: 0c779fda09cf64b919deb792a7dff312 - Path: Assets/Art/ChubbyAircraft/PorcelainRed_MediumTwin/Materials/Part_02.mat' with importer (NativeFormatImporter)
Main Object Name 'PorcelainRed_MediumTwin_Part_02' does not match filename 'Part_02'
UnityEngine.Debug:ExtractStackTraceNoAlloc (byte*,int,string)
UnityEngine.StackTraceUtility:ExtractStackTrace () (at /Users/bokken/build/output/unity/unity/Runtime/Export/Scripting/StackTrace.cs:23)
ChubbyAircraftDelivery:SaveAndValidatePrefab (UnityEngine.GameObject,string,System.Text.StringBuilder) (at Assets/Editor/ChubbyAircraftDelivery.cs:220)
ChubbyAircraftDelivery:Run () (at Assets/Editor/ChubbyAircraftDelivery.cs:103)

[Assets/Editor/ChubbyAircraftDelivery.cs line 103]

Imported 'GUID: 0c779fda09cf64b919deb792a7dff312' -> (Import Result ID: 'a26aa85efa91bf70103f7a640a794f07') in 0.000 seconds [static dependencies only]. Details - ImportResultOutputID=a3f49016484e05d80cf7fb426140e0e0 DependenciesID=0e7820ab91b205502a0458fe11471112 StaticDependenciesID=44940c85aa66eb60585a826102a3bfda 
Importing 'GUID: 1c91016f334fb4f28ba7a8646f6dc7da - Path: Assets/Art/ChubbyAircraft/PorcelainRed_MediumTwin/Materials/Part_10.mat' with importer (NativeFormatImporter)
Main Object Name 'PorcelainRed_MediumTwin_Part_10' does not match filename 'Part_10'
UnityEngine.Debug:ExtractStackTraceNoAlloc (byte*,int,string)
UnityEngine.StackTraceUtility:ExtractStackTrace () (at /Users/bokken/build/output/unity/unity/Runtime/Export/Scripting/StackTrace.cs:23)
ChubbyAircraftDelivery:SaveAndValidatePrefab (UnityEngine.GameObject,string,System.Text.StringBuilder) (at Assets/Editor/ChubbyAircraftDelivery.cs:220)
ChubbyAircraftDelivery:Run () (at Assets/Editor/ChubbyAircraftDelivery.cs:103)

[Assets/Editor/ChubbyAircraftDelivery.cs line 103]

Imported 'GUID: 1c91016f334fb4f28ba7a8646f6dc7da' -> (Import Result ID: '1709753e8bb434ba2e2695f5c7055c5a') in 0.000 seconds [static dependencies only]. Details - ImportResultOutputID=a81d52d08d6f7061c69d9aab30126662 DependenciesID=9ef51717321f5bc796d945d6b2d99db8 StaticDependenciesID=b8fa09f9970467a461abfc62ac0663e3 
Importing 'GUID: ede2503f1750a4ee892e367cf7a23c3a - Path: Assets/Art/ChubbyAircraft/PorcelainRed_MediumTwin/Materials/Part_12.mat' with importer (NativeFormatImporter)
Main Object Name 'PorcelainRed_MediumTwin_Part_12' does not match filename 'Part_12'
UnityEngine.Debug:ExtractStackTraceNoAlloc (byte*,int,string)
UnityEngine.StackTraceUtility:ExtractStackTrace () (at /Users/bokken/build/output/unity/unity/Runtime/Export/Scripting/StackTrace.cs:23)
ChubbyAircraftDelivery:SaveAndValidatePrefab (UnityEngine.GameObject,string,System.Text.StringBuilder) (at Assets/Editor/ChubbyAircraftDelivery.cs:220)
ChubbyAircraftDelivery:Run () (at Assets/Editor/ChubbyAircraftDelivery.cs:103)

[Assets/Editor/ChubbyAircraftDelivery.cs line 103]

Imported 'GUID: ede2503f1750a4ee892e367cf7a23c3a' -> (Import Result ID: '90391c31004b068a3549344c4f9fabb9') in 0.000 seconds [static dependencies only]. Details - ImportResultOutputID=df6466d89d097b75cbcce87e31b26e8b DependenciesID=1398eb2cdabf37c82f72c392c15cd5b5 StaticDependenciesID=917ad7534e9466e70b0e937722399b7c 
Importing 'GUID: 2e97ebcfb6d5044ca87c556bfd5784bc - Path: Assets/Art/ChubbyAircraft/PorcelainRed_MediumTwin/Materials/Part_00.mat' with importer (NativeFormatImporter)
Main Object Name 'PorcelainRed_MediumTwin_Part_00' does not match filename 'Part_00'
UnityEngine.Debug:ExtractStackTraceNoAlloc (byte*,int,string)
UnityEngine.StackTraceUtility:ExtractStackTrace () (at /Users/bokken/build/output/unity/unity/Runtime/Export/Scripting/StackTrace.cs:23)
ChubbyAircraftDelivery:SaveAndValidatePrefab (UnityEngine.GameObject,string,System.Text.StringBuilder) (at Assets/Editor/ChubbyAircraftDelivery.cs:220)
ChubbyAircraftDelivery:Run () (at Assets/Editor/ChubbyAircraftDelivery.cs:103)

[Assets/Editor/ChubbyAircraftDelivery.cs line 103]

Imported 'GUID: 2e97ebcfb6d5044ca87c556bfd5784bc' -> (Import Result ID: '7e0ab26fb732a8969f697b1981898769') in 0.000 seconds [static dependencies only]. Details - ImportResultOutputID=31d5653b081ce534804dca4d95e42745 DependenciesID=61625b1c82da4fffac202363523e6f97 StaticDependenciesID=402b631005211052ee96eb9fe456d3b0 
Importing 'GUID: ef343b01457874feba2a1a1c3239636f - Path: Assets/Art/ChubbyAircraft/PorcelainRed_MediumTwin/Materials/Part_05.mat' with importer (NativeFormatImporter)
Main Object Name 'PorcelainRed_MediumTwin_Part_05' does not match filename 'Part_05'
UnityEngine.Debug:ExtractStackTraceNoAlloc (byte*,int,string)
UnityEngine.StackTraceUtility:ExtractStackTrace () (at /Users/bokken/build/output/unity/unity/Runtime/Export/Scripting/StackTrace.cs:23)
ChubbyAircraftDelivery:SaveAndValidatePrefab (UnityEngine.GameObject,string,System.Text.StringBuilder) (at Assets/Editor/ChubbyAircraftDelivery.cs:220)
ChubbyAircraftDelivery:Run () (at Assets/Editor/ChubbyAircraftDelivery.cs:103)

[Assets/Editor/ChubbyAircraftDelivery.cs line 103]

Imported 'GUID: ef343b01457874feba2a1a1c3239636f' -> (Import Result ID: '6371527beb58e05f75a335a8b6134155') in 0.000 seconds [static dependencies only]. Details - ImportResultOutputID=0497d9c16f5266f94f261ca0cb431399 DependenciesID=05111abeedcf01a7568cd87e7a46ca39 StaticDependenciesID=c31771355afaaccd89a29cfb947f7f18 
Importing 'GUID: 707bfba88af4c46bcb3fbbebfdd4f53d - Path: Assets/Art/ChubbyAircraft/PorcelainRed_MediumTwin/Meshes/Part_08.asset' with importer (NativeFormatImporter)
Main Object Name 'PorcelainRed_MediumTwin_Part_08' does not match filename 'Part_08'
UnityEngine.Debug:ExtractStackTraceNoAlloc (byte*,int,string)
UnityEngine.StackTraceUtility:ExtractStackTrace () (at /Users/bokken/build/output/unity/unity/Runtime/Export/Scripting/StackTrace.cs:23)
ChubbyAircraftDelivery:SaveAndValidatePrefab (UnityEngine.GameObject,string,System.Text.StringBuilder) (at Assets/Editor/ChubbyAircraftDelivery.cs:220)
ChubbyAircraftDelivery:Run () (at Assets/Editor/ChubbyAircraftDelivery.cs:103)

[Assets/Editor/ChubbyAircraftDelivery.cs line 103]

Imported 'GUID: 707bfba88af4c46bcb3fbbebfdd4f53d' -> (Import Result ID: 'e3f4191dcefa70f87768102c5b41966e') in 0.000 seconds [static dependencies only]. Details - ImportResultOutputID=43567ad1b0de897d5ecba6b2fe2578ed DependenciesID=fe0088a43785da90f3a9a5b9d33047db StaticDependenciesID=e0aa014d97466552601b956dc4dfbc0c 
Importing 'GUID: 323ad810891b14bd5868f1ff07c0068f - Path: Assets/Art/ChubbyAircraft/PorcelainRed_MediumTwin/Meshes/Part_03.asset' with importer (NativeFormatImporter)
Main Object Name 'PorcelainRed_MediumTwin_Part_03' does not match filename 'Part_03'
UnityEngine.Debug:ExtractStackTraceNoAlloc (byte*,int,string)
UnityEngine.StackTraceUtility:ExtractStackTrace () (at /Users/bokken/build/output/unity/unity/Runtime/Export/Scripting/StackTrace.cs:23)
ChubbyAircraftDelivery:SaveAndValidatePrefab (UnityEngine.GameObject,string,System.Text.StringBuilder) (at Assets/Editor/ChubbyAircraftDelivery.cs:220)
ChubbyAircraftDelivery:Run () (at Assets/Editor/ChubbyAircraftDelivery.cs:103)

[Assets/Editor/ChubbyAircraftDelivery.cs line 103]

Imported 'GUID: 323ad810891b14bd5868f1ff07c0068f' -> (Import Result ID: 'ce46d10e6593bf0e9b5624d3726da90c') in 0.001 seconds [static dependencies only]. Details - ImportResultOutputID=fe2926d1240604de8a4f99b317586eff DependenciesID=ec67427344ddbee5971a03c65151fd9e StaticDependenciesID=7d35a2d8c71d773d59c514a900e2f06b 
Importing 'GUID: b3592ab727c944f77b5e4cab5e1ef6b2 - Path: Assets/Art/ChubbyAircraft/PorcelainRed_MediumTwin/Meshes/Part_05.asset' with importer (NativeFormatImporter)
Main Object Name 'PorcelainRed_MediumTwin_Part_05' does not match filename 'Part_05'
UnityEngine.Debug:ExtractStackTraceNoAlloc (byte*,int,string)
UnityEngine.StackTraceUtility:ExtractStackTrace () (at /Users/bokken/build/output/unity/unity/Runtime/Export/Scripting/StackTrace.cs:23)
ChubbyAircraftDelivery:SaveAndValidatePrefab (UnityEngine.GameObject,string,System.Text.StringBuilder) (at Assets/Editor/ChubbyAircraftDelivery.cs:220)
ChubbyAircraftDelivery:Run () (at Assets/Editor/ChubbyAircraftDelivery.cs:103)

[Assets/Editor/ChubbyAircraftDelivery.cs line 103]

Imported 'GUID: b3592ab727c944f77b5e4cab5e1ef6b2' -> (Import Result ID: 'd0dbb03da83f3e1cc62cf737f60e0904') in 0.000 seconds [static dependencies only]. Details - ImportResultOutputID=e6d73cd1fd310d7cd76976c6ce650857 DependenciesID=71c8af48d70bd4bf9648578d674ca693 StaticDependenciesID=4371964d90274acb9adb8cff49875ff2 
Importing 'GUID: 666f37184ed634890b3bcf6ab6231212 - Path: Assets/Art/ChubbyAircraft/PorcelainRed_MediumTwin/Meshes/Part_00.asset' with importer (NativeFormatImporter)
Main Object Name 'PorcelainRed_MediumTwin_Part_00' does not match filename 'Part_00'
UnityEngine.Debug:ExtractStackTraceNoAlloc (byte*,int,string)
UnityEngine.StackTraceUtility:ExtractStackTrace () (at /Users/bokken/build/output/unity/unity/Runtime/Export/Scripting/StackTrace.cs:23)
ChubbyAircraftDelivery:SaveAndValidatePrefab (UnityEngine.GameObject,string,System.Text.StringBuilder) (at Assets/Editor/ChubbyAircraftDelivery.cs:220)
ChubbyAircraftDelivery:Run () (at Assets/Editor/ChubbyAircraftDelivery.cs:103)

[Assets/Editor/ChubbyAircraftDelivery.cs line 103]

Imported 'GUID: 666f37184ed634890b3bcf6ab6231212' -> (Import Result ID: '73dc5ebf0535812a4082572999f903fb') in 0.001 seconds [static dependencies only]. Details - ImportResultOutputID=42e57d99ad71a363e72c842dbb4be242 DependenciesID=cbc2ffb1a18315a87be2adf3077fa06d StaticDependenciesID=ee086753cc1336627eed46d374e81d3b 
Importing 'GUID: d672e810212504143992b62877ae7834 - Path: Assets/Art/ChubbyAircraft/PorcelainRed_MediumTwin/Meshes/Part_06.asset' with importer (NativeFormatImporter)
Main Object Name 'PorcelainRed_MediumTwin_Part_06' does not match filename 'Part_06'
UnityEngine.Debug:ExtractStackTraceNoAlloc (byte*,int,string)
UnityEngine.StackTraceUtility:ExtractStackTrace () (at /Users/bokken/build/output/unity/unity/Runtime/Export/Scripting/StackTrace.cs:23)
ChubbyAircraftDelivery:SaveAndValidatePrefab (UnityEngine.GameObject,string,System.Text.StringBuilder) (at Assets/Editor/ChubbyAircraftDelivery.cs:220)
ChubbyAircraftDelivery:Run () (at Assets/Editor/ChubbyAircraftDelivery.cs:103)

[Assets/Editor/ChubbyAircraftDelivery.cs line 103]

Imported 'GUID: d672e810212504143992b62877ae7834' -> (Import Result ID: 'c60ce66697788dc5fcbe0e7b58b9eb83') in 0.000 seconds [static dependencies only]. Details - ImportResultOutputID=8fd14ba0319dcf1fa0983f3917793af1 DependenciesID=ce94f7a7fab4cbc131fa87b1599d97ac StaticDependenciesID=21ba9b6a62ada192889ceed953fe8e02 
Importing 'GUID: 873d2c9e4b80e4d5eae294aeafffea81 - Path: Assets/Art/ChubbyAircraft/PorcelainRed_MediumTwin/Meshes/Part_01.asset' with importer (NativeFormatImporter)
Main Object Name 'PorcelainRed_MediumTwin_Part_01' does not match filename 'Part_01'
UnityEngine.Debug:ExtractStackTraceNoAlloc (byte*,int,string)
UnityEngine.StackTraceUtility:ExtractStackTrace () (at /Users/bokken/build/output/unity/unity/Runtime/Export/Scripting/StackTrace.cs:23)
ChubbyAircraftDelivery:SaveAndValidatePrefab (UnityEngine.GameObject,string,System.Text.StringBuilder) (at Assets/Editor/ChubbyAircraftDelivery.cs:220)
ChubbyAircraftDelivery:Run () (at Assets/Editor/ChubbyAircraftDelivery.cs:103)

[Assets/Editor/ChubbyAircraftDelivery.cs line 103]

Imported 'GUID: 873d2c9e4b80e4d5eae294aeafffea81' -> (Import Result ID: 'e90f5572f34928c562aca9a9cdf8e138') in 0.001 seconds [static dependencies only]. Details - ImportResultOutputID=a7422254c4e9f0b9a0c603516e3ee0bf DependenciesID=ece4ef8087883ecdd2a02a303912b3cd StaticDependenciesID=ad539d18337306e244114cce36e0c88c 
Importing 'GUID: 08d86fb2aae0a45468122dd89b1daf16 - Path: Assets/Art/ChubbyAircraft/PorcelainRed_MediumTwin/Meshes/Part_12.asset' with importer (NativeFormatImporter)
Main Object Name 'PorcelainRed_MediumTwin_Part_12' does not match filename 'Part_12'
UnityEngine.Debug:ExtractStackTraceNoAlloc (byte*,int,string)
UnityEngine.StackTraceUtility:ExtractStackTrace () (at /Users/bokken/build/output/unity/unity/Runtime/Export/Scripting/StackTrace.cs:23)
ChubbyAircraftDelivery:SaveAndValidatePrefab (UnityEngine.GameObject,string,System.Text.StringBuilder) (at Assets/Editor/ChubbyAircraftDelivery.cs:220)
ChubbyAircraftDelivery:Run () (at Assets/Editor/ChubbyAircraftDelivery.cs:103)

[Assets/Editor/ChubbyAircraftDelivery.cs line 103]

Imported 'GUID: 08d86fb2aae0a45468122dd89b1daf16' -> (Import Result ID: 'a9f094d0b54084f25c35c99bdc9af422') in 0.001 seconds [static dependencies only]. Details - ImportResultOutputID=6c9143d0f86b88330111c9eb746688c2 DependenciesID=eb56436c5c2de293d29280639bc71e6a StaticDependenciesID=199b691dd4f2ff4040c24d83443bf09e 
Importing 'GUID: abbd248d1190e455c97ecfe2da77d9bd - Path: Assets/Art/ChubbyAircraft/PorcelainRed_MediumTwin/Meshes/Part_11.asset' with importer (NativeFormatImporter)
Main Object Name 'PorcelainRed_MediumTwin_Part_11' does not match filename 'Part_11'
UnityEngine.Debug:ExtractStackTraceNoAlloc (byte*,int,string)
UnityEngine.StackTraceUtility:ExtractStackTrace () (at /Users/bokken/build/output/unity/unity/Runtime/Export/Scripting/StackTrace.cs:23)
ChubbyAircraftDelivery:SaveAndValidatePrefab (UnityEngine.GameObject,string,System.Text.StringBuilder) (at Assets/Editor/ChubbyAircraftDelivery.cs:220)
ChubbyAircraftDelivery:Run () (at Assets/Editor/ChubbyAircraftDelivery.cs:103)

[Assets/Editor/ChubbyAircraftDelivery.cs line 103]

Imported 'GUID: abbd248d1190e455c97ecfe2da77d9bd' -> (Import Result ID: 'ca8f024a3bd57dd3371b52d0fea64bc8') in 0.000 seconds [static dependencies only]. Details - ImportResultOutputID=5749124c0a1e604cbe3b1d74aba0f538 DependenciesID=44dc8c6d0086ddaea3caefffec6f3121 StaticDependenciesID=ebbba25105362b6eec8e59e00da54cb3 
Importing 'GUID: 1c94b3e5bc9f04ca8bce453d85e00d66 - Path: Assets/Art/ChubbyAircraft/PorcelainRed_MediumTwin/Meshes/Part_02.asset' with importer (NativeFormatImporter)
Main Object Name 'PorcelainRed_MediumTwin_Part_02' does not match filename 'Part_02'
UnityEngine.Debug:ExtractStackTraceNoAlloc (byte*,int,string)
UnityEngine.StackTraceUtility:ExtractStackTrace () (at /Users/bokken/build/output/unity/unity/Runtime/Export/Scripting/StackTrace.cs:23)
ChubbyAircraftDelivery:SaveAndValidatePrefab (UnityEngine.GameObject,string,System.Text.StringBuilder) (at Assets/Editor/ChubbyAircraftDelivery.cs:220)
ChubbyAircraftDelivery:Run () (at Assets/Editor/ChubbyAircraftDelivery.cs:103)

[Assets/Editor/ChubbyAircraftDelivery.cs line 103]

Imported 'GUID: 1c94b3e5bc9f04ca8bce453d85e00d66' -> (Import Result ID: 'f638ac064a08d3ae4659b1b96c24085f') in 0.001 seconds [static dependencies only]. Details - ImportResultOutputID=e0e3295769876859fe778ec868fd2332 DependenciesID=c35b59d43fc485b8709b00ea0b4b2273 StaticDependenciesID=2bca1cb1ec414cc282ee0c1b719419ef 
Importing 'GUID: 5c99f10d0a9f14d7099ad4f12485fb90 - Path: Assets/Art/ChubbyAircraft/PorcelainRed_MediumTwin/Meshes/Part_10.asset' with importer (NativeFormatImporter)
Main Object Name 'PorcelainRed_MediumTwin_Part_10' does not match filename 'Part_10'
UnityEngine.Debug:ExtractStackTraceNoAlloc (byte*,int,string)
UnityEngine.StackTraceUtility:ExtractStackTrace () (at /Users/bokken/build/output/unity/unity/Runtime/Export/Scripting/StackTrace.cs:23)
ChubbyAircraftDelivery:SaveAndValidatePrefab (UnityEngine.GameObject,string,System.Text.StringBuilder) (at Assets/Editor/ChubbyAircraftDelivery.cs:220)
ChubbyAircraftDelivery:Run () (at Assets/Editor/ChubbyAircraftDelivery.cs:103)

[Assets/Editor/ChubbyAircraftDelivery.cs line 103]

Imported 'GUID: 5c99f10d0a9f14d7099ad4f12485fb90' -> (Import Result ID: 'ac752b86fbc5316d746bede72ac720dd') in 0.000 seconds [static dependencies only]. Details - ImportResultOutputID=47e0091e33a944fe22497ed6d7bc663d DependenciesID=4a83aba042c363887d4898357a407394 StaticDependenciesID=fe21dfe55ba00bb11ff127a0ef734b4c 
Importing 'GUID: fcd694cc9e442453da396900b3cd0d5a - Path: Assets/Art/ChubbyAircraft/PorcelainRed_MediumTwin/Meshes/Part_09.asset' with importer (NativeFormatImporter)
Main Object Name 'PorcelainRed_MediumTwin_Part_09' does not match filename 'Part_09'
UnityEngine.Debug:ExtractStackTraceNoAlloc (byte*,int,string)
UnityEngine.StackTraceUtility:ExtractStackTrace () (at /Users/bokken/build/output/unity/unity/Runtime/Export/Scripting/StackTrace.cs:23)
ChubbyAircraftDelivery:SaveAndValidatePrefab (UnityEngine.GameObject,string,System.Text.StringBuilder) (at Assets/Editor/ChubbyAircraftDelivery.cs:220)
ChubbyAircraftDelivery:Run () (at Assets/Editor/ChubbyAircraftDelivery.cs:103)

[Assets/Editor/ChubbyAircraftDelivery.cs line 103]

Imported 'GUID: fcd694cc9e442453da396900b3cd0d5a' -> (Import Result ID: 'a1e78c7335f34befeccd25c5c52ab6eb') in 0.000 seconds [static dependencies only]. Details - ImportResultOutputID=747e9312b98784d443a3b6b8b10a1066 DependenciesID=3386e552eb00e5ca5b0ca3b4292b8386 StaticDependenciesID=c61e0d92faeeaeedfafe4f48f8feed61 
Importing 'GUID: 4d729acc8ea7d405c9620b38369ee9d4 - Path: Assets/Art/ChubbyAircraft/PorcelainRed_MediumTwin/Meshes/Part_07.asset' with importer (NativeFormatImporter)
Main Object Name 'PorcelainRed_MediumTwin_Part_07' does not match filename 'Part_07'
UnityEngine.Debug:ExtractStackTraceNoAlloc (byte*,int,string)
UnityEngine.StackTraceUtility:ExtractStackTrace () (at /Users/bokken/build/output/unity/unity/Runtime/Export/Scripting/StackTrace.cs:23)
ChubbyAircraftDelivery:SaveAndValidatePrefab (UnityEngine.GameObject,string,System.Text.StringBuilder) (at Assets/Editor/ChubbyAircraftDelivery.cs:220)
ChubbyAircraftDelivery:Run () (at Assets/Editor/ChubbyAircraftDelivery.cs:103)

[Assets/Editor/ChubbyAircraftDelivery.cs line 103]

Imported 'GUID: 4d729acc8ea7d405c9620b38369ee9d4' -> (Import Result ID: '8d3c31632ceefae42ea236ecf69bc021') in 0.000 seconds [static dependencies only]. Details - ImportResultOutputID=682ac9560bb228a6e6e2912c8d90f906 DependenciesID=c376665e7e1cd4cdf3079a17adea3614 StaticDependenciesID=d4109805b5e4e0c757723abf5ff66c50 
Importing 'GUID: 5f5a2fcdf2a4146beb222208df515097 - Path: Assets/Art/ChubbyAircraft/PorcelainRed_MediumTwin/Meshes/Part_04.asset' with importer (NativeFormatImporter)
Main Object Name 'PorcelainRed_MediumTwin_Part_04' does not match filename 'Part_04'
UnityEngine.Debug:ExtractStackTraceNoAlloc (byte*,int,string)
UnityEngine.StackTraceUtility:ExtractStackTrace () (at /Users/bokken/build/output/unity/unity/Runtime/Export/Scripting/StackTrace.cs:23)
ChubbyAircraftDelivery:SaveAndValidatePrefab (UnityEngine.GameObject,string,System.Text.StringBuilder) (at Assets/Editor/ChubbyAircraftDelivery.cs:220)
ChubbyAircraftDelivery:Run () (at Assets/Editor/ChubbyAircraftDelivery.cs:103)

[Assets/Editor/ChubbyAircraftDelivery.cs line 103]

Imported 'GUID: 5f5a2fcdf2a4146beb222208df515097' -> (Import Result ID: '41b6a62eb4677a8bb707d7ceb0db6da3') in 0.001 seconds [static dependencies only]. Details - ImportResultOutputID=f5e0c1b5635bde195fef68a32e86f69b DependenciesID=a0936c0972c28a711204fb7560a897ee StaticDependenciesID=10a0140054e2e4066a3ada21827d0274 
Asset Pipeline Refresh (id=13c58522a3a0543658db0243244cbe23): Total: 0.021 seconds - Initiated by StopAssetImportingV2(NoUpdateAssetOptions)
Importing 'GUID: e6e999b2c48274a5683c40097f235e3e - Path: Assets/Art/ChubbyAircraft/PorcelainRed_MediumTwin/PorcelainRed_MediumTwin.prefab' with importer (PrefabImporter)
Imported 'GUID: e6e999b2c48274a5683c40097f235e3e' -> (Import Result ID: 'fecc29b97a5bdeaa1e64806eadd44f2a') in 0.001 seconds [static dependencies only]. Details - ImportResultOutputID=6241a24a4eb55b3879f992241cafd5a0 DependenciesID=21c4bcb6afe50e7a10d394360593741e StaticDependenciesID=c65ad50b314c0125e1fb5e0c0134f79b 
Asset Pipeline Refresh (id=caa4ed53ae1474f49a7df25977e05254): Total: 0.005 seconds - Initiated by StopAssetImportingV2(NoUpdateAssetOptions)
Loaded scene 'Library/Unused/f67e9bb61245d46f39d80173c51048ee'
	Deserialize:            0.176 ms
	Integration:            0.074 ms
	Integration of assets:  0.001 ms
	Thread Wait Time:       0.003 ms
	Total Operation Time:   0.255 ms
Asset Pipeline Refresh (id=f0d63af51f8db442fa856554e5d9eb35): Total: 0.003 seconds - Initiated by StopAssetImportingV2(NoUpdateAssetOptions)
Importing 'GUID: d22c9709b3e21488c9651d0ec524dbc1 - Path: Assets/Art/ChubbyAircraft/PorcelainRed_LongQuad/Materials/Part_03.mat' with importer (NativeFormatImporter)
Main Object Name 'PorcelainRed_LongQuad_Part_03' does not match filename 'Part_03'
UnityEngine.Debug:ExtractStackTraceNoAlloc (byte*,int,string)
UnityEngine.StackTraceUtility:ExtractStackTrace () (at /Users/bokken/build/output/unity/unity/Runtime/Export/Scripting/StackTrace.cs:23)
ChubbyAircraftDelivery:SaveAndValidatePrefab (UnityEngine.GameObject,string,System.Text.StringBuilder) (at Assets/Editor/ChubbyAircraftDelivery.cs:220)
ChubbyAircraftDelivery:Run () (at Assets/Editor/ChubbyAircraftDelivery.cs:103)

[Assets/Editor/ChubbyAircraftDelivery.cs line 103]

Imported 'GUID: d22c9709b3e21488c9651d0ec524dbc1' -> (Import Result ID: '488ed9b171c213ff23439f4c01700d16') in 0.001 seconds [static dependencies only]. Details - ImportResultOutputID=605243f6cb9dcea4f5c08132a7cd046d DependenciesID=e4c5c12c723a6340105c14ec250ebd0e StaticDependenciesID=6afc3262977ac8949e90d8c923d6b52c 
Importing 'GUID: 136baf21a32e34dc9ba6d0fef5c03ae6 - Path: Assets/Art/ChubbyAircraft/PorcelainRed_LongQuad/Materials/Part_05.mat' with importer (NativeFormatImporter)
Main Object Name 'PorcelainRed_LongQuad_Part_05' does not match filename 'Part_05'
UnityEngine.Debug:ExtractStackTraceNoAlloc (byte*,int,string)
UnityEngine.StackTraceUtility:ExtractStackTrace () (at /Users/bokken/build/output/unity/unity/Runtime/Export/Scripting/StackTrace.cs:23)
ChubbyAircraftDelivery:SaveAndValidatePrefab (UnityEngine.GameObject,string,System.Text.StringBuilder) (at Assets/Editor/ChubbyAircraftDelivery.cs:220)
ChubbyAircraftDelivery:Run () (at Assets/Editor/ChubbyAircraftDelivery.cs:103)

[Assets/Editor/ChubbyAircraftDelivery.cs line 103]

Imported 'GUID: 136baf21a32e34dc9ba6d0fef5c03ae6' -> (Import Result ID: 'a153376334ddde93b7eb3e0261ac232d') in 0.000 seconds [static dependencies only]. Details - ImportResultOutputID=f1cfcf0f60f39e27d7e54b3b7fe3e41a DependenciesID=39217d9615caa7294c3d0682540d40f4 StaticDependenciesID=e95cdce8d558a1c73d05f19f8d180955 
Importing 'GUID: f30d1d272600944a4bd50e49b219f77f - Path: Assets/Art/ChubbyAircraft/PorcelainRed_LongQuad/Materials/Part_12.mat' with importer (NativeFormatImporter)
Main Object Name 'PorcelainRed_LongQuad_Part_12' does not match filename 'Part_12'
UnityEngine.Debug:ExtractStackTraceNoAlloc (byte*,int,string)
UnityEngine.StackTraceUtility:ExtractStackTrace () (at /Users/bokken/build/output/unity/unity/Runtime/Export/Scripting/StackTrace.cs:23)
ChubbyAircraftDelivery:SaveAndValidatePrefab (UnityEngine.GameObject,string,System.Text.StringBuilder) (at Assets/Editor/ChubbyAircraftDelivery.cs:220)
ChubbyAircraftDelivery:Run () (at Assets/Editor/ChubbyAircraftDelivery.cs:103)

[Assets/Editor/ChubbyAircraftDelivery.cs line 103]

Imported 'GUID: f30d1d272600944a4bd50e49b219f77f' -> (Import Result ID: '7e4c3083356df46c13c38d257f336ef5') in 0.000 seconds [static dependencies only]. Details - ImportResultOutputID=39fa661f237a28395f56f9884c3bb606 DependenciesID=b32d3f3e0966e31e38bcc6dc08261fd1 StaticDependenciesID=5e3fa3fd70a1dbdaef204db39cf7bfbb 
Importing 'GUID: 3495246d9be2545a097502b64f54aef6 - Path: Assets/Art/ChubbyAircraft/PorcelainRed_LongQuad/Materials/Part_10.mat' with importer (NativeFormatImporter)
Main Object Name 'PorcelainRed_LongQuad_Part_10' does not match filename 'Part_10'
UnityEngine.Debug:ExtractStackTraceNoAlloc (byte*,int,string)
UnityEngine.StackTraceUtility:ExtractStackTrace () (at /Users/bokken/build/output/unity/unity/Runtime/Export/Scripting/StackTrace.cs:23)
ChubbyAircraftDelivery:SaveAndValidatePrefab (UnityEngine.GameObject,string,System.Text.StringBuilder) (at Assets/Editor/ChubbyAircraftDelivery.cs:220)
ChubbyAircraftDelivery:Run () (at Assets/Editor/ChubbyAircraftDelivery.cs:103)

[Assets/Editor/ChubbyAircraftDelivery.cs line 103]

Imported 'GUID: 3495246d9be2545a097502b64f54aef6' -> (Import Result ID: '8a998db7c48b8f822c3859997aeedfd1') in 0.000 seconds [static dependencies only]. Details - ImportResultOutputID=a85fad9cb30346030f6176e33720d5cc DependenciesID=a3a7352e26b67c47b79c9077f7754565 StaticDependenciesID=877704125006dad7aef62b87781b2637 
Importing 'GUID: 35be2c3c2b6fd4b44b6bb61f50a37845 - Path: Assets/Art/ChubbyAircraft/PorcelainRed_LongQuad/Materials/Part_07.mat' with importer (NativeFormatImporter)
Main Object Name 'PorcelainRed_LongQuad_Part_07' does not match filename 'Part_07'
UnityEngine.Debug:ExtractStackTraceNoAlloc (byte*,int,string)
UnityEngine.StackTraceUtility:ExtractStackTrace () (at /Users/bokken/build/output/unity/unity/Runtime/Export/Scripting/StackTrace.cs:23)
ChubbyAircraftDelivery:SaveAndValidatePrefab (UnityEngine.GameObject,string,System.Text.StringBuilder) (at Assets/Editor/ChubbyAircraftDelivery.cs:220)
ChubbyAircraftDelivery:Run () (at Assets/Editor/ChubbyAircraftDelivery.cs:103)

[Assets/Editor/ChubbyAircraftDelivery.cs line 103]

Imported 'GUID: 35be2c3c2b6fd4b44b6bb61f50a37845' -> (Import Result ID: 'a602cdf13350da5f61a4ca87a09f9e8e') in 0.000 seconds [static dependencies only]. Details - ImportResultOutputID=d5e5e369ef7b98974b4ef291996fadca DependenciesID=7cfbc6abbf707e4c1632567d95a83bde StaticDependenciesID=a2ec9e776b1839ed490a085aa2f398e3 
Importing 'GUID: 75db94632ee4744da8b6ed42e1c4d611 - Path: Assets/Art/ChubbyAircraft/PorcelainRed_LongQuad/Materials/Part_06.mat' with importer (NativeFormatImporter)
Main Object Name 'PorcelainRed_LongQuad_Part_06' does not match filename 'Part_06'
UnityEngine.Debug:ExtractStackTraceNoAlloc (byte*,int,string)
UnityEngine.StackTraceUtility:ExtractStackTrace () (at /Users/bokken/build/output/unity/unity/Runtime/Export/Scripting/StackTrace.cs:23)
ChubbyAircraftDelivery:SaveAndValidatePrefab (UnityEngine.GameObject,string,System.Text.StringBuilder) (at Assets/Editor/ChubbyAircraftDelivery.cs:220)
ChubbyAircraftDelivery:Run () (at Assets/Editor/ChubbyAircraftDelivery.cs:103)

[Assets/Editor/ChubbyAircraftDelivery.cs line 103]

Imported 'GUID: 75db94632ee4744da8b6ed42e1c4d611' -> (Import Result ID: 'baa51a33e8c5a10b3bd739209685505f') in 0.000 seconds [static dependencies only]. Details - ImportResultOutputID=8407dd516a02f1ce81b59b5f7ab1135d DependenciesID=a4c9d63b6bd00f8fb0e411766078050c StaticDependenciesID=e5694c844cd94584ac2c3a9f8d2016a8 
Importing 'GUID: 97170100a531843f88bb2c65e66787c0 - Path: Assets/Art/ChubbyAircraft/PorcelainRed_LongQuad/Materials/Part_04.mat' with importer (NativeFormatImporter)
Main Object Name 'PorcelainRed_LongQuad_Part_04' does not match filename 'Part_04'
UnityEngine.Debug:ExtractStackTraceNoAlloc (byte*,int,string)
UnityEngine.StackTraceUtility:ExtractStackTrace () (at /Users/bokken/build/output/unity/unity/Runtime/Export/Scripting/StackTrace.cs:23)
ChubbyAircraftDelivery:SaveAndValidatePrefab (UnityEngine.GameObject,string,System.Text.StringBuilder) (at Assets/Editor/ChubbyAircraftDelivery.cs:220)
ChubbyAircraftDelivery:Run () (at Assets/Editor/ChubbyAircraftDelivery.cs:103)

[Assets/Editor/ChubbyAircraftDelivery.cs line 103]

Imported 'GUID: 97170100a531843f88bb2c65e66787c0' -> (Import Result ID: '1d7db87aca26c93606c5aa5d2c611373') in 0.000 seconds [static dependencies only]. Details - ImportResultOutputID=53e7524267c1569a1ebeb2d846cb3f9a DependenciesID=28048753bf5f0f421340f9172d8564ea StaticDependenciesID=4af53e51f6745a846f1737b0f4b01d70 
Importing 'GUID: 090894dc657304d6d978d267b6225d8e - Path: Assets/Art/ChubbyAircraft/PorcelainRed_LongQuad/Materials/Part_11.mat' with importer (NativeFormatImporter)
Main Object Name 'PorcelainRed_LongQuad_Part_11' does not match filename 'Part_11'
UnityEngine.Debug:ExtractStackTraceNoAlloc (byte*,int,string)
UnityEngine.StackTraceUtility:ExtractStackTrace () (at /Users/bokken/build/output/unity/unity/Runtime/Export/Scripting/StackTrace.cs:23)
ChubbyAircraftDelivery:SaveAndValidatePrefab (UnityEngine.GameObject,string,System.Text.StringBuilder) (at Assets/Editor/ChubbyAircraftDelivery.cs:220)
ChubbyAircraftDelivery:Run () (at Assets/Editor/ChubbyAircraftDelivery.cs:103)

[Assets/Editor/ChubbyAircraftDelivery.cs line 103]

Imported 'GUID: 090894dc657304d6d978d267b6225d8e' -> (Import Result ID: '967f87775c2d7a6f2b459e2b9b55e08b') in 0.000 seconds [static dependencies only]. Details - ImportResultOutputID=f250c9d77c258b2defae889496d083b6 DependenciesID=e7a65fac13fbd52717c38fb7ce9782cd StaticDependenciesID=d32ad66b76d52fc632f0dd8c92e1da3d 
Importing 'GUID: 29c94afb29870489fa5c47d4c8a85797 - Path: Assets/Art/ChubbyAircraft/PorcelainRed_LongQuad/Materials/Part_01.mat' with importer (NativeFormatImporter)
Main Object Name 'PorcelainRed_LongQuad_Part_01' does not match filename 'Part_01'
UnityEngine.Debug:ExtractStackTraceNoAlloc (byte*,int,string)
UnityEngine.StackTraceUtility:ExtractStackTrace () (at /Users/bokken/build/output/unity/unity/Runtime/Export/Scripting/StackTrace.cs:23)
ChubbyAircraftDelivery:SaveAndValidatePrefab (UnityEngine.GameObject,string,System.Text.StringBuilder) (at Assets/Editor/ChubbyAircraftDelivery.cs:220)
ChubbyAircraftDelivery:Run () (at Assets/Editor/ChubbyAircraftDelivery.cs:103)

[Assets/Editor/ChubbyAircraftDelivery.cs line 103]

Imported 'GUID: 29c94afb29870489fa5c47d4c8a85797' -> (Import Result ID: '69820de99f85d40a5b0eac922eaa5bb5') in 0.000 seconds [static dependencies only]. Details - ImportResultOutputID=247e52e3bea1c89a69067f509fee89e7 DependenciesID=88653258ae52613aefb999e301cc4b31 StaticDependenciesID=bf8c9834880924e85cd849e525700ac4 
Importing 'GUID: cba8381a7d7244f8697c458d7e8a337b - Path: Assets/Art/ChubbyAircraft/PorcelainRed_LongQuad/Materials/Part_02.mat' with importer (NativeFormatImporter)
Main Object Name 'PorcelainRed_LongQuad_Part_02' does not match filename 'Part_02'
UnityEngine.Debug:ExtractStackTraceNoAlloc (byte*,int,string)
UnityEngine.StackTraceUtility:ExtractStackTrace () (at /Users/bokken/build/output/unity/unity/Runtime/Export/Scripting/StackTrace.cs:23)
ChubbyAircraftDelivery:SaveAndValidatePrefab (UnityEngine.GameObject,string,System.Text.StringBuilder) (at Assets/Editor/ChubbyAircraftDelivery.cs:220)
ChubbyAircraftDelivery:Run () (at Assets/Editor/ChubbyAircraftDelivery.cs:103)

[Assets/Editor/ChubbyAircraftDelivery.cs line 103]

Imported 'GUID: cba8381a7d7244f8697c458d7e8a337b' -> (Import Result ID: 'e6262ef13dbb9e90bbd3ebb08b794031') in 0.000 seconds [static dependencies only]. Details - ImportResultOutputID=9be346c8062c74ca1aa4ee0edb00ca57 DependenciesID=33233b9d7759f7f2183c1b4645dbdb9f StaticDependenciesID=e281d302ff3cd6d30f9ff9a108f1bf4f 
Importing 'GUID: 2c84501795d6c4ab29d96588bc17f9c7 - Path: Assets/Art/ChubbyAircraft/PorcelainRed_LongQuad/Materials/Part_00.mat' with importer (NativeFormatImporter)
Main Object Name 'PorcelainRed_LongQuad_Part_00' does not match filename 'Part_00'
UnityEngine.Debug:ExtractStackTraceNoAlloc (byte*,int,string)
UnityEngine.StackTraceUtility:ExtractStackTrace () (at /Users/bokken/build/output/unity/unity/Runtime/Export/Scripting/StackTrace.cs:23)
ChubbyAircraftDelivery:SaveAndValidatePrefab (UnityEngine.GameObject,string,System.Text.StringBuilder) (at Assets/Editor/ChubbyAircraftDelivery.cs:220)
ChubbyAircraftDelivery:Run () (at Assets/Editor/ChubbyAircraftDelivery.cs:103)

[Assets/Editor/ChubbyAircraftDelivery.cs line 103]

Imported 'GUID: 2c84501795d6c4ab29d96588bc17f9c7' -> (Import Result ID: 'eabbff5425c9f86b02796f876011c2ff') in 0.000 seconds [static dependencies only]. Details - ImportResultOutputID=e38e9b61b792825e87022695618afbbb DependenciesID=bd4e6702db65431ddbe4dc2b71650040 StaticDependenciesID=a8f79a70e62e9fb0be285358f64f2b11 
Importing 'GUID: 2ca4ee6f693484bf0aecdc199b391d32 - Path: Assets/Art/ChubbyAircraft/PorcelainRed_LongQuad/Materials/Part_09.mat' with importer (NativeFormatImporter)
Main Object Name 'PorcelainRed_LongQuad_Part_09' does not match filename 'Part_09'
UnityEngine.Debug:ExtractStackTraceNoAlloc (byte*,int,string)
UnityEngine.StackTraceUtility:ExtractStackTrace () (at /Users/bokken/build/output/unity/unity/Runtime/Export/Scripting/StackTrace.cs:23)
ChubbyAircraftDelivery:SaveAndValidatePrefab (UnityEngine.GameObject,string,System.Text.StringBuilder) (at Assets/Editor/ChubbyAircraftDelivery.cs:220)
ChubbyAircraftDelivery:Run () (at Assets/Editor/ChubbyAircraftDelivery.cs:103)

[Assets/Editor/ChubbyAircraftDelivery.cs line 103]

Imported 'GUID: 2ca4ee6f693484bf0aecdc199b391d32' -> (Import Result ID: '1ad612dc5b69020b5386804530c29448') in 0.000 seconds [static dependencies only]. Details - ImportResultOutputID=64b335fa1585f376e4c510585fe668ba DependenciesID=e536c2205ce667da35ac0028fafb1ac8 StaticDependenciesID=9edd2ce7c64a000b7936b43cb4fe6489 
Importing 'GUID: df5de1303f6e741ba9dffcd6196e0233 - Path: Assets/Art/ChubbyAircraft/PorcelainRed_LongQuad/Materials/Part_08.mat' with importer (NativeFormatImporter)
Main Object Name 'PorcelainRed_LongQuad_Part_08' does not match filename 'Part_08'
UnityEngine.Debug:ExtractStackTraceNoAlloc (byte*,int,string)
UnityEngine.StackTraceUtility:ExtractStackTrace () (at /Users/bokken/build/output/unity/unity/Runtime/Export/Scripting/StackTrace.cs:23)
ChubbyAircraftDelivery:SaveAndValidatePrefab (UnityEngine.GameObject,string,System.Text.StringBuilder) (at Assets/Editor/ChubbyAircraftDelivery.cs:220)
ChubbyAircraftDelivery:Run () (at Assets/Editor/ChubbyAircraftDelivery.cs:103)

[Assets/Editor/ChubbyAircraftDelivery.cs line 103]

Imported 'GUID: df5de1303f6e741ba9dffcd6196e0233' -> (Import Result ID: '376dfc20a0f307927a2a8f136d19ba8a') in 0.000 seconds [static dependencies only]. Details - ImportResultOutputID=15f23f4e701f5fa97bc5361b0390b5c5 DependenciesID=f6e663db9b24e3cbae007b8556dd4109 StaticDependenciesID=1ccce72416cf0829b16a6d666bccb70f 
Importing 'GUID: d199d6998d54446b69d058b4ad20cc4d - Path: Assets/Art/ChubbyAircraft/PorcelainRed_LongQuad/Meshes/Part_12.asset' with importer (NativeFormatImporter)
Main Object Name 'PorcelainRed_LongQuad_Part_12' does not match filename 'Part_12'
UnityEngine.Debug:ExtractStackTraceNoAlloc (byte*,int,string)
UnityEngine.StackTraceUtility:ExtractStackTrace () (at /Users/bokken/build/output/unity/unity/Runtime/Export/Scripting/StackTrace.cs:23)
ChubbyAircraftDelivery:SaveAndValidatePrefab (UnityEngine.GameObject,string,System.Text.StringBuilder) (at Assets/Editor/ChubbyAircraftDelivery.cs:220)
ChubbyAircraftDelivery:Run () (at Assets/Editor/ChubbyAircraftDelivery.cs:103)

[Assets/Editor/ChubbyAircraftDelivery.cs line 103]

Imported 'GUID: d199d6998d54446b69d058b4ad20cc4d' -> (Import Result ID: '29fa9e092bbf1d1cb5b331b2894345c1') in 0.001 seconds [static dependencies only]. Details - ImportResultOutputID=1471bf11913a8ee5e908e2d82523be7c DependenciesID=83ac55c62d143813e7695fa2518fe87d StaticDependenciesID=59784e75d197540db98413eac28f1ba1 
Importing 'GUID: 92230f03137974535aeadfd6e4b9ea73 - Path: Assets/Art/ChubbyAircraft/PorcelainRed_LongQuad/Meshes/Part_01.asset' with importer (NativeFormatImporter)
Main Object Name 'PorcelainRed_LongQuad_Part_01' does not match filename 'Part_01'
UnityEngine.Debug:ExtractStackTraceNoAlloc (byte*,int,string)
UnityEngine.StackTraceUtility:ExtractStackTrace () (at /Users/bokken/build/output/unity/unity/Runtime/Export/Scripting/StackTrace.cs:23)
ChubbyAircraftDelivery:SaveAndValidatePrefab (UnityEngine.GameObject,string,System.Text.StringBuilder) (at Assets/Editor/ChubbyAircraftDelivery.cs:220)
ChubbyAircraftDelivery:Run () (at Assets/Editor/ChubbyAircraftDelivery.cs:103)

[Assets/Editor/ChubbyAircraftDelivery.cs line 103]

Imported 'GUID: 92230f03137974535aeadfd6e4b9ea73' -> (Import Result ID: 'b3e7e32e01d066ca331e0c2b9a1a6211') in 0.001 seconds [static dependencies only]. Details - ImportResultOutputID=aaeb8aa989160f645b42cac29f052757 DependenciesID=a4e8bffccf1ae3bc0b0eedc9a7cd5032 StaticDependenciesID=ddec2d32a39439bfaaf213b5f3f44240 
Importing 'GUID: 53e364cad36f94d7e932b5b4aa991700 - Path: Assets/Art/ChubbyAircraft/PorcelainRed_LongQuad/Meshes/Part_11.asset' with importer (NativeFormatImporter)
Main Object Name 'PorcelainRed_LongQuad_Part_11' does not match filename 'Part_11'
UnityEngine.Debug:ExtractStackTraceNoAlloc (byte*,int,string)
UnityEngine.StackTraceUtility:ExtractStackTrace () (at /Users/bokken/build/output/unity/unity/Runtime/Export/Scripting/StackTrace.cs:23)
ChubbyAircraftDelivery:SaveAndValidatePrefab (UnityEngine.GameObject,string,System.Text.StringBuilder) (at Assets/Editor/ChubbyAircraftDelivery.cs:220)
ChubbyAircraftDelivery:Run () (at Assets/Editor/ChubbyAircraftDelivery.cs:103)

[Assets/Editor/ChubbyAircraftDelivery.cs line 103]

Imported 'GUID: 53e364cad36f94d7e932b5b4aa991700' -> (Import Result ID: '5f7f6bc1a7489f39617f18bdc7fa2bd2') in 0.000 seconds [static dependencies only]. Details - ImportResultOutputID=cc56699fe79798dcda9dbbc0edfcd82e DependenciesID=4a6a211ff816f597c07e11bdd37b91ff StaticDependenciesID=2966c0f81f77ab3d8021f5150af7acbe 
Importing 'GUID: 63c27aee177f84778b3053428098cf9a - Path: Assets/Art/ChubbyAircraft/PorcelainRed_LongQuad/Meshes/Part_09.asset' with importer (NativeFormatImporter)
Main Object Name 'PorcelainRed_LongQuad_Part_09' does not match filename 'Part_09'
UnityEngine.Debug:ExtractStackTraceNoAlloc (byte*,int,string)
UnityEngine.StackTraceUtility:ExtractStackTrace () (at /Users/bokken/build/output/unity/unity/Runtime/Export/Scripting/StackTrace.cs:23)
ChubbyAircraftDelivery:SaveAndValidatePrefab (UnityEngine.GameObject,string,System.Text.StringBuilder) (at Assets/Editor/ChubbyAircraftDelivery.cs:220)
ChubbyAircraftDelivery:Run () (at Assets/Editor/ChubbyAircraftDelivery.cs:103)

[Assets/Editor/ChubbyAircraftDelivery.cs line 103]

Imported 'GUID: 63c27aee177f84778b3053428098cf9a' -> (Import Result ID: '335769b3117cf7d499f2b2ad4b9aba6c') in 0.000 seconds [static dependencies only]. Details - ImportResultOutputID=4ab28691b3edaf82e06713bfbb950ca0 DependenciesID=5cdaa4942fc7f0895a91f2ad77c5665d StaticDependenciesID=b9d36359073f797be56cd729263b27d9 
Importing 'GUID: 14ee92cf1694e447893329b91dde022b - Path: Assets/Art/ChubbyAircraft/PorcelainRed_LongQuad/Meshes/Part_03.asset' with importer (NativeFormatImporter)
Main Object Name 'PorcelainRed_LongQuad_Part_03' does not match filename 'Part_03'
UnityEngine.Debug:ExtractStackTraceNoAlloc (byte*,int,string)
UnityEngine.StackTraceUtility:ExtractStackTrace () (at /Users/bokken/build/output/unity/unity/Runtime/Export/Scripting/StackTrace.cs:23)
ChubbyAircraftDelivery:SaveAndValidatePrefab (UnityEngine.GameObject,string,System.Text.StringBuilder) (at Assets/Editor/ChubbyAircraftDelivery.cs:220)
ChubbyAircraftDelivery:Run () (at Assets/Editor/ChubbyAircraftDelivery.cs:103)

[Assets/Editor/ChubbyAircraftDelivery.cs line 103]

Imported 'GUID: 14ee92cf1694e447893329b91dde022b' -> (Import Result ID: '56382cb9ade3890718b995667a1198cf') in 0.001 seconds [static dependencies only]. Details - ImportResultOutputID=73f17dfe123306fcf0658229dc4c421c DependenciesID=78316b6825de266cba2383784be18e0a StaticDependenciesID=09bb22b09ccd42c9fcb0906138ab3487 
Importing 'GUID: f4f94ddca5ce945f18c5eed4b3a72974 - Path: Assets/Art/ChubbyAircraft/PorcelainRed_LongQuad/Meshes/Part_05.asset' with importer (NativeFormatImporter)
Main Object Name 'PorcelainRed_LongQuad_Part_05' does not match filename 'Part_05'
UnityEngine.Debug:ExtractStackTraceNoAlloc (byte*,int,string)
UnityEngine.StackTraceUtility:ExtractStackTrace () (at /Users/bokken/build/output/unity/unity/Runtime/Export/Scripting/StackTrace.cs:23)
ChubbyAircraftDelivery:SaveAndValidatePrefab (UnityEngine.GameObject,string,System.Text.StringBuilder) (at Assets/Editor/ChubbyAircraftDelivery.cs:220)
ChubbyAircraftDelivery:Run () (at Assets/Editor/ChubbyAircraftDelivery.cs:103)

[Assets/Editor/ChubbyAircraftDelivery.cs line 103]

Imported 'GUID: f4f94ddca5ce945f18c5eed4b3a72974' -> (Import Result ID: '2ec1afb5919cee2bd5dcb7d3719aeabe') in 0.001 seconds [static dependencies only]. Details - ImportResultOutputID=9dc94c2fe0b82225d13937174beff52a DependenciesID=54f050c6597e10511f7053230be38268 StaticDependenciesID=b66f957e8abe08e3326da35f5b8e137a 
Importing 'GUID: 279203bc83f264b4080d19b8e3c224c0 - Path: Assets/Art/ChubbyAircraft/PorcelainRed_LongQuad/Meshes/Part_07.asset' with importer (NativeFormatImporter)
Main Object Name 'PorcelainRed_LongQuad_Part_07' does not match filename 'Part_07'
UnityEngine.Debug:ExtractStackTraceNoAlloc (byte*,int,string)
UnityEngine.StackTraceUtility:ExtractStackTrace () (at /Users/bokken/build/output/unity/unity/Runtime/Export/Scripting/StackTrace.cs:23)
ChubbyAircraftDelivery:SaveAndValidatePrefab (UnityEngine.GameObject,string,System.Text.StringBuilder) (at Assets/Editor/ChubbyAircraftDelivery.cs:220)
ChubbyAircraftDelivery:Run () (at Assets/Editor/ChubbyAircraftDelivery.cs:103)

[Assets/Editor/ChubbyAircraftDelivery.cs line 103]

Imported 'GUID: 279203bc83f264b4080d19b8e3c224c0' -> (Import Result ID: '13f0cc0102a0e00de541856e653698a4') in 0.000 seconds [static dependencies only]. Details - ImportResultOutputID=a318a1b5ebbe9581e6d8954c58b8743e DependenciesID=b26f787046ccc363d3e30c177e10f033 StaticDependenciesID=b0fe9f4e8e44fe4e74e9b80390424926 
Importing 'GUID: bad34554ca18148f892f112d8f2cbc2b - Path: Assets/Art/ChubbyAircraft/PorcelainRed_LongQuad/Meshes/Part_04.asset' with importer (NativeFormatImporter)
Main Object Name 'PorcelainRed_LongQuad_Part_04' does not match filename 'Part_04'
UnityEngine.Debug:ExtractStackTraceNoAlloc (byte*,int,string)
UnityEngine.StackTraceUtility:ExtractStackTrace () (at /Users/bokken/build/output/unity/unity/Runtime/Export/Scripting/StackTrace.cs:23)
ChubbyAircraftDelivery:SaveAndValidatePrefab (UnityEngine.GameObject,string,System.Text.StringBuilder) (at Assets/Editor/ChubbyAircraftDelivery.cs:220)
ChubbyAircraftDelivery:Run () (at Assets/Editor/ChubbyAircraftDelivery.cs:103)

[Assets/Editor/ChubbyAircraftDelivery.cs line 103]

Imported 'GUID: bad34554ca18148f892f112d8f2cbc2b' -> (Import Result ID: 'b9a559a172b468062574fcad9c74cb6e') in 0.001 seconds [static dependencies only]. Details - ImportResultOutputID=15bd0dee3ddfc5d1b8661e4b46268b14 DependenciesID=66dae2dc077810dc4ea8b14a8782a6e6 StaticDependenciesID=88a44deb97ec81d8ac6295a60d950c83 
Importing 'GUID: bafd232f8385046d7a222dab9a465000 - Path: Assets/Art/ChubbyAircraft/PorcelainRed_LongQuad/Meshes/Part_08.asset' with importer (NativeFormatImporter)
Main Object Name 'PorcelainRed_LongQuad_Part_08' does not match filename 'Part_08'
UnityEngine.Debug:ExtractStackTraceNoAlloc (byte*,int,string)
UnityEngine.StackTraceUtility:ExtractStackTrace () (at /Users/bokken/build/output/unity/unity/Runtime/Export/Scripting/StackTrace.cs:23)
ChubbyAircraftDelivery:SaveAndValidatePrefab (UnityEngine.GameObject,string,System.Text.StringBuilder) (at Assets/Editor/ChubbyAircraftDelivery.cs:220)
ChubbyAircraftDelivery:Run () (at Assets/Editor/ChubbyAircraftDelivery.cs:103)

[Assets/Editor/ChubbyAircraftDelivery.cs line 103]

Imported 'GUID: bafd232f8385046d7a222dab9a465000' -> (Import Result ID: '788187ef03a4394dd7dae9774dac6724') in 0.000 seconds [static dependencies only]. Details - ImportResultOutputID=9a111378458f86b322545a14a35f4875 DependenciesID=7b0d10c201b7f9cfe432c5b7a6fdee6a StaticDependenciesID=aecf07a6afd7948fb34af389188bdb47 
Importing 'GUID: 4d22e031ad4fd4680b70ba7e135390a3 - Path: Assets/Art/ChubbyAircraft/PorcelainRed_LongQuad/Meshes/Part_00.asset' with importer (NativeFormatImporter)
Main Object Name 'PorcelainRed_LongQuad_Part_00' does not match filename 'Part_00'
UnityEngine.Debug:ExtractStackTraceNoAlloc (byte*,int,string)
UnityEngine.StackTraceUtility:ExtractStackTrace () (at /Users/bokken/build/output/unity/unity/Runtime/Export/Scripting/StackTrace.cs:23)
ChubbyAircraftDelivery:SaveAndValidatePrefab (UnityEngine.GameObject,string,System.Text.StringBuilder) (at Assets/Editor/ChubbyAircraftDelivery.cs:220)
ChubbyAircraftDelivery:Run () (at Assets/Editor/ChubbyAircraftDelivery.cs:103)

[Assets/Editor/ChubbyAircraftDelivery.cs line 103]

Imported 'GUID: 4d22e031ad4fd4680b70ba7e135390a3' -> (Import Result ID: '889a0c4a23a53965187a2c890f201bae') in 0.001 seconds [static dependencies only]. Details - ImportResultOutputID=ddff4c3966998962754c54c431a83f57 DependenciesID=36e3ff9c33d20f18509e46ab6ae3fba5 StaticDependenciesID=8ce32f4cd113060d57711e8324676d1a 
Importing 'GUID: 6d7358764cd3c4b778a155bfc0d1d9c4 - Path: Assets/Art/ChubbyAircraft/PorcelainRed_LongQuad/Meshes/Part_02.asset' with importer (NativeFormatImporter)
Main Object Name 'PorcelainRed_LongQuad_Part_02' does not match filename 'Part_02'
UnityEngine.Debug:ExtractStackTraceNoAlloc (byte*,int,string)
UnityEngine.StackTraceUtility:ExtractStackTrace () (at /Users/bokken/build/output/unity/unity/Runtime/Export/Scripting/StackTrace.cs:23)
ChubbyAircraftDelivery:SaveAndValidatePrefab (UnityEngine.GameObject,string,System.Text.StringBuilder) (at Assets/Editor/ChubbyAircraftDelivery.cs:220)
ChubbyAircraftDelivery:Run () (at Assets/Editor/ChubbyAircraftDelivery.cs:103)

[Assets/Editor/ChubbyAircraftDelivery.cs line 103]

Imported 'GUID: 6d7358764cd3c4b778a155bfc0d1d9c4' -> (Import Result ID: '73466df9702a74df3fd446660571f1ac') in 0.002 seconds [static dependencies only]. Details - ImportResultOutputID=b197cb7959a7d53ec832a6b2622a78ff DependenciesID=264af8a87770156be8c5dc7229beac01 StaticDependenciesID=c898ff4cea6db18e5c3e7c80f2a5892d 
Importing 'GUID: 8dfa8e957fbc14f1eb2eb417fcc56d96 - Path: Assets/Art/ChubbyAircraft/PorcelainRed_LongQuad/Meshes/Part_10.asset' with importer (NativeFormatImporter)
Main Object Name 'PorcelainRed_LongQuad_Part_10' does not match filename 'Part_10'
UnityEngine.Debug:ExtractStackTraceNoAlloc (byte*,int,string)
UnityEngine.StackTraceUtility:ExtractStackTrace () (at /Users/bokken/build/output/unity/unity/Runtime/Export/Scripting/StackTrace.cs:23)
ChubbyAircraftDelivery:SaveAndValidatePrefab (UnityEngine.GameObject,string,System.Text.StringBuilder) (at Assets/Editor/ChubbyAircraftDelivery.cs:220)
ChubbyAircraftDelivery:Run () (at Assets/Editor/ChubbyAircraftDelivery.cs:103)

[Assets/Editor/ChubbyAircraftDelivery.cs line 103]

Imported 'GUID: 8dfa8e957fbc14f1eb2eb417fcc56d96' -> (Import Result ID: 'bcbbc173abf2412995873d078d54730b') in 0.000 seconds [static dependencies only]. Details - ImportResultOutputID=87d7e7a61de8d437cc1747044e6dc2c6 DependenciesID=824f9962df3fb19d0a28b14cebb92413 StaticDependenciesID=d6fdaa1ad4be39ede51204dae814be46 
Importing 'GUID: 8dbbb494ddd2b471c9b74cd0a6ae87ef - Path: Assets/Art/ChubbyAircraft/PorcelainRed_LongQuad/Meshes/Part_06.asset' with importer (NativeFormatImporter)
Main Object Name 'PorcelainRed_LongQuad_Part_06' does not match filename 'Part_06'
UnityEngine.Debug:ExtractStackTraceNoAlloc (byte*,int,string)
UnityEngine.StackTraceUtility:ExtractStackTrace () (at /Users/bokken/build/output/unity/unity/Runtime/Export/Scripting/StackTrace.cs:23)
ChubbyAircraftDelivery:SaveAndValidatePrefab (UnityEngine.GameObject,string,System.Text.StringBuilder) (at Assets/Editor/ChubbyAircraftDelivery.cs:220)
ChubbyAircraftDelivery:Run () (at Assets/Editor/ChubbyAircraftDelivery.cs:103)

[Assets/Editor/ChubbyAircraftDelivery.cs line 103]

Imported 'GUID: 8dbbb494ddd2b471c9b74cd0a6ae87ef' -> (Import Result ID: 'a07621c99705a1f70a448f8d1888d33f') in 0.000 seconds [static dependencies only]. Details - ImportResultOutputID=230da61f77bfa70a2bd6ee15239dadb7 DependenciesID=1a9dfe74c4dc53f5f9b6770483811e9a StaticDependenciesID=82cef0b88ffb798740913c21e2985f0c 
Asset Pipeline Refresh (id=6fc403836743844b3ae4e0193061fca8): Total: 0.021 seconds - Initiated by StopAssetImportingV2(NoUpdateAssetOptions)
Importing 'GUID: 3b756aab6ea0146d994cd4ba582ddf3b - Path: Assets/Art/ChubbyAircraft/PorcelainRed_LongQuad/PorcelainRed_LongQuad.prefab' with importer (PrefabImporter)
Imported 'GUID: 3b756aab6ea0146d994cd4ba582ddf3b' -> (Import Result ID: '78947919a722b7fe35fcf5ecc524d458') in 0.001 seconds [static dependencies only]. Details - ImportResultOutputID=cb7cfd62ba2ae799ce2c053f465ab056 DependenciesID=91f61bc0758b3f2e61316582916da41c StaticDependenciesID=e62f00d8705c83a0e53970b979425f31 
Asset Pipeline Refresh (id=fdd8cf17c3d45421f8dabc95293fc47a): Total: 0.004 seconds - Initiated by StopAssetImportingV2(NoUpdateAssetOptions)
Loaded scene 'Library/Unused/ca65d779be56547c5956f49fddf4806a'
	Deserialize:            0.185 ms
	Integration:            0.078 ms
	Integration of assets:  0.001 ms
	Thread Wait Time:       0.003 ms
	Total Operation Time:   0.266 ms
Asset Pipeline Refresh (id=5a067680693224f78b07c163d24e0e74): Total: 0.002 seconds - Initiated by StopAssetImportingV2(NoUpdateAssetOptions)
Importing 'GUID: 323534f35088044d480b7dbc487d93b7 - Path: Assets/Art/ChubbyAircraft/JadeIvory_ShortTwin/Materials/Part_07.mat' with importer (NativeFormatImporter)
Main Object Name 'JadeIvory_ShortTwin_Part_07' does not match filename 'Part_07'
UnityEngine.Debug:ExtractStackTraceNoAlloc (byte*,int,string)
UnityEngine.StackTraceUtility:ExtractStackTrace () (at /Users/bokken/build/output/unity/unity/Runtime/Export/Scripting/StackTrace.cs:23)
ChubbyAircraftDelivery:SaveAndValidatePrefab (UnityEngine.GameObject,string,System.Text.StringBuilder) (at Assets/Editor/ChubbyAircraftDelivery.cs:220)
ChubbyAircraftDelivery:Run () (at Assets/Editor/ChubbyAircraftDelivery.cs:103)

[Assets/Editor/ChubbyAircraftDelivery.cs line 103]

Imported 'GUID: 323534f35088044d480b7dbc487d93b7' -> (Import Result ID: '10873e2e59d4c6826fa12f9808dc39c3') in 0.001 seconds [static dependencies only]. Details - ImportResultOutputID=189977e1990851f942bc89a6e700dbcd DependenciesID=2a92dba02d8ea8e7bfe27fac08d6e2b9 StaticDependenciesID=86eb822b92ad7607c67f8a67d7148ff5 
Importing 'GUID: b369d4421d7a745f49ad4ad7f8c5bfb6 - Path: Assets/Art/ChubbyAircraft/JadeIvory_ShortTwin/Materials/Part_04.mat' with importer (NativeFormatImporter)
Main Object Name 'JadeIvory_ShortTwin_Part_04' does not match filename 'Part_04'
UnityEngine.Debug:ExtractStackTraceNoAlloc (byte*,int,string)
UnityEngine.StackTraceUtility:ExtractStackTrace () (at /Users/bokken/build/output/unity/unity/Runtime/Export/Scripting/StackTrace.cs:23)
ChubbyAircraftDelivery:SaveAndValidatePrefab (UnityEngine.GameObject,string,System.Text.StringBuilder) (at Assets/Editor/ChubbyAircraftDelivery.cs:220)
ChubbyAircraftDelivery:Run () (at Assets/Editor/ChubbyAircraftDelivery.cs:103)

[Assets/Editor/ChubbyAircraftDelivery.cs line 103]

Imported 'GUID: b369d4421d7a745f49ad4ad7f8c5bfb6' -> (Import Result ID: '02f9cad916c3b0b4ad832633e0608551') in 0.000 seconds [static dependencies only]. Details - ImportResultOutputID=301ed997290e15125c603ae0023f56b8 DependenciesID=a4be46aba3dbf01a73bf879fd3c1846c StaticDependenciesID=12dd642ad4ad80297071af371f1aa1bd 
Importing 'GUID: 848dd25d54fde4499b4d8e32bb2811bb - Path: Assets/Art/ChubbyAircraft/JadeIvory_ShortTwin/Materials/Part_08.mat' with importer (NativeFormatImporter)
Main Object Name 'JadeIvory_ShortTwin_Part_08' does not match filename 'Part_08'
UnityEngine.Debug:ExtractStackTraceNoAlloc (byte*,int,string)
UnityEngine.StackTraceUtility:ExtractStackTrace () (at /Users/bokken/build/output/unity/unity/Runtime/Export/Scripting/StackTrace.cs:23)
ChubbyAircraftDelivery:SaveAndValidatePrefab (UnityEngine.GameObject,string,System.Text.StringBuilder) (at Assets/Editor/ChubbyAircraftDelivery.cs:220)
ChubbyAircraftDelivery:Run () (at Assets/Editor/ChubbyAircraftDelivery.cs:103)

[Assets/Editor/ChubbyAircraftDelivery.cs line 103]

Imported 'GUID: 848dd25d54fde4499b4d8e32bb2811bb' -> (Import Result ID: 'ebbf1ac9b3b48bc298869fb17b50fc87') in 0.000 seconds [static dependencies only]. Details - ImportResultOutputID=99ea160f15ae89b55df34fc523a93c88 DependenciesID=d6990ae2cc415eaee6d94bffdcb96cd5 StaticDependenciesID=cb5ff554f9b8f405be95637e9f43ae47 
Importing 'GUID: 45f26302ef96e4e27abef2a073628ab5 - Path: Assets/Art/ChubbyAircraft/JadeIvory_ShortTwin/Materials/Part_12.mat' with importer (NativeFormatImporter)
Main Object Name 'JadeIvory_ShortTwin_Part_12' does not match filename 'Part_12'
UnityEngine.Debug:ExtractStackTraceNoAlloc (byte*,int,string)
UnityEngine.StackTraceUtility:ExtractStackTrace () (at /Users/bokken/build/output/unity/unity/Runtime/Export/Scripting/StackTrace.cs:23)
ChubbyAircraftDelivery:SaveAndValidatePrefab (UnityEngine.GameObject,string,System.Text.StringBuilder) (at Assets/Editor/ChubbyAircraftDelivery.cs:220)
ChubbyAircraftDelivery:Run () (at Assets/Editor/ChubbyAircraftDelivery.cs:103)

[Assets/Editor/ChubbyAircraftDelivery.cs line 103]

Imported 'GUID: 45f26302ef96e4e27abef2a073628ab5' -> (Import Result ID: 'ed2e3090a2182cb973615b1da4ca4b86') in 0.000 seconds [static dependencies only]. Details - ImportResultOutputID=a7b78318c31b3e295ca0f86dbcd00c6d DependenciesID=7f90670431ad2cf1a4dbc145d02cf90b StaticDependenciesID=78c119ac5cd7c8c7f8fa248dd8bfdc21 
Importing 'GUID: 55c208373e3b640dc971c33b43682125 - Path: Assets/Art/ChubbyAircraft/JadeIvory_ShortTwin/Materials/Part_01.mat' with importer (NativeFormatImporter)
Main Object Name 'JadeIvory_ShortTwin_Part_01' does not match filename 'Part_01'
UnityEngine.Debug:ExtractStackTraceNoAlloc (byte*,int,string)
UnityEngine.StackTraceUtility:ExtractStackTrace () (at /Users/bokken/build/output/unity/unity/Runtime/Export/Scripting/StackTrace.cs:23)
ChubbyAircraftDelivery:SaveAndValidatePrefab (UnityEngine.GameObject,string,System.Text.StringBuilder) (at Assets/Editor/ChubbyAircraftDelivery.cs:220)
ChubbyAircraftDelivery:Run () (at Assets/Editor/ChubbyAircraftDelivery.cs:103)

[Assets/Editor/ChubbyAircraftDelivery.cs line 103]

Imported 'GUID: 55c208373e3b640dc971c33b43682125' -> (Import Result ID: 'bcb8fd9ec7cb378022fcda2c63aa482e') in 0.000 seconds [static dependencies only]. Details - ImportResultOutputID=0e6e6b23937873c6e5cbe3a4fbbc5a84 DependenciesID=d2ce8d0642066ba9cfff9e14a136498f StaticDependenciesID=33851851eeae638cccfaa257608cd0bb 
Importing 'GUID: 96141196bd2c045ef9884e374f475ef4 - Path: Assets/Art/ChubbyAircraft/JadeIvory_ShortTwin/Materials/Part_10.mat' with importer (NativeFormatImporter)
Main Object Name 'JadeIvory_ShortTwin_Part_10' does not match filename 'Part_10'
UnityEngine.Debug:ExtractStackTraceNoAlloc (byte*,int,string)
UnityEngine.StackTraceUtility:ExtractStackTrace () (at /Users/bokken/build/output/unity/unity/Runtime/Export/Scripting/StackTrace.cs:23)
ChubbyAircraftDelivery:SaveAndValidatePrefab (UnityEngine.GameObject,string,System.Text.StringBuilder) (at Assets/Editor/ChubbyAircraftDelivery.cs:220)
ChubbyAircraftDelivery:Run () (at Assets/Editor/ChubbyAircraftDelivery.cs:103)

[Assets/Editor/ChubbyAircraftDelivery.cs line 103]

Imported 'GUID: 96141196bd2c045ef9884e374f475ef4' -> (Import Result ID: 'e767eb0662a88219b35e7f5a365f3b18') in 0.000 seconds [static dependencies only]. Details - ImportResultOutputID=06a69ad8cfba60534b30b2224690ccce DependenciesID=1afe169e54ab518dc7314d90f56a89d6 StaticDependenciesID=899541ec8cc27ef8d95f1cc4bcb1a3ca 
Importing 'GUID: 7780343c2c62040048713b55edbb10bc - Path: Assets/Art/ChubbyAircraft/JadeIvory_ShortTwin/Materials/Part_06.mat' with importer (NativeFormatImporter)
Main Object Name 'JadeIvory_ShortTwin_Part_06' does not match filename 'Part_06'
UnityEngine.Debug:ExtractStackTraceNoAlloc (byte*,int,string)
UnityEngine.StackTraceUtility:ExtractStackTrace () (at /Users/bokken/build/output/unity/unity/Runtime/Export/Scripting/StackTrace.cs:23)
ChubbyAircraftDelivery:SaveAndValidatePrefab (UnityEngine.GameObject,string,System.Text.StringBuilder) (at Assets/Editor/ChubbyAircraftDelivery.cs:220)
ChubbyAircraftDelivery:Run () (at Assets/Editor/ChubbyAircraftDelivery.cs:103)

[Assets/Editor/ChubbyAircraftDelivery.cs line 103]

Imported 'GUID: 7780343c2c62040048713b55edbb10bc' -> (Import Result ID: 'ffe549a8a2adf7bbb7550f2241142078') in 0.000 seconds [static dependencies only]. Details - ImportResultOutputID=65d4fe93e6524a8360892a6f6cd593b9 DependenciesID=41577f21e658858a630d09b04c5a4755 StaticDependenciesID=1628f0bb376f4e40e7cffa0edc8ec8a3 
Importing 'GUID: 399c26f55c1a24fa1a0af02c975bffb1 - Path: Assets/Art/ChubbyAircraft/JadeIvory_ShortTwin/Materials/Part_11.mat' with importer (NativeFormatImporter)
Main Object Name 'JadeIvory_ShortTwin_Part_11' does not match filename 'Part_11'
UnityEngine.Debug:ExtractStackTraceNoAlloc (byte*,int,string)
UnityEngine.StackTraceUtility:ExtractStackTrace () (at /Users/bokken/build/output/unity/unity/Runtime/Export/Scripting/StackTrace.cs:23)
ChubbyAircraftDelivery:SaveAndValidatePrefab (UnityEngine.GameObject,string,System.Text.StringBuilder) (at Assets/Editor/ChubbyAircraftDelivery.cs:220)
ChubbyAircraftDelivery:Run () (at Assets/Editor/ChubbyAircraftDelivery.cs:103)

[Assets/Editor/ChubbyAircraftDelivery.cs line 103]

Imported 'GUID: 399c26f55c1a24fa1a0af02c975bffb1' -> (Import Result ID: 'bf3b013bb782fd3c182278b62dc7e6e4') in 0.000 seconds [static dependencies only]. Details - ImportResultOutputID=ede7059f0343d8c9ef196c0638948bfa DependenciesID=f6862d9294af92a1493889e3957a44f7 StaticDependenciesID=f2e8e3a55716f417dcd71c503435755c 
Importing 'GUID: 7c67ee2caa69142c9814c758a4d8b8e5 - Path: Assets/Art/ChubbyAircraft/JadeIvory_ShortTwin/Materials/Part_02.mat' with importer (NativeFormatImporter)
Main Object Name 'JadeIvory_ShortTwin_Part_02' does not match filename 'Part_02'
UnityEngine.Debug:ExtractStackTraceNoAlloc (byte*,int,string)
UnityEngine.StackTraceUtility:ExtractStackTrace () (at /Users/bokken/build/output/unity/unity/Runtime/Export/Scripting/StackTrace.cs:23)
ChubbyAircraftDelivery:SaveAndValidatePrefab (UnityEngine.GameObject,string,System.Text.StringBuilder) (at Assets/Editor/ChubbyAircraftDelivery.cs:220)
ChubbyAircraftDelivery:Run () (at Assets/Editor/ChubbyAircraftDelivery.cs:103)

[Assets/Editor/ChubbyAircraftDelivery.cs line 103]

Imported 'GUID: 7c67ee2caa69142c9814c758a4d8b8e5' -> (Import Result ID: '3e6b902277f428c42b8cc2ec2c299b3c') in 0.000 seconds [static dependencies only]. Details - ImportResultOutputID=97b344b0c189bd27e175b1436a3ab4e1 DependenciesID=1a1d3a4b731c5ca40ca8ebdeafd34a1f StaticDependenciesID=ef0ceeecd35d6f17838a237227f443d3 
Importing 'GUID: ad05b2765a4824dcda1ddc34150a4a9b - Path: Assets/Art/ChubbyAircraft/JadeIvory_ShortTwin/Materials/Part_05.mat' with importer (NativeFormatImporter)
Main Object Name 'JadeIvory_ShortTwin_Part_05' does not match filename 'Part_05'
UnityEngine.Debug:ExtractStackTraceNoAlloc (byte*,int,string)
UnityEngine.StackTraceUtility:ExtractStackTrace () (at /Users/bokken/build/output/unity/unity/Runtime/Export/Scripting/StackTrace.cs:23)
ChubbyAircraftDelivery:SaveAndValidatePrefab (UnityEngine.GameObject,string,System.Text.StringBuilder) (at Assets/Editor/ChubbyAircraftDelivery.cs:220)
ChubbyAircraftDelivery:Run () (at Assets/Editor/ChubbyAircraftDelivery.cs:103)

[Assets/Editor/ChubbyAircraftDelivery.cs line 103]

Imported 'GUID: ad05b2765a4824dcda1ddc34150a4a9b' -> (Import Result ID: '2a0f10ed666d786114e384227cfd40f4') in 0.000 seconds [static dependencies only]. Details - ImportResultOutputID=7aeff1c980d893c3f7164ecd1cd7ee4a DependenciesID=2ddc4fca9b1d5fde825ffb4ed8b55e86 StaticDependenciesID=07c48a895825cf71678a217fc3c35ab5 
Importing 'GUID: 6e1858810d617438cb75e33a8c5e2d76 - Path: Assets/Art/ChubbyAircraft/JadeIvory_ShortTwin/Materials/Part_09.mat' with importer (NativeFormatImporter)
Main Object Name 'JadeIvory_ShortTwin_Part_09' does not match filename 'Part_09'
UnityEngine.Debug:ExtractStackTraceNoAlloc (byte*,int,string)
UnityEngine.StackTraceUtility:ExtractStackTrace () (at /Users/bokken/build/output/unity/unity/Runtime/Export/Scripting/StackTrace.cs:23)
ChubbyAircraftDelivery:SaveAndValidatePrefab (UnityEngine.GameObject,string,System.Text.StringBuilder) (at Assets/Editor/ChubbyAircraftDelivery.cs:220)
ChubbyAircraftDelivery:Run () (at Assets/Editor/ChubbyAircraftDelivery.cs:103)

[Assets/Editor/ChubbyAircraftDelivery.cs line 103]

Imported 'GUID: 6e1858810d617438cb75e33a8c5e2d76' -> (Import Result ID: 'db72009f5e25f31361a62c4a15924e2c') in 0.000 seconds [static dependencies only]. Details - ImportResultOutputID=b4bd7df070fd9e46357fa12eacf94440 DependenciesID=d4ce7ed19e234aa23aaa8468f0e3d0cc StaticDependenciesID=8f41a93b316565f2df119fc1591b76db 
Importing 'GUID: 8e535fb19d8324eb38b47208dd65d720 - Path: Assets/Art/ChubbyAircraft/JadeIvory_ShortTwin/Materials/Part_00.mat' with importer (NativeFormatImporter)
Main Object Name 'JadeIvory_ShortTwin_Part_00' does not match filename 'Part_00'
UnityEngine.Debug:ExtractStackTraceNoAlloc (byte*,int,string)
UnityEngine.StackTraceUtility:ExtractStackTrace () (at /Users/bokken/build/output/unity/unity/Runtime/Export/Scripting/StackTrace.cs:23)
ChubbyAircraftDelivery:SaveAndValidatePrefab (UnityEngine.GameObject,string,System.Text.StringBuilder) (at Assets/Editor/ChubbyAircraftDelivery.cs:220)
ChubbyAircraftDelivery:Run () (at Assets/Editor/ChubbyAircraftDelivery.cs:103)

[Assets/Editor/ChubbyAircraftDelivery.cs line 103]

Imported 'GUID: 8e535fb19d8324eb38b47208dd65d720' -> (Import Result ID: '17ca82df7ad0af67047d948ee285e96c') in 0.000 seconds [static dependencies only]. Details - ImportResultOutputID=4e33f565819bf594242dc826d761ec3e DependenciesID=4cf5925a96f34b460e1c5bd0d8a25ea3 StaticDependenciesID=c2aecbf47bd5e82cfd2189c3c0e42c2b 
Importing 'GUID: 1fa25618110a947198b9eb1cc759f327 - Path: Assets/Art/ChubbyAircraft/JadeIvory_ShortTwin/Materials/Part_03.mat' with importer (NativeFormatImporter)
Main Object Name 'JadeIvory_ShortTwin_Part_03' does not match filename 'Part_03'
UnityEngine.Debug:ExtractStackTraceNoAlloc (byte*,int,string)
UnityEngine.StackTraceUtility:ExtractStackTrace () (at /Users/bokken/build/output/unity/unity/Runtime/Export/Scripting/StackTrace.cs:23)
ChubbyAircraftDelivery:SaveAndValidatePrefab (UnityEngine.GameObject,string,System.Text.StringBuilder) (at Assets/Editor/ChubbyAircraftDelivery.cs:220)
ChubbyAircraftDelivery:Run () (at Assets/Editor/ChubbyAircraftDelivery.cs:103)

[Assets/Editor/ChubbyAircraftDelivery.cs line 103]

Imported 'GUID: 1fa25618110a947198b9eb1cc759f327' -> (Import Result ID: '33b1e0edcc722339162b8164068ca93c') in 0.000 seconds [static dependencies only]. Details - ImportResultOutputID=5937ccac9816584bc65c0903306d9cfc DependenciesID=ded2c59d75a5b6775988888b69023bd4 StaticDependenciesID=2aa206893843d0568d80417525cab85f 
Importing 'GUID: 61ebaee077fa746b09240dc602ab11ac - Path: Assets/Art/ChubbyAircraft/JadeIvory_ShortTwin/Meshes/Part_07.asset' with importer (NativeFormatImporter)
Main Object Name 'JadeIvory_ShortTwin_Part_07' does not match filename 'Part_07'
UnityEngine.Debug:ExtractStackTraceNoAlloc (byte*,int,string)
UnityEngine.StackTraceUtility:ExtractStackTrace () (at /Users/bokken/build/output/unity/unity/Runtime/Export/Scripting/StackTrace.cs:23)
ChubbyAircraftDelivery:SaveAndValidatePrefab (UnityEngine.GameObject,string,System.Text.StringBuilder) (at Assets/Editor/ChubbyAircraftDelivery.cs:220)
ChubbyAircraftDelivery:Run () (at Assets/Editor/ChubbyAircraftDelivery.cs:103)

[Assets/Editor/ChubbyAircraftDelivery.cs line 103]

Imported 'GUID: 61ebaee077fa746b09240dc602ab11ac' -> (Import Result ID: '91dad40acc490af7adf27e33d0cf86f7') in 0.000 seconds [static dependencies only]. Details - ImportResultOutputID=4f46447c8aef700445cfc529436f4382 DependenciesID=afb68cf92ccce2f7d9fea5f9ceb49731 StaticDependenciesID=5399ea28e1ce45ca9ddf5ebc45cc7751 
Importing 'GUID: f1ee4d940c748463ba10b19d016f69f9 - Path: Assets/Art/ChubbyAircraft/JadeIvory_ShortTwin/Meshes/Part_03.asset' with importer (NativeFormatImporter)
Main Object Name 'JadeIvory_ShortTwin_Part_03' does not match filename 'Part_03'
UnityEngine.Debug:ExtractStackTraceNoAlloc (byte*,int,string)
UnityEngine.StackTraceUtility:ExtractStackTrace () (at /Users/bokken/build/output/unity/unity/Runtime/Export/Scripting/StackTrace.cs:23)
ChubbyAircraftDelivery:SaveAndValidatePrefab (UnityEngine.GameObject,string,System.Text.StringBuilder) (at Assets/Editor/ChubbyAircraftDelivery.cs:220)
ChubbyAircraftDelivery:Run () (at Assets/Editor/ChubbyAircraftDelivery.cs:103)

[Assets/Editor/ChubbyAircraftDelivery.cs line 103]

Imported 'GUID: f1ee4d940c748463ba10b19d016f69f9' -> (Import Result ID: 'c41d8d40170be784aadd27440009180a') in 0.001 seconds [static dependencies only]. Details - ImportResultOutputID=4982944579da590ab80a74e4ffd61558 DependenciesID=6f84764553d387eac97d197addfecea5 StaticDependenciesID=2200d2a29c07a202c9bf2e34d64a018d 
Importing 'GUID: 224e6988e2b4c48f8a081c2e7d8d30bd - Path: Assets/Art/ChubbyAircraft/JadeIvory_ShortTwin/Meshes/Part_00.asset' with importer (NativeFormatImporter)
Main Object Name 'JadeIvory_ShortTwin_Part_00' does not match filename 'Part_00'
UnityEngine.Debug:ExtractStackTraceNoAlloc (byte*,int,string)
UnityEngine.StackTraceUtility:ExtractStackTrace () (at /Users/bokken/build/output/unity/unity/Runtime/Export/Scripting/StackTrace.cs:23)
ChubbyAircraftDelivery:SaveAndValidatePrefab (UnityEngine.GameObject,string,System.Text.StringBuilder) (at Assets/Editor/ChubbyAircraftDelivery.cs:220)
ChubbyAircraftDelivery:Run () (at Assets/Editor/ChubbyAircraftDelivery.cs:103)

[Assets/Editor/ChubbyAircraftDelivery.cs line 103]

Imported 'GUID: 224e6988e2b4c48f8a081c2e7d8d30bd' -> (Import Result ID: '64e75a8e878d13f3ef66ddca8d1517f5') in 0.001 seconds [static dependencies only]. Details - ImportResultOutputID=228b086b190fa329a18637d84e17a9bc DependenciesID=8b0c199adf3f134f637ee6acbfce64df StaticDependenciesID=040ec3ff1657a76f2797543a0428daaa 
Importing 'GUID: 822ea500159044dd9962307b211786aa - Path: Assets/Art/ChubbyAircraft/JadeIvory_ShortTwin/Meshes/Part_01.asset' with importer (NativeFormatImporter)
Main Object Name 'JadeIvory_ShortTwin_Part_01' does not match filename 'Part_01'
UnityEngine.Debug:ExtractStackTraceNoAlloc (byte*,int,string)
UnityEngine.StackTraceUtility:ExtractStackTrace () (at /Users/bokken/build/output/unity/unity/Runtime/Export/Scripting/StackTrace.cs:23)
ChubbyAircraftDelivery:SaveAndValidatePrefab (UnityEngine.GameObject,string,System.Text.StringBuilder) (at Assets/Editor/ChubbyAircraftDelivery.cs:220)
ChubbyAircraftDelivery:Run () (at Assets/Editor/ChubbyAircraftDelivery.cs:103)

[Assets/Editor/ChubbyAircraftDelivery.cs line 103]

Imported 'GUID: 822ea500159044dd9962307b211786aa' -> (Import Result ID: 'cbce4999ca3c575eaf78e24fb3cd1651') in 0.001 seconds [static dependencies only]. Details - ImportResultOutputID=f3cefa0cdbdc46d988bb49d645f39a38 DependenciesID=12a368a1191ebc56d62b023c6165c3c8 StaticDependenciesID=ed9f277458b3196376d1331e13b5d0e3 
Importing 'GUID: b20ae52adf21b4ed3804c2d917999854 - Path: Assets/Art/ChubbyAircraft/JadeIvory_ShortTwin/Meshes/Part_10.asset' with importer (NativeFormatImporter)
Main Object Name 'JadeIvory_ShortTwin_Part_10' does not match filename 'Part_10'
UnityEngine.Debug:ExtractStackTraceNoAlloc (byte*,int,string)
UnityEngine.StackTraceUtility:ExtractStackTrace () (at /Users/bokken/build/output/unity/unity/Runtime/Export/Scripting/StackTrace.cs:23)
ChubbyAircraftDelivery:SaveAndValidatePrefab (UnityEngine.GameObject,string,System.Text.StringBuilder) (at Assets/Editor/ChubbyAircraftDelivery.cs:220)
ChubbyAircraftDelivery:Run () (at Assets/Editor/ChubbyAircraftDelivery.cs:103)

[Assets/Editor/ChubbyAircraftDelivery.cs line 103]

Imported 'GUID: b20ae52adf21b4ed3804c2d917999854' -> (Import Result ID: '6fcb9f2e55f942864724d0e0c1baf2b3') in 0.000 seconds [static dependencies only]. Details - ImportResultOutputID=c347671b490ccc2c7ccd4fbfa18cc088 DependenciesID=52ab914dd4e2c4d69b804e467e5d9c7a StaticDependenciesID=06f87f5efb9c257cefee872760ad474c 
Importing 'GUID: 833f07c21d84b481380d6b794b7d7417 - Path: Assets/Art/ChubbyAircraft/JadeIvory_ShortTwin/Meshes/Part_04.asset' with importer (NativeFormatImporter)
Main Object Name 'JadeIvory_ShortTwin_Part_04' does not match filename 'Part_04'
UnityEngine.Debug:ExtractStackTraceNoAlloc (byte*,int,string)
UnityEngine.StackTraceUtility:ExtractStackTrace () (at /Users/bokken/build/output/unity/unity/Runtime/Export/Scripting/StackTrace.cs:23)
ChubbyAircraftDelivery:SaveAndValidatePrefab (UnityEngine.GameObject,string,System.Text.StringBuilder) (at Assets/Editor/ChubbyAircraftDelivery.cs:220)
ChubbyAircraftDelivery:Run () (at Assets/Editor/ChubbyAircraftDelivery.cs:103)

[Assets/Editor/ChubbyAircraftDelivery.cs line 103]

Imported 'GUID: 833f07c21d84b481380d6b794b7d7417' -> (Import Result ID: 'e5b4d0851ba625027de9e45ce6b3133e') in 0.000 seconds [static dependencies only]. Details - ImportResultOutputID=7b01e3470f4804e37faa4fe2bf21e2a0 DependenciesID=f11dfe756f1f1fd5380bb22eef009d83 StaticDependenciesID=91f745a6f0c4e8699e4da5f8462fbf7e 
Importing 'GUID: b517b3f9eb73544c9b53288dfa3d37f9 - Path: Assets/Art/ChubbyAircraft/JadeIvory_ShortTwin/Meshes/Part_12.asset' with importer (NativeFormatImporter)
Main Object Name 'JadeIvory_ShortTwin_Part_12' does not match filename 'Part_12'
UnityEngine.Debug:ExtractStackTraceNoAlloc (byte*,int,string)
UnityEngine.StackTraceUtility:ExtractStackTrace () (at /Users/bokken/build/output/unity/unity/Runtime/Export/Scripting/StackTrace.cs:23)
ChubbyAircraftDelivery:SaveAndValidatePrefab (UnityEngine.GameObject,string,System.Text.StringBuilder) (at Assets/Editor/ChubbyAircraftDelivery.cs:220)
ChubbyAircraftDelivery:Run () (at Assets/Editor/ChubbyAircraftDelivery.cs:103)

[Assets/Editor/ChubbyAircraftDelivery.cs line 103]

Imported 'GUID: b517b3f9eb73544c9b53288dfa3d37f9' -> (Import Result ID: 'c3aefc109aac6a21757d5ae1106e337c') in 0.001 seconds [static dependencies only]. Details - ImportResultOutputID=86e94214f49a381e3a2bb3b0e248591b DependenciesID=a946d5d43f75c72e9714f10be9b928ea StaticDependenciesID=6718a3db2abb306338bd0e0692dc845e 
Importing 'GUID: 486b7e07eec9e4abebf1871700494359 - Path: Assets/Art/ChubbyAircraft/JadeIvory_ShortTwin/Meshes/Part_11.asset' with importer (NativeFormatImporter)
Main Object Name 'JadeIvory_ShortTwin_Part_11' does not match filename 'Part_11'
UnityEngine.Debug:ExtractStackTraceNoAlloc (byte*,int,string)
UnityEngine.StackTraceUtility:ExtractStackTrace () (at /Users/bokken/build/output/unity/unity/Runtime/Export/Scripting/StackTrace.cs:23)
ChubbyAircraftDelivery:SaveAndValidatePrefab (UnityEngine.GameObject,string,System.Text.StringBuilder) (at Assets/Editor/ChubbyAircraftDelivery.cs:220)
ChubbyAircraftDelivery:Run () (at Assets/Editor/ChubbyAircraftDelivery.cs:103)

[Assets/Editor/ChubbyAircraftDelivery.cs line 103]

Imported 'GUID: 486b7e07eec9e4abebf1871700494359' -> (Import Result ID: '215665e903d38733175cb2c1c22e229d') in 0.000 seconds [static dependencies only]. Details - ImportResultOutputID=3fb5c78c99b6b71524eaac4ebc3e71b8 DependenciesID=627bad8eff40a44bc819319ee4c5b41a StaticDependenciesID=17dd344fd8fd5d5af296b18e7390240e 
Importing 'GUID: 298a9fb8304f7473bb130c303b46f785 - Path: Assets/Art/ChubbyAircraft/JadeIvory_ShortTwin/Meshes/Part_05.asset' with importer (NativeFormatImporter)
Main Object Name 'JadeIvory_ShortTwin_Part_05' does not match filename 'Part_05'
UnityEngine.Debug:ExtractStackTraceNoAlloc (byte*,int,string)
UnityEngine.StackTraceUtility:ExtractStackTrace () (at /Users/bokken/build/output/unity/unity/Runtime/Export/Scripting/StackTrace.cs:23)
ChubbyAircraftDelivery:SaveAndValidatePrefab (UnityEngine.GameObject,string,System.Text.StringBuilder) (at Assets/Editor/ChubbyAircraftDelivery.cs:220)
ChubbyAircraftDelivery:Run () (at Assets/Editor/ChubbyAircraftDelivery.cs:103)

[Assets/Editor/ChubbyAircraftDelivery.cs line 103]

Imported 'GUID: 298a9fb8304f7473bb130c303b46f785' -> (Import Result ID: '6ab187e7bc48ad3cc321c3251b592137') in 0.000 seconds [static dependencies only]. Details - ImportResultOutputID=8064b1b3f3f846b60b409590a5fba0a5 DependenciesID=2ff9cbe0829fbe88ca6a949cfba0b224 StaticDependenciesID=900172dd725c1c5b0336dec4d7683aa8 
Importing 'GUID: 1ac92b60ceac54fba8462beb0be3e853 - Path: Assets/Art/ChubbyAircraft/JadeIvory_ShortTwin/Meshes/Part_06.asset' with importer (NativeFormatImporter)
Main Object Name 'JadeIvory_ShortTwin_Part_06' does not match filename 'Part_06'
UnityEngine.Debug:ExtractStackTraceNoAlloc (byte*,int,string)
UnityEngine.StackTraceUtility:ExtractStackTrace () (at /Users/bokken/build/output/unity/unity/Runtime/Export/Scripting/StackTrace.cs:23)
ChubbyAircraftDelivery:SaveAndValidatePrefab (UnityEngine.GameObject,string,System.Text.StringBuilder) (at Assets/Editor/ChubbyAircraftDelivery.cs:220)
ChubbyAircraftDelivery:Run () (at Assets/Editor/ChubbyAircraftDelivery.cs:103)

[Assets/Editor/ChubbyAircraftDelivery.cs line 103]

Imported 'GUID: 1ac92b60ceac54fba8462beb0be3e853' -> (Import Result ID: 'bfb24b175eb38b5a271b9a1c8823e381') in 0.000 seconds [static dependencies only]. Details - ImportResultOutputID=2d74802c27cd125f543be7e02da9bf41 DependenciesID=18ebad34091d6bed2d547be58fec78a3 StaticDependenciesID=9e240f6b39c0d234e04cb03481ef410d 
Importing 'GUID: da5e61c21d4da4c97accf009c459a90a - Path: Assets/Art/ChubbyAircraft/JadeIvory_ShortTwin/Meshes/Part_08.asset' with importer (NativeFormatImporter)
Main Object Name 'JadeIvory_ShortTwin_Part_08' does not match filename 'Part_08'
UnityEngine.Debug:ExtractStackTraceNoAlloc (byte*,int,string)
UnityEngine.StackTraceUtility:ExtractStackTrace () (at /Users/bokken/build/output/unity/unity/Runtime/Export/Scripting/StackTrace.cs:23)
ChubbyAircraftDelivery:SaveAndValidatePrefab (UnityEngine.GameObject,string,System.Text.StringBuilder) (at Assets/Editor/ChubbyAircraftDelivery.cs:220)
ChubbyAircraftDelivery:Run () (at Assets/Editor/ChubbyAircraftDelivery.cs:103)

[Assets/Editor/ChubbyAircraftDelivery.cs line 103]

Imported 'GUID: da5e61c21d4da4c97accf009c459a90a' -> (Import Result ID: '0b3b5ff5a6d87cf5c59c0c72a94ce114') in 0.000 seconds [static dependencies only]. Details - ImportResultOutputID=6e8d4959042607db1faa60f8481c9bd6 DependenciesID=af2853a468ccef500caf03d40eb82c86 StaticDependenciesID=4a194262cd58ca34ee0cf2e203307dbe 
Importing 'GUID: ea289c22f9d2a4a25a9f9d8628eea4e9 - Path: Assets/Art/ChubbyAircraft/JadeIvory_ShortTwin/Meshes/Part_09.asset' with importer (NativeFormatImporter)
Main Object Name 'JadeIvory_ShortTwin_Part_09' does not match filename 'Part_09'
UnityEngine.Debug:ExtractStackTraceNoAlloc (byte*,int,string)
UnityEngine.StackTraceUtility:ExtractStackTrace () (at /Users/bokken/build/output/unity/unity/Runtime/Export/Scripting/StackTrace.cs:23)
ChubbyAircraftDelivery:SaveAndValidatePrefab (UnityEngine.GameObject,string,System.Text.StringBuilder) (at Assets/Editor/ChubbyAircraftDelivery.cs:220)
ChubbyAircraftDelivery:Run () (at Assets/Editor/ChubbyAircraftDelivery.cs:103)

[Assets/Editor/ChubbyAircraftDelivery.cs line 103]

Imported 'GUID: ea289c22f9d2a4a25a9f9d8628eea4e9' -> (Import Result ID: 'd0bcfbf1256673ba8b95055cddb32a8c') in 0.000 seconds [static dependencies only]. Details - ImportResultOutputID=7d84bc167ff1cc1d5eea6f8335f83c27 DependenciesID=06855154e36466ae88d049f65e1d85fe StaticDependenciesID=f42c48c3edeffc7a96ba2ca69c8f2be2 
Importing 'GUID: fb9d101df9c4e48d38a3b7ffbec50ed2 - Path: Assets/Art/ChubbyAircraft/JadeIvory_ShortTwin/Meshes/Part_02.asset' with importer (NativeFormatImporter)
Main Object Name 'JadeIvory_ShortTwin_Part_02' does not match filename 'Part_02'
UnityEngine.Debug:ExtractStackTraceNoAlloc (byte*,int,string)
UnityEngine.StackTraceUtility:ExtractStackTrace () (at /Users/bokken/build/output/unity/unity/Runtime/Export/Scripting/StackTrace.cs:23)
ChubbyAircraftDelivery:SaveAndValidatePrefab (UnityEngine.GameObject,string,System.Text.StringBuilder) (at Assets/Editor/ChubbyAircraftDelivery.cs:220)
ChubbyAircraftDelivery:Run () (at Assets/Editor/ChubbyAircraftDelivery.cs:103)

[Assets/Editor/ChubbyAircraftDelivery.cs line 103]

Imported 'GUID: fb9d101df9c4e48d38a3b7ffbec50ed2' -> (Import Result ID: '3a3c12feb8f52c6fafb2910eae9c2963') in 0.001 seconds [static dependencies only]. Details - ImportResultOutputID=14be1517bba44a32b09a5f5be59a8656 DependenciesID=2a4db1d1bf847d066a3d7a074fa08965 StaticDependenciesID=b64b2de1a4cb913e5e016a9b0bc37998 
Asset Pipeline Refresh (id=75098d6f50a9a41c9923f59ce9c88ec7): Total: 0.020 seconds - Initiated by StopAssetImportingV2(NoUpdateAssetOptions)
Importing 'GUID: 54fd786cf3bcd4dc9858c745a30344b0 - Path: Assets/Art/ChubbyAircraft/JadeIvory_ShortTwin/JadeIvory_ShortTwin.prefab' with importer (PrefabImporter)
Imported 'GUID: 54fd786cf3bcd4dc9858c745a30344b0' -> (Import Result ID: '479963b049823053c6f2ad1ab2ae5dc8') in 0.001 seconds [static dependencies only]. Details - ImportResultOutputID=f53d38436f236468846e19c01cde54bb DependenciesID=5c5331120a7540d6c9e9fd6c3facff14 StaticDependenciesID=f580249827175e70997afff5f229621f 
Asset Pipeline Refresh (id=9b0fe169e41484b3785c60bed50d83c1): Total: 0.004 seconds - Initiated by StopAssetImportingV2(NoUpdateAssetOptions)
Loaded scene 'Library/Unused/f31c5a4931e2747c8b6f0d55049493c2'
	Deserialize:            0.182 ms
	Integration:            0.080 ms
	Integration of assets:  0.001 ms
	Thread Wait Time:       0.003 ms
	Total Operation Time:   0.266 ms
Asset Pipeline Refresh (id=ef6c7183037f44fac90a7442b97f6918): Total: 0.002 seconds - Initiated by StopAssetImportingV2(NoUpdateAssetOptions)
Importing 'GUID: 906153e43120d4658be834e9bc4e4a22 - Path: Assets/Art/ChubbyAircraft/JadeIvory_MediumTwin/Materials/Part_06.mat' with importer (NativeFormatImporter)
Main Object Name 'JadeIvory_MediumTwin_Part_06' does not match filename 'Part_06'
UnityEngine.Debug:ExtractStackTraceNoAlloc (byte*,int,string)
UnityEngine.StackTraceUtility:ExtractStackTrace () (at /Users/bokken/build/output/unity/unity/Runtime/Export/Scripting/StackTrace.cs:23)
ChubbyAircraftDelivery:SaveAndValidatePrefab (UnityEngine.GameObject,string,System.Text.StringBuilder) (at Assets/Editor/ChubbyAircraftDelivery.cs:220)
ChubbyAircraftDelivery:Run () (at Assets/Editor/ChubbyAircraftDelivery.cs:103)

[Assets/Editor/ChubbyAircraftDelivery.cs line 103]

Imported 'GUID: 906153e43120d4658be834e9bc4e4a22' -> (Import Result ID: '15a15d2e0e9ef7eb2e423288743c4307') in 0.001 seconds [static dependencies only]. Details - ImportResultOutputID=fa77d8cac8fdf2cdb15b86e637596e0a DependenciesID=9400fb4ddcb258e52b23bf4d94a6f9b6 StaticDependenciesID=7c88ebfc428cc7f312c524c9984850e0 
Importing 'GUID: 11354593537c048bda4a2cae3c91184f - Path: Assets/Art/ChubbyAircraft/JadeIvory_MediumTwin/Materials/Part_01.mat' with importer (NativeFormatImporter)
Main Object Name 'JadeIvory_MediumTwin_Part_01' does not match filename 'Part_01'
UnityEngine.Debug:ExtractStackTraceNoAlloc (byte*,int,string)
UnityEngine.StackTraceUtility:ExtractStackTrace () (at /Users/bokken/build/output/unity/unity/Runtime/Export/Scripting/StackTrace.cs:23)
ChubbyAircraftDelivery:SaveAndValidatePrefab (UnityEngine.GameObject,string,System.Text.StringBuilder) (at Assets/Editor/ChubbyAircraftDelivery.cs:220)
ChubbyAircraftDelivery:Run () (at Assets/Editor/ChubbyAircraftDelivery.cs:103)

[Assets/Editor/ChubbyAircraftDelivery.cs line 103]

Imported 'GUID: 11354593537c048bda4a2cae3c91184f' -> (Import Result ID: '6639c6b99a1c5148355a47e60ec1fe4d') in 0.000 seconds [static dependencies only]. Details - ImportResultOutputID=51a5f238b05247709c87f0cbd8f38a21 DependenciesID=92c5ba74a6856949e27a6495bcc4a3aa StaticDependenciesID=9c19ab7bc7fc08e6a3031cdb8f7193ab 
Importing 'GUID: c28d174d2d28b46b1940ebefff10af57 - Path: Assets/Art/ChubbyAircraft/JadeIvory_MediumTwin/Materials/Part_10.mat' with importer (NativeFormatImporter)
Main Object Name 'JadeIvory_MediumTwin_Part_10' does not match filename 'Part_10'
UnityEngine.Debug:ExtractStackTraceNoAlloc (byte*,int,string)
UnityEngine.StackTraceUtility:ExtractStackTrace () (at /Users/bokken/build/output/unity/unity/Runtime/Export/Scripting/StackTrace.cs:23)
ChubbyAircraftDelivery:SaveAndValidatePrefab (UnityEngine.GameObject,string,System.Text.StringBuilder) (at Assets/Editor/ChubbyAircraftDelivery.cs:220)
ChubbyAircraftDelivery:Run () (at Assets/Editor/ChubbyAircraftDelivery.cs:103)

[Assets/Editor/ChubbyAircraftDelivery.cs line 103]

Imported 'GUID: c28d174d2d28b46b1940ebefff10af57' -> (Import Result ID: '124cdaf721e7b3459ce6992c8a9ed418') in 0.000 seconds [static dependencies only]. Details - ImportResultOutputID=353a5c0c3668243dff9bbecc6d5627a8 DependenciesID=4faff79245e12b654af9be97efe74fb8 StaticDependenciesID=f7f292b9e481097a427d31efd62d6a4a 
Importing 'GUID: e2437b46bcfff455da0398c2afd6eec0 - Path: Assets/Art/ChubbyAircraft/JadeIvory_MediumTwin/Materials/Part_05.mat' with importer (NativeFormatImporter)
Main Object Name 'JadeIvory_MediumTwin_Part_05' does not match filename 'Part_05'
UnityEngine.Debug:ExtractStackTraceNoAlloc (byte*,int,string)
UnityEngine.StackTraceUtility:ExtractStackTrace () (at /Users/bokken/build/output/unity/unity/Runtime/Export/Scripting/StackTrace.cs:23)
ChubbyAircraftDelivery:SaveAndValidatePrefab (UnityEngine.GameObject,string,System.Text.StringBuilder) (at Assets/Editor/ChubbyAircraftDelivery.cs:220)
ChubbyAircraftDelivery:Run () (at Assets/Editor/ChubbyAircraftDelivery.cs:103)

[Assets/Editor/ChubbyAircraftDelivery.cs line 103]

Imported 'GUID: e2437b46bcfff455da0398c2afd6eec0' -> (Import Result ID: '731a73edf2c1431be82ca19e534ee530') in 0.000 seconds [static dependencies only]. Details - ImportResultOutputID=192c9cf679aceccc89af1e29c46c9b65 DependenciesID=1adeb08eac4ba7a387f3e4f3d40ed065 StaticDependenciesID=b27d204482af05f9141e0e6390b2294f 
Importing 'GUID: b365f85dcdb6042eaaae1ebbbadaf0a6 - Path: Assets/Art/ChubbyAircraft/JadeIvory_MediumTwin/Materials/Part_07.mat' with importer (NativeFormatImporter)
Main Object Name 'JadeIvory_MediumTwin_Part_07' does not match filename 'Part_07'
UnityEngine.Debug:ExtractStackTraceNoAlloc (byte*,int,string)
UnityEngine.StackTraceUtility:ExtractStackTrace () (at /Users/bokken/build/output/unity/unity/Runtime/Export/Scripting/StackTrace.cs:23)
ChubbyAircraftDelivery:SaveAndValidatePrefab (UnityEngine.GameObject,string,System.Text.StringBuilder) (at Assets/Editor/ChubbyAircraftDelivery.cs:220)
ChubbyAircraftDelivery:Run () (at Assets/Editor/ChubbyAircraftDelivery.cs:103)

[Assets/Editor/ChubbyAircraftDelivery.cs line 103]

Imported 'GUID: b365f85dcdb6042eaaae1ebbbadaf0a6' -> (Import Result ID: '4cb06f5ba08780b4ccae87344da06cc8') in 0.000 seconds [static dependencies only]. Details - ImportResultOutputID=a592b60e7fad331f859e0448038f043c DependenciesID=8ce1703cdad4435d06d107f71b30637b StaticDependenciesID=cdb156994122cd5c98c51fc4d6b66383 
Importing 'GUID: e3a6ffc70cc0b4c4c927914ee1faddae - Path: Assets/Art/ChubbyAircraft/JadeIvory_MediumTwin/Materials/Part_00.mat' with importer (NativeFormatImporter)
Main Object Name 'JadeIvory_MediumTwin_Part_00' does not match filename 'Part_00'
UnityEngine.Debug:ExtractStackTraceNoAlloc (byte*,int,string)
UnityEngine.StackTraceUtility:ExtractStackTrace () (at /Users/bokken/build/output/unity/unity/Runtime/Export/Scripting/StackTrace.cs:23)
ChubbyAircraftDelivery:SaveAndValidatePrefab (UnityEngine.GameObject,string,System.Text.StringBuilder) (at Assets/Editor/ChubbyAircraftDelivery.cs:220)
ChubbyAircraftDelivery:Run () (at Assets/Editor/ChubbyAircraftDelivery.cs:103)

[Assets/Editor/ChubbyAircraftDelivery.cs line 103]

Imported 'GUID: e3a6ffc70cc0b4c4c927914ee1faddae' -> (Import Result ID: '7d481258979c306bbb5005998b66ffd8') in 0.000 seconds [static dependencies only]. Details - ImportResultOutputID=f3ea9e92670ec19fb098b081b9f89262 DependenciesID=d6148c3340587722ba90dafc4d2548a6 StaticDependenciesID=846893d14891a7665d7f501bb5e49fb3 
Importing 'GUID: b6bbf21c042c74f5bb08c597b3bf3b21 - Path: Assets/Art/ChubbyAircraft/JadeIvory_MediumTwin/Materials/Part_04.mat' with importer (NativeFormatImporter)
Main Object Name 'JadeIvory_MediumTwin_Part_04' does not match filename 'Part_04'
UnityEngine.Debug:ExtractStackTraceNoAlloc (byte*,int,string)
UnityEngine.StackTraceUtility:ExtractStackTrace () (at /Users/bokken/build/output/unity/unity/Runtime/Export/Scripting/StackTrace.cs:23)
ChubbyAircraftDelivery:SaveAndValidatePrefab (UnityEngine.GameObject,string,System.Text.StringBuilder) (at Assets/Editor/ChubbyAircraftDelivery.cs:220)
ChubbyAircraftDelivery:Run () (at Assets/Editor/ChubbyAircraftDelivery.cs:103)

[Assets/Editor/ChubbyAircraftDelivery.cs line 103]

Imported 'GUID: b6bbf21c042c74f5bb08c597b3bf3b21' -> (Import Result ID: '1c2ea5b420d009d28c474dc55d070ba0') in 0.000 seconds [static dependencies only]. Details - ImportResultOutputID=b833250c2b92fa7c344459f557416bbb DependenciesID=7c2508bc90da72ed69006059e92b98ca StaticDependenciesID=f0aee018acc8a7e3b499c503101e01da 
Importing 'GUID: 89970de3d7ad440fd9c03fd18023dc45 - Path: Assets/Art/ChubbyAircraft/JadeIvory_MediumTwin/Materials/Part_11.mat' with importer (NativeFormatImporter)
Main Object Name 'JadeIvory_MediumTwin_Part_11' does not match filename 'Part_11'
UnityEngine.Debug:ExtractStackTraceNoAlloc (byte*,int,string)
UnityEngine.StackTraceUtility:ExtractStackTrace () (at /Users/bokken/build/output/unity/unity/Runtime/Export/Scripting/StackTrace.cs:23)
ChubbyAircraftDelivery:SaveAndValidatePrefab (UnityEngine.GameObject,string,System.Text.StringBuilder) (at Assets/Editor/ChubbyAircraftDelivery.cs:220)
ChubbyAircraftDelivery:Run () (at Assets/Editor/ChubbyAircraftDelivery.cs:103)

[Assets/Editor/ChubbyAircraftDelivery.cs line 103]

Imported 'GUID: 89970de3d7ad440fd9c03fd18023dc45' -> (Import Result ID: '0098e7464b6b2a12b9140301638cc3d5') in 0.000 seconds [static dependencies only]. Details - ImportResultOutputID=4c39d46a4b3c6f6e090e5ed337fc26c2 DependenciesID=61c9474bdd4856409c564009321397bc StaticDependenciesID=50f93aedecc2abba7e7f903e3fb537db 
Importing 'GUID: 6cd78c8a71bfb400cac43092e8b7571e - Path: Assets/Art/ChubbyAircraft/JadeIvory_MediumTwin/Materials/Part_12.mat' with importer (NativeFormatImporter)
Main Object Name 'JadeIvory_MediumTwin_Part_12' does not match filename 'Part_12'
UnityEngine.Debug:ExtractStackTraceNoAlloc (byte*,int,string)
UnityEngine.StackTraceUtility:ExtractStackTrace () (at /Users/bokken/build/output/unity/unity/Runtime/Export/Scripting/StackTrace.cs:23)
ChubbyAircraftDelivery:SaveAndValidatePrefab (UnityEngine.GameObject,string,System.Text.StringBuilder) (at Assets/Editor/ChubbyAircraftDelivery.cs:220)
ChubbyAircraftDelivery:Run () (at Assets/Editor/ChubbyAircraftDelivery.cs:103)

[Assets/Editor/ChubbyAircraftDelivery.cs line 103]

Imported 'GUID: 6cd78c8a71bfb400cac43092e8b7571e' -> (Import Result ID: '72ab86545ff76d0ec5c32f8f84ca412a') in 0.000 seconds [static dependencies only]. Details - ImportResultOutputID=f4e08ace2784f66554971ec451c81033 DependenciesID=06f2f2a91d9214a0701399d95e3c398a StaticDependenciesID=fa792cd3ca99683b860c13df1cbbed7f 
Importing 'GUID: 9c28979f5740f4347a11e3627d62ec3f - Path: Assets/Art/ChubbyAircraft/JadeIvory_MediumTwin/Materials/Part_09.mat' with importer (NativeFormatImporter)
Main Object Name 'JadeIvory_MediumTwin_Part_09' does not match filename 'Part_09'
UnityEngine.Debug:ExtractStackTraceNoAlloc (byte*,int,string)
UnityEngine.StackTraceUtility:ExtractStackTrace () (at /Users/bokken/build/output/unity/unity/Runtime/Export/Scripting/StackTrace.cs:23)
ChubbyAircraftDelivery:SaveAndValidatePrefab (UnityEngine.GameObject,string,System.Text.StringBuilder) (at Assets/Editor/ChubbyAircraftDelivery.cs:220)
ChubbyAircraftDelivery:Run () (at Assets/Editor/ChubbyAircraftDelivery.cs:103)

[Assets/Editor/ChubbyAircraftDelivery.cs line 103]

Imported 'GUID: 9c28979f5740f4347a11e3627d62ec3f' -> (Import Result ID: '895b6a71a76fe31c4149425cd45682a6') in 0.000 seconds [static dependencies only]. Details - ImportResultOutputID=0784afedecf3e982fdb965607a4ff80b DependenciesID=410cf7c590185c026b8b661a46cb66ee StaticDependenciesID=a7ce7fb481fdc8279df5e9bf245b407d 
Importing 'GUID: deb46d1369cda4bffbeb747660ee44ef - Path: Assets/Art/ChubbyAircraft/JadeIvory_MediumTwin/Materials/Part_03.mat' with importer (NativeFormatImporter)
Main Object Name 'JadeIvory_MediumTwin_Part_03' does not match filename 'Part_03'
UnityEngine.Debug:ExtractStackTraceNoAlloc (byte*,int,string)
UnityEngine.StackTraceUtility:ExtractStackTrace () (at /Users/bokken/build/output/unity/unity/Runtime/Export/Scripting/StackTrace.cs:23)
ChubbyAircraftDelivery:SaveAndValidatePrefab (UnityEngine.GameObject,string,System.Text.StringBuilder) (at Assets/Editor/ChubbyAircraftDelivery.cs:220)
ChubbyAircraftDelivery:Run () (at Assets/Editor/ChubbyAircraftDelivery.cs:103)

[Assets/Editor/ChubbyAircraftDelivery.cs line 103]

Imported 'GUID: deb46d1369cda4bffbeb747660ee44ef' -> (Import Result ID: 'b4b5d72674f896c76dfac10666f261ce') in 0.000 seconds [static dependencies only]. Details - ImportResultOutputID=e4d87c6b7e75594486d07e7a972ec9f2 DependenciesID=5f72a3e46d99646e815f396592f3ed5e StaticDependenciesID=b43b8ddb6554e016e76c7af73d99a33c 
Importing 'GUID: 3fbeff686d77540f2a9656705e3e9942 - Path: Assets/Art/ChubbyAircraft/JadeIvory_MediumTwin/Materials/Part_08.mat' with importer (NativeFormatImporter)
Main Object Name 'JadeIvory_MediumTwin_Part_08' does not match filename 'Part_08'
UnityEngine.Debug:ExtractStackTraceNoAlloc (byte*,int,string)
UnityEngine.StackTraceUtility:ExtractStackTrace () (at /Users/bokken/build/output/unity/unity/Runtime/Export/Scripting/StackTrace.cs:23)
ChubbyAircraftDelivery:SaveAndValidatePrefab (UnityEngine.GameObject,string,System.Text.StringBuilder) (at Assets/Editor/ChubbyAircraftDelivery.cs:220)
ChubbyAircraftDelivery:Run () (at Assets/Editor/ChubbyAircraftDelivery.cs:103)

[Assets/Editor/ChubbyAircraftDelivery.cs line 103]

Imported 'GUID: 3fbeff686d77540f2a9656705e3e9942' -> (Import Result ID: '056ddbd6d90b5a61c16f6eb45ddd5539') in 0.000 seconds [static dependencies only]. Details - ImportResultOutputID=4e57faca196cc718a74de52aa743105a DependenciesID=5b2f393bd407f82e1855e88d899b77f3 StaticDependenciesID=8fede6e2e9521a7f23e4525d3967ac16 
Importing 'GUID: 7f8896fc528174b4e882cfc4b986192a - Path: Assets/Art/ChubbyAircraft/JadeIvory_MediumTwin/Materials/Part_02.mat' with importer (NativeFormatImporter)
Main Object Name 'JadeIvory_MediumTwin_Part_02' does not match filename 'Part_02'
UnityEngine.Debug:ExtractStackTraceNoAlloc (byte*,int,string)
UnityEngine.StackTraceUtility:ExtractStackTrace () (at /Users/bokken/build/output/unity/unity/Runtime/Export/Scripting/StackTrace.cs:23)
ChubbyAircraftDelivery:SaveAndValidatePrefab (UnityEngine.GameObject,string,System.Text.StringBuilder) (at Assets/Editor/ChubbyAircraftDelivery.cs:220)
ChubbyAircraftDelivery:Run () (at Assets/Editor/ChubbyAircraftDelivery.cs:103)

[Assets/Editor/ChubbyAircraftDelivery.cs line 103]

Imported 'GUID: 7f8896fc528174b4e882cfc4b986192a' -> (Import Result ID: 'e118b31104e57787d3b332cce59d53b5') in 0.000 seconds [static dependencies only]. Details - ImportResultOutputID=51fb547ff16f9e08c5aa1839d90ce3df DependenciesID=da5830cdf8d4aeebc3616423eb56351a StaticDependenciesID=74b1c8a9a7572ba2cd7007a1ae7ca9d0 
Importing 'GUID: 20e74934660b245768d66a475fc668f5 - Path: Assets/Art/ChubbyAircraft/JadeIvory_MediumTwin/Meshes/Part_01.asset' with importer (NativeFormatImporter)
Main Object Name 'JadeIvory_MediumTwin_Part_01' does not match filename 'Part_01'
UnityEngine.Debug:ExtractStackTraceNoAlloc (byte*,int,string)
UnityEngine.StackTraceUtility:ExtractStackTrace () (at /Users/bokken/build/output/unity/unity/Runtime/Export/Scripting/StackTrace.cs:23)
ChubbyAircraftDelivery:SaveAndValidatePrefab (UnityEngine.GameObject,string,System.Text.StringBuilder) (at Assets/Editor/ChubbyAircraftDelivery.cs:220)
ChubbyAircraftDelivery:Run () (at Assets/Editor/ChubbyAircraftDelivery.cs:103)

[Assets/Editor/ChubbyAircraftDelivery.cs line 103]

Imported 'GUID: 20e74934660b245768d66a475fc668f5' -> (Import Result ID: 'e93ea2888bfdc7ae81a56c9bab824b68') in 0.001 seconds [static dependencies only]. Details - ImportResultOutputID=7e49c6bedc83450dfcf1320c98d8c2da DependenciesID=7fbe388bb118187f87b760e43b40eb42 StaticDependenciesID=8db510b63657a342099605a1c0252a9d 
Importing 'GUID: e145edfe988b24680acf87e9b81da709 - Path: Assets/Art/ChubbyAircraft/JadeIvory_MediumTwin/Meshes/Part_08.asset' with importer (NativeFormatImporter)
Main Object Name 'JadeIvory_MediumTwin_Part_08' does not match filename 'Part_08'
UnityEngine.Debug:ExtractStackTraceNoAlloc (byte*,int,string)
UnityEngine.StackTraceUtility:ExtractStackTrace () (at /Users/bokken/build/output/unity/unity/Runtime/Export/Scripting/StackTrace.cs:23)
ChubbyAircraftDelivery:SaveAndValidatePrefab (UnityEngine.GameObject,string,System.Text.StringBuilder) (at Assets/Editor/ChubbyAircraftDelivery.cs:220)
ChubbyAircraftDelivery:Run () (at Assets/Editor/ChubbyAircraftDelivery.cs:103)

[Assets/Editor/ChubbyAircraftDelivery.cs line 103]

Imported 'GUID: e145edfe988b24680acf87e9b81da709' -> (Import Result ID: '41ea3632035c4d5930c494fa7aed63b5') in 0.000 seconds [static dependencies only]. Details - ImportResultOutputID=8b7b34100e8a10bc517d21b6d0bd27c5 DependenciesID=42c5394b0a8b6e6abf5bd102a80492fe StaticDependenciesID=012ca55b3048da916e01984310c394c1 
Importing 'GUID: 625a3464e63e3499fb58836b89f63f74 - Path: Assets/Art/ChubbyAircraft/JadeIvory_MediumTwin/Meshes/Part_10.asset' with importer (NativeFormatImporter)
Main Object Name 'JadeIvory_MediumTwin_Part_10' does not match filename 'Part_10'
UnityEngine.Debug:ExtractStackTraceNoAlloc (byte*,int,string)
UnityEngine.StackTraceUtility:ExtractStackTrace () (at /Users/bokken/build/output/unity/unity/Runtime/Export/Scripting/StackTrace.cs:23)
ChubbyAircraftDelivery:SaveAndValidatePrefab (UnityEngine.GameObject,string,System.Text.StringBuilder) (at Assets/Editor/ChubbyAircraftDelivery.cs:220)
ChubbyAircraftDelivery:Run () (at Assets/Editor/ChubbyAircraftDelivery.cs:103)

[Assets/Editor/ChubbyAircraftDelivery.cs line 103]

Imported 'GUID: 625a3464e63e3499fb58836b89f63f74' -> (Import Result ID: '0c4de6ea59e0445cb30e9bed0e88d9de') in 0.000 seconds [static dependencies only]. Details - ImportResultOutputID=fdcdd6b05801e062d60fbf2cc2312c00 DependenciesID=c7dc20a657d1301c2c4a193860fbbfe2 StaticDependenciesID=f7b5bcbb452fdba15842a9677c8088bb 
Importing 'GUID: 33c2fd6b9e2da447d8663dd7917caa64 - Path: Assets/Art/ChubbyAircraft/JadeIvory_MediumTwin/Meshes/Part_09.asset' with importer (NativeFormatImporter)
Main Object Name 'JadeIvory_MediumTwin_Part_09' does not match filename 'Part_09'
UnityEngine.Debug:ExtractStackTraceNoAlloc (byte*,int,string)
UnityEngine.StackTraceUtility:ExtractStackTrace () (at /Users/bokken/build/output/unity/unity/Runtime/Export/Scripting/StackTrace.cs:23)
ChubbyAircraftDelivery:SaveAndValidatePrefab (UnityEngine.GameObject,string,System.Text.StringBuilder) (at Assets/Editor/ChubbyAircraftDelivery.cs:220)
ChubbyAircraftDelivery:Run () (at Assets/Editor/ChubbyAircraftDelivery.cs:103)

[Assets/Editor/ChubbyAircraftDelivery.cs line 103]

Imported 'GUID: 33c2fd6b9e2da447d8663dd7917caa64' -> (Import Result ID: '33905c2f58e80141e9ceb1b0b7e403bd') in 0.000 seconds [static dependencies only]. Details - ImportResultOutputID=5b2cf6238cb69db14f7c7ddde37d1ccc DependenciesID=be3cce2a7c68616785d97f8de468d2d7 StaticDependenciesID=33c7143ac81ab718a6438b3ad4f92073 
Importing 'GUID: 4635a542c313f46f4ae7451e94b85588 - Path: Assets/Art/ChubbyAircraft/JadeIvory_MediumTwin/Meshes/Part_11.asset' with importer (NativeFormatImporter)
Main Object Name 'JadeIvory_MediumTwin_Part_11' does not match filename 'Part_11'
UnityEngine.Debug:ExtractStackTraceNoAlloc (byte*,int,string)
UnityEngine.StackTraceUtility:ExtractStackTrace () (at /Users/bokken/build/output/unity/unity/Runtime/Export/Scripting/StackTrace.cs:23)
ChubbyAircraftDelivery:SaveAndValidatePrefab (UnityEngine.GameObject,string,System.Text.StringBuilder) (at Assets/Editor/ChubbyAircraftDelivery.cs:220)
ChubbyAircraftDelivery:Run () (at Assets/Editor/ChubbyAircraftDelivery.cs:103)

[Assets/Editor/ChubbyAircraftDelivery.cs line 103]

Imported 'GUID: 4635a542c313f46f4ae7451e94b85588' -> (Import Result ID: 'be09d046ef7e9093d9139596d162ebb9') in 0.000 seconds [static dependencies only]. Details - ImportResultOutputID=e845e052285aec43290491e34bda587e DependenciesID=2d480db5937083de1243326fffc82c67 StaticDependenciesID=9ee8058a036fd4f68a971fc97a26d87e 
Importing 'GUID: 4a4fcd9e24f854febabe374eca079cc4 - Path: Assets/Art/ChubbyAircraft/JadeIvory_MediumTwin/Meshes/Part_02.asset' with importer (NativeFormatImporter)
Main Object Name 'JadeIvory_MediumTwin_Part_02' does not match filename 'Part_02'
UnityEngine.Debug:ExtractStackTraceNoAlloc (byte*,int,string)
UnityEngine.StackTraceUtility:ExtractStackTrace () (at /Users/bokken/build/output/unity/unity/Runtime/Export/Scripting/StackTrace.cs:23)
ChubbyAircraftDelivery:SaveAndValidatePrefab (UnityEngine.GameObject,string,System.Text.StringBuilder) (at Assets/Editor/ChubbyAircraftDelivery.cs:220)
ChubbyAircraftDelivery:Run () (at Assets/Editor/ChubbyAircraftDelivery.cs:103)

[Assets/Editor/ChubbyAircraftDelivery.cs line 103]

Imported 'GUID: 4a4fcd9e24f854febabe374eca079cc4' -> (Import Result ID: '85354b90a3da88a1dd0d8cba4dd2c9a0') in 0.001 seconds [static dependencies only]. Details - ImportResultOutputID=bb70f990c333ce8bb4ca936929c54642 DependenciesID=380c2c804b92409abe0d5af23b4f4710 StaticDependenciesID=7a530b15a3d2b5ec15ae92210dbdd8df 
Importing 'GUID: 4c19a328bac4d4b08b223d6a2c01e2db - Path: Assets/Art/ChubbyAircraft/JadeIvory_MediumTwin/Meshes/Part_00.asset' with importer (NativeFormatImporter)
Main Object Name 'JadeIvory_MediumTwin_Part_00' does not match filename 'Part_00'
UnityEngine.Debug:ExtractStackTraceNoAlloc (byte*,int,string)
UnityEngine.StackTraceUtility:ExtractStackTrace () (at /Users/bokken/build/output/unity/unity/Runtime/Export/Scripting/StackTrace.cs:23)
ChubbyAircraftDelivery:SaveAndValidatePrefab (UnityEngine.GameObject,string,System.Text.StringBuilder) (at Assets/Editor/ChubbyAircraftDelivery.cs:220)
ChubbyAircraftDelivery:Run () (at Assets/Editor/ChubbyAircraftDelivery.cs:103)

[Assets/Editor/ChubbyAircraftDelivery.cs line 103]

Imported 'GUID: 4c19a328bac4d4b08b223d6a2c01e2db' -> (Import Result ID: '560b43051a33af181937c6b233714f77') in 0.001 seconds [static dependencies only]. Details - ImportResultOutputID=a81d082ccf39428f1e255c8f1501f6f4 DependenciesID=ac4d8fe1e94a3aa46b649d4c01a988e6 StaticDependenciesID=67542f6db497d427ca4397d720a3a7ee 
Importing 'GUID: 7c6d0bc5407f749f9b36332db8a51d90 - Path: Assets/Art/ChubbyAircraft/JadeIvory_MediumTwin/Meshes/Part_07.asset' with importer (NativeFormatImporter)
Main Object Name 'JadeIvory_MediumTwin_Part_07' does not match filename 'Part_07'
UnityEngine.Debug:ExtractStackTraceNoAlloc (byte*,int,string)
UnityEngine.StackTraceUtility:ExtractStackTrace () (at /Users/bokken/build/output/unity/unity/Runtime/Export/Scripting/StackTrace.cs:23)
ChubbyAircraftDelivery:SaveAndValidatePrefab (UnityEngine.GameObject,string,System.Text.StringBuilder) (at Assets/Editor/ChubbyAircraftDelivery.cs:220)
ChubbyAircraftDelivery:Run () (at Assets/Editor/ChubbyAircraftDelivery.cs:103)

[Assets/Editor/ChubbyAircraftDelivery.cs line 103]

Imported 'GUID: 7c6d0bc5407f749f9b36332db8a51d90' -> (Import Result ID: 'ea91d56320afdfc91bf458d4eaa711fe') in 0.000 seconds [static dependencies only]. Details - ImportResultOutputID=3e1df3d5a595e32f494309beb5216ae5 DependenciesID=74847d366c9cb62dcc56f4dd120ca6f9 StaticDependenciesID=37514dd833a4f21fd283fc80db820e97 
Importing 'GUID: 8caaa9d800cfc4d65804efb69efb7a5b - Path: Assets/Art/ChubbyAircraft/JadeIvory_MediumTwin/Meshes/Part_06.asset' with importer (NativeFormatImporter)
Main Object Name 'JadeIvory_MediumTwin_Part_06' does not match filename 'Part_06'
UnityEngine.Debug:ExtractStackTraceNoAlloc (byte*,int,string)
UnityEngine.StackTraceUtility:ExtractStackTrace () (at /Users/bokken/build/output/unity/unity/Runtime/Export/Scripting/StackTrace.cs:23)
ChubbyAircraftDelivery:SaveAndValidatePrefab (UnityEngine.GameObject,string,System.Text.StringBuilder) (at Assets/Editor/ChubbyAircraftDelivery.cs:220)
ChubbyAircraftDelivery:Run () (at Assets/Editor/ChubbyAircraftDelivery.cs:103)

[Assets/Editor/ChubbyAircraftDelivery.cs line 103]

Imported 'GUID: 8caaa9d800cfc4d65804efb69efb7a5b' -> (Import Result ID: '7a6ae109119c24c5048a90472e957580') in 0.000 seconds [static dependencies only]. Details - ImportResultOutputID=9a4273a4dce2680779ef6c1e0dff5aa7 DependenciesID=0b529a88a2de2f712a7b432354227f41 StaticDependenciesID=f6c8fa1200736d4122b367ec89fa8515 
Importing 'GUID: dc5831070b097474ebfc116f20a4c80d - Path: Assets/Art/ChubbyAircraft/JadeIvory_MediumTwin/Meshes/Part_12.asset' with importer (NativeFormatImporter)
Main Object Name 'JadeIvory_MediumTwin_Part_12' does not match filename 'Part_12'
UnityEngine.Debug:ExtractStackTraceNoAlloc (byte*,int,string)
UnityEngine.StackTraceUtility:ExtractStackTrace () (at /Users/bokken/build/output/unity/unity/Runtime/Export/Scripting/StackTrace.cs:23)
ChubbyAircraftDelivery:SaveAndValidatePrefab (UnityEngine.GameObject,string,System.Text.StringBuilder) (at Assets/Editor/ChubbyAircraftDelivery.cs:220)
ChubbyAircraftDelivery:Run () (at Assets/Editor/ChubbyAircraftDelivery.cs:103)

[Assets/Editor/ChubbyAircraftDelivery.cs line 103]

Imported 'GUID: dc5831070b097474ebfc116f20a4c80d' -> (Import Result ID: 'bf6c9853bcbd6ba1df465689a0906475') in 0.001 seconds [static dependencies only]. Details - ImportResultOutputID=ae30c719c39223bfb04e7e5dcc755120 DependenciesID=653ae8eb074b472b291d43e500413e76 StaticDependenciesID=a0de58a9ea773baf1cae3306c0e383fd 
Importing 'GUID: ee0aa3782b3d84dff9dcdd7842bd5ffc - Path: Assets/Art/ChubbyAircraft/JadeIvory_MediumTwin/Meshes/Part_03.asset' with importer (NativeFormatImporter)
Main Object Name 'JadeIvory_MediumTwin_Part_03' does not match filename 'Part_03'
UnityEngine.Debug:ExtractStackTraceNoAlloc (byte*,int,string)
UnityEngine.StackTraceUtility:ExtractStackTrace () (at /Users/bokken/build/output/unity/unity/Runtime/Export/Scripting/StackTrace.cs:23)
ChubbyAircraftDelivery:SaveAndValidatePrefab (UnityEngine.GameObject,string,System.Text.StringBuilder) (at Assets/Editor/ChubbyAircraftDelivery.cs:220)
ChubbyAircraftDelivery:Run () (at Assets/Editor/ChubbyAircraftDelivery.cs:103)

[Assets/Editor/ChubbyAircraftDelivery.cs line 103]

Imported 'GUID: ee0aa3782b3d84dff9dcdd7842bd5ffc' -> (Import Result ID: 'f990e62f4ebce53703ba72a91288d484') in 0.001 seconds [static dependencies only]. Details - ImportResultOutputID=4516648b65fe6c66365b89aef892c016 DependenciesID=545d37f098c2eea14328b2851ed7a507 StaticDependenciesID=bc98e3c218a17517aeb340cf9e7797cc 
Importing 'GUID: afb955d6c75fa4059b97216285fe4fc4 - Path: Assets/Art/ChubbyAircraft/JadeIvory_MediumTwin/Meshes/Part_05.asset' with importer (NativeFormatImporter)
Main Object Name 'JadeIvory_MediumTwin_Part_05' does not match filename 'Part_05'
UnityEngine.Debug:ExtractStackTraceNoAlloc (byte*,int,string)
UnityEngine.StackTraceUtility:ExtractStackTrace () (at /Users/bokken/build/output/unity/unity/Runtime/Export/Scripting/StackTrace.cs:23)
ChubbyAircraftDelivery:SaveAndValidatePrefab (UnityEngine.GameObject,string,System.Text.StringBuilder) (at Assets/Editor/ChubbyAircraftDelivery.cs:220)
ChubbyAircraftDelivery:Run () (at Assets/Editor/ChubbyAircraftDelivery.cs:103)

[Assets/Editor/ChubbyAircraftDelivery.cs line 103]

Imported 'GUID: afb955d6c75fa4059b97216285fe4fc4' -> (Import Result ID: '1a45b0c01d8d61f7cae0bcf9d4dd97ba') in 0.000 seconds [static dependencies only]. Details - ImportResultOutputID=8b9238d2bc11c7b9e4f53472ebbb9e4d DependenciesID=38b67c572d2f5d6ca3f7949c8b371f14 StaticDependenciesID=2b8c0292acacc888f66ccd4d0ea08bc4 
Importing 'GUID: df50d57984ca84a048990f2fae6b9caa - Path: Assets/Art/ChubbyAircraft/JadeIvory_MediumTwin/Meshes/Part_04.asset' with importer (NativeFormatImporter)
Main Object Name 'JadeIvory_MediumTwin_Part_04' does not match filename 'Part_04'
UnityEngine.Debug:ExtractStackTraceNoAlloc (byte*,int,string)
UnityEngine.StackTraceUtility:ExtractStackTrace () (at /Users/bokken/build/output/unity/unity/Runtime/Export/Scripting/StackTrace.cs:23)
ChubbyAircraftDelivery:SaveAndValidatePrefab (UnityEngine.GameObject,string,System.Text.StringBuilder) (at Assets/Editor/ChubbyAircraftDelivery.cs:220)
ChubbyAircraftDelivery:Run () (at Assets/Editor/ChubbyAircraftDelivery.cs:103)

[Assets/Editor/ChubbyAircraftDelivery.cs line 103]

Imported 'GUID: df50d57984ca84a048990f2fae6b9caa' -> (Import Result ID: 'dab3ee755e0bbdd0ec5a47cf9a2ec4f7') in 0.000 seconds [static dependencies only]. Details - ImportResultOutputID=b6a0ddbb8a2e87fab50b996d7ba39dc2 DependenciesID=cd238e51818a224c09905a10d4ecc986 StaticDependenciesID=81ed28313d3ded2a71f162465431567d 
Asset Pipeline Refresh (id=7c2bab649c66a47978da802c92dd5a46): Total: 0.020 seconds - Initiated by StopAssetImportingV2(NoUpdateAssetOptions)
Importing 'GUID: 08ff536bd36d5464bac6f5094f7c8f08 - Path: Assets/Art/ChubbyAircraft/JadeIvory_MediumTwin/JadeIvory_MediumTwin.prefab' with importer (PrefabImporter)
Imported 'GUID: 08ff536bd36d5464bac6f5094f7c8f08' -> (Import Result ID: 'c456d5e3fad861ae6bfe3ae5312a2fae') in 0.001 seconds [static dependencies only]. Details - ImportResultOutputID=0c454a6082fb6e8b51b85b773e2395f6 DependenciesID=7753b7733ebfc56321e01a69d3ecb94f StaticDependenciesID=90c0892d026be6744c4c72ba6352d2bd 
Asset Pipeline Refresh (id=a4438cf2e364b45c782861e98896e0f8): Total: 0.004 seconds - Initiated by StopAssetImportingV2(NoUpdateAssetOptions)
Loaded scene 'Library/Unused/cb2394adf15e749f18e951c8d32db6af'
	Deserialize:            0.191 ms
	Integration:            0.070 ms
	Integration of assets:  0.001 ms
	Thread Wait Time:       0.013 ms
	Total Operation Time:   0.274 ms
Asset Pipeline Refresh (id=f851ace187534489385cd747884e0bcb): Total: 0.002 seconds - Initiated by StopAssetImportingV2(NoUpdateAssetOptions)
Importing 'GUID: 70c6a4229ee16418d93719a59493eb45 - Path: Assets/Art/ChubbyAircraft/JadeIvory_LongQuad/Materials/Part_05.mat' with importer (NativeFormatImporter)
Main Object Name 'JadeIvory_LongQuad_Part_05' does not match filename 'Part_05'
UnityEngine.Debug:ExtractStackTraceNoAlloc (byte*,int,string)
UnityEngine.StackTraceUtility:ExtractStackTrace () (at /Users/bokken/build/output/unity/unity/Runtime/Export/Scripting/StackTrace.cs:23)
ChubbyAircraftDelivery:SaveAndValidatePrefab (UnityEngine.GameObject,string,System.Text.StringBuilder) (at Assets/Editor/ChubbyAircraftDelivery.cs:220)
ChubbyAircraftDelivery:Run () (at Assets/Editor/ChubbyAircraftDelivery.cs:103)

[Assets/Editor/ChubbyAircraftDelivery.cs line 103]

Imported 'GUID: 70c6a4229ee16418d93719a59493eb45' -> (Import Result ID: 'fe263b21b4ede2d7448521e6813afcd7') in 0.001 seconds [static dependencies only]. Details - ImportResultOutputID=742a849bde291afa2971f7deaf56fc06 DependenciesID=d8d8753c89693537fad40a536b82cac8 StaticDependenciesID=a5b224a475a3571596adc07e72db8556 
Importing 'GUID: 91b65d7f2848641cb9e6b56b54afe1d3 - Path: Assets/Art/ChubbyAircraft/JadeIvory_LongQuad/Materials/Part_01.mat' with importer (NativeFormatImporter)
Main Object Name 'JadeIvory_LongQuad_Part_01' does not match filename 'Part_01'
UnityEngine.Debug:ExtractStackTraceNoAlloc (byte*,int,string)
UnityEngine.StackTraceUtility:ExtractStackTrace () (at /Users/bokken/build/output/unity/unity/Runtime/Export/Scripting/StackTrace.cs:23)
ChubbyAircraftDelivery:SaveAndValidatePrefab (UnityEngine.GameObject,string,System.Text.StringBuilder) (at Assets/Editor/ChubbyAircraftDelivery.cs:220)
ChubbyAircraftDelivery:Run () (at Assets/Editor/ChubbyAircraftDelivery.cs:103)

[Assets/Editor/ChubbyAircraftDelivery.cs line 103]

Imported 'GUID: 91b65d7f2848641cb9e6b56b54afe1d3' -> (Import Result ID: '0d74a5e6f8dd6d80839c766ae58e4a00') in 0.000 seconds [static dependencies only]. Details - ImportResultOutputID=7ff3f2382f9369710d4d49d1c3a80c04 DependenciesID=2a12f0785875f078441925a5e4a79afd StaticDependenciesID=3065c8ca7f36d6d8da17cb096ba358ca 
Importing 'GUID: 23cd5a50ca63f41c9b2f0dc60e5da546 - Path: Assets/Art/ChubbyAircraft/JadeIvory_LongQuad/Materials/Part_11.mat' with importer (NativeFormatImporter)
Main Object Name 'JadeIvory_LongQuad_Part_11' does not match filename 'Part_11'
UnityEngine.Debug:ExtractStackTraceNoAlloc (byte*,int,string)
UnityEngine.StackTraceUtility:ExtractStackTrace () (at /Users/bokken/build/output/unity/unity/Runtime/Export/Scripting/StackTrace.cs:23)
ChubbyAircraftDelivery:SaveAndValidatePrefab (UnityEngine.GameObject,string,System.Text.StringBuilder) (at Assets/Editor/ChubbyAircraftDelivery.cs:220)
ChubbyAircraftDelivery:Run () (at Assets/Editor/ChubbyAircraftDelivery.cs:103)

[Assets/Editor/ChubbyAircraftDelivery.cs line 103]

Imported 'GUID: 23cd5a50ca63f41c9b2f0dc60e5da546' -> (Import Result ID: 'b86ba4d9877107daba9d6c5ec450cc1f') in 0.000 seconds [static dependencies only]. Details - ImportResultOutputID=3f4cc00ab78b336fc2d35651af870753 DependenciesID=b828b0f803a3748e2b98b26a455d5162 StaticDependenciesID=5379c701314357ab37af9332c6252c7d 
Importing 'GUID: 3504184ae77144197bd7fa0444934b8a - Path: Assets/Art/ChubbyAircraft/JadeIvory_LongQuad/Materials/Part_09.mat' with importer (NativeFormatImporter)
Main Object Name 'JadeIvory_LongQuad_Part_09' does not match filename 'Part_09'
UnityEngine.Debug:ExtractStackTraceNoAlloc (byte*,int,string)
UnityEngine.StackTraceUtility:ExtractStackTrace () (at /Users/bokken/build/output/unity/unity/Runtime/Export/Scripting/StackTrace.cs:23)
ChubbyAircraftDelivery:SaveAndValidatePrefab (UnityEngine.GameObject,string,System.Text.StringBuilder) (at Assets/Editor/ChubbyAircraftDelivery.cs:220)
ChubbyAircraftDelivery:Run () (at Assets/Editor/ChubbyAircraftDelivery.cs:103)

[Assets/Editor/ChubbyAircraftDelivery.cs line 103]

Imported 'GUID: 3504184ae77144197bd7fa0444934b8a' -> (Import Result ID: 'e36b974a74ebfbfe91b2cf3b7194f53b') in 0.000 seconds [static dependencies only]. Details - ImportResultOutputID=371764c9caad0d19e78024beeacd2b9e DependenciesID=9d16570ddd045dcadd42be4f5e2af783 StaticDependenciesID=e12015443a435e131eecb63f99639a07 
Importing 'GUID: c5e72cc271351469181449baef0fece9 - Path: Assets/Art/ChubbyAircraft/JadeIvory_LongQuad/Materials/Part_07.mat' with importer (NativeFormatImporter)
Main Object Name 'JadeIvory_LongQuad_Part_07' does not match filename 'Part_07'
UnityEngine.Debug:ExtractStackTraceNoAlloc (byte*,int,string)
UnityEngine.StackTraceUtility:ExtractStackTrace () (at /Users/bokken/build/output/unity/unity/Runtime/Export/Scripting/StackTrace.cs:23)
ChubbyAircraftDelivery:SaveAndValidatePrefab (UnityEngine.GameObject,string,System.Text.StringBuilder) (at Assets/Editor/ChubbyAircraftDelivery.cs:220)
ChubbyAircraftDelivery:Run () (at Assets/Editor/ChubbyAircraftDelivery.cs:103)

[Assets/Editor/ChubbyAircraftDelivery.cs line 103]

Imported 'GUID: c5e72cc271351469181449baef0fece9' -> (Import Result ID: '3b4c86f9fd5815c8749b510abc1aa9ea') in 0.000 seconds [static dependencies only]. Details - ImportResultOutputID=4d7a268540c1eb62b92026933f8a542d DependenciesID=54705524abf1c35ff00407b2469ce936 StaticDependenciesID=bc7ac19669f461fc76e8e4224d61fb0e 
Importing 'GUID: 666767bb954c04c5eac828fcb794c459 - Path: Assets/Art/ChubbyAircraft/JadeIvory_LongQuad/Materials/Part_00.mat' with importer (NativeFormatImporter)
Main Object Name 'JadeIvory_LongQuad_Part_00' does not match filename 'Part_00'
UnityEngine.Debug:ExtractStackTraceNoAlloc (byte*,int,string)
UnityEngine.StackTraceUtility:ExtractStackTrace () (at /Users/bokken/build/output/unity/unity/Runtime/Export/Scripting/StackTrace.cs:23)
ChubbyAircraftDelivery:SaveAndValidatePrefab (UnityEngine.GameObject,string,System.Text.StringBuilder) (at Assets/Editor/ChubbyAircraftDelivery.cs:220)
ChubbyAircraftDelivery:Run () (at Assets/Editor/ChubbyAircraftDelivery.cs:103)

[Assets/Editor/ChubbyAircraftDelivery.cs line 103]

Imported 'GUID: 666767bb954c04c5eac828fcb794c459' -> (Import Result ID: 'b132f3230449627f9b0f48c402956df8') in 0.000 seconds [static dependencies only]. Details - ImportResultOutputID=6c87fe498ca776a579a5555df84fd763 DependenciesID=7ebd713cf45915a55b6f5f451fcc583f StaticDependenciesID=68d50dea00cc97cbb566dce690fe9e80 
Importing 'GUID: 6727f3ce82c8c45d18e55f4aff2ed529 - Path: Assets/Art/ChubbyAircraft/JadeIvory_LongQuad/Materials/Part_04.mat' with importer (NativeFormatImporter)
Main Object Name 'JadeIvory_LongQuad_Part_04' does not match filename 'Part_04'
UnityEngine.Debug:ExtractStackTraceNoAlloc (byte*,int,string)
UnityEngine.StackTraceUtility:ExtractStackTrace () (at /Users/bokken/build/output/unity/unity/Runtime/Export/Scripting/StackTrace.cs:23)
ChubbyAircraftDelivery:SaveAndValidatePrefab (UnityEngine.GameObject,string,System.Text.StringBuilder) (at Assets/Editor/ChubbyAircraftDelivery.cs:220)
ChubbyAircraftDelivery:Run () (at Assets/Editor/ChubbyAircraftDelivery.cs:103)

[Assets/Editor/ChubbyAircraftDelivery.cs line 103]

Imported 'GUID: 6727f3ce82c8c45d18e55f4aff2ed529' -> (Import Result ID: '27df137c90f4a26ccaa118b1f262f62b') in 0.000 seconds [static dependencies only]. Details - ImportResultOutputID=3e461ab100dea4e9bb9d46826069b89c DependenciesID=63893ad7509577a20936aea450b78dc0 StaticDependenciesID=e7e0a615efca45b1cff2684471a3f9eb 
Importing 'GUID: f9bb3369886334959a012f122b27f081 - Path: Assets/Art/ChubbyAircraft/JadeIvory_LongQuad/Materials/Part_12.mat' with importer (NativeFormatImporter)
Main Object Name 'JadeIvory_LongQuad_Part_12' does not match filename 'Part_12'
UnityEngine.Debug:ExtractStackTraceNoAlloc (byte*,int,string)
UnityEngine.StackTraceUtility:ExtractStackTrace () (at /Users/bokken/build/output/unity/unity/Runtime/Export/Scripting/StackTrace.cs:23)
ChubbyAircraftDelivery:SaveAndValidatePrefab (UnityEngine.GameObject,string,System.Text.StringBuilder) (at Assets/Editor/ChubbyAircraftDelivery.cs:220)
ChubbyAircraftDelivery:Run () (at Assets/Editor/ChubbyAircraftDelivery.cs:103)

[Assets/Editor/ChubbyAircraftDelivery.cs line 103]

Imported 'GUID: f9bb3369886334959a012f122b27f081' -> (Import Result ID: '764448344cc12e4ac30a200c798b1aee') in 0.000 seconds [static dependencies only]. Details - ImportResultOutputID=e27df977af004e23bd7d90677a2f8428 DependenciesID=d3e0a969d9199c508b7a0c128c54e789 StaticDependenciesID=7bea21168a70a289be358a6d7d0e03ea 
Importing 'GUID: 1a34af8a84413448a92998fae572f2b7 - Path: Assets/Art/ChubbyAircraft/JadeIvory_LongQuad/Materials/Part_03.mat' with importer (NativeFormatImporter)
Main Object Name 'JadeIvory_LongQuad_Part_03' does not match filename 'Part_03'
UnityEngine.Debug:ExtractStackTraceNoAlloc (byte*,int,string)
UnityEngine.StackTraceUtility:ExtractStackTrace () (at /Users/bokken/build/output/unity/unity/Runtime/Export/Scripting/StackTrace.cs:23)
ChubbyAircraftDelivery:SaveAndValidatePrefab (UnityEngine.GameObject,string,System.Text.StringBuilder) (at Assets/Editor/ChubbyAircraftDelivery.cs:220)
ChubbyAircraftDelivery:Run () (at Assets/Editor/ChubbyAircraftDelivery.cs:103)

[Assets/Editor/ChubbyAircraftDelivery.cs line 103]

Imported 'GUID: 1a34af8a84413448a92998fae572f2b7' -> (Import Result ID: '58d1a30f56be3187e98ae2e7826f5dfd') in 0.000 seconds [static dependencies only]. Details - ImportResultOutputID=4e9adb4a32320496ee22312dd6cf843f DependenciesID=9330cefdbd83160d7bcb619002f6950a StaticDependenciesID=5c1e579b968c4f79511bd167be9c69bb 
Importing 'GUID: 0bb64b4e84a7f420cb096ef77c4b3f73 - Path: Assets/Art/ChubbyAircraft/JadeIvory_LongQuad/Materials/Part_10.mat' with importer (NativeFormatImporter)
Main Object Name 'JadeIvory_LongQuad_Part_10' does not match filename 'Part_10'
UnityEngine.Debug:ExtractStackTraceNoAlloc (byte*,int,string)
UnityEngine.StackTraceUtility:ExtractStackTrace () (at /Users/bokken/build/output/unity/unity/Runtime/Export/Scripting/StackTrace.cs:23)
ChubbyAircraftDelivery:SaveAndValidatePrefab (UnityEngine.GameObject,string,System.Text.StringBuilder) (at Assets/Editor/ChubbyAircraftDelivery.cs:220)
ChubbyAircraftDelivery:Run () (at Assets/Editor/ChubbyAircraftDelivery.cs:103)

[Assets/Editor/ChubbyAircraftDelivery.cs line 103]

Imported 'GUID: 0bb64b4e84a7f420cb096ef77c4b3f73' -> (Import Result ID: 'eccfbfdba449a0c41d750e7ab44add4b') in 0.000 seconds [static dependencies only]. Details - ImportResultOutputID=57273363b7ea1bf15d2d1ac12dcbbbe8 DependenciesID=edb6ed09ad9fb2916bc8720907c86446 StaticDependenciesID=20ed200214ce1f1dd5c87d9575f5bd8a 
Importing 'GUID: 4da4d047122c44a168cc557d4b8e4d77 - Path: Assets/Art/ChubbyAircraft/JadeIvory_LongQuad/Materials/Part_02.mat' with importer (NativeFormatImporter)
Main Object Name 'JadeIvory_LongQuad_Part_02' does not match filename 'Part_02'
UnityEngine.Debug:ExtractStackTraceNoAlloc (byte*,int,string)
UnityEngine.StackTraceUtility:ExtractStackTrace () (at /Users/bokken/build/output/unity/unity/Runtime/Export/Scripting/StackTrace.cs:23)
ChubbyAircraftDelivery:SaveAndValidatePrefab (UnityEngine.GameObject,string,System.Text.StringBuilder) (at Assets/Editor/ChubbyAircraftDelivery.cs:220)
ChubbyAircraftDelivery:Run () (at Assets/Editor/ChubbyAircraftDelivery.cs:103)

[Assets/Editor/ChubbyAircraftDelivery.cs line 103]

Imported 'GUID: 4da4d047122c44a168cc557d4b8e4d77' -> (Import Result ID: 'fde0017f2baf6e0bda367343d16e40bf') in 0.000 seconds [static dependencies only]. Details - ImportResultOutputID=a39f9716ab8d001a0bfa766d2566064a DependenciesID=bfe501052cea48d0fb956e2a87643589 StaticDependenciesID=a6b48383f365fbd00c62d9bd7eba9a4e 
Importing 'GUID: 0e86c066ca0684e439286e38813b6f0c - Path: Assets/Art/ChubbyAircraft/JadeIvory_LongQuad/Materials/Part_08.mat' with importer (NativeFormatImporter)
Main Object Name 'JadeIvory_LongQuad_Part_08' does not match filename 'Part_08'
UnityEngine.Debug:ExtractStackTraceNoAlloc (byte*,int,string)
UnityEngine.StackTraceUtility:ExtractStackTrace () (at /Users/bokken/build/output/unity/unity/Runtime/Export/Scripting/StackTrace.cs:23)
ChubbyAircraftDelivery:SaveAndValidatePrefab (UnityEngine.GameObject,string,System.Text.StringBuilder) (at Assets/Editor/ChubbyAircraftDelivery.cs:220)
ChubbyAircraftDelivery:Run () (at Assets/Editor/ChubbyAircraftDelivery.cs:103)

[Assets/Editor/ChubbyAircraftDelivery.cs line 103]

Imported 'GUID: 0e86c066ca0684e439286e38813b6f0c' -> (Import Result ID: '7aeef58c1f8311e01fef0527553577e6') in 0.000 seconds [static dependencies only]. Details - ImportResultOutputID=3ee9829e566965c67f09c4293516e86b DependenciesID=4acf54fa8dd56da61e874c41e6ba77b6 StaticDependenciesID=8344c759af39466168dcb0ed4ef4935c 
Importing 'GUID: eeb5f04013c214bd1bf4af032e2618b9 - Path: Assets/Art/ChubbyAircraft/JadeIvory_LongQuad/Materials/Part_06.mat' with importer (NativeFormatImporter)
Main Object Name 'JadeIvory_LongQuad_Part_06' does not match filename 'Part_06'
UnityEngine.Debug:ExtractStackTraceNoAlloc (byte*,int,string)
UnityEngine.StackTraceUtility:ExtractStackTrace () (at /Users/bokken/build/output/unity/unity/Runtime/Export/Scripting/StackTrace.cs:23)
ChubbyAircraftDelivery:SaveAndValidatePrefab (UnityEngine.GameObject,string,System.Text.StringBuilder) (at Assets/Editor/ChubbyAircraftDelivery.cs:220)
ChubbyAircraftDelivery:Run () (at Assets/Editor/ChubbyAircraftDelivery.cs:103)

[Assets/Editor/ChubbyAircraftDelivery.cs line 103]

Imported 'GUID: eeb5f04013c214bd1bf4af032e2618b9' -> (Import Result ID: 'dac48e468131f7cd68a4f224ce72bee2') in 0.000 seconds [static dependencies only]. Details - ImportResultOutputID=4f9120815c007ebaffa70558409080b1 DependenciesID=62268648421e297950486b12fc3f8764 StaticDependenciesID=a653bac4453757f706b2d6a120ae3792 
Importing 'GUID: 4085f7be2e172428a8c4d230e48f1411 - Path: Assets/Art/ChubbyAircraft/JadeIvory_LongQuad/Meshes/Part_08.asset' with importer (NativeFormatImporter)
Main Object Name 'JadeIvory_LongQuad_Part_08' does not match filename 'Part_08'
UnityEngine.Debug:ExtractStackTraceNoAlloc (byte*,int,string)
UnityEngine.StackTraceUtility:ExtractStackTrace () (at /Users/bokken/build/output/unity/unity/Runtime/Export/Scripting/StackTrace.cs:23)
ChubbyAircraftDelivery:SaveAndValidatePrefab (UnityEngine.GameObject,string,System.Text.StringBuilder) (at Assets/Editor/ChubbyAircraftDelivery.cs:220)
ChubbyAircraftDelivery:Run () (at Assets/Editor/ChubbyAircraftDelivery.cs:103)

[Assets/Editor/ChubbyAircraftDelivery.cs line 103]

Imported 'GUID: 4085f7be2e172428a8c4d230e48f1411' -> (Import Result ID: '3843ff1e1bbbfe453234c5f4312f8e66') in 0.000 seconds [static dependencies only]. Details - ImportResultOutputID=8e0b7dcd59840962a4b4c927060d6277 DependenciesID=e77c269c02a7c59655a266b6515e211a StaticDependenciesID=ef3178fb9e70781981694bec639b6db7 
Importing 'GUID: f1177b9df181447b287e3e94e3cb6dac - Path: Assets/Art/ChubbyAircraft/JadeIvory_LongQuad/Meshes/Part_07.asset' with importer (NativeFormatImporter)
Main Object Name 'JadeIvory_LongQuad_Part_07' does not match filename 'Part_07'
UnityEngine.Debug:ExtractStackTraceNoAlloc (byte*,int,string)
UnityEngine.StackTraceUtility:ExtractStackTrace () (at /Users/bokken/build/output/unity/unity/Runtime/Export/Scripting/StackTrace.cs:23)
ChubbyAircraftDelivery:SaveAndValidatePrefab (UnityEngine.GameObject,string,System.Text.StringBuilder) (at Assets/Editor/ChubbyAircraftDelivery.cs:220)
ChubbyAircraftDelivery:Run () (at Assets/Editor/ChubbyAircraftDelivery.cs:103)

[Assets/Editor/ChubbyAircraftDelivery.cs line 103]

Imported 'GUID: f1177b9df181447b287e3e94e3cb6dac' -> (Import Result ID: 'fb1bf6aa7b55cba6e6092db196b744d6') in 0.000 seconds [static dependencies only]. Details - ImportResultOutputID=3e66ada0ade66893633348f0258084e8 DependenciesID=9f24c5556a523877f27d222da0f486af StaticDependenciesID=d0453dd871649a568998fd8ff9b36fc9 
Importing 'GUID: 62699320b178449419d4a275da0bf54e - Path: Assets/Art/ChubbyAircraft/JadeIvory_LongQuad/Meshes/Part_02.asset' with importer (NativeFormatImporter)
Main Object Name 'JadeIvory_LongQuad_Part_02' does not match filename 'Part_02'
UnityEngine.Debug:ExtractStackTraceNoAlloc (byte*,int,string)
UnityEngine.StackTraceUtility:ExtractStackTrace () (at /Users/bokken/build/output/unity/unity/Runtime/Export/Scripting/StackTrace.cs:23)
ChubbyAircraftDelivery:SaveAndValidatePrefab (UnityEngine.GameObject,string,System.Text.StringBuilder) (at Assets/Editor/ChubbyAircraftDelivery.cs:220)
ChubbyAircraftDelivery:Run () (at Assets/Editor/ChubbyAircraftDelivery.cs:103)

[Assets/Editor/ChubbyAircraftDelivery.cs line 103]

Imported 'GUID: 62699320b178449419d4a275da0bf54e' -> (Import Result ID: '626d9926305b56111218f87847d65b55') in 0.002 seconds [static dependencies only]. Details - ImportResultOutputID=2a11752a700e133c9b17da93aa3c6d49 DependenciesID=a7221c401e8c08f6887989f00b03b4d4 StaticDependenciesID=e21d7a94f5f6898d54addbcd5547ee6b 
Importing 'GUID: e26e0236f3f1c4004bfca48f762fef57 - Path: Assets/Art/ChubbyAircraft/JadeIvory_LongQuad/Meshes/Part_10.asset' with importer (NativeFormatImporter)
Main Object Name 'JadeIvory_LongQuad_Part_10' does not match filename 'Part_10'
UnityEngine.Debug:ExtractStackTraceNoAlloc (byte*,int,string)
UnityEngine.StackTraceUtility:ExtractStackTrace () (at /Users/bokken/build/output/unity/unity/Runtime/Export/Scripting/StackTrace.cs:23)
ChubbyAircraftDelivery:SaveAndValidatePrefab (UnityEngine.GameObject,string,System.Text.StringBuilder) (at Assets/Editor/ChubbyAircraftDelivery.cs:220)
ChubbyAircraftDelivery:Run () (at Assets/Editor/ChubbyAircraftDelivery.cs:103)

[Assets/Editor/ChubbyAircraftDelivery.cs line 103]

Imported 'GUID: e26e0236f3f1c4004bfca48f762fef57' -> (Import Result ID: '76920cc8cb264f364c2a713d4e57b88d') in 0.000 seconds [static dependencies only]. Details - ImportResultOutputID=cbeef6c59d426b3587454fe080338735 DependenciesID=bc8a46749c9153a96c3247e54e4ff926 StaticDependenciesID=1c730b7fcd797ad0b14f7ddb1c24aba5 
Importing 'GUID: 33bf6c3ca41ba485fa2060380381fd6b - Path: Assets/Art/ChubbyAircraft/JadeIvory_LongQuad/Meshes/Part_04.asset' with importer (NativeFormatImporter)
Main Object Name 'JadeIvory_LongQuad_Part_04' does not match filename 'Part_04'
UnityEngine.Debug:ExtractStackTraceNoAlloc (byte*,int,string)
UnityEngine.StackTraceUtility:ExtractStackTrace () (at /Users/bokken/build/output/unity/unity/Runtime/Export/Scripting/StackTrace.cs:23)
ChubbyAircraftDelivery:SaveAndValidatePrefab (UnityEngine.GameObject,string,System.Text.StringBuilder) (at Assets/Editor/ChubbyAircraftDelivery.cs:220)
ChubbyAircraftDelivery:Run () (at Assets/Editor/ChubbyAircraftDelivery.cs:103)

[Assets/Editor/ChubbyAircraftDelivery.cs line 103]

Imported 'GUID: 33bf6c3ca41ba485fa2060380381fd6b' -> (Import Result ID: '4f99153b472f26ca926fdb6c6f2c9041') in 0.001 seconds [static dependencies only]. Details - ImportResultOutputID=3ab64f16c633ed117d82f838ea60a6ce DependenciesID=7bd57ce41b7a4a30bc96b2181d478eaf StaticDependenciesID=97e329659cdf04144795ba78cbedb674 
Importing 'GUID: c47e1bf3ce8ee4d63b37c110b636d107 - Path: Assets/Art/ChubbyAircraft/JadeIvory_LongQuad/Meshes/Part_03.asset' with importer (NativeFormatImporter)
Main Object Name 'JadeIvory_LongQuad_Part_03' does not match filename 'Part_03'
UnityEngine.Debug:ExtractStackTraceNoAlloc (byte*,int,string)
UnityEngine.StackTraceUtility:ExtractStackTrace () (at /Users/bokken/build/output/unity/unity/Runtime/Export/Scripting/StackTrace.cs:23)
ChubbyAircraftDelivery:SaveAndValidatePrefab (UnityEngine.GameObject,string,System.Text.StringBuilder) (at Assets/Editor/ChubbyAircraftDelivery.cs:220)
ChubbyAircraftDelivery:Run () (at Assets/Editor/ChubbyAircraftDelivery.cs:103)

[Assets/Editor/ChubbyAircraftDelivery.cs line 103]

Imported 'GUID: c47e1bf3ce8ee4d63b37c110b636d107' -> (Import Result ID: 'b76af874496627f93a53e89f2a95aadb') in 0.001 seconds [static dependencies only]. Details - ImportResultOutputID=b425de5f0eca3e39e994fa20232cd15b DependenciesID=b71b1535e91da595d8167d6e65f4e79f StaticDependenciesID=5196cdcf825d1da62f78dc76809c571a 
Importing 'GUID: 9bb05d8167ab345a9bf391776b10dac4 - Path: Assets/Art/ChubbyAircraft/JadeIvory_LongQuad/Meshes/Part_00.asset' with importer (NativeFormatImporter)
Main Object Name 'JadeIvory_LongQuad_Part_00' does not match filename 'Part_00'
UnityEngine.Debug:ExtractStackTraceNoAlloc (byte*,int,string)
UnityEngine.StackTraceUtility:ExtractStackTrace () (at /Users/bokken/build/output/unity/unity/Runtime/Export/Scripting/StackTrace.cs:23)
ChubbyAircraftDelivery:SaveAndValidatePrefab (UnityEngine.GameObject,string,System.Text.StringBuilder) (at Assets/Editor/ChubbyAircraftDelivery.cs:220)
ChubbyAircraftDelivery:Run () (at Assets/Editor/ChubbyAircraftDelivery.cs:103)

[Assets/Editor/ChubbyAircraftDelivery.cs line 103]

Imported 'GUID: 9bb05d8167ab345a9bf391776b10dac4' -> (Import Result ID: '28331cfd0f437f8cf53d15cf63a22861') in 0.001 seconds [static dependencies only]. Details - ImportResultOutputID=65cbb27e4c420d7edb64925c8bc7ced4 DependenciesID=eb29ef749769bc88c1e57b4b01ac7d05 StaticDependenciesID=11d58fb4ea6e063d065e61e47ff929a5 
Importing 'GUID: db9931f3900cb4581a66fab79a83cac6 - Path: Assets/Art/ChubbyAircraft/JadeIvory_LongQuad/Meshes/Part_05.asset' with importer (NativeFormatImporter)
Main Object Name 'JadeIvory_LongQuad_Part_05' does not match filename 'Part_05'
UnityEngine.Debug:ExtractStackTraceNoAlloc (byte*,int,string)
UnityEngine.StackTraceUtility:ExtractStackTrace () (at /Users/bokken/build/output/unity/unity/Runtime/Export/Scripting/StackTrace.cs:23)
ChubbyAircraftDelivery:SaveAndValidatePrefab (UnityEngine.GameObject,string,System.Text.StringBuilder) (at Assets/Editor/ChubbyAircraftDelivery.cs:220)
ChubbyAircraftDelivery:Run () (at Assets/Editor/ChubbyAircraftDelivery.cs:103)

[Assets/Editor/ChubbyAircraftDelivery.cs line 103]

Imported 'GUID: db9931f3900cb4581a66fab79a83cac6' -> (Import Result ID: '66b989c360a825ecd9344600e55f7732') in 0.001 seconds [static dependencies only]. Details - ImportResultOutputID=2abed61d4d8b02482529bd5164d2aabe DependenciesID=08db9b8b5bf93b5ab784e7ee3b969e23 StaticDependenciesID=ade861640f370f83ff2889e599f5667a 
Importing 'GUID: 9c2a6e4d042204bc489f2b7487cf6638 - Path: Assets/Art/ChubbyAircraft/JadeIvory_LongQuad/Meshes/Part_01.asset' with importer (NativeFormatImporter)
Main Object Name 'JadeIvory_LongQuad_Part_01' does not match filename 'Part_01'
UnityEngine.Debug:ExtractStackTraceNoAlloc (byte*,int,string)
UnityEngine.StackTraceUtility:ExtractStackTrace () (at /Users/bokken/build/output/unity/unity/Runtime/Export/Scripting/StackTrace.cs:23)
ChubbyAircraftDelivery:SaveAndValidatePrefab (UnityEngine.GameObject,string,System.Text.StringBuilder) (at Assets/Editor/ChubbyAircraftDelivery.cs:220)
ChubbyAircraftDelivery:Run () (at Assets/Editor/ChubbyAircraftDelivery.cs:103)

[Assets/Editor/ChubbyAircraftDelivery.cs line 103]

Imported 'GUID: 9c2a6e4d042204bc489f2b7487cf6638' -> (Import Result ID: '9e25f714da4ed206c7c2c2f3f0fd7c9c') in 0.001 seconds [static dependencies only]. Details - ImportResultOutputID=f9dd4f9a9024a29b1865f09779b97bff DependenciesID=a4237d499d7808614c9df37a2a9e1538 StaticDependenciesID=81c51ddbac0f4ce3e45016aefa0bbaaa 
Importing 'GUID: ad87a583b127e4cf0b0835b34a0e4cc7 - Path: Assets/Art/ChubbyAircraft/JadeIvory_LongQuad/Meshes/Part_09.asset' with importer (NativeFormatImporter)
Main Object Name 'JadeIvory_LongQuad_Part_09' does not match filename 'Part_09'
UnityEngine.Debug:ExtractStackTraceNoAlloc (byte*,int,string)
UnityEngine.StackTraceUtility:ExtractStackTrace () (at /Users/bokken/build/output/unity/unity/Runtime/Export/Scripting/StackTrace.cs:23)
ChubbyAircraftDelivery:SaveAndValidatePrefab (UnityEngine.GameObject,string,System.Text.StringBuilder) (at Assets/Editor/ChubbyAircraftDelivery.cs:220)
ChubbyAircraftDelivery:Run () (at Assets/Editor/ChubbyAircraftDelivery.cs:103)

[Assets/Editor/ChubbyAircraftDelivery.cs line 103]

Imported 'GUID: ad87a583b127e4cf0b0835b34a0e4cc7' -> (Import Result ID: '5b013e570bcaabfc51921f88c30c265a') in 0.000 seconds [static dependencies only]. Details - ImportResultOutputID=5896debe4423c8bab7fb591221f056fe DependenciesID=36bf74307c21d77eceab8bc070068871 StaticDependenciesID=201e97a6c047d8574aab0af9f1eb5236 
Importing 'GUID: edcca273565d14e9192f88e8e4718a5c - Path: Assets/Art/ChubbyAircraft/JadeIvory_LongQuad/Meshes/Part_06.asset' with importer (NativeFormatImporter)
Main Object Name 'JadeIvory_LongQuad_Part_06' does not match filename 'Part_06'
UnityEngine.Debug:ExtractStackTraceNoAlloc (byte*,int,string)
UnityEngine.StackTraceUtility:ExtractStackTrace () (at /Users/bokken/build/output/unity/unity/Runtime/Export/Scripting/StackTrace.cs:23)
ChubbyAircraftDelivery:SaveAndValidatePrefab (UnityEngine.GameObject,string,System.Text.StringBuilder) (at Assets/Editor/ChubbyAircraftDelivery.cs:220)
ChubbyAircraftDelivery:Run () (at Assets/Editor/ChubbyAircraftDelivery.cs:103)

[Assets/Editor/ChubbyAircraftDelivery.cs line 103]

Imported 'GUID: edcca273565d14e9192f88e8e4718a5c' -> (Import Result ID: '019ae05900873826473c744902d362d3') in 0.000 seconds [static dependencies only]. Details - ImportResultOutputID=9acfa08752fec9b0e4778350eef2694a DependenciesID=fdaa628053550aca2936348d47db6041 StaticDependenciesID=0d04ffa71cd9394294c8526534315913 
Importing 'GUID: 8ed5d8efe373a477ba117e61dda5a8c6 - Path: Assets/Art/ChubbyAircraft/JadeIvory_LongQuad/Meshes/Part_12.asset' with importer (NativeFormatImporter)
Main Object Name 'JadeIvory_LongQuad_Part_12' does not match filename 'Part_12'
UnityEngine.Debug:ExtractStackTraceNoAlloc (byte*,int,string)
UnityEngine.StackTraceUtility:ExtractStackTrace () (at /Users/bokken/build/output/unity/unity/Runtime/Export/Scripting/StackTrace.cs:23)
ChubbyAircraftDelivery:SaveAndValidatePrefab (UnityEngine.GameObject,string,System.Text.StringBuilder) (at Assets/Editor/ChubbyAircraftDelivery.cs:220)
ChubbyAircraftDelivery:Run () (at Assets/Editor/ChubbyAircraftDelivery.cs:103)

[Assets/Editor/ChubbyAircraftDelivery.cs line 103]

Imported 'GUID: 8ed5d8efe373a477ba117e61dda5a8c6' -> (Import Result ID: '28ca3d378b82f036be7dbf8210846438') in 0.001 seconds [static dependencies only]. Details - ImportResultOutputID=f4e25c47c4140aecc08291ebfbd57466 DependenciesID=33b28fd9c49f715a395863e99037b4ba StaticDependenciesID=d81edaac6ed07f12f20a010ddddcf5eb 
Importing 'GUID: 4f726231e9b7240dc86e0d8a50caeccc - Path: Assets/Art/ChubbyAircraft/JadeIvory_LongQuad/Meshes/Part_11.asset' with importer (NativeFormatImporter)
Main Object Name 'JadeIvory_LongQuad_Part_11' does not match filename 'Part_11'
UnityEngine.Debug:ExtractStackTraceNoAlloc (byte*,int,string)
UnityEngine.StackTraceUtility:ExtractStackTrace () (at /Users/bokken/build/output/unity/unity/Runtime/Export/Scripting/StackTrace.cs:23)
ChubbyAircraftDelivery:SaveAndValidatePrefab (UnityEngine.GameObject,string,System.Text.StringBuilder) (at Assets/Editor/ChubbyAircraftDelivery.cs:220)
ChubbyAircraftDelivery:Run () (at Assets/Editor/ChubbyAircraftDelivery.cs:103)

[Assets/Editor/ChubbyAircraftDelivery.cs line 103]

Imported 'GUID: 4f726231e9b7240dc86e0d8a50caeccc' -> (Import Result ID: 'cb9d6ad259a06b54d360dc4b7ab43595') in 0.000 seconds [static dependencies only]. Details - ImportResultOutputID=df4cf9be292986056269279c31403f6d DependenciesID=d7996a2ec557baf50df7009c105d2a2a StaticDependenciesID=900b527c9185be1b38bb458e1ac34560 
Asset Pipeline Refresh (id=5b53c3457eecf4495a3bd9c74648345a): Total: 0.021 seconds - Initiated by StopAssetImportingV2(NoUpdateAssetOptions)
Importing 'GUID: a4affc9a34af94ab0826d4f3bfe67097 - Path: Assets/Art/ChubbyAircraft/JadeIvory_LongQuad/JadeIvory_LongQuad.prefab' with importer (PrefabImporter)
Imported 'GUID: a4affc9a34af94ab0826d4f3bfe67097' -> (Import Result ID: 'c72e6ef7bcd4fee70863315af7058354') in 0.001 seconds [static dependencies only]. Details - ImportResultOutputID=23c0828517ad69ef6fc0483f00eb136c DependenciesID=e348fe08e73fadd84d0a622472fcce1e StaticDependenciesID=cfc16b5cd7c943ce92ff968d826c4f4e 
Asset Pipeline Refresh (id=26494eb1c2a7c45bcaeb7dc9d594187f): Total: 0.004 seconds - Initiated by StopAssetImportingV2(NoUpdateAssetOptions)
Loaded scene 'Library/Unused/d1f74f8cd60d941c88025fe586417b4c'
	Deserialize:            0.192 ms
	Integration:            0.079 ms
	Integration of assets:  0.001 ms
	Thread Wait Time:       0.004 ms
	Total Operation Time:   0.276 ms
Asset Pipeline Refresh (id=76b825441c756433bacda3fbf0ca5329): Total: 0.002 seconds - Initiated by StopAssetImportingV2(NoUpdateAssetOptions)
Importing 'GUID: 0158dd64e3e574ea9a2e7ea02f38958c - Path: Assets/Art/ChubbyAircraft/BurgundySilver_ShortTwin/Materials/Part_03.mat' with importer (NativeFormatImporter)
Main Object Name 'BurgundySilver_ShortTwin_Part_03' does not match filename 'Part_03'
UnityEngine.Debug:ExtractStackTraceNoAlloc (byte*,int,string)
UnityEngine.StackTraceUtility:ExtractStackTrace () (at /Users/bokken/build/output/unity/unity/Runtime/Export/Scripting/StackTrace.cs:23)
ChubbyAircraftDelivery:SaveAndValidatePrefab (UnityEngine.GameObject,string,System.Text.StringBuilder) (at Assets/Editor/ChubbyAircraftDelivery.cs:220)
ChubbyAircraftDelivery:Run () (at Assets/Editor/ChubbyAircraftDelivery.cs:103)

[Assets/Editor/ChubbyAircraftDelivery.cs line 103]

Imported 'GUID: 0158dd64e3e574ea9a2e7ea02f38958c' -> (Import Result ID: '6a3569cffed8f75f38a5f37ea1b52e2f') in 0.001 seconds [static dependencies only]. Details - ImportResultOutputID=ca388e8681e393b651161fc6d17f7d26 DependenciesID=efd3cfa7c947a944536e73bc6e21801b StaticDependenciesID=8ccff93b345c778c29bfd91025fb99bf 
Importing 'GUID: b2d8d42f1e24e4575b0c7a3959ab9d5b - Path: Assets/Art/ChubbyAircraft/BurgundySilver_ShortTwin/Materials/Part_07.mat' with importer (NativeFormatImporter)
Main Object Name 'BurgundySilver_ShortTwin_Part_07' does not match filename 'Part_07'
UnityEngine.Debug:ExtractStackTraceNoAlloc (byte*,int,string)
UnityEngine.StackTraceUtility:ExtractStackTrace () (at /Users/bokken/build/output/unity/unity/Runtime/Export/Scripting/StackTrace.cs:23)
ChubbyAircraftDelivery:SaveAndValidatePrefab (UnityEngine.GameObject,string,System.Text.StringBuilder) (at Assets/Editor/ChubbyAircraftDelivery.cs:220)
ChubbyAircraftDelivery:Run () (at Assets/Editor/ChubbyAircraftDelivery.cs:103)

[Assets/Editor/ChubbyAircraftDelivery.cs line 103]

Imported 'GUID: b2d8d42f1e24e4575b0c7a3959ab9d5b' -> (Import Result ID: '6ab234b5f6fe0a28cddaec596793f74b') in 0.000 seconds [static dependencies only]. Details - ImportResultOutputID=32fc5b6c8796fe3429cf6ecbae28eb7c DependenciesID=5537bbaac4a2b86c594763499952cbe6 StaticDependenciesID=6b3979bf23e212d44ce4eaa430b80cf1 
Importing 'GUID: c351da83299e14af7a8096d8fb6394f6 - Path: Assets/Art/ChubbyAircraft/BurgundySilver_ShortTwin/Materials/Part_08.mat' with importer (NativeFormatImporter)
Main Object Name 'BurgundySilver_ShortTwin_Part_08' does not match filename 'Part_08'
UnityEngine.Debug:ExtractStackTraceNoAlloc (byte*,int,string)
UnityEngine.StackTraceUtility:ExtractStackTrace () (at /Users/bokken/build/output/unity/unity/Runtime/Export/Scripting/StackTrace.cs:23)
ChubbyAircraftDelivery:SaveAndValidatePrefab (UnityEngine.GameObject,string,System.Text.StringBuilder) (at Assets/Editor/ChubbyAircraftDelivery.cs:220)
ChubbyAircraftDelivery:Run () (at Assets/Editor/ChubbyAircraftDelivery.cs:103)

[Assets/Editor/ChubbyAircraftDelivery.cs line 103]

Imported 'GUID: c351da83299e14af7a8096d8fb6394f6' -> (Import Result ID: 'c58934bfe4e68e40ab1318ad64d46a04') in 0.000 seconds [static dependencies only]. Details - ImportResultOutputID=e1f51137f4924820937589108fe175e1 DependenciesID=e6e55673db432e4823ea16382d05aabf StaticDependenciesID=ea77a232e6491e8f5beb26ef5b193526 
Importing 'GUID: e45eedf3860c14167844191ae7041a80 - Path: Assets/Art/ChubbyAircraft/BurgundySilver_ShortTwin/Materials/Part_10.mat' with importer (NativeFormatImporter)
Main Object Name 'BurgundySilver_ShortTwin_Part_10' does not match filename 'Part_10'
UnityEngine.Debug:ExtractStackTraceNoAlloc (byte*,int,string)
UnityEngine.StackTraceUtility:ExtractStackTrace () (at /Users/bokken/build/output/unity/unity/Runtime/Export/Scripting/StackTrace.cs:23)
ChubbyAircraftDelivery:SaveAndValidatePrefab (UnityEngine.GameObject,string,System.Text.StringBuilder) (at Assets/Editor/ChubbyAircraftDelivery.cs:220)
ChubbyAircraftDelivery:Run () (at Assets/Editor/ChubbyAircraftDelivery.cs:103)

[Assets/Editor/ChubbyAircraftDelivery.cs line 103]

Imported 'GUID: e45eedf3860c14167844191ae7041a80' -> (Import Result ID: 'a62a4ba745036b415b6955a58c90c8df') in 0.000 seconds [static dependencies only]. Details - ImportResultOutputID=995daca9096a2686b551b5d4d41bb072 DependenciesID=d821605d95f33e7342e1c0db5a46d51e StaticDependenciesID=c18321f1dee2e2d59096baf7cad9aa4a 
Importing 'GUID: 757543448b85a4f5ebee054f955a7d19 - Path: Assets/Art/ChubbyAircraft/BurgundySilver_ShortTwin/Materials/Part_04.mat' with importer (NativeFormatImporter)
Main Object Name 'BurgundySilver_ShortTwin_Part_04' does not match filename 'Part_04'
UnityEngine.Debug:ExtractStackTraceNoAlloc (byte*,int,string)
UnityEngine.StackTraceUtility:ExtractStackTrace () (at /Users/bokken/build/output/unity/unity/Runtime/Export/Scripting/StackTrace.cs:23)
ChubbyAircraftDelivery:SaveAndValidatePrefab (UnityEngine.GameObject,string,System.Text.StringBuilder) (at Assets/Editor/ChubbyAircraftDelivery.cs:220)
ChubbyAircraftDelivery:Run () (at Assets/Editor/ChubbyAircraftDelivery.cs:103)

[Assets/Editor/ChubbyAircraftDelivery.cs line 103]

Imported 'GUID: 757543448b85a4f5ebee054f955a7d19' -> (Import Result ID: '370c46270e8d8906da98635f2ab25040') in 0.000 seconds [static dependencies only]. Details - ImportResultOutputID=a883a27c11bd489baa858168a18f89f8 DependenciesID=fae7aa9d3a97d20ce950ca63ce26cf81 StaticDependenciesID=07bda8864a68438a94af10de0576298c 
Importing 'GUID: 0622c09af10514dc6b226608dbedefc1 - Path: Assets/Art/ChubbyAircraft/BurgundySilver_ShortTwin/Materials/Part_02.mat' with importer (NativeFormatImporter)
Main Object Name 'BurgundySilver_ShortTwin_Part_02' does not match filename 'Part_02'
UnityEngine.Debug:ExtractStackTraceNoAlloc (byte*,int,string)
UnityEngine.StackTraceUtility:ExtractStackTrace () (at /Users/bokken/build/output/unity/unity/Runtime/Export/Scripting/StackTrace.cs:23)
ChubbyAircraftDelivery:SaveAndValidatePrefab (UnityEngine.GameObject,string,System.Text.StringBuilder) (at Assets/Editor/ChubbyAircraftDelivery.cs:220)
ChubbyAircraftDelivery:Run () (at Assets/Editor/ChubbyAircraftDelivery.cs:103)

[Assets/Editor/ChubbyAircraftDelivery.cs line 103]

Imported 'GUID: 0622c09af10514dc6b226608dbedefc1' -> (Import Result ID: '42033f7e2ba31810ea41483cf2451ff2') in 0.000 seconds [static dependencies only]. Details - ImportResultOutputID=25e89ba67ff21d83a3421d831121b1d6 DependenciesID=f546ad02cfa78494fae1cb72b5d48bee StaticDependenciesID=53138b2af9bf169ef40677f9263c8c10 
Importing 'GUID: 1870659aaeb3f4235972e062ae868f21 - Path: Assets/Art/ChubbyAircraft/BurgundySilver_ShortTwin/Materials/Part_12.mat' with importer (NativeFormatImporter)
Main Object Name 'BurgundySilver_ShortTwin_Part_12' does not match filename 'Part_12'
UnityEngine.Debug:ExtractStackTraceNoAlloc (byte*,int,string)
UnityEngine.StackTraceUtility:ExtractStackTrace () (at /Users/bokken/build/output/unity/unity/Runtime/Export/Scripting/StackTrace.cs:23)
ChubbyAircraftDelivery:SaveAndValidatePrefab (UnityEngine.GameObject,string,System.Text.StringBuilder) (at Assets/Editor/ChubbyAircraftDelivery.cs:220)
ChubbyAircraftDelivery:Run () (at Assets/Editor/ChubbyAircraftDelivery.cs:103)

[Assets/Editor/ChubbyAircraftDelivery.cs line 103]

Imported 'GUID: 1870659aaeb3f4235972e062ae868f21' -> (Import Result ID: 'd8e2339235a6379a3e392267c7c1d5ba') in 0.000 seconds [static dependencies only]. Details - ImportResultOutputID=1f35d4707d62ac226da5b7fbe06c6cfa DependenciesID=a27c1673188d93aac290af9174f42f18 StaticDependenciesID=31bb360b18419e5bf951ba15898c63d1 
Importing 'GUID: 59d5c07e23b164cd4b2ed6be785bb11c - Path: Assets/Art/ChubbyAircraft/BurgundySilver_ShortTwin/Materials/Part_00.mat' with importer (NativeFormatImporter)
Main Object Name 'BurgundySilver_ShortTwin_Part_00' does not match filename 'Part_00'
UnityEngine.Debug:ExtractStackTraceNoAlloc (byte*,int,string)
UnityEngine.StackTraceUtility:ExtractStackTrace () (at /Users/bokken/build/output/unity/unity/Runtime/Export/Scripting/StackTrace.cs:23)
ChubbyAircraftDelivery:SaveAndValidatePrefab (UnityEngine.GameObject,string,System.Text.StringBuilder) (at Assets/Editor/ChubbyAircraftDelivery.cs:220)
ChubbyAircraftDelivery:Run () (at Assets/Editor/ChubbyAircraftDelivery.cs:103)

[Assets/Editor/ChubbyAircraftDelivery.cs line 103]

Imported 'GUID: 59d5c07e23b164cd4b2ed6be785bb11c' -> (Import Result ID: '39177920ac5ae6e74a1efecae23c8524') in 0.000 seconds [static dependencies only]. Details - ImportResultOutputID=3708e5350014ea905cad2cd841035dac DependenciesID=016c76e8b25e693f6871f441f43c948d StaticDependenciesID=b3566d63198a6efd3c0b1286b156cfde 
Importing 'GUID: 7c113729229734545a06834c6ce08672 - Path: Assets/Art/ChubbyAircraft/BurgundySilver_ShortTwin/Materials/Part_09.mat' with importer (NativeFormatImporter)
Main Object Name 'BurgundySilver_ShortTwin_Part_09' does not match filename 'Part_09'
UnityEngine.Debug:ExtractStackTraceNoAlloc (byte*,int,string)
UnityEngine.StackTraceUtility:ExtractStackTrace () (at /Users/bokken/build/output/unity/unity/Runtime/Export/Scripting/StackTrace.cs:23)
ChubbyAircraftDelivery:SaveAndValidatePrefab (UnityEngine.GameObject,string,System.Text.StringBuilder) (at Assets/Editor/ChubbyAircraftDelivery.cs:220)
ChubbyAircraftDelivery:Run () (at Assets/Editor/ChubbyAircraftDelivery.cs:103)

[Assets/Editor/ChubbyAircraftDelivery.cs line 103]

Imported 'GUID: 7c113729229734545a06834c6ce08672' -> (Import Result ID: '4c8ddd99f30b2690209ed212dad3b291') in 0.000 seconds [static dependencies only]. Details - ImportResultOutputID=652d4c61d3b240840dc4e6235d9fc503 DependenciesID=b68b0ead544bf9bbd3139f2e160d7697 StaticDependenciesID=0c52fffc07a9def5184f8d8f2872aa0f 
Importing 'GUID: 7ce60fbf0bedc40378b6d8de3bf89b03 - Path: Assets/Art/ChubbyAircraft/BurgundySilver_ShortTwin/Materials/Part_11.mat' with importer (NativeFormatImporter)
Main Object Name 'BurgundySilver_ShortTwin_Part_11' does not match filename 'Part_11'
UnityEngine.Debug:ExtractStackTraceNoAlloc (byte*,int,string)
UnityEngine.StackTraceUtility:ExtractStackTrace () (at /Users/bokken/build/output/unity/unity/Runtime/Export/Scripting/StackTrace.cs:23)
ChubbyAircraftDelivery:SaveAndValidatePrefab (UnityEngine.GameObject,string,System.Text.StringBuilder) (at Assets/Editor/ChubbyAircraftDelivery.cs:220)
ChubbyAircraftDelivery:Run () (at Assets/Editor/ChubbyAircraftDelivery.cs:103)

[Assets/Editor/ChubbyAircraftDelivery.cs line 103]

Imported 'GUID: 7ce60fbf0bedc40378b6d8de3bf89b03' -> (Import Result ID: 'd2d96d20b25f86b91e39df37397774a7') in 0.000 seconds [static dependencies only]. Details - ImportResultOutputID=7147d24f040fae702b569de07708d525 DependenciesID=b74d7a3929e683eace08d0b2dddffb75 StaticDependenciesID=fa9148d67ef69773d0813a5d8171c6f5 
Importing 'GUID: 9c2823ccb993f4e8c96572b82f2d5c87 - Path: Assets/Art/ChubbyAircraft/BurgundySilver_ShortTwin/Materials/Part_05.mat' with importer (NativeFormatImporter)
Main Object Name 'BurgundySilver_ShortTwin_Part_05' does not match filename 'Part_05'
UnityEngine.Debug:ExtractStackTraceNoAlloc (byte*,int,string)
UnityEngine.StackTraceUtility:ExtractStackTrace () (at /Users/bokken/build/output/unity/unity/Runtime/Export/Scripting/StackTrace.cs:23)
ChubbyAircraftDelivery:SaveAndValidatePrefab (UnityEngine.GameObject,string,System.Text.StringBuilder) (at Assets/Editor/ChubbyAircraftDelivery.cs:220)
ChubbyAircraftDelivery:Run () (at Assets/Editor/ChubbyAircraftDelivery.cs:103)

[Assets/Editor/ChubbyAircraftDelivery.cs line 103]

Imported 'GUID: 9c2823ccb993f4e8c96572b82f2d5c87' -> (Import Result ID: '9a8646d0039ba6744b80ad647f8b9cd3') in 0.000 seconds [static dependencies only]. Details - ImportResultOutputID=a5a692617024347c2e22ce1e6cf54530 DependenciesID=e920b7639725698273868f91e64c52cd StaticDependenciesID=b3c6a43475b4867097f18ce3c55a33e7 
Importing 'GUID: 1dc5c7b7528054f0f886945c5ec5784c - Path: Assets/Art/ChubbyAircraft/BurgundySilver_ShortTwin/Materials/Part_01.mat' with importer (NativeFormatImporter)
Main Object Name 'BurgundySilver_ShortTwin_Part_01' does not match filename 'Part_01'
UnityEngine.Debug:ExtractStackTraceNoAlloc (byte*,int,string)
UnityEngine.StackTraceUtility:ExtractStackTrace () (at /Users/bokken/build/output/unity/unity/Runtime/Export/Scripting/StackTrace.cs:23)
ChubbyAircraftDelivery:SaveAndValidatePrefab (UnityEngine.GameObject,string,System.Text.StringBuilder) (at Assets/Editor/ChubbyAircraftDelivery.cs:220)
ChubbyAircraftDelivery:Run () (at Assets/Editor/ChubbyAircraftDelivery.cs:103)

[Assets/Editor/ChubbyAircraftDelivery.cs line 103]

Imported 'GUID: 1dc5c7b7528054f0f886945c5ec5784c' -> (Import Result ID: '288b922efd0312389e6371c268b50eba') in 0.000 seconds [static dependencies only]. Details - ImportResultOutputID=cb89210d04b66e4f43f49f0a23dbbd20 DependenciesID=0a52edccac6ffea6bc94f5054256d5df StaticDependenciesID=ef38a15d788dab73fbb18460502045c9 
Importing 'GUID: feee6aa32268c4999be8551c295356d5 - Path: Assets/Art/ChubbyAircraft/BurgundySilver_ShortTwin/Materials/Part_06.mat' with importer (NativeFormatImporter)
Main Object Name 'BurgundySilver_ShortTwin_Part_06' does not match filename 'Part_06'
UnityEngine.Debug:ExtractStackTraceNoAlloc (byte*,int,string)
UnityEngine.StackTraceUtility:ExtractStackTrace () (at /Users/bokken/build/output/unity/unity/Runtime/Export/Scripting/StackTrace.cs:23)
ChubbyAircraftDelivery:SaveAndValidatePrefab (UnityEngine.GameObject,string,System.Text.StringBuilder) (at Assets/Editor/ChubbyAircraftDelivery.cs:220)
ChubbyAircraftDelivery:Run () (at Assets/Editor/ChubbyAircraftDelivery.cs:103)

[Assets/Editor/ChubbyAircraftDelivery.cs line 103]

Imported 'GUID: feee6aa32268c4999be8551c295356d5' -> (Import Result ID: 'f4b2ad6e2c5f41368e2b677097ad5591') in 0.000 seconds [static dependencies only]. Details - ImportResultOutputID=81b3de9b62e9dad638e62e9cb8a4e656 DependenciesID=65c05d8146002883f821a89ee2fed36d StaticDependenciesID=1de16fece5045a88712e2c78b587f49d 
Importing 'GUID: 40e35109718714fe18276e7b827bf25e - Path: Assets/Art/ChubbyAircraft/BurgundySilver_ShortTwin/Meshes/Part_05.asset' with importer (NativeFormatImporter)
Main Object Name 'BurgundySilver_ShortTwin_Part_05' does not match filename 'Part_05'
UnityEngine.Debug:ExtractStackTraceNoAlloc (byte*,int,string)
UnityEngine.StackTraceUtility:ExtractStackTrace () (at /Users/bokken/build/output/unity/unity/Runtime/Export/Scripting/StackTrace.cs:23)
ChubbyAircraftDelivery:SaveAndValidatePrefab (UnityEngine.GameObject,string,System.Text.StringBuilder) (at Assets/Editor/ChubbyAircraftDelivery.cs:220)
ChubbyAircraftDelivery:Run () (at Assets/Editor/ChubbyAircraftDelivery.cs:103)

[Assets/Editor/ChubbyAircraftDelivery.cs line 103]

Imported 'GUID: 40e35109718714fe18276e7b827bf25e' -> (Import Result ID: 'ce3179c5456a12f77701dae2e85a350c') in 0.000 seconds [static dependencies only]. Details - ImportResultOutputID=59a040de25d3dca43273a3e240b2c1d6 DependenciesID=940e6377458ee67d798d733d995473c0 StaticDependenciesID=ceef9217ad76132bbde8ed4888ff6e55 
Importing 'GUID: d060922b87b444a2db67cb4d99ef59c4 - Path: Assets/Art/ChubbyAircraft/BurgundySilver_ShortTwin/Meshes/Part_11.asset' with importer (NativeFormatImporter)
Main Object Name 'BurgundySilver_ShortTwin_Part_11' does not match filename 'Part_11'
UnityEngine.Debug:ExtractStackTraceNoAlloc (byte*,int,string)
UnityEngine.StackTraceUtility:ExtractStackTrace () (at /Users/bokken/build/output/unity/unity/Runtime/Export/Scripting/StackTrace.cs:23)
ChubbyAircraftDelivery:SaveAndValidatePrefab (UnityEngine.GameObject,string,System.Text.StringBuilder) (at Assets/Editor/ChubbyAircraftDelivery.cs:220)
ChubbyAircraftDelivery:Run () (at Assets/Editor/ChubbyAircraftDelivery.cs:103)

[Assets/Editor/ChubbyAircraftDelivery.cs line 103]

Imported 'GUID: d060922b87b444a2db67cb4d99ef59c4' -> (Import Result ID: '6e2f5da7f811aaceaeca944cd4292603') in 0.000 seconds [static dependencies only]. Details - ImportResultOutputID=ee7fae1a2dc80388dc0698889a660432 DependenciesID=1ede2ce7947ed9844d728e8ae19e2c06 StaticDependenciesID=dbaaacd1467e1db9560750696763f478 
Importing 'GUID: 9241c38e6925147c1b2bbb6b2d45c27b - Path: Assets/Art/ChubbyAircraft/BurgundySilver_ShortTwin/Meshes/Part_01.asset' with importer (NativeFormatImporter)
Main Object Name 'BurgundySilver_ShortTwin_Part_01' does not match filename 'Part_01'
UnityEngine.Debug:ExtractStackTraceNoAlloc (byte*,int,string)
UnityEngine.StackTraceUtility:ExtractStackTrace () (at /Users/bokken/build/output/unity/unity/Runtime/Export/Scripting/StackTrace.cs:23)
ChubbyAircraftDelivery:SaveAndValidatePrefab (UnityEngine.GameObject,string,System.Text.StringBuilder) (at Assets/Editor/ChubbyAircraftDelivery.cs:220)
ChubbyAircraftDelivery:Run () (at Assets/Editor/ChubbyAircraftDelivery.cs:103)

[Assets/Editor/ChubbyAircraftDelivery.cs line 103]

Imported 'GUID: 9241c38e6925147c1b2bbb6b2d45c27b' -> (Import Result ID: '57751d992301e1007a6ee2a92626c0f0') in 0.001 seconds [static dependencies only]. Details - ImportResultOutputID=7ff0dc7696c2cc0b995b9675d732dfee DependenciesID=0ee094c4338efcf75b4a313657ab8821 StaticDependenciesID=2912d20ce39482c0e85319f44484df77 
Importing 'GUID: d2a2dd7bc72234d089c50a225dbaefd0 - Path: Assets/Art/ChubbyAircraft/BurgundySilver_ShortTwin/Meshes/Part_08.asset' with importer (NativeFormatImporter)
Main Object Name 'BurgundySilver_ShortTwin_Part_08' does not match filename 'Part_08'
UnityEngine.Debug:ExtractStackTraceNoAlloc (byte*,int,string)
UnityEngine.StackTraceUtility:ExtractStackTrace () (at /Users/bokken/build/output/unity/unity/Runtime/Export/Scripting/StackTrace.cs:23)
ChubbyAircraftDelivery:SaveAndValidatePrefab (UnityEngine.GameObject,string,System.Text.StringBuilder) (at Assets/Editor/ChubbyAircraftDelivery.cs:220)
ChubbyAircraftDelivery:Run () (at Assets/Editor/ChubbyAircraftDelivery.cs:103)

[Assets/Editor/ChubbyAircraftDelivery.cs line 103]

Imported 'GUID: d2a2dd7bc72234d089c50a225dbaefd0' -> (Import Result ID: '4acef3b13125f0103d526cc8fcbabc82') in 0.000 seconds [static dependencies only]. Details - ImportResultOutputID=2c3dd98e3471aac1d4da93858c458a1d DependenciesID=e463386c34781730f51ab3a92b0dd95a StaticDependenciesID=d0aefb151132bdf5201d3954a5c0b9de 
Importing 'GUID: e263f5494e6174f65be65c64b8031113 - Path: Assets/Art/ChubbyAircraft/BurgundySilver_ShortTwin/Meshes/Part_12.asset' with importer (NativeFormatImporter)
Main Object Name 'BurgundySilver_ShortTwin_Part_12' does not match filename 'Part_12'
UnityEngine.Debug:ExtractStackTraceNoAlloc (byte*,int,string)
UnityEngine.StackTraceUtility:ExtractStackTrace () (at /Users/bokken/build/output/unity/unity/Runtime/Export/Scripting/StackTrace.cs:23)
ChubbyAircraftDelivery:SaveAndValidatePrefab (UnityEngine.GameObject,string,System.Text.StringBuilder) (at Assets/Editor/ChubbyAircraftDelivery.cs:220)
ChubbyAircraftDelivery:Run () (at Assets/Editor/ChubbyAircraftDelivery.cs:103)

[Assets/Editor/ChubbyAircraftDelivery.cs line 103]

Imported 'GUID: e263f5494e6174f65be65c64b8031113' -> (Import Result ID: 'a7b75dfbde491473fb866c71aed651c3') in 0.001 seconds [static dependencies only]. Details - ImportResultOutputID=f6b0fa4630c02cf452a033b97457ad08 DependenciesID=2d1013d18458d66a70cde7c87478f45b StaticDependenciesID=1d04fdfad3297dfd61a0df75c3e08b93 
Importing 'GUID: 269630d22bafd45b0b7e0221f55e4e19 - Path: Assets/Art/ChubbyAircraft/BurgundySilver_ShortTwin/Meshes/Part_02.asset' with importer (NativeFormatImporter)
Main Object Name 'BurgundySilver_ShortTwin_Part_02' does not match filename 'Part_02'
UnityEngine.Debug:ExtractStackTraceNoAlloc (byte*,int,string)
UnityEngine.StackTraceUtility:ExtractStackTrace () (at /Users/bokken/build/output/unity/unity/Runtime/Export/Scripting/StackTrace.cs:23)
ChubbyAircraftDelivery:SaveAndValidatePrefab (UnityEngine.GameObject,string,System.Text.StringBuilder) (at Assets/Editor/ChubbyAircraftDelivery.cs:220)
ChubbyAircraftDelivery:Run () (at Assets/Editor/ChubbyAircraftDelivery.cs:103)

[Assets/Editor/ChubbyAircraftDelivery.cs line 103]

Imported 'GUID: 269630d22bafd45b0b7e0221f55e4e19' -> (Import Result ID: 'cc43385e40ecbebfcea5c52c1ce6766d') in 0.001 seconds [static dependencies only]. Details - ImportResultOutputID=57e806fea5f076c177150b7880903aaf DependenciesID=db83700f8a840bf4a6c63c49b6be033d StaticDependenciesID=d1350023380dfb39dc92472329efa094 
Importing 'GUID: f660fd7c262a14d60926aa905451faf1 - Path: Assets/Art/ChubbyAircraft/BurgundySilver_ShortTwin/Meshes/Part_09.asset' with importer (NativeFormatImporter)
Main Object Name 'BurgundySilver_ShortTwin_Part_09' does not match filename 'Part_09'
UnityEngine.Debug:ExtractStackTraceNoAlloc (byte*,int,string)
UnityEngine.StackTraceUtility:ExtractStackTrace () (at /Users/bokken/build/output/unity/unity/Runtime/Export/Scripting/StackTrace.cs:23)
ChubbyAircraftDelivery:SaveAndValidatePrefab (UnityEngine.GameObject,string,System.Text.StringBuilder) (at Assets/Editor/ChubbyAircraftDelivery.cs:220)
ChubbyAircraftDelivery:Run () (at Assets/Editor/ChubbyAircraftDelivery.cs:103)

[Assets/Editor/ChubbyAircraftDelivery.cs line 103]

Imported 'GUID: f660fd7c262a14d60926aa905451faf1' -> (Import Result ID: '73f806abcae0a305561c3651c89fc231') in 0.000 seconds [static dependencies only]. Details - ImportResultOutputID=d2559a12ff71f92ea02f23883c5b4dd7 DependenciesID=858c44872e62d066b1085400355258ee StaticDependenciesID=07f0925c3d82521b8a8eb8c0b37c108c 
Importing 'GUID: 886b76c915ef342fcbc9cb27ceaa35ea - Path: Assets/Art/ChubbyAircraft/BurgundySilver_ShortTwin/Meshes/Part_07.asset' with importer (NativeFormatImporter)
Main Object Name 'BurgundySilver_ShortTwin_Part_07' does not match filename 'Part_07'
UnityEngine.Debug:ExtractStackTraceNoAlloc (byte*,int,string)
UnityEngine.StackTraceUtility:ExtractStackTrace () (at /Users/bokken/build/output/unity/unity/Runtime/Export/Scripting/StackTrace.cs:23)
ChubbyAircraftDelivery:SaveAndValidatePrefab (UnityEngine.GameObject,string,System.Text.StringBuilder) (at Assets/Editor/ChubbyAircraftDelivery.cs:220)
ChubbyAircraftDelivery:Run () (at Assets/Editor/ChubbyAircraftDelivery.cs:103)

[Assets/Editor/ChubbyAircraftDelivery.cs line 103]

Imported 'GUID: 886b76c915ef342fcbc9cb27ceaa35ea' -> (Import Result ID: 'f3cb3d7f21c808df8ad58465fbc4fc81') in 0.000 seconds [static dependencies only]. Details - ImportResultOutputID=007da901d09899bb0d880cdfd1a7f614 DependenciesID=a49ebeffd1d2ed27a8ed8b161b79a8ed StaticDependenciesID=54dbeca40c756f8f1fefcb17905f3fc8 
Importing 'GUID: 29429273cfa244659b5d0a5d9e13ade3 - Path: Assets/Art/ChubbyAircraft/BurgundySilver_ShortTwin/Meshes/Part_00.asset' with importer (NativeFormatImporter)
Main Object Name 'BurgundySilver_ShortTwin_Part_00' does not match filename 'Part_00'
UnityEngine.Debug:ExtractStackTraceNoAlloc (byte*,int,string)
UnityEngine.StackTraceUtility:ExtractStackTrace () (at /Users/bokken/build/output/unity/unity/Runtime/Export/Scripting/StackTrace.cs:23)
ChubbyAircraftDelivery:SaveAndValidatePrefab (UnityEngine.GameObject,string,System.Text.StringBuilder) (at Assets/Editor/ChubbyAircraftDelivery.cs:220)
ChubbyAircraftDelivery:Run () (at Assets/Editor/ChubbyAircraftDelivery.cs:103)

[Assets/Editor/ChubbyAircraftDelivery.cs line 103]

Imported 'GUID: 29429273cfa244659b5d0a5d9e13ade3' -> (Import Result ID: '36b002327de24f3bea2879ba9fc64e29') in 0.001 seconds [static dependencies only]. Details - ImportResultOutputID=ccdf3f7af0b3cd82f3bfa5f88cfd5af2 DependenciesID=8a09742449ca279f0279a304f2d0f38f StaticDependenciesID=3c995605bb4ff65d31a9cb0c41769943 
Importing 'GUID: d9efe736da50c4528bb974b9da2879f2 - Path: Assets/Art/ChubbyAircraft/BurgundySilver_ShortTwin/Meshes/Part_04.asset' with importer (NativeFormatImporter)
Main Object Name 'BurgundySilver_ShortTwin_Part_04' does not match filename 'Part_04'
UnityEngine.Debug:ExtractStackTraceNoAlloc (byte*,int,string)
UnityEngine.StackTraceUtility:ExtractStackTrace () (at /Users/bokken/build/output/unity/unity/Runtime/Export/Scripting/StackTrace.cs:23)
ChubbyAircraftDelivery:SaveAndValidatePrefab (UnityEngine.GameObject,string,System.Text.StringBuilder) (at Assets/Editor/ChubbyAircraftDelivery.cs:220)
ChubbyAircraftDelivery:Run () (at Assets/Editor/ChubbyAircraftDelivery.cs:103)

[Assets/Editor/ChubbyAircraftDelivery.cs line 103]

Imported 'GUID: d9efe736da50c4528bb974b9da2879f2' -> (Import Result ID: '1375564f8cb8496c02c95f9e80d1d1d5') in 0.000 seconds [static dependencies only]. Details - ImportResultOutputID=bedbc76af954311907af20c9dba96fcb DependenciesID=3c10754306bee34976c6e298817baf4a StaticDependenciesID=7ba3fd6020eff4f4c82da24726c194a2 
Importing 'GUID: 4b6b7016183a44bdfa4a093a35d51ccb - Path: Assets/Art/ChubbyAircraft/BurgundySilver_ShortTwin/Meshes/Part_03.asset' with importer (NativeFormatImporter)
Main Object Name 'BurgundySilver_ShortTwin_Part_03' does not match filename 'Part_03'
UnityEngine.Debug:ExtractStackTraceNoAlloc (byte*,int,string)
UnityEngine.StackTraceUtility:ExtractStackTrace () (at /Users/bokken/build/output/unity/unity/Runtime/Export/Scripting/StackTrace.cs:23)
ChubbyAircraftDelivery:SaveAndValidatePrefab (UnityEngine.GameObject,string,System.Text.StringBuilder) (at Assets/Editor/ChubbyAircraftDelivery.cs:220)
ChubbyAircraftDelivery:Run () (at Assets/Editor/ChubbyAircraftDelivery.cs:103)

[Assets/Editor/ChubbyAircraftDelivery.cs line 103]

Imported 'GUID: 4b6b7016183a44bdfa4a093a35d51ccb' -> (Import Result ID: '3c2d672258e5df1757c9245b4499592d') in 0.001 seconds [static dependencies only]. Details - ImportResultOutputID=93a545539e723154d6fed841a734b0bf DependenciesID=898670209eefa2a5fd051fea04d45610 StaticDependenciesID=477972869bfe986a28c14a73e3624bfc 
Importing 'GUID: 1f7deb175b47c4cd9be6cf2258e5c30c - Path: Assets/Art/ChubbyAircraft/BurgundySilver_ShortTwin/Meshes/Part_10.asset' with importer (NativeFormatImporter)
Main Object Name 'BurgundySilver_ShortTwin_Part_10' does not match filename 'Part_10'
UnityEngine.Debug:ExtractStackTraceNoAlloc (byte*,int,string)
UnityEngine.StackTraceUtility:ExtractStackTrace () (at /Users/bokken/build/output/unity/unity/Runtime/Export/Scripting/StackTrace.cs:23)
ChubbyAircraftDelivery:SaveAndValidatePrefab (UnityEngine.GameObject,string,System.Text.StringBuilder) (at Assets/Editor/ChubbyAircraftDelivery.cs:220)
ChubbyAircraftDelivery:Run () (at Assets/Editor/ChubbyAircraftDelivery.cs:103)

[Assets/Editor/ChubbyAircraftDelivery.cs line 103]

Imported 'GUID: 1f7deb175b47c4cd9be6cf2258e5c30c' -> (Import Result ID: 'b9c6011c7866bfb549a7ba747033b841') in 0.000 seconds [static dependencies only]. Details - ImportResultOutputID=bf2bf2c5281e8a35df8398012e35ee8f DependenciesID=fc44998f88b9607fe57b5f8cc11e95ad StaticDependenciesID=cd28834a6629d9f0baf22f9f8e7432fe 
Importing 'GUID: cfe16c8ae3b4e46cab473c40485a84c0 - Path: Assets/Art/ChubbyAircraft/BurgundySilver_ShortTwin/Meshes/Part_06.asset' with importer (NativeFormatImporter)
Main Object Name 'BurgundySilver_ShortTwin_Part_06' does not match filename 'Part_06'
UnityEngine.Debug:ExtractStackTraceNoAlloc (byte*,int,string)
UnityEngine.StackTraceUtility:ExtractStackTrace () (at /Users/bokken/build/output/unity/unity/Runtime/Export/Scripting/StackTrace.cs:23)
ChubbyAircraftDelivery:SaveAndValidatePrefab (UnityEngine.GameObject,string,System.Text.StringBuilder) (at Assets/Editor/ChubbyAircraftDelivery.cs:220)
ChubbyAircraftDelivery:Run () (at Assets/Editor/ChubbyAircraftDelivery.cs:103)

[Assets/Editor/ChubbyAircraftDelivery.cs line 103]

Imported 'GUID: cfe16c8ae3b4e46cab473c40485a84c0' -> (Import Result ID: '0ac6439476ab0423800c0f7454802ddb') in 0.000 seconds [static dependencies only]. Details - ImportResultOutputID=855861bdffbce67756f25d163b31d700 DependenciesID=7932e004abc9628e62a481a8ddda5f75 StaticDependenciesID=2588ea8f9ad093bf50dbbbda7e71a2c7 
Asset Pipeline Refresh (id=55f85884256af4aabaae9961dde2ae6b): Total: 0.021 seconds - Initiated by StopAssetImportingV2(NoUpdateAssetOptions)
Importing 'GUID: 39b3e5f6abbd749c5b26a0d3e3634788 - Path: Assets/Art/ChubbyAircraft/BurgundySilver_ShortTwin/BurgundySilver_ShortTwin.prefab' with importer (PrefabImporter)
Imported 'GUID: 39b3e5f6abbd749c5b26a0d3e3634788' -> (Import Result ID: '54008dd7b2a527eaef51779e616a9c51') in 0.001 seconds [static dependencies only]. Details - ImportResultOutputID=97c0dd828fdd11f5d1e5be5065dbe6a9 DependenciesID=0e0122b63c41eef120909b9f40a9b75b StaticDependenciesID=2806292f0141217d2d429e4724fbf235 
Asset Pipeline Refresh (id=cb60ce271a8a74cc7ac9b9899f93cf72): Total: 0.004 seconds - Initiated by StopAssetImportingV2(NoUpdateAssetOptions)
Loaded scene 'Library/Unused/6cbcdde6d3e5d4feaa728c3fd8e6aad9'
	Deserialize:            0.201 ms
	Integration:            0.078 ms
	Integration of assets:  0.001 ms
	Thread Wait Time:       0.003 ms
	Total Operation Time:   0.283 ms
Asset Pipeline Refresh (id=61d29bdd6089b42618b49461e4cbb568): Total: 0.002 seconds - Initiated by StopAssetImportingV2(NoUpdateAssetOptions)
Importing 'GUID: c182ec2273cac469fa0e04410006c8b8 - Path: Assets/Art/ChubbyAircraft/BurgundySilver_MediumTwin/Materials/Part_04.mat' with importer (NativeFormatImporter)
Main Object Name 'BurgundySilver_MediumTwin_Part_04' does not match filename 'Part_04'
UnityEngine.Debug:ExtractStackTraceNoAlloc (byte*,int,string)
UnityEngine.StackTraceUtility:ExtractStackTrace () (at /Users/bokken/build/output/unity/unity/Runtime/Export/Scripting/StackTrace.cs:23)
ChubbyAircraftDelivery:SaveAndValidatePrefab (UnityEngine.GameObject,string,System.Text.StringBuilder) (at Assets/Editor/ChubbyAircraftDelivery.cs:220)
ChubbyAircraftDelivery:Run () (at Assets/Editor/ChubbyAircraftDelivery.cs:103)

[Assets/Editor/ChubbyAircraftDelivery.cs line 103]

Imported 'GUID: c182ec2273cac469fa0e04410006c8b8' -> (Import Result ID: '7daf06d9d3add2e61b66532ea893bfbf') in 0.001 seconds [static dependencies only]. Details - ImportResultOutputID=f156099a49a5c9a68b4c4025141a739b DependenciesID=724421adb3e495c7d30666340d20a1a2 StaticDependenciesID=702ede63e781d945bb41eb1b3915fe05 
Importing 'GUID: a20512a40a44149068ee7b6fb2dd7bc8 - Path: Assets/Art/ChubbyAircraft/BurgundySilver_MediumTwin/Materials/Part_11.mat' with importer (NativeFormatImporter)
Main Object Name 'BurgundySilver_MediumTwin_Part_11' does not match filename 'Part_11'
UnityEngine.Debug:ExtractStackTraceNoAlloc (byte*,int,string)
UnityEngine.StackTraceUtility:ExtractStackTrace () (at /Users/bokken/build/output/unity/unity/Runtime/Export/Scripting/StackTrace.cs:23)
ChubbyAircraftDelivery:SaveAndValidatePrefab (UnityEngine.GameObject,string,System.Text.StringBuilder) (at Assets/Editor/ChubbyAircraftDelivery.cs:220)
ChubbyAircraftDelivery:Run () (at Assets/Editor/ChubbyAircraftDelivery.cs:103)

[Assets/Editor/ChubbyAircraftDelivery.cs line 103]

Imported 'GUID: a20512a40a44149068ee7b6fb2dd7bc8' -> (Import Result ID: '5c7edb2acc6ba2e4e3433d39628085ca') in 0.000 seconds [static dependencies only]. Details - ImportResultOutputID=27f44e027a80f632bf64b9ee8be6bada DependenciesID=abc04f36042c47aa714fe15ed5c6c946 StaticDependenciesID=cddc9fe0087bd27ffc0c1d66badec020 
Importing 'GUID: 6594770d6282b457cbe6fd5f932fedbb - Path: Assets/Art/ChubbyAircraft/BurgundySilver_MediumTwin/Materials/Part_02.mat' with importer (NativeFormatImporter)
Main Object Name 'BurgundySilver_MediumTwin_Part_02' does not match filename 'Part_02'
UnityEngine.Debug:ExtractStackTraceNoAlloc (byte*,int,string)
UnityEngine.StackTraceUtility:ExtractStackTrace () (at /Users/bokken/build/output/unity/unity/Runtime/Export/Scripting/StackTrace.cs:23)
ChubbyAircraftDelivery:SaveAndValidatePrefab (UnityEngine.GameObject,string,System.Text.StringBuilder) (at Assets/Editor/ChubbyAircraftDelivery.cs:220)
ChubbyAircraftDelivery:Run () (at Assets/Editor/ChubbyAircraftDelivery.cs:103)

[Assets/Editor/ChubbyAircraftDelivery.cs line 103]

Imported 'GUID: 6594770d6282b457cbe6fd5f932fedbb' -> (Import Result ID: '0805cd8e89d1075a37fd292ed95834fa') in 0.000 seconds [static dependencies only]. Details - ImportResultOutputID=82b5a1cf78864314b071980db75cf983 DependenciesID=320cbbb5d9699a04f14bff7427f964b3 StaticDependenciesID=a0d30192904ad7bcd02019fbb5b73ffa 
Importing 'GUID: c51be882a616b426b9d5e7457edaa1b6 - Path: Assets/Art/ChubbyAircraft/BurgundySilver_MediumTwin/Materials/Part_06.mat' with importer (NativeFormatImporter)
Main Object Name 'BurgundySilver_MediumTwin_Part_06' does not match filename 'Part_06'
UnityEngine.Debug:ExtractStackTraceNoAlloc (byte*,int,string)
UnityEngine.StackTraceUtility:ExtractStackTrace () (at /Users/bokken/build/output/unity/unity/Runtime/Export/Scripting/StackTrace.cs:23)
ChubbyAircraftDelivery:SaveAndValidatePrefab (UnityEngine.GameObject,string,System.Text.StringBuilder) (at Assets/Editor/ChubbyAircraftDelivery.cs:220)
ChubbyAircraftDelivery:Run () (at Assets/Editor/ChubbyAircraftDelivery.cs:103)

[Assets/Editor/ChubbyAircraftDelivery.cs line 103]

Imported 'GUID: c51be882a616b426b9d5e7457edaa1b6' -> (Import Result ID: '04ddaed9e5509b150354622bf24cfbe1') in 0.000 seconds [static dependencies only]. Details - ImportResultOutputID=379d2f3c9d5b55b58f26e7f9beef98fa DependenciesID=993252c49fe34cea514a58fd4b7582ae StaticDependenciesID=3d24c87c6f563047513d4ce07ef4ba06 
Importing 'GUID: 57b20feed0a6c433a9bc9a270708e011 - Path: Assets/Art/ChubbyAircraft/BurgundySilver_MediumTwin/Materials/Part_05.mat' with importer (NativeFormatImporter)
Main Object Name 'BurgundySilver_MediumTwin_Part_05' does not match filename 'Part_05'
UnityEngine.Debug:ExtractStackTraceNoAlloc (byte*,int,string)
UnityEngine.StackTraceUtility:ExtractStackTrace () (at /Users/bokken/build/output/unity/unity/Runtime/Export/Scripting/StackTrace.cs:23)
ChubbyAircraftDelivery:SaveAndValidatePrefab (UnityEngine.GameObject,string,System.Text.StringBuilder) (at Assets/Editor/ChubbyAircraftDelivery.cs:220)
ChubbyAircraftDelivery:Run () (at Assets/Editor/ChubbyAircraftDelivery.cs:103)

[Assets/Editor/ChubbyAircraftDelivery.cs line 103]

Imported 'GUID: 57b20feed0a6c433a9bc9a270708e011' -> (Import Result ID: '845e7355e2e0a7a6c3134ba325eb73d0') in 0.000 seconds [static dependencies only]. Details - ImportResultOutputID=72f1556813afbde76909797d00c5a722 DependenciesID=de8cf6bca748c9d09d5ca9a6e8084340 StaticDependenciesID=f485f7340c251dddb7b8f835f06ff9b8 
Importing 'GUID: a7dc93b4734d24c3692178119a3a401d - Path: Assets/Art/ChubbyAircraft/BurgundySilver_MediumTwin/Materials/Part_00.mat' with importer (NativeFormatImporter)
Main Object Name 'BurgundySilver_MediumTwin_Part_00' does not match filename 'Part_00'
UnityEngine.Debug:ExtractStackTraceNoAlloc (byte*,int,string)
UnityEngine.StackTraceUtility:ExtractStackTrace () (at /Users/bokken/build/output/unity/unity/Runtime/Export/Scripting/StackTrace.cs:23)
ChubbyAircraftDelivery:SaveAndValidatePrefab (UnityEngine.GameObject,string,System.Text.StringBuilder) (at Assets/Editor/ChubbyAircraftDelivery.cs:220)
ChubbyAircraftDelivery:Run () (at Assets/Editor/ChubbyAircraftDelivery.cs:103)

[Assets/Editor/ChubbyAircraftDelivery.cs line 103]

Imported 'GUID: a7dc93b4734d24c3692178119a3a401d' -> (Import Result ID: 'c14b5cd3fd5b56187f36d378b4405981') in 0.000 seconds [static dependencies only]. Details - ImportResultOutputID=4ea9510d0865097b977aa4c079788af6 DependenciesID=386ac07ea001a8fd22e2029f9aa2c758 StaticDependenciesID=9947334ccc5e5b362129e88523d49e25 
Importing 'GUID: c98d82b31f316463d81fe8a88278e62e - Path: Assets/Art/ChubbyAircraft/BurgundySilver_MediumTwin/Materials/Part_03.mat' with importer (NativeFormatImporter)
Main Object Name 'BurgundySilver_MediumTwin_Part_03' does not match filename 'Part_03'
UnityEngine.Debug:ExtractStackTraceNoAlloc (byte*,int,string)
UnityEngine.StackTraceUtility:ExtractStackTrace () (at /Users/bokken/build/output/unity/unity/Runtime/Export/Scripting/StackTrace.cs:23)
ChubbyAircraftDelivery:SaveAndValidatePrefab (UnityEngine.GameObject,string,System.Text.StringBuilder) (at Assets/Editor/ChubbyAircraftDelivery.cs:220)
ChubbyAircraftDelivery:Run () (at Assets/Editor/ChubbyAircraftDelivery.cs:103)

[Assets/Editor/ChubbyAircraftDelivery.cs line 103]

Imported 'GUID: c98d82b31f316463d81fe8a88278e62e' -> (Import Result ID: '3eac05ed8fe8643b0b13809f161e8ece') in 0.000 seconds [static dependencies only]. Details - ImportResultOutputID=125aad60e8922986283216cc8e123f39 DependenciesID=dc76e588e7f4681089af872502a16112 StaticDependenciesID=e13f5b8539f2bc9eed446d64012d320f 
Importing 'GUID: 4ae38f23d8316476e86c55fbd9040c94 - Path: Assets/Art/ChubbyAircraft/BurgundySilver_MediumTwin/Materials/Part_09.mat' with importer (NativeFormatImporter)
Main Object Name 'BurgundySilver_MediumTwin_Part_09' does not match filename 'Part_09'
UnityEngine.Debug:ExtractStackTraceNoAlloc (byte*,int,string)
UnityEngine.StackTraceUtility:ExtractStackTrace () (at /Users/bokken/build/output/unity/unity/Runtime/Export/Scripting/StackTrace.cs:23)
ChubbyAircraftDelivery:SaveAndValidatePrefab (UnityEngine.GameObject,string,System.Text.StringBuilder) (at Assets/Editor/ChubbyAircraftDelivery.cs:220)
ChubbyAircraftDelivery:Run () (at Assets/Editor/ChubbyAircraftDelivery.cs:103)

[Assets/Editor/ChubbyAircraftDelivery.cs line 103]

Imported 'GUID: 4ae38f23d8316476e86c55fbd9040c94' -> (Import Result ID: '286480ccee34adf0c432dfe917972b31') in 0.000 seconds [static dependencies only]. Details - ImportResultOutputID=71463b8722e22a0ba9ea24b06584a656 DependenciesID=a7ee1394c9dab86b847275c13190fea4 StaticDependenciesID=e045424589a27c06bda9e2f9e316e89c 
Importing 'GUID: fab2ba14df2e4428e8134f7cfe2958a5 - Path: Assets/Art/ChubbyAircraft/BurgundySilver_MediumTwin/Materials/Part_10.mat' with importer (NativeFormatImporter)
Main Object Name 'BurgundySilver_MediumTwin_Part_10' does not match filename 'Part_10'
UnityEngine.Debug:ExtractStackTraceNoAlloc (byte*,int,string)
UnityEngine.StackTraceUtility:ExtractStackTrace () (at /Users/bokken/build/output/unity/unity/Runtime/Export/Scripting/StackTrace.cs:23)
ChubbyAircraftDelivery:SaveAndValidatePrefab (UnityEngine.GameObject,string,System.Text.StringBuilder) (at Assets/Editor/ChubbyAircraftDelivery.cs:220)
ChubbyAircraftDelivery:Run () (at Assets/Editor/ChubbyAircraftDelivery.cs:103)

[Assets/Editor/ChubbyAircraftDelivery.cs line 103]

Imported 'GUID: fab2ba14df2e4428e8134f7cfe2958a5' -> (Import Result ID: 'd3f8fdf63c6388b6b2207b31ba22a33b') in 0.000 seconds [static dependencies only]. Details - ImportResultOutputID=080e7af2abbaf50395e55e8ec8e7d76a DependenciesID=3937f7937830875eb21803b68959f15b StaticDependenciesID=71be47c2c8d86f2643846e92893579b7 
Importing 'GUID: fba2b0760cf6e43e494360e228c50b0a - Path: Assets/Art/ChubbyAircraft/BurgundySilver_MediumTwin/Materials/Part_12.mat' with importer (NativeFormatImporter)
Main Object Name 'BurgundySilver_MediumTwin_Part_12' does not match filename 'Part_12'
UnityEngine.Debug:ExtractStackTraceNoAlloc (byte*,int,string)
UnityEngine.StackTraceUtility:ExtractStackTrace () (at /Users/bokken/build/output/unity/unity/Runtime/Export/Scripting/StackTrace.cs:23)
ChubbyAircraftDelivery:SaveAndValidatePrefab (UnityEngine.GameObject,string,System.Text.StringBuilder) (at Assets/Editor/ChubbyAircraftDelivery.cs:220)
ChubbyAircraftDelivery:Run () (at Assets/Editor/ChubbyAircraftDelivery.cs:103)

[Assets/Editor/ChubbyAircraftDelivery.cs line 103]

Imported 'GUID: fba2b0760cf6e43e494360e228c50b0a' -> (Import Result ID: '8b3cef754d9759bf5124b18d8374a8d9') in 0.000 seconds [static dependencies only]. Details - ImportResultOutputID=850ca412ee774ff82e1a0c6dd37f5fd1 DependenciesID=c24a3b6d574e9eb6a5babe290cd1a0ce StaticDependenciesID=fee85d5497949cb939e8b7fb1e918eae 
Importing 'GUID: 6cc317e4fc80942369f6fa113f06ba2c - Path: Assets/Art/ChubbyAircraft/BurgundySilver_MediumTwin/Materials/Part_07.mat' with importer (NativeFormatImporter)
Main Object Name 'BurgundySilver_MediumTwin_Part_07' does not match filename 'Part_07'
UnityEngine.Debug:ExtractStackTraceNoAlloc (byte*,int,string)
UnityEngine.StackTraceUtility:ExtractStackTrace () (at /Users/bokken/build/output/unity/unity/Runtime/Export/Scripting/StackTrace.cs:23)
ChubbyAircraftDelivery:SaveAndValidatePrefab (UnityEngine.GameObject,string,System.Text.StringBuilder) (at Assets/Editor/ChubbyAircraftDelivery.cs:220)
ChubbyAircraftDelivery:Run () (at Assets/Editor/ChubbyAircraftDelivery.cs:103)

[Assets/Editor/ChubbyAircraftDelivery.cs line 103]

Imported 'GUID: 6cc317e4fc80942369f6fa113f06ba2c' -> (Import Result ID: 'bf7daa5cefc47e4517559d53a565464f') in 0.000 seconds [static dependencies only]. Details - ImportResultOutputID=6633ddca743407d8034fc655d6ababf3 DependenciesID=e7712f8d2ab53208d6d569408a388936 StaticDependenciesID=5d2e84de7cbf4910ed03665606877ff1 
Importing 'GUID: 0eaf9aee4e326454ebe67fd490875b3d - Path: Assets/Art/ChubbyAircraft/BurgundySilver_MediumTwin/Materials/Part_08.mat' with importer (NativeFormatImporter)
Main Object Name 'BurgundySilver_MediumTwin_Part_08' does not match filename 'Part_08'
UnityEngine.Debug:ExtractStackTraceNoAlloc (byte*,int,string)
UnityEngine.StackTraceUtility:ExtractStackTrace () (at /Users/bokken/build/output/unity/unity/Runtime/Export/Scripting/StackTrace.cs:23)
ChubbyAircraftDelivery:SaveAndValidatePrefab (UnityEngine.GameObject,string,System.Text.StringBuilder) (at Assets/Editor/ChubbyAircraftDelivery.cs:220)
ChubbyAircraftDelivery:Run () (at Assets/Editor/ChubbyAircraftDelivery.cs:103)

[Assets/Editor/ChubbyAircraftDelivery.cs line 103]

Imported 'GUID: 0eaf9aee4e326454ebe67fd490875b3d' -> (Import Result ID: '2a7661c9802d491e5fe09d4af4fc06ce') in 0.000 seconds [static dependencies only]. Details - ImportResultOutputID=0b2849eb7ff18e8f12435fc7ea4a9413 DependenciesID=9d086307eb50a7b2c4c5dd5f20943a65 StaticDependenciesID=ac187a480ac570f51f372b97be3ef255 
Importing 'GUID: df61e93213ba74705b29606eb5f9b8cc - Path: Assets/Art/ChubbyAircraft/BurgundySilver_MediumTwin/Materials/Part_01.mat' with importer (NativeFormatImporter)
Main Object Name 'BurgundySilver_MediumTwin_Part_01' does not match filename 'Part_01'
UnityEngine.Debug:ExtractStackTraceNoAlloc (byte*,int,string)
UnityEngine.StackTraceUtility:ExtractStackTrace () (at /Users/bokken/build/output/unity/unity/Runtime/Export/Scripting/StackTrace.cs:23)
ChubbyAircraftDelivery:SaveAndValidatePrefab (UnityEngine.GameObject,string,System.Text.StringBuilder) (at Assets/Editor/ChubbyAircraftDelivery.cs:220)
ChubbyAircraftDelivery:Run () (at Assets/Editor/ChubbyAircraftDelivery.cs:103)

[Assets/Editor/ChubbyAircraftDelivery.cs line 103]

Imported 'GUID: df61e93213ba74705b29606eb5f9b8cc' -> (Import Result ID: 'a3c34e5a95962f83387d6fee5cd2be59') in 0.000 seconds [static dependencies only]. Details - ImportResultOutputID=144d075e8fbb3169af6986adb17b592d DependenciesID=fc4c677cde254bc1db2d980da3932c01 StaticDependenciesID=9cb7405f044e4ec8d92ecfc1abe41dcb 
Importing 'GUID: d1aaca6eb68a646fbb3b86158198a2ec - Path: Assets/Art/ChubbyAircraft/BurgundySilver_MediumTwin/Meshes/Part_10.asset' with importer (NativeFormatImporter)
Main Object Name 'BurgundySilver_MediumTwin_Part_10' does not match filename 'Part_10'
UnityEngine.Debug:ExtractStackTraceNoAlloc (byte*,int,string)
UnityEngine.StackTraceUtility:ExtractStackTrace () (at /Users/bokken/build/output/unity/unity/Runtime/Export/Scripting/StackTrace.cs:23)
ChubbyAircraftDelivery:SaveAndValidatePrefab (UnityEngine.GameObject,string,System.Text.StringBuilder) (at Assets/Editor/ChubbyAircraftDelivery.cs:220)
ChubbyAircraftDelivery:Run () (at Assets/Editor/ChubbyAircraftDelivery.cs:103)

[Assets/Editor/ChubbyAircraftDelivery.cs line 103]

Imported 'GUID: d1aaca6eb68a646fbb3b86158198a2ec' -> (Import Result ID: '3f36caae80b64fddfadd56798216e080') in 0.000 seconds [static dependencies only]. Details - ImportResultOutputID=01e92084eb1bc9837213953eb35187a8 DependenciesID=7173fe312040c61a57bb5269feffbd5e StaticDependenciesID=27bb7b56faa7a679161302aa978c0a8f 
Importing 'GUID: 629240cbb7cd645a59c14710668766a4 - Path: Assets/Art/ChubbyAircraft/BurgundySilver_MediumTwin/Meshes/Part_05.asset' with importer (NativeFormatImporter)
Main Object Name 'BurgundySilver_MediumTwin_Part_05' does not match filename 'Part_05'
UnityEngine.Debug:ExtractStackTraceNoAlloc (byte*,int,string)
UnityEngine.StackTraceUtility:ExtractStackTrace () (at /Users/bokken/build/output/unity/unity/Runtime/Export/Scripting/StackTrace.cs:23)
ChubbyAircraftDelivery:SaveAndValidatePrefab (UnityEngine.GameObject,string,System.Text.StringBuilder) (at Assets/Editor/ChubbyAircraftDelivery.cs:220)
ChubbyAircraftDelivery:Run () (at Assets/Editor/ChubbyAircraftDelivery.cs:103)

[Assets/Editor/ChubbyAircraftDelivery.cs line 103]

Imported 'GUID: 629240cbb7cd645a59c14710668766a4' -> (Import Result ID: '0c47d019afc73e0e9fd8036f2c658307') in 0.000 seconds [static dependencies only]. Details - ImportResultOutputID=25eae089e0f97e528e2a23d9242c293b DependenciesID=8706a16a0d420c222aa375cedc5ddec2 StaticDependenciesID=0f95e378d9d493a238db8452666b10ac 
Importing 'GUID: f299db37b2ee1476ba040ced17928549 - Path: Assets/Art/ChubbyAircraft/BurgundySilver_MediumTwin/Meshes/Part_07.asset' with importer (NativeFormatImporter)
Main Object Name 'BurgundySilver_MediumTwin_Part_07' does not match filename 'Part_07'
UnityEngine.Debug:ExtractStackTraceNoAlloc (byte*,int,string)
UnityEngine.StackTraceUtility:ExtractStackTrace () (at /Users/bokken/build/output/unity/unity/Runtime/Export/Scripting/StackTrace.cs:23)
ChubbyAircraftDelivery:SaveAndValidatePrefab (UnityEngine.GameObject,string,System.Text.StringBuilder) (at Assets/Editor/ChubbyAircraftDelivery.cs:220)
ChubbyAircraftDelivery:Run () (at Assets/Editor/ChubbyAircraftDelivery.cs:103)

[Assets/Editor/ChubbyAircraftDelivery.cs line 103]

Imported 'GUID: f299db37b2ee1476ba040ced17928549' -> (Import Result ID: '713f9aeaba8a8c351445cfb51b2e6eb4') in 0.000 seconds [static dependencies only]. Details - ImportResultOutputID=d21dfcbd5d4030ef6afc8d1669fe4560 DependenciesID=894165e51f0a9c260e035fc6e646354d StaticDependenciesID=cf7d4a7e932f94f6bbb956a4cb4a974a 
Importing 'GUID: e48cb9d73042740e5a0c3fdac6620e1d - Path: Assets/Art/ChubbyAircraft/BurgundySilver_MediumTwin/Meshes/Part_03.asset' with importer (NativeFormatImporter)
Main Object Name 'BurgundySilver_MediumTwin_Part_03' does not match filename 'Part_03'
UnityEngine.Debug:ExtractStackTraceNoAlloc (byte*,int,string)
UnityEngine.StackTraceUtility:ExtractStackTrace () (at /Users/bokken/build/output/unity/unity/Runtime/Export/Scripting/StackTrace.cs:23)
ChubbyAircraftDelivery:SaveAndValidatePrefab (UnityEngine.GameObject,string,System.Text.StringBuilder) (at Assets/Editor/ChubbyAircraftDelivery.cs:220)
ChubbyAircraftDelivery:Run () (at Assets/Editor/ChubbyAircraftDelivery.cs:103)

[Assets/Editor/ChubbyAircraftDelivery.cs line 103]

Imported 'GUID: e48cb9d73042740e5a0c3fdac6620e1d' -> (Import Result ID: 'f4ab21220e8219c69d562f5b8a570fd9') in 0.001 seconds [static dependencies only]. Details - ImportResultOutputID=02d3f99ffe600ff6b6e19988491a71a9 DependenciesID=47aff8d88b5dbfa92c85dca8bd462e18 StaticDependenciesID=781897cc9ccfd18505ca6c60ae1fabf1 
Importing 'GUID: d55adb759a1fc46879800ca050d3b1a4 - Path: Assets/Art/ChubbyAircraft/BurgundySilver_MediumTwin/Meshes/Part_08.asset' with importer (NativeFormatImporter)
Main Object Name 'BurgundySilver_MediumTwin_Part_08' does not match filename 'Part_08'
UnityEngine.Debug:ExtractStackTraceNoAlloc (byte*,int,string)
UnityEngine.StackTraceUtility:ExtractStackTrace () (at /Users/bokken/build/output/unity/unity/Runtime/Export/Scripting/StackTrace.cs:23)
ChubbyAircraftDelivery:SaveAndValidatePrefab (UnityEngine.GameObject,string,System.Text.StringBuilder) (at Assets/Editor/ChubbyAircraftDelivery.cs:220)
ChubbyAircraftDelivery:Run () (at Assets/Editor/ChubbyAircraftDelivery.cs:103)

[Assets/Editor/ChubbyAircraftDelivery.cs line 103]

Imported 'GUID: d55adb759a1fc46879800ca050d3b1a4' -> (Import Result ID: 'e5fd9361966784f19173ac09c0d111af') in 0.000 seconds [static dependencies only]. Details - ImportResultOutputID=943d92d195e1f142f0dc38ee4931240c DependenciesID=9fa728110ded5a4327102669e778e883 StaticDependenciesID=dc09f6fbab3567835551df044578f20b 
Importing 'GUID: 17a2edb4e468b4a1288c9ea4a8791720 - Path: Assets/Art/ChubbyAircraft/BurgundySilver_MediumTwin/Meshes/Part_04.asset' with importer (NativeFormatImporter)
Main Object Name 'BurgundySilver_MediumTwin_Part_04' does not match filename 'Part_04'
UnityEngine.Debug:ExtractStackTraceNoAlloc (byte*,int,string)
UnityEngine.StackTraceUtility:ExtractStackTrace () (at /Users/bokken/build/output/unity/unity/Runtime/Export/Scripting/StackTrace.cs:23)
ChubbyAircraftDelivery:SaveAndValidatePrefab (UnityEngine.GameObject,string,System.Text.StringBuilder) (at Assets/Editor/ChubbyAircraftDelivery.cs:220)
ChubbyAircraftDelivery:Run () (at Assets/Editor/ChubbyAircraftDelivery.cs:103)

[Assets/Editor/ChubbyAircraftDelivery.cs line 103]

Imported 'GUID: 17a2edb4e468b4a1288c9ea4a8791720' -> (Import Result ID: '93a0136ae3cf5aa9a459decf85952f58') in 0.000 seconds [static dependencies only]. Details - ImportResultOutputID=bc7169f480cb536bb507bd5b541fa309 DependenciesID=e4cc70f7530111c5387000e66a54cb50 StaticDependenciesID=9175c3718e7b86a228ec44e5c2efcb1a 
Importing 'GUID: 382a869d52b9f4e2a9805ff480cf1faa - Path: Assets/Art/ChubbyAircraft/BurgundySilver_MediumTwin/Meshes/Part_11.asset' with importer (NativeFormatImporter)
Main Object Name 'BurgundySilver_MediumTwin_Part_11' does not match filename 'Part_11'
UnityEngine.Debug:ExtractStackTraceNoAlloc (byte*,int,string)
UnityEngine.StackTraceUtility:ExtractStackTrace () (at /Users/bokken/build/output/unity/unity/Runtime/Export/Scripting/StackTrace.cs:23)
ChubbyAircraftDelivery:SaveAndValidatePrefab (UnityEngine.GameObject,string,System.Text.StringBuilder) (at Assets/Editor/ChubbyAircraftDelivery.cs:220)
ChubbyAircraftDelivery:Run () (at Assets/Editor/ChubbyAircraftDelivery.cs:103)

[Assets/Editor/ChubbyAircraftDelivery.cs line 103]

Imported 'GUID: 382a869d52b9f4e2a9805ff480cf1faa' -> (Import Result ID: 'c875c093e6019fd06bca93b43afa91ee') in 0.000 seconds [static dependencies only]. Details - ImportResultOutputID=4ed3facbbd4a68d2006e4e3c4cbe6d61 DependenciesID=9b98e9a2d53916d67d1b0168e96dbbf7 StaticDependenciesID=53d8b723f49a8041ca5c643568afa916 
Importing 'GUID: 39fcee2298e5f40f9bd34d66411d615f - Path: Assets/Art/ChubbyAircraft/BurgundySilver_MediumTwin/Meshes/Part_06.asset' with importer (NativeFormatImporter)
Main Object Name 'BurgundySilver_MediumTwin_Part_06' does not match filename 'Part_06'
UnityEngine.Debug:ExtractStackTraceNoAlloc (byte*,int,string)
UnityEngine.StackTraceUtility:ExtractStackTrace () (at /Users/bokken/build/output/unity/unity/Runtime/Export/Scripting/StackTrace.cs:23)
ChubbyAircraftDelivery:SaveAndValidatePrefab (UnityEngine.GameObject,string,System.Text.StringBuilder) (at Assets/Editor/ChubbyAircraftDelivery.cs:220)
ChubbyAircraftDelivery:Run () (at Assets/Editor/ChubbyAircraftDelivery.cs:103)

[Assets/Editor/ChubbyAircraftDelivery.cs line 103]

Imported 'GUID: 39fcee2298e5f40f9bd34d66411d615f' -> (Import Result ID: '4e1ca04471aefff176967d094d372fb1') in 0.000 seconds [static dependencies only]. Details - ImportResultOutputID=e37236be82d6d38f69d9fcbbc07e0761 DependenciesID=9ae8f5ab33e783f5e81ab78c382a780f StaticDependenciesID=abe549513f1a18a05b51cab9994f6294 
Importing 'GUID: 695e534c867d344b190330ab097d6ded - Path: Assets/Art/ChubbyAircraft/BurgundySilver_MediumTwin/Meshes/Part_01.asset' with importer (NativeFormatImporter)
Main Object Name 'BurgundySilver_MediumTwin_Part_01' does not match filename 'Part_01'
UnityEngine.Debug:ExtractStackTraceNoAlloc (byte*,int,string)
UnityEngine.StackTraceUtility:ExtractStackTrace () (at /Users/bokken/build/output/unity/unity/Runtime/Export/Scripting/StackTrace.cs:23)
ChubbyAircraftDelivery:SaveAndValidatePrefab (UnityEngine.GameObject,string,System.Text.StringBuilder) (at Assets/Editor/ChubbyAircraftDelivery.cs:220)
ChubbyAircraftDelivery:Run () (at Assets/Editor/ChubbyAircraftDelivery.cs:103)

[Assets/Editor/ChubbyAircraftDelivery.cs line 103]

Imported 'GUID: 695e534c867d344b190330ab097d6ded' -> (Import Result ID: '8afe07833e14db78c037fd1473099bec') in 0.001 seconds [static dependencies only]. Details - ImportResultOutputID=70b4f8ebeeb349cfa9e0771c4c9895a3 DependenciesID=5dca122579ad970ef7de6007309f7528 StaticDependenciesID=30aac87f46a8cc343838e91f526df6ee 
Importing 'GUID: 89b7a74da4fe84ad5ac5a0cccc6ac348 - Path: Assets/Art/ChubbyAircraft/BurgundySilver_MediumTwin/Meshes/Part_00.asset' with importer (NativeFormatImporter)
Main Object Name 'BurgundySilver_MediumTwin_Part_00' does not match filename 'Part_00'
UnityEngine.Debug:ExtractStackTraceNoAlloc (byte*,int,string)
UnityEngine.StackTraceUtility:ExtractStackTrace () (at /Users/bokken/build/output/unity/unity/Runtime/Export/Scripting/StackTrace.cs:23)
ChubbyAircraftDelivery:SaveAndValidatePrefab (UnityEngine.GameObject,string,System.Text.StringBuilder) (at Assets/Editor/ChubbyAircraftDelivery.cs:220)
ChubbyAircraftDelivery:Run () (at Assets/Editor/ChubbyAircraftDelivery.cs:103)

[Assets/Editor/ChubbyAircraftDelivery.cs line 103]

Imported 'GUID: 89b7a74da4fe84ad5ac5a0cccc6ac348' -> (Import Result ID: '6a1e6fe4b24c5d765fc51c3b200e5b0f') in 0.001 seconds [static dependencies only]. Details - ImportResultOutputID=61ab4f11f9ef2c948cdb028fa75c8b75 DependenciesID=8c2cfdd43dcd19874dfb7ed2edb891f6 StaticDependenciesID=1f3f1f6c600bbe039b1b1981d45292fb 
Importing 'GUID: 0b5d5ab9b10ec427e98e93a73d6826e8 - Path: Assets/Art/ChubbyAircraft/BurgundySilver_MediumTwin/Meshes/Part_02.asset' with importer (NativeFormatImporter)
Main Object Name 'BurgundySilver_MediumTwin_Part_02' does not match filename 'Part_02'
UnityEngine.Debug:ExtractStackTraceNoAlloc (byte*,int,string)
UnityEngine.StackTraceUtility:ExtractStackTrace () (at /Users/bokken/build/output/unity/unity/Runtime/Export/Scripting/StackTrace.cs:23)
ChubbyAircraftDelivery:SaveAndValidatePrefab (UnityEngine.GameObject,string,System.Text.StringBuilder) (at Assets/Editor/ChubbyAircraftDelivery.cs:220)
ChubbyAircraftDelivery:Run () (at Assets/Editor/ChubbyAircraftDelivery.cs:103)

[Assets/Editor/ChubbyAircraftDelivery.cs line 103]

Imported 'GUID: 0b5d5ab9b10ec427e98e93a73d6826e8' -> (Import Result ID: 'e7d3f882ccdf1e8448a288c9bca06b50') in 0.001 seconds [static dependencies only]. Details - ImportResultOutputID=d2e6947c58eb8bad868195feebe147fe DependenciesID=95fb6a11b0775ed94d04871409af2853 StaticDependenciesID=e0ecacd9e469a1609d7904c0442e16fd 
Importing 'GUID: 5ebc5048642e54f61b8424c6c92c945e - Path: Assets/Art/ChubbyAircraft/BurgundySilver_MediumTwin/Meshes/Part_12.asset' with importer (NativeFormatImporter)
Main Object Name 'BurgundySilver_MediumTwin_Part_12' does not match filename 'Part_12'
UnityEngine.Debug:ExtractStackTraceNoAlloc (byte*,int,string)
UnityEngine.StackTraceUtility:ExtractStackTrace () (at /Users/bokken/build/output/unity/unity/Runtime/Export/Scripting/StackTrace.cs:23)
ChubbyAircraftDelivery:SaveAndValidatePrefab (UnityEngine.GameObject,string,System.Text.StringBuilder) (at Assets/Editor/ChubbyAircraftDelivery.cs:220)
ChubbyAircraftDelivery:Run () (at Assets/Editor/ChubbyAircraftDelivery.cs:103)

[Assets/Editor/ChubbyAircraftDelivery.cs line 103]

Imported 'GUID: 5ebc5048642e54f61b8424c6c92c945e' -> (Import Result ID: '0bc7f595e9252fb7ede02f1eed492dd8') in 0.001 seconds [static dependencies only]. Details - ImportResultOutputID=12792f30e934b899cce1553c92e12c17 DependenciesID=5fdb805b285cbcf8f0a1ef7de7c8f2c4 StaticDependenciesID=becd76cf4bfd1d0b724d4bd819b16d0d 
Importing 'GUID: de91e4a5d8a2d4f35acb2247a2af2c2e - Path: Assets/Art/ChubbyAircraft/BurgundySilver_MediumTwin/Meshes/Part_09.asset' with importer (NativeFormatImporter)
Main Object Name 'BurgundySilver_MediumTwin_Part_09' does not match filename 'Part_09'
UnityEngine.Debug:ExtractStackTraceNoAlloc (byte*,int,string)
UnityEngine.StackTraceUtility:ExtractStackTrace () (at /Users/bokken/build/output/unity/unity/Runtime/Export/Scripting/StackTrace.cs:23)
ChubbyAircraftDelivery:SaveAndValidatePrefab (UnityEngine.GameObject,string,System.Text.StringBuilder) (at Assets/Editor/ChubbyAircraftDelivery.cs:220)
ChubbyAircraftDelivery:Run () (at Assets/Editor/ChubbyAircraftDelivery.cs:103)

[Assets/Editor/ChubbyAircraftDelivery.cs line 103]

Imported 'GUID: de91e4a5d8a2d4f35acb2247a2af2c2e' -> (Import Result ID: 'a7b7032a11349609d1401f5488dcdd1f') in 0.000 seconds [static dependencies only]. Details - ImportResultOutputID=efa50f52721c4635f14df6161f6d8240 DependenciesID=1537cd0a4c963c669a3454c474f8b6f9 StaticDependenciesID=60298c3fcc1e4327a4e59b6c9981ec1d 
Asset Pipeline Refresh (id=0ad9e6999a9b849c6bf48b547b22e8fb): Total: 0.021 seconds - Initiated by StopAssetImportingV2(NoUpdateAssetOptions)
Importing 'GUID: f8ff820ee666e4ecbba371849520b38c - Path: Assets/Art/ChubbyAircraft/BurgundySilver_MediumTwin/BurgundySilver_MediumTwin.prefab' with importer (PrefabImporter)
Imported 'GUID: f8ff820ee666e4ecbba371849520b38c' -> (Import Result ID: 'f2a6c3b47023c029497f5b7b37e74103') in 0.001 seconds [static dependencies only]. Details - ImportResultOutputID=78e944bbe7e71c5adc350ea0a4e2ea40 DependenciesID=85655595a969b6fa248b487d395a3c1b StaticDependenciesID=ea839f089acd565f8148e15b1df7f6c2 
Asset Pipeline Refresh (id=ece598aad3aa443cbac5b3c3eeb7db8f): Total: 0.005 seconds - Initiated by StopAssetImportingV2(NoUpdateAssetOptions)
Loaded scene 'Library/Unused/8e07e3a3dee20451b9ea0835eb7f945c'
	Deserialize:            0.208 ms
	Integration:            0.091 ms
	Integration of assets:  0.001 ms
	Thread Wait Time:       0.004 ms
	Total Operation Time:   0.303 ms
Asset Pipeline Refresh (id=ac3367fdf27aa458692f91522826c8d1): Total: 0.003 seconds - Initiated by StopAssetImportingV2(NoUpdateAssetOptions)
Importing 'GUID: a33c3e94ddca84a2d87cf16806a3cd69 - Path: Assets/Art/ChubbyAircraft/BurgundySilver_LongQuad/Materials/Part_10.mat' with importer (NativeFormatImporter)
Main Object Name 'BurgundySilver_LongQuad_Part_10' does not match filename 'Part_10'
UnityEngine.Debug:ExtractStackTraceNoAlloc (byte*,int,string)
UnityEngine.StackTraceUtility:ExtractStackTrace () (at /Users/bokken/build/output/unity/unity/Runtime/Export/Scripting/StackTrace.cs:23)
ChubbyAircraftDelivery:SaveAndValidatePrefab (UnityEngine.GameObject,string,System.Text.StringBuilder) (at Assets/Editor/ChubbyAircraftDelivery.cs:220)
ChubbyAircraftDelivery:Run () (at Assets/Editor/ChubbyAircraftDelivery.cs:103)

[Assets/Editor/ChubbyAircraftDelivery.cs line 103]

Imported 'GUID: a33c3e94ddca84a2d87cf16806a3cd69' -> (Import Result ID: '5ec147a9ff39eb6e01816bcab6931edd') in 0.001 seconds [static dependencies only]. Details - ImportResultOutputID=c4f05e0ef7337bb0e8aae9f95ea01c48 DependenciesID=77ed25ff657e529c5f7d760dd6b7d6ef StaticDependenciesID=f762c06864554d65726f132a739304f1 
Importing 'GUID: 6633bc5e3780e48e58594ac6fd5d7056 - Path: Assets/Art/ChubbyAircraft/BurgundySilver_LongQuad/Materials/Part_07.mat' with importer (NativeFormatImporter)
Main Object Name 'BurgundySilver_LongQuad_Part_07' does not match filename 'Part_07'
UnityEngine.Debug:ExtractStackTraceNoAlloc (byte*,int,string)
UnityEngine.StackTraceUtility:ExtractStackTrace () (at /Users/bokken/build/output/unity/unity/Runtime/Export/Scripting/StackTrace.cs:23)
ChubbyAircraftDelivery:SaveAndValidatePrefab (UnityEngine.GameObject,string,System.Text.StringBuilder) (at Assets/Editor/ChubbyAircraftDelivery.cs:220)
ChubbyAircraftDelivery:Run () (at Assets/Editor/ChubbyAircraftDelivery.cs:103)

[Assets/Editor/ChubbyAircraftDelivery.cs line 103]

Imported 'GUID: 6633bc5e3780e48e58594ac6fd5d7056' -> (Import Result ID: '8b2891a0724e50b54d014045bea06295') in 0.000 seconds [static dependencies only]. Details - ImportResultOutputID=841d505c776a0d457e137704d0092ed5 DependenciesID=a034bb6d91e85e87f57f27dae3f71542 StaticDependenciesID=c49d3585a4c252b5c72df9dd3624e34d 
Importing 'GUID: 57b907fd3676648c797eea3828997a51 - Path: Assets/Art/ChubbyAircraft/BurgundySilver_LongQuad/Materials/Part_12.mat' with importer (NativeFormatImporter)
Main Object Name 'BurgundySilver_LongQuad_Part_12' does not match filename 'Part_12'
UnityEngine.Debug:ExtractStackTraceNoAlloc (byte*,int,string)
UnityEngine.StackTraceUtility:ExtractStackTrace () (at /Users/bokken/build/output/unity/unity/Runtime/Export/Scripting/StackTrace.cs:23)
ChubbyAircraftDelivery:SaveAndValidatePrefab (UnityEngine.GameObject,string,System.Text.StringBuilder) (at Assets/Editor/ChubbyAircraftDelivery.cs:220)
ChubbyAircraftDelivery:Run () (at Assets/Editor/ChubbyAircraftDelivery.cs:103)

[Assets/Editor/ChubbyAircraftDelivery.cs line 103]

Imported 'GUID: 57b907fd3676648c797eea3828997a51' -> (Import Result ID: 'ab6896cbfa73a755f7efef794ec3bc80') in 0.000 seconds [static dependencies only]. Details - ImportResultOutputID=1498f8e7bdd69ce42ed87ca2dc879a53 DependenciesID=6aead8bec2ee6d60c88c446b4a011a53 StaticDependenciesID=717a0ac8f359d785066b25fbb18258f8 
Importing 'GUID: c7e8c3dbe992b443ba0368e507bbb68d - Path: Assets/Art/ChubbyAircraft/BurgundySilver_LongQuad/Materials/Part_01.mat' with importer (NativeFormatImporter)
Main Object Name 'BurgundySilver_LongQuad_Part_01' does not match filename 'Part_01'
UnityEngine.Debug:ExtractStackTraceNoAlloc (byte*,int,string)
UnityEngine.StackTraceUtility:ExtractStackTrace () (at /Users/bokken/build/output/unity/unity/Runtime/Export/Scripting/StackTrace.cs:23)
ChubbyAircraftDelivery:SaveAndValidatePrefab (UnityEngine.GameObject,string,System.Text.StringBuilder) (at Assets/Editor/ChubbyAircraftDelivery.cs:220)
ChubbyAircraftDelivery:Run () (at Assets/Editor/ChubbyAircraftDelivery.cs:103)

[Assets/Editor/ChubbyAircraftDelivery.cs line 103]

Imported 'GUID: c7e8c3dbe992b443ba0368e507bbb68d' -> (Import Result ID: '5a0781cc7f56c92af5372b3e71b99a2e') in 0.000 seconds [static dependencies only]. Details - ImportResultOutputID=5e61baa42e702d702c70cd47c06cf98d DependenciesID=b402d9fd0535bbc5f193041ea3ce7101 StaticDependenciesID=2198e10de129b0ad507e7c6bafcef8e5 
Importing 'GUID: 38fffe9d42e804efcb859c8c4777fa4a - Path: Assets/Art/ChubbyAircraft/BurgundySilver_LongQuad/Materials/Part_11.mat' with importer (NativeFormatImporter)
Main Object Name 'BurgundySilver_LongQuad_Part_11' does not match filename 'Part_11'
UnityEngine.Debug:ExtractStackTraceNoAlloc (byte*,int,string)
UnityEngine.StackTraceUtility:ExtractStackTrace () (at /Users/bokken/build/output/unity/unity/Runtime/Export/Scripting/StackTrace.cs:23)
ChubbyAircraftDelivery:SaveAndValidatePrefab (UnityEngine.GameObject,string,System.Text.StringBuilder) (at Assets/Editor/ChubbyAircraftDelivery.cs:220)
ChubbyAircraftDelivery:Run () (at Assets/Editor/ChubbyAircraftDelivery.cs:103)

[Assets/Editor/ChubbyAircraftDelivery.cs line 103]

Imported 'GUID: 38fffe9d42e804efcb859c8c4777fa4a' -> (Import Result ID: 'fce27ce2c34b9e4f441ea20b68a636db') in 0.000 seconds [static dependencies only]. Details - ImportResultOutputID=935139f76f9305ac61d608d0d025d839 DependenciesID=25c99bb015297c97f7c2f6a3363dbb28 StaticDependenciesID=05cfa0cb9f98a902c989af27d12d6e58 
Importing 'GUID: a98bba6da2f2e4823afbbccc337046ee - Path: Assets/Art/ChubbyAircraft/BurgundySilver_LongQuad/Materials/Part_02.mat' with importer (NativeFormatImporter)
Main Object Name 'BurgundySilver_LongQuad_Part_02' does not match filename 'Part_02'
UnityEngine.Debug:ExtractStackTraceNoAlloc (byte*,int,string)
UnityEngine.StackTraceUtility:ExtractStackTrace () (at /Users/bokken/build/output/unity/unity/Runtime/Export/Scripting/StackTrace.cs:23)
ChubbyAircraftDelivery:SaveAndValidatePrefab (UnityEngine.GameObject,string,System.Text.StringBuilder) (at Assets/Editor/ChubbyAircraftDelivery.cs:220)
ChubbyAircraftDelivery:Run () (at Assets/Editor/ChubbyAircraftDelivery.cs:103)

[Assets/Editor/ChubbyAircraftDelivery.cs line 103]

Imported 'GUID: a98bba6da2f2e4823afbbccc337046ee' -> (Import Result ID: 'f71fb838e1bebac08d9c33dd8d47f986') in 0.000 seconds [static dependencies only]. Details - ImportResultOutputID=0bfd728b033a815149838fe53d392394 DependenciesID=750624b571ad360db7314ffa4e3091b9 StaticDependenciesID=088e816a57516796eadd4d80b9075769 
Importing 'GUID: ca54dcb37bc8542ba87d3c0b2622d166 - Path: Assets/Art/ChubbyAircraft/BurgundySilver_LongQuad/Materials/Part_08.mat' with importer (NativeFormatImporter)
Main Object Name 'BurgundySilver_LongQuad_Part_08' does not match filename 'Part_08'
UnityEngine.Debug:ExtractStackTraceNoAlloc (byte*,int,string)
UnityEngine.StackTraceUtility:ExtractStackTrace () (at /Users/bokken/build/output/unity/unity/Runtime/Export/Scripting/StackTrace.cs:23)
ChubbyAircraftDelivery:SaveAndValidatePrefab (UnityEngine.GameObject,string,System.Text.StringBuilder) (at Assets/Editor/ChubbyAircraftDelivery.cs:220)
ChubbyAircraftDelivery:Run () (at Assets/Editor/ChubbyAircraftDelivery.cs:103)

[Assets/Editor/ChubbyAircraftDelivery.cs line 103]

Imported 'GUID: ca54dcb37bc8542ba87d3c0b2622d166' -> (Import Result ID: '613cc99acee92b91715a265300f51f67') in 0.000 seconds [static dependencies only]. Details - ImportResultOutputID=1d72629899d41e3fd6010ae697528fd9 DependenciesID=58f2af6d9c46bd31246573582ac0535a StaticDependenciesID=9f3e1a3c3299b874dcb0afe0e137bcd9 
Importing 'GUID: abe28313cbc964fdeb4b30144304046a - Path: Assets/Art/ChubbyAircraft/BurgundySilver_LongQuad/Materials/Part_05.mat' with importer (NativeFormatImporter)
Main Object Name 'BurgundySilver_LongQuad_Part_05' does not match filename 'Part_05'
UnityEngine.Debug:ExtractStackTraceNoAlloc (byte*,int,string)
UnityEngine.StackTraceUtility:ExtractStackTrace () (at /Users/bokken/build/output/unity/unity/Runtime/Export/Scripting/StackTrace.cs:23)
ChubbyAircraftDelivery:SaveAndValidatePrefab (UnityEngine.GameObject,string,System.Text.StringBuilder) (at Assets/Editor/ChubbyAircraftDelivery.cs:220)
ChubbyAircraftDelivery:Run () (at Assets/Editor/ChubbyAircraftDelivery.cs:103)

[Assets/Editor/ChubbyAircraftDelivery.cs line 103]

Imported 'GUID: abe28313cbc964fdeb4b30144304046a' -> (Import Result ID: '0d64a4b17b1fd873ab2500b14c71653b') in 0.000 seconds [static dependencies only]. Details - ImportResultOutputID=7e0de0d87ab03aaae32cff7f8bea1ded DependenciesID=5033203d62fc6860ac633f8d0b06bd52 StaticDependenciesID=f8c7557f9703738974708e3473a17646 
Importing 'GUID: 9c5b45939886a49279b18a12b1a265a7 - Path: Assets/Art/ChubbyAircraft/BurgundySilver_LongQuad/Materials/Part_00.mat' with importer (NativeFormatImporter)
Main Object Name 'BurgundySilver_LongQuad_Part_00' does not match filename 'Part_00'
UnityEngine.Debug:ExtractStackTraceNoAlloc (byte*,int,string)
UnityEngine.StackTraceUtility:ExtractStackTrace () (at /Users/bokken/build/output/unity/unity/Runtime/Export/Scripting/StackTrace.cs:23)
ChubbyAircraftDelivery:SaveAndValidatePrefab (UnityEngine.GameObject,string,System.Text.StringBuilder) (at Assets/Editor/ChubbyAircraftDelivery.cs:220)
ChubbyAircraftDelivery:Run () (at Assets/Editor/ChubbyAircraftDelivery.cs:103)

[Assets/Editor/ChubbyAircraftDelivery.cs line 103]

Imported 'GUID: 9c5b45939886a49279b18a12b1a265a7' -> (Import Result ID: 'a82826556c05df82d34fa2c44e54f66e') in 0.000 seconds [static dependencies only]. Details - ImportResultOutputID=3a4e6a33b5998c813386bd48a0ab1aa7 DependenciesID=a9e63eb0f85934877fb901e4c3314c64 StaticDependenciesID=27b09162e63524bc35af2feb46db534b 
Importing 'GUID: 2d664ea5333c64650bd0e6740b00bf81 - Path: Assets/Art/ChubbyAircraft/BurgundySilver_LongQuad/Materials/Part_03.mat' with importer (NativeFormatImporter)
Main Object Name 'BurgundySilver_LongQuad_Part_03' does not match filename 'Part_03'
UnityEngine.Debug:ExtractStackTraceNoAlloc (byte*,int,string)
UnityEngine.StackTraceUtility:ExtractStackTrace () (at /Users/bokken/build/output/unity/unity/Runtime/Export/Scripting/StackTrace.cs:23)
ChubbyAircraftDelivery:SaveAndValidatePrefab (UnityEngine.GameObject,string,System.Text.StringBuilder) (at Assets/Editor/ChubbyAircraftDelivery.cs:220)
ChubbyAircraftDelivery:Run () (at Assets/Editor/ChubbyAircraftDelivery.cs:103)

[Assets/Editor/ChubbyAircraftDelivery.cs line 103]

Imported 'GUID: 2d664ea5333c64650bd0e6740b00bf81' -> (Import Result ID: '5e0ed149f4246afdd182c1d8486ad671') in 0.000 seconds [static dependencies only]. Details - ImportResultOutputID=23dcf615ac1c4ec823cfd385938d5537 DependenciesID=0e1061dd7bb70a126f9740ee37068e58 StaticDependenciesID=e70a4982c466101ddb0819d283ce7ff6 
Importing 'GUID: 4dde71c2f36934a1c9e9dc16cfc40a3e - Path: Assets/Art/ChubbyAircraft/BurgundySilver_LongQuad/Materials/Part_04.mat' with importer (NativeFormatImporter)
Main Object Name 'BurgundySilver_LongQuad_Part_04' does not match filename 'Part_04'
UnityEngine.Debug:ExtractStackTraceNoAlloc (byte*,int,string)
UnityEngine.StackTraceUtility:ExtractStackTrace () (at /Users/bokken/build/output/unity/unity/Runtime/Export/Scripting/StackTrace.cs:23)
ChubbyAircraftDelivery:SaveAndValidatePrefab (UnityEngine.GameObject,string,System.Text.StringBuilder) (at Assets/Editor/ChubbyAircraftDelivery.cs:220)
ChubbyAircraftDelivery:Run () (at Assets/Editor/ChubbyAircraftDelivery.cs:103)

[Assets/Editor/ChubbyAircraftDelivery.cs line 103]

Imported 'GUID: 4dde71c2f36934a1c9e9dc16cfc40a3e' -> (Import Result ID: '2198c43322502a59b5ce5ac7299a4509') in 0.000 seconds [static dependencies only]. Details - ImportResultOutputID=49862a036650e361949d945ff8c661da DependenciesID=47c41aa9f08bb20502be935014f9b271 StaticDependenciesID=36803a5b0eb97fdfa6d6f652eecbf8ae 
Importing 'GUID: ed1ce821e48bd4e51bd549b7cd31ef5f - Path: Assets/Art/ChubbyAircraft/BurgundySilver_LongQuad/Materials/Part_09.mat' with importer (NativeFormatImporter)
Main Object Name 'BurgundySilver_LongQuad_Part_09' does not match filename 'Part_09'
UnityEngine.Debug:ExtractStackTraceNoAlloc (byte*,int,string)
UnityEngine.StackTraceUtility:ExtractStackTrace () (at /Users/bokken/build/output/unity/unity/Runtime/Export/Scripting/StackTrace.cs:23)
ChubbyAircraftDelivery:SaveAndValidatePrefab (UnityEngine.GameObject,string,System.Text.StringBuilder) (at Assets/Editor/ChubbyAircraftDelivery.cs:220)
ChubbyAircraftDelivery:Run () (at Assets/Editor/ChubbyAircraftDelivery.cs:103)

[Assets/Editor/ChubbyAircraftDelivery.cs line 103]

Imported 'GUID: ed1ce821e48bd4e51bd549b7cd31ef5f' -> (Import Result ID: '5a80940feb958ab95cca180c27359bb3') in 0.000 seconds [static dependencies only]. Details - ImportResultOutputID=c687e2a7ca7adc982b81cea8d1b7b6a8 DependenciesID=2a235b814878bfa9ae3720bb90be2211 StaticDependenciesID=fee711b4c8a6454de31e88ac2846c8c8 
Importing 'GUID: 7fb2cd675417841ec8adca88f87ca6cc - Path: Assets/Art/ChubbyAircraft/BurgundySilver_LongQuad/Materials/Part_06.mat' with importer (NativeFormatImporter)
Main Object Name 'BurgundySilver_LongQuad_Part_06' does not match filename 'Part_06'
UnityEngine.Debug:ExtractStackTraceNoAlloc (byte*,int,string)
UnityEngine.StackTraceUtility:ExtractStackTrace () (at /Users/bokken/build/output/unity/unity/Runtime/Export/Scripting/StackTrace.cs:23)
ChubbyAircraftDelivery:SaveAndValidatePrefab (UnityEngine.GameObject,string,System.Text.StringBuilder) (at Assets/Editor/ChubbyAircraftDelivery.cs:220)
ChubbyAircraftDelivery:Run () (at Assets/Editor/ChubbyAircraftDelivery.cs:103)

[Assets/Editor/ChubbyAircraftDelivery.cs line 103]

Imported 'GUID: 7fb2cd675417841ec8adca88f87ca6cc' -> (Import Result ID: '5552b6ad6baf1e240b1bcc3f2dc2aadb') in 0.000 seconds [static dependencies only]. Details - ImportResultOutputID=3c697a7edcdc84013cc522a328cdc8a5 DependenciesID=7ce64730aa610fd5fd1cc6213d404c57 StaticDependenciesID=87622d8e28e374259ee90f4c971ba384 
Importing 'GUID: b0b49bc0c52a645f2ae0ce3a09d68895 - Path: Assets/Art/ChubbyAircraft/BurgundySilver_LongQuad/Meshes/Part_03.asset' with importer (NativeFormatImporter)
Main Object Name 'BurgundySilver_LongQuad_Part_03' does not match filename 'Part_03'
UnityEngine.Debug:ExtractStackTraceNoAlloc (byte*,int,string)
UnityEngine.StackTraceUtility:ExtractStackTrace () (at /Users/bokken/build/output/unity/unity/Runtime/Export/Scripting/StackTrace.cs:23)
ChubbyAircraftDelivery:SaveAndValidatePrefab (UnityEngine.GameObject,string,System.Text.StringBuilder) (at Assets/Editor/ChubbyAircraftDelivery.cs:220)
ChubbyAircraftDelivery:Run () (at Assets/Editor/ChubbyAircraftDelivery.cs:103)

[Assets/Editor/ChubbyAircraftDelivery.cs line 103]

Imported 'GUID: b0b49bc0c52a645f2ae0ce3a09d68895' -> (Import Result ID: 'b2b5abde39b0db2a1ab8d185eeb6f741') in 0.001 seconds [static dependencies only]. Details - ImportResultOutputID=ec8c39578157136022ae2962637936e0 DependenciesID=38d0ef42e620e3c82962450ab1f596ba StaticDependenciesID=2ec0a38a30ad01e184fe113a2dc62cca 
Importing 'GUID: e013387c222604d1f9df384593796f86 - Path: Assets/Art/ChubbyAircraft/BurgundySilver_LongQuad/Meshes/Part_05.asset' with importer (NativeFormatImporter)
Main Object Name 'BurgundySilver_LongQuad_Part_05' does not match filename 'Part_05'
UnityEngine.Debug:ExtractStackTraceNoAlloc (byte*,int,string)
UnityEngine.StackTraceUtility:ExtractStackTrace () (at /Users/bokken/build/output/unity/unity/Runtime/Export/Scripting/StackTrace.cs:23)
ChubbyAircraftDelivery:SaveAndValidatePrefab (UnityEngine.GameObject,string,System.Text.StringBuilder) (at Assets/Editor/ChubbyAircraftDelivery.cs:220)
ChubbyAircraftDelivery:Run () (at Assets/Editor/ChubbyAircraftDelivery.cs:103)

[Assets/Editor/ChubbyAircraftDelivery.cs line 103]

Imported 'GUID: e013387c222604d1f9df384593796f86' -> (Import Result ID: 'da9bbd3e9d01729789fa1356081b97c6') in 0.000 seconds [static dependencies only]. Details - ImportResultOutputID=934ba7250b19848548cebac1f66f6938 DependenciesID=43c090a02cc38abaffabc74eb020ab3e StaticDependenciesID=9eec7661778967c54209d51abef265e5 
Importing 'GUID: 019a2c08da14b4ecba8457c5450d1775 - Path: Assets/Art/ChubbyAircraft/BurgundySilver_LongQuad/Meshes/Part_01.asset' with importer (NativeFormatImporter)
Main Object Name 'BurgundySilver_LongQuad_Part_01' does not match filename 'Part_01'
UnityEngine.Debug:ExtractStackTraceNoAlloc (byte*,int,string)
UnityEngine.StackTraceUtility:ExtractStackTrace () (at /Users/bokken/build/output/unity/unity/Runtime/Export/Scripting/StackTrace.cs:23)
ChubbyAircraftDelivery:SaveAndValidatePrefab (UnityEngine.GameObject,string,System.Text.StringBuilder) (at Assets/Editor/ChubbyAircraftDelivery.cs:220)
ChubbyAircraftDelivery:Run () (at Assets/Editor/ChubbyAircraftDelivery.cs:103)

[Assets/Editor/ChubbyAircraftDelivery.cs line 103]

Imported 'GUID: 019a2c08da14b4ecba8457c5450d1775' -> (Import Result ID: '3d1aff43bde0947dfab03fe30e6cee5d') in 0.001 seconds [static dependencies only]. Details - ImportResultOutputID=87a9ae2ea2515515c0ef8e3302e6db1a DependenciesID=7674b5f7e2e9598277ac5682bdfcb0fb StaticDependenciesID=caffb675f044dfab67cd8e831ab36fc4 
Importing 'GUID: 83bb1882147794bef9131ae1d552fd11 - Path: Assets/Art/ChubbyAircraft/BurgundySilver_LongQuad/Meshes/Part_08.asset' with importer (NativeFormatImporter)
Main Object Name 'BurgundySilver_LongQuad_Part_08' does not match filename 'Part_08'
UnityEngine.Debug:ExtractStackTraceNoAlloc (byte*,int,string)
UnityEngine.StackTraceUtility:ExtractStackTrace () (at /Users/bokken/build/output/unity/unity/Runtime/Export/Scripting/StackTrace.cs:23)
ChubbyAircraftDelivery:SaveAndValidatePrefab (UnityEngine.GameObject,string,System.Text.StringBuilder) (at Assets/Editor/ChubbyAircraftDelivery.cs:220)
ChubbyAircraftDelivery:Run () (at Assets/Editor/ChubbyAircraftDelivery.cs:103)

[Assets/Editor/ChubbyAircraftDelivery.cs line 103]

Imported 'GUID: 83bb1882147794bef9131ae1d552fd11' -> (Import Result ID: '0150aab9316658783ce9863caeca5bc0') in 0.000 seconds [static dependencies only]. Details - ImportResultOutputID=66bf7085c3333f9bec66e76c42f033a5 DependenciesID=3fed33cb8855445b926422439d94956c StaticDependenciesID=e811ed831aeff20f816a1ce228b9ceef 
Importing 'GUID: 4441b43ab62ff413a909fa0ca7bb91b5 - Path: Assets/Art/ChubbyAircraft/BurgundySilver_LongQuad/Meshes/Part_11.asset' with importer (NativeFormatImporter)
Main Object Name 'BurgundySilver_LongQuad_Part_11' does not match filename 'Part_11'
UnityEngine.Debug:ExtractStackTraceNoAlloc (byte*,int,string)
UnityEngine.StackTraceUtility:ExtractStackTrace () (at /Users/bokken/build/output/unity/unity/Runtime/Export/Scripting/StackTrace.cs:23)
ChubbyAircraftDelivery:SaveAndValidatePrefab (UnityEngine.GameObject,string,System.Text.StringBuilder) (at Assets/Editor/ChubbyAircraftDelivery.cs:220)
ChubbyAircraftDelivery:Run () (at Assets/Editor/ChubbyAircraftDelivery.cs:103)

[Assets/Editor/ChubbyAircraftDelivery.cs line 103]

Imported 'GUID: 4441b43ab62ff413a909fa0ca7bb91b5' -> (Import Result ID: 'a25a640b0ef009485e6d75cd862a77da') in 0.000 seconds [static dependencies only]. Details - ImportResultOutputID=e4f9e3f388280ba4f94a04dc7e785376 DependenciesID=6a6293466fdc44850f31e207886df489 StaticDependenciesID=9e1f8bcea0a42eff434999dee74f19af 
Importing 'GUID: c5888c52129e348649b0cf276db27838 - Path: Assets/Art/ChubbyAircraft/BurgundySilver_LongQuad/Meshes/Part_06.asset' with importer (NativeFormatImporter)
Main Object Name 'BurgundySilver_LongQuad_Part_06' does not match filename 'Part_06'
UnityEngine.Debug:ExtractStackTraceNoAlloc (byte*,int,string)
UnityEngine.StackTraceUtility:ExtractStackTrace () (at /Users/bokken/build/output/unity/unity/Runtime/Export/Scripting/StackTrace.cs:23)
ChubbyAircraftDelivery:SaveAndValidatePrefab (UnityEngine.GameObject,string,System.Text.StringBuilder) (at Assets/Editor/ChubbyAircraftDelivery.cs:220)
ChubbyAircraftDelivery:Run () (at Assets/Editor/ChubbyAircraftDelivery.cs:103)

[Assets/Editor/ChubbyAircraftDelivery.cs line 103]

Imported 'GUID: c5888c52129e348649b0cf276db27838' -> (Import Result ID: '3f3ef6a351180ef8403c4871cfb97e30') in 0.000 seconds [static dependencies only]. Details - ImportResultOutputID=d91647191b215418df9545ab11abb688 DependenciesID=ca9d57e50a57997b31072f76d0189441 StaticDependenciesID=826485bc76c22f9ce6796a2353611dd5 
Importing 'GUID: e73719e7916934ad7ab7bcf59d556138 - Path: Assets/Art/ChubbyAircraft/BurgundySilver_LongQuad/Meshes/Part_00.asset' with importer (NativeFormatImporter)
Main Object Name 'BurgundySilver_LongQuad_Part_00' does not match filename 'Part_00'
UnityEngine.Debug:ExtractStackTraceNoAlloc (byte*,int,string)
UnityEngine.StackTraceUtility:ExtractStackTrace () (at /Users/bokken/build/output/unity/unity/Runtime/Export/Scripting/StackTrace.cs:23)
ChubbyAircraftDelivery:SaveAndValidatePrefab (UnityEngine.GameObject,string,System.Text.StringBuilder) (at Assets/Editor/ChubbyAircraftDelivery.cs:220)
ChubbyAircraftDelivery:Run () (at Assets/Editor/ChubbyAircraftDelivery.cs:103)

[Assets/Editor/ChubbyAircraftDelivery.cs line 103]

Imported 'GUID: e73719e7916934ad7ab7bcf59d556138' -> (Import Result ID: '665b7d7bd7715191eb88492983b09ef1') in 0.001 seconds [static dependencies only]. Details - ImportResultOutputID=42f3bf8b8ebe9ebd495390be7967c794 DependenciesID=8632995bd59a9af6f34939db147853fd StaticDependenciesID=b8f88475f50bb30fddad486c75257b1f 
Importing 'GUID: 7877f42e7aa3e433c9fa46fa374291c7 - Path: Assets/Art/ChubbyAircraft/BurgundySilver_LongQuad/Meshes/Part_10.asset' with importer (NativeFormatImporter)
Main Object Name 'BurgundySilver_LongQuad_Part_10' does not match filename 'Part_10'
UnityEngine.Debug:ExtractStackTraceNoAlloc (byte*,int,string)
UnityEngine.StackTraceUtility:ExtractStackTrace () (at /Users/bokken/build/output/unity/unity/Runtime/Export/Scripting/StackTrace.cs:23)
ChubbyAircraftDelivery:SaveAndValidatePrefab (UnityEngine.GameObject,string,System.Text.StringBuilder) (at Assets/Editor/ChubbyAircraftDelivery.cs:220)
ChubbyAircraftDelivery:Run () (at Assets/Editor/ChubbyAircraftDelivery.cs:103)

[Assets/Editor/ChubbyAircraftDelivery.cs line 103]

Imported 'GUID: 7877f42e7aa3e433c9fa46fa374291c7' -> (Import Result ID: '905f16c4532ee7249b6f8b539642c572') in 0.000 seconds [static dependencies only]. Details - ImportResultOutputID=593b760b5650ed758aaa4cc55d348147 DependenciesID=f8db23859d6cf6a942188a6f36525605 StaticDependenciesID=91875fd0fdecd982ce03a61699537440 
Importing 'GUID: 0b5441a8cf4f04344ace34562f06647b - Path: Assets/Art/ChubbyAircraft/BurgundySilver_LongQuad/Meshes/Part_07.asset' with importer (NativeFormatImporter)
Main Object Name 'BurgundySilver_LongQuad_Part_07' does not match filename 'Part_07'
UnityEngine.Debug:ExtractStackTraceNoAlloc (byte*,int,string)
UnityEngine.StackTraceUtility:ExtractStackTrace () (at /Users/bokken/build/output/unity/unity/Runtime/Export/Scripting/StackTrace.cs:23)
ChubbyAircraftDelivery:SaveAndValidatePrefab (UnityEngine.GameObject,string,System.Text.StringBuilder) (at Assets/Editor/ChubbyAircraftDelivery.cs:220)
ChubbyAircraftDelivery:Run () (at Assets/Editor/ChubbyAircraftDelivery.cs:103)

[Assets/Editor/ChubbyAircraftDelivery.cs line 103]

Imported 'GUID: 0b5441a8cf4f04344ace34562f06647b' -> (Import Result ID: 'dee54b58171964bbc7cca693ed758c3b') in 0.000 seconds [static dependencies only]. Details - ImportResultOutputID=f8ce91e3eb0df03cf6044e50bb8c07de DependenciesID=0447d64dccd5307fe58a4ba4360924ef StaticDependenciesID=db297c84e522a805f7b294882d77f871 
Importing 'GUID: abda7aed48b9e46b8b2da88214446565 - Path: Assets/Art/ChubbyAircraft/BurgundySilver_LongQuad/Meshes/Part_09.asset' with importer (NativeFormatImporter)
Main Object Name 'BurgundySilver_LongQuad_Part_09' does not match filename 'Part_09'
UnityEngine.Debug:ExtractStackTraceNoAlloc (byte*,int,string)
UnityEngine.StackTraceUtility:ExtractStackTrace () (at /Users/bokken/build/output/unity/unity/Runtime/Export/Scripting/StackTrace.cs:23)
ChubbyAircraftDelivery:SaveAndValidatePrefab (UnityEngine.GameObject,string,System.Text.StringBuilder) (at Assets/Editor/ChubbyAircraftDelivery.cs:220)
ChubbyAircraftDelivery:Run () (at Assets/Editor/ChubbyAircraftDelivery.cs:103)

[Assets/Editor/ChubbyAircraftDelivery.cs line 103]

Imported 'GUID: abda7aed48b9e46b8b2da88214446565' -> (Import Result ID: 'fdba10c109e31e4dd38aa215ed82fc4c') in 0.000 seconds [static dependencies only]. Details - ImportResultOutputID=7846bf13f6afc2a21d9115b5fc5744a1 DependenciesID=a2d2712bd359475921e8243be3580669 StaticDependenciesID=5bce76f2044f6686546020c74544b6e7 
Importing 'GUID: bcec47cd3c6c94dce9529b0b4fb23eff - Path: Assets/Art/ChubbyAircraft/BurgundySilver_LongQuad/Meshes/Part_04.asset' with importer (NativeFormatImporter)
Main Object Name 'BurgundySilver_LongQuad_Part_04' does not match filename 'Part_04'
UnityEngine.Debug:ExtractStackTraceNoAlloc (byte*,int,string)
UnityEngine.StackTraceUtility:ExtractStackTrace () (at /Users/bokken/build/output/unity/unity/Runtime/Export/Scripting/StackTrace.cs:23)
ChubbyAircraftDelivery:SaveAndValidatePrefab (UnityEngine.GameObject,string,System.Text.StringBuilder) (at Assets/Editor/ChubbyAircraftDelivery.cs:220)
ChubbyAircraftDelivery:Run () (at Assets/Editor/ChubbyAircraftDelivery.cs:103)

[Assets/Editor/ChubbyAircraftDelivery.cs line 103]

Imported 'GUID: bcec47cd3c6c94dce9529b0b4fb23eff' -> (Import Result ID: 'e5886a55ae07a480e314a28fe9ce9398') in 0.001 seconds [static dependencies only]. Details - ImportResultOutputID=b4cfa1236c5e98fea822c630d0d6a3b6 DependenciesID=d9e7927499e1f635cc2f0601ff8ecf7e StaticDependenciesID=5efe32f1b4682ca84af0d294f3c2334a 
Importing 'GUID: 3ecfe086bb35042c48bf1b8964df9919 - Path: Assets/Art/ChubbyAircraft/BurgundySilver_LongQuad/Meshes/Part_12.asset' with importer (NativeFormatImporter)
Main Object Name 'BurgundySilver_LongQuad_Part_12' does not match filename 'Part_12'
UnityEngine.Debug:ExtractStackTraceNoAlloc (byte*,int,string)
UnityEngine.StackTraceUtility:ExtractStackTrace () (at /Users/bokken/build/output/unity/unity/Runtime/Export/Scripting/StackTrace.cs:23)
ChubbyAircraftDelivery:SaveAndValidatePrefab (UnityEngine.GameObject,string,System.Text.StringBuilder) (at Assets/Editor/ChubbyAircraftDelivery.cs:220)
ChubbyAircraftDelivery:Run () (at Assets/Editor/ChubbyAircraftDelivery.cs:103)

[Assets/Editor/ChubbyAircraftDelivery.cs line 103]

Imported 'GUID: 3ecfe086bb35042c48bf1b8964df9919' -> (Import Result ID: 'e5eb466429d20ddf459f7832a3551dae') in 0.001 seconds [static dependencies only]. Details - ImportResultOutputID=94d77253359aadd9a1e1c4966594b385 DependenciesID=5660ad6c81bb951e06e9c71f9b80fb78 StaticDependenciesID=f570d08b0788f27bdfbcb2582e202218 
Importing 'GUID: bfb971a2d49dd4ccdbb7256ae07a9d52 - Path: Assets/Art/ChubbyAircraft/BurgundySilver_LongQuad/Meshes/Part_02.asset' with importer (NativeFormatImporter)
Main Object Name 'BurgundySilver_LongQuad_Part_02' does not match filename 'Part_02'
UnityEngine.Debug:ExtractStackTraceNoAlloc (byte*,int,string)
UnityEngine.StackTraceUtility:ExtractStackTrace () (at /Users/bokken/build/output/unity/unity/Runtime/Export/Scripting/StackTrace.cs:23)
ChubbyAircraftDelivery:SaveAndValidatePrefab (UnityEngine.GameObject,string,System.Text.StringBuilder) (at Assets/Editor/ChubbyAircraftDelivery.cs:220)
ChubbyAircraftDelivery:Run () (at Assets/Editor/ChubbyAircraftDelivery.cs:103)

[Assets/Editor/ChubbyAircraftDelivery.cs line 103]

Imported 'GUID: bfb971a2d49dd4ccdbb7256ae07a9d52' -> (Import Result ID: 'eadcd79f866fb039fbf8395fd9a8f64f') in 0.002 seconds [static dependencies only]. Details - ImportResultOutputID=50f8a17dbf9096225c3a7fc160f9d4b5 DependenciesID=d9fe932b2c860385a3e767a27063adf2 StaticDependenciesID=23758f14f2bf6ffc628c97b22ba78bf6 
Asset Pipeline Refresh (id=f54cc38094174484db4a7bcebb7151e6): Total: 0.020 seconds - Initiated by StopAssetImportingV2(NoUpdateAssetOptions)
Importing 'GUID: 0ad46e08716d646a3a5580e12ee9bdb3 - Path: Assets/Art/ChubbyAircraft/BurgundySilver_LongQuad/BurgundySilver_LongQuad.prefab' with importer (PrefabImporter)
Imported 'GUID: 0ad46e08716d646a3a5580e12ee9bdb3' -> (Import Result ID: '3be05a17df4713423bf9ecb4b5969895') in 0.001 seconds [static dependencies only]. Details - ImportResultOutputID=7b466eeb23ca84f9565048dab1bc3acd DependenciesID=9b44616e809702c6ad56e8849323be9f StaticDependenciesID=61e633a3a4f41073937ecaec70901666 
Asset Pipeline Refresh (id=99eb398a3d7ce408da63df9b5318cbb4): Total: 0.004 seconds - Initiated by StopAssetImportingV2(NoUpdateAssetOptions)
Loaded scene 'Library/Unused/2d06dde786b194773b2f1524cfd74344'
	Deserialize:            0.183 ms
	Integration:            0.080 ms
	Integration of assets:  0.001 ms
	Thread Wait Time:       0.004 ms
	Total Operation Time:   0.269 ms
Starting new worker id: 1 with log in /private/tmp/palmbay-aircraft-unity6/Logs/AssetImportWorkerHW1.log
[Worker0] Imported GUID: fba2b0760cf6e43e494360e228c50b0a - Path: Assets/Art/ChubbyAircraft/BurgundySilver_MediumTwin/Materials/Part_12.mat - Importer: PreviewImporter -> (ImportResultId: '774735201346b11f787b0fea0b7e5074') in 0.049049416 seconds
[Worker0] Imported GUID: 62699320b178449419d4a275da0bf54e - Path: Assets/Art/ChubbyAircraft/JadeIvory_LongQuad/Meshes/Part_02.asset - Importer: PreviewImporter -> (ImportResultId: '10896b21ade9b4949d28496ad8a67aa3') in 0.014929792 seconds
[Worker0] Imported GUID: 4a28af0b807334ea4aa70d6a4131f652 - Path: Assets/Art/ChubbyAircraft/PorcelainRed_ShortTwin/Materials/Part_03.mat - Importer: PreviewImporter -> (ImportResultId: '1bdc4fafe7fdc818da4d322fe35b85f2') in 0.002189958 seconds
[Worker0] Imported GUID: 89b7a74da4fe84ad5ac5a0cccc6ac348 - Path: Assets/Art/ChubbyAircraft/BurgundySilver_MediumTwin/Meshes/Part_00.asset - Importer: PreviewImporter -> (ImportResultId: 'd8a18e9f792c0ab1847904579b9628ae') in 0.004320042 seconds
[Worker0] Imported GUID: 6633bc5e3780e48e58594ac6fd5d7056 - Path: Assets/Art/ChubbyAircraft/BurgundySilver_LongQuad/Materials/Part_07.mat - Importer: PreviewImporter -> (ImportResultId: '131630a4eca223da64c982e4cdfd9cbd') in 0.002190084 seconds
[Worker0] Imported GUID: d8e838133d26e462094a573bb9125ab6 - Path: Assets/Art/ChubbyAircraft/NavyCoral_MediumTwin/Materials/Part_01.mat - Importer: PreviewImporter -> (ImportResultId: '54cf99c160689ef26ee888bcac9318d9') in 0.001990917 seconds
[Worker0] Imported GUID: df61e93213ba74705b29606eb5f9b8cc - Path: Assets/Art/ChubbyAircraft/BurgundySilver_MediumTwin/Materials/Part_01.mat - Importer: PreviewImporter -> (ImportResultId: '33fd9f81f4ef015d37867a5349a80f87') in 0.001869208 seconds
[Worker0] Imported GUID: 833f07c21d84b481380d6b794b7d7417 - Path: Assets/Art/ChubbyAircraft/JadeIvory_ShortTwin/Meshes/Part_04.asset - Importer: PreviewImporter -> (ImportResultId: '7d74e46f895b3019b39de4dbcf685d61') in 0.002173959 seconds
[Worker0] Imported GUID: 323ad810891b14bd5868f1ff07c0068f - Path: Assets/Art/ChubbyAircraft/PorcelainRed_MediumTwin/Meshes/Part_03.asset - Importer: PreviewImporter -> (ImportResultId: '7b4e055871914c3846290036a5160096') in 0.003099917 seconds
[Worker0] Imported GUID: c5e72cc271351469181449baef0fece9 - Path: Assets/Art/ChubbyAircraft/JadeIvory_LongQuad/Materials/Part_07.mat - Importer: PreviewImporter -> (ImportResultId: '7e78ff841e9a5d90d0767a5475fb5fc6') in 0.001986 seconds
[Worker0] Imported GUID: 323534f35088044d480b7dbc487d93b7 - Path: Assets/Art/ChubbyAircraft/JadeIvory_ShortTwin/Materials/Part_07.mat - Importer: PreviewImporter -> (ImportResultId: '1ccb7feb4e8ddd71c2a585934ce3c63c') in 0.002295875 seconds
[Worker0] Imported GUID: c7fa5c94f11514e64a53d900c7caa964 - Path: Assets/Art/ChubbyAircraft/NavyCoral_ShortTwin/Meshes/Part_07.asset - Importer: PreviewImporter -> (ImportResultId: '5e562dccd3d40b68ec35148c97d9d02d') in 0.001946542 seconds
[Worker0] Imported GUID: 590bf8e67aaae45d2b536502c612612d - Path: Assets/Art/ChubbyAircraft/NavyCoral_MediumTwin/Meshes/Part_01.asset - Importer: PreviewImporter -> (ImportResultId: 'da40aedc9d25a1a83945967f6a321cf7') in 0.003112375 seconds
[Worker0] Imported GUID: d452b65ed451240099dd92530ac1baa0 - Path: Assets/Art/ChubbyAircraft/PorcelainRed_ShortTwin/Meshes/Part_00.asset - Importer: PreviewImporter -> (ImportResultId: '130f2273a09c60aab320da3dc16a36f5') in 0.003373584 seconds
[Worker0] Imported GUID: 9c2823ccb993f4e8c96572b82f2d5c87 - Path: Assets/Art/ChubbyAircraft/BurgundySilver_ShortTwin/Materials/Part_05.mat - Importer: PreviewImporter -> (ImportResultId: '4cf060e30d6213af8a6bb507eb7143fe') in 0.002147417 seconds
[Worker0] Imported GUID: 40e35109718714fe18276e7b827bf25e - Path: Assets/Art/ChubbyAircraft/BurgundySilver_ShortTwin/Meshes/Part_05.asset - Importer: PreviewImporter -> (ImportResultId: '5a7c4bf30c4a954f6b4cf177043c2e32') in 0.001915792 seconds
[Worker0] Imported GUID: 7fb2cd675417841ec8adca88f87ca6cc - Path: Assets/Art/ChubbyAircraft/BurgundySilver_LongQuad/Materials/Part_06.mat - Importer: PreviewImporter -> (ImportResultId: 'c578dd047180021fdb18cdd64b098642') in 0.001993041 seconds
[Worker0] Imported GUID: 2c84501795d6c4ab29d96588bc17f9c7 - Path: Assets/Art/ChubbyAircraft/PorcelainRed_LongQuad/Materials/Part_00.mat - Importer: PreviewImporter -> (ImportResultId: '229590b8aca69eab645a9d5ccdb63891') in 0.003273125 seconds
[Worker0] Imported GUID: ef343b01457874feba2a1a1c3239636f - Path: Assets/Art/ChubbyAircraft/PorcelainRed_MediumTwin/Materials/Part_05.mat - Importer: PreviewImporter -> (ImportResultId: 'cc1cd54b1f381a8e29696c841dec4ce1') in 0.002195708 seconds
[Worker0] Imported GUID: edcca273565d14e9192f88e8e4718a5c - Path: Assets/Art/ChubbyAircraft/JadeIvory_LongQuad/Meshes/Part_06.asset - Importer: PreviewImporter -> (ImportResultId: 'af01179c65752658d8a4bb7a17f2ed09') in 0.001965916 seconds
[Worker0] Imported GUID: c7e8c3dbe992b443ba0368e507bbb68d - Path: Assets/Art/ChubbyAircraft/BurgundySilver_LongQuad/Materials/Part_01.mat - Importer: PreviewImporter -> (ImportResultId: 'fd5bf3c5bfa89bd40fe80ec8ee7896f2') in 0.002217084 seconds
[Worker0] Imported GUID: bbb8cd221c99345768767b0c17b9843a - Path: Assets/Art/ChubbyAircraft/NavyCoral_MediumTwin/Meshes/Part_00.asset - Importer: PreviewImporter -> (ImportResultId: 'c0bdd98405c066eef9cd2a2739806d35') in 0.003736042 seconds
[Worker0] Imported GUID: 3fbeff686d77540f2a9656705e3e9942 - Path: Assets/Art/ChubbyAircraft/JadeIvory_MediumTwin/Materials/Part_08.mat - Importer: PreviewImporter -> (ImportResultId: 'ad5740488ab6a1bb26264a90c679a858') in 0.001855917 seconds
[Worker0] Imported GUID: 7f8896fc528174b4e882cfc4b986192a - Path: Assets/Art/ChubbyAircraft/JadeIvory_MediumTwin/Materials/Part_02.mat - Importer: PreviewImporter -> (ImportResultId: 'cdaca3bc90e149e47a5f6ef4134255f0') in 0.001957667 seconds
[Worker0] Imported GUID: 2a5c293a677214660aa0dc1f9b61d55d - Path: Assets/Art/ChubbyAircraft/NavyCoral_ShortTwin/Materials/Part_10.mat - Importer: PreviewImporter -> (ImportResultId: 'cda2d040a1195bfebb69e696205a8b9a') in 0.002500084 seconds
[Worker0] Imported GUID: 63c27aee177f84778b3053428098cf9a - Path: Assets/Art/ChubbyAircraft/PorcelainRed_LongQuad/Meshes/Part_09.asset - Importer: PreviewImporter -> (ImportResultId: '1d645fe5215b3b8ceb40e7575c33946a') in 0.001826 seconds
[Worker0] Imported GUID: e3832cfad7b9447ffaf0267df684833a - Path: Assets/Art/ChubbyAircraft/PorcelainRed_ShortTwin/Meshes/Part_09.asset - Importer: PreviewImporter -> (ImportResultId: 'c49fb0866ed7b60987dfc0cfebac7d5c') in 0.002073584 seconds
[Worker0] Imported GUID: 4ae38f23d8316476e86c55fbd9040c94 - Path: Assets/Art/ChubbyAircraft/BurgundySilver_MediumTwin/Materials/Part_09.mat - Importer: PreviewImporter -> (ImportResultId: '35ca0b0d53f80175d41345e7a9ca1e60') in 0.002978167 seconds
[Worker0] Imported GUID: b20ae52adf21b4ed3804c2d917999854 - Path: Assets/Art/ChubbyAircraft/JadeIvory_ShortTwin/Meshes/Part_10.asset - Importer: PreviewImporter -> (ImportResultId: '501ffb9d00ddbb8de8bd85f2393a4d62') in 0.002270458 seconds
[Worker0] Imported GUID: f30d1d272600944a4bd50e49b219f77f - Path: Assets/Art/ChubbyAircraft/PorcelainRed_LongQuad/Materials/Part_12.mat - Importer: PreviewImporter -> (ImportResultId: 'dff59c372a9e8a23afa251a053fb36b3') in 0.00238675 seconds
[Worker0] Imported GUID: ca54dcb37bc8542ba87d3c0b2622d166 - Path: Assets/Art/ChubbyAircraft/BurgundySilver_LongQuad/Materials/Part_08.mat - Importer: PreviewImporter -> (ImportResultId: '7e7f3402a8fc295aba5d221bab3b0a33') in 0.002187333 seconds
[Worker0] Imported GUID: 625a3464e63e3499fb58836b89f63f74 - Path: Assets/Art/ChubbyAircraft/JadeIvory_MediumTwin/Meshes/Part_10.asset - Importer: PreviewImporter -> (ImportResultId: '683edf3c995cb88019fc7f22621986e5') in 0.002448083 seconds
[Worker0] Imported GUID: abda7aed48b9e46b8b2da88214446565 - Path: Assets/Art/ChubbyAircraft/BurgundySilver_LongQuad/Meshes/Part_09.asset - Importer: PreviewImporter -> (ImportResultId: 'a30cf70c89d5b310090d8c3149fac4e4') in 0.002118042 seconds
[Worker0] Imported GUID: c7ef822e4caca43d68190dcf8e0149c4 - Path: Assets/Art/ChubbyAircraft/PorcelainRed_MediumTwin/Materials/Part_06.mat - Importer: PreviewImporter -> (ImportResultId: 'b8859c25316b518487f4420c6e5fbf6e') in 0.002215166 seconds
[Worker0] Imported GUID: 0eaf9aee4e326454ebe67fd490875b3d - Path: Assets/Art/ChubbyAircraft/BurgundySilver_MediumTwin/Materials/Part_08.mat - Importer: PreviewImporter -> (ImportResultId: 'd6abd6abc35036a823102fe269e46668') in 0.002173333 seconds
[Worker0] Imported GUID: 08d86fb2aae0a45468122dd89b1daf16 - Path: Assets/Art/ChubbyAircraft/PorcelainRed_MediumTwin/Meshes/Part_12.asset - Importer: PreviewImporter -> (ImportResultId: '2e2e4be250a4d5e06610a7fbf3a7f9b3') in 0.002243083 seconds
[Worker0] Imported GUID: 08ba85697c3364c5c8a76017b4dbe58a - Path: Assets/Art/ChubbyAircraft/PorcelainRed_MediumTwin/Materials/Part_09.mat - Importer: PreviewImporter -> (ImportResultId: '6dbeefb2d9459da0636eba2abbaf24d7') in 0.0018905 seconds
[Worker0] Imported GUID: d672e810212504143992b62877ae7834 - Path: Assets/Art/ChubbyAircraft/PorcelainRed_MediumTwin/Meshes/Part_06.asset - Importer: PreviewImporter -> (ImportResultId: '6e3b44a52b049399cd95aeab43d426a6') in 0.001552 seconds
[Worker0] Imported GUID: 731042e34391a4796b41b65ef832f9d1 - Path: Assets/Art/ChubbyAircraft/PorcelainRed_ShortTwin/Meshes/Part_12.asset - Importer: PreviewImporter -> (ImportResultId: 'd70201dbbfaeb36ffcc16dd0d1a89627') in 0.003384375 seconds
[Worker0] Imported GUID: e48cb9d73042740e5a0c3fdac6620e1d - Path: Assets/Art/ChubbyAircraft/BurgundySilver_MediumTwin/Meshes/Part_03.asset - Importer: PreviewImporter -> (ImportResultId: 'be2e66e15aa820447dece5ea35167e6d') in 0.002902958 seconds
[Worker0] Imported GUID: 4635a542c313f46f4ae7451e94b85588 - Path: Assets/Art/ChubbyAircraft/JadeIvory_MediumTwin/Meshes/Part_11.asset - Importer: PreviewImporter -> (ImportResultId: '6b01a2b2f50fbfd7942a70c22381935a') in 0.00223025 seconds
[Worker0] Imported GUID: ad87a583b127e4cf0b0835b34a0e4cc7 - Path: Assets/Art/ChubbyAircraft/JadeIvory_LongQuad/Meshes/Part_09.asset - Importer: PreviewImporter -> (ImportResultId: '67092588cfb1012bf82ecaf3c107b33a') in 0.002022542 seconds
[Worker0] Imported GUID: b960ec5065d9b4eddb5b3d6779896adc - Path: Assets/Art/ChubbyAircraft/NavyCoral_ShortTwin/Materials/Part_08.mat - Importer: PreviewImporter -> (ImportResultId: 'bce5deb93d70d7f410dbdb823a38ae45') in 0.002364041 seconds
[Worker0] Imported GUID: c28d174d2d28b46b1940ebefff10af57 - Path: Assets/Art/ChubbyAircraft/JadeIvory_MediumTwin/Materials/Part_10.mat - Importer: PreviewImporter -> (ImportResultId: 'af5c3efffaee35419ba907eaf6a80137') in 0.002175416 seconds
[Worker0] Imported GUID: f9971be76fb5a4ae2acff9be12ff24e4 - Path: Assets/Art/ChubbyAircraft/NavyCoral_MediumTwin/Materials/Part_06.mat - Importer: PreviewImporter -> (ImportResultId: 'f6c81173fccb8a43d05bf7f658f2f455') in 0.002203917 seconds
[Worker0] Imported GUID: 4da4d047122c44a168cc557d4b8e4d77 - Path: Assets/Art/ChubbyAircraft/JadeIvory_LongQuad/Materials/Part_02.mat - Importer: PreviewImporter -> (ImportResultId: '243e2c509ee2f49bfc65b8bdb363239f') in 0.002615667 seconds
[Worker0] Imported GUID: 0bb64b4e84a7f420cb096ef77c4b3f73 - Path: Assets/Art/ChubbyAircraft/JadeIvory_LongQuad/Materials/Part_10.mat - Importer: PreviewImporter -> (ImportResultId: '0525b14d6f6d34d08c210f060f4431a9') in 0.002200125 seconds
[Worker0] Imported GUID: deb46d1369cda4bffbeb747660ee44ef - Path: Assets/Art/ChubbyAircraft/JadeIvory_MediumTwin/Materials/Part_03.mat - Importer: PreviewImporter -> (ImportResultId: 'c5de1db631ba422c8fb9a4704e7033c7') in 0.002137959 seconds
[Worker0] Imported GUID: 1c91016f334fb4f28ba7a8646f6dc7da - Path: Assets/Art/ChubbyAircraft/PorcelainRed_MediumTwin/Materials/Part_10.mat - Importer: PreviewImporter -> (ImportResultId: '057294c22290d5d6598705645f6b6efa') in 0.001961125 seconds
[Worker0] Imported GUID: 76e6136005d57482b8b677adff5c4691 - Path: Assets/Art/ChubbyAircraft/NavyCoral_LongQuad/Meshes/Part_09.asset - Importer: PreviewImporter -> (ImportResultId: '3e4225f8d0c4afb554b48d09be622347') in 0.001814 seconds
[Worker0] Imported GUID: 9c5b45939886a49279b18a12b1a265a7 - Path: Assets/Art/ChubbyAircraft/BurgundySilver_LongQuad/Materials/Part_00.mat - Importer: PreviewImporter -> (ImportResultId: '077a823cc4f918d85dfc62408480ed8b') in 0.001701083 seconds
[Worker0] Imported GUID: eac8f4a7fa12f414ea6cdc63b115cc93 - Path: Assets/Art/ChubbyAircraft/NavyCoral_LongQuad/Meshes/Part_00.asset - Importer: PreviewImporter -> (ImportResultId: 'e79fee0465811025f692dda8335d13cc') in 0.003439542 seconds
[Worker0] Imported GUID: f660fd7c262a14d60926aa905451faf1 - Path: Assets/Art/ChubbyAircraft/BurgundySilver_ShortTwin/Meshes/Part_09.asset - Importer: PreviewImporter -> (ImportResultId: '0cbd8cd3b40b403ee5faa065aa7a8280') in 0.001616375 seconds
[Worker0] Imported GUID: 76d4781724a3c4bd6bbf8ec29ba6aeda - Path: Assets/Art/ChubbyAircraft/NavyCoral_MediumTwin/Meshes/Part_04.asset - Importer: PreviewImporter -> (ImportResultId: 'a8914a2bd72e292b0fe8a019cf4bceac') in 0.001573666 seconds
[Worker0] Imported GUID: ed1ce821e48bd4e51bd549b7cd31ef5f - Path: Assets/Art/ChubbyAircraft/BurgundySilver_LongQuad/Materials/Part_09.mat - Importer: PreviewImporter -> (ImportResultId: '10f1b46ce5e83ccbae19cdbf2291f366') in 0.001814666 seconds
[Worker0] Imported GUID: a25e66b4a53bd4169a70fd75a283b92a - Path: Assets/Art/ChubbyAircraft/PorcelainRed_MediumTwin/Materials/Part_04.mat - Importer: PreviewImporter -> (ImportResultId: 'c1e135fc5bdc7a5889609bcc5bc3fac7') in 0.001732333 seconds
[Worker0] Imported GUID: c98d82b31f316463d81fe8a88278e62e - Path: Assets/Art/ChubbyAircraft/BurgundySilver_MediumTwin/Materials/Part_03.mat - Importer: PreviewImporter -> (ImportResultId: '47239bdd6fbac960689a7e1aaceaca6b') in 0.001546625 seconds
[Worker0] Imported GUID: 136baf21a32e34dc9ba6d0fef5c03ae6 - Path: Assets/Art/ChubbyAircraft/PorcelainRed_LongQuad/Materials/Part_05.mat - Importer: PreviewImporter -> (ImportResultId: 'f355d8919a4336a12518e73f3bc352d3') in 0.001554625 seconds
[Worker0] Imported GUID: 6e1858810d617438cb75e33a8c5e2d76 - Path: Assets/Art/ChubbyAircraft/JadeIvory_ShortTwin/Materials/Part_09.mat - Importer: PreviewImporter -> (ImportResultId: '5e53c88838f7149cea8f4210969ef541') in 0.001606125 seconds
[Worker0] Imported GUID: 8caaa9d800cfc4d65804efb69efb7a5b - Path: Assets/Art/ChubbyAircraft/JadeIvory_MediumTwin/Meshes/Part_06.asset - Importer: PreviewImporter -> (ImportResultId: 'd259b962bd0d154503eff8b013422698') in 0.001549833 seconds
[Worker0] Imported GUID: afb955d6c75fa4059b97216285fe4fc4 - Path: Assets/Art/ChubbyAircraft/JadeIvory_MediumTwin/Meshes/Part_05.asset - Importer: PreviewImporter -> (ImportResultId: '0d96cede29518a988f50c1496510ede1') in 0.001580625 seconds
[Worker0] Imported GUID: e07ba6b49a8434a46b9354ecfb111e46 - Path: Assets/Art/ChubbyAircraft/PorcelainRed_MediumTwin/Materials/Part_07.mat - Importer: PreviewImporter -> (ImportResultId: '2c17b611ae607a9cd8bee6fb768d9733') in 0.001549042 seconds
[Worker0] Imported GUID: 9241c38e6925147c1b2bbb6b2d45c27b - Path: Assets/Art/ChubbyAircraft/BurgundySilver_ShortTwin/Meshes/Part_01.asset - Importer: PreviewImporter -> (ImportResultId: '37d5a62e7e0ab4bad454267057669e41') in 0.002566041 seconds
[Worker0] Imported GUID: 5c99f10d0a9f14d7099ad4f12485fb90 - Path: Assets/Art/ChubbyAircraft/PorcelainRed_MediumTwin/Meshes/Part_10.asset - Importer: PreviewImporter -> (ImportResultId: '6953069e5f200b8b707a2ee2bbed9bd0') in 0.001478292 seconds
[Worker0] Imported GUID: 7b30668cfc5b34c70a3a7b55478d73b0 - Path: Assets/Art/ChubbyAircraft/NavyCoral_LongQuad/Meshes/Part_05.asset - Importer: PreviewImporter -> (ImportResultId: 'ce2450a8286a18a4c3e7df608f952aaa') in 0.001431375 seconds
[Worker0] Imported GUID: 89ddfbfd2c139492a9d287a5de6cc4c7 - Path: Assets/Art/ChubbyAircraft/NavyCoral_LongQuad/Meshes/Part_02.asset - Importer: PreviewImporter -> (ImportResultId: '2d05531dc2f34463a9be006fc5954431') in 0.003872542 seconds
[Worker0] Imported GUID: 0e86c066ca0684e439286e38813b6f0c - Path: Assets/Art/ChubbyAircraft/JadeIvory_LongQuad/Materials/Part_08.mat - Importer: PreviewImporter -> (ImportResultId: '6a73a078940cb78bb2876cd55503b87b') in 0.001763916 seconds
[Worker0] Imported GUID: e2b70e2b264f1459cb458251f238189a - Path: Assets/Art/ChubbyAircraft/NavyCoral_ShortTwin/Meshes/Part_02.asset - Importer: PreviewImporter -> (ImportResultId: '0684e7ea522c0c4d1069e7387525d2c4') in 0.003428 seconds
[Worker0] Imported GUID: d1aaca6eb68a646fbb3b86158198a2ec - Path: Assets/Art/ChubbyAircraft/BurgundySilver_MediumTwin/Meshes/Part_10.asset - Importer: PreviewImporter -> (ImportResultId: '48ead21b71c43fac4fba9c31f42172ff') in 0.00164175 seconds
[Worker0] Imported GUID: e8bcdae46804b479f969e4d0755d0c3d - Path: Assets/Art/ChubbyAircraft/NavyCoral_LongQuad/Meshes/Part_06.asset - Importer: PreviewImporter -> (ImportResultId: 'c2fd2a4c87cf729d121a60b835d69c0a') in 0.0014205 seconds
[Worker0] Imported GUID: f329746f40df543c89cf870472e2cb5b - Path: Assets/Art/ChubbyAircraft/NavyCoral_MediumTwin/Materials/Part_00.mat - Importer: PreviewImporter -> (ImportResultId: 'bcc58ebce757570fcf295e7ac19aa154') in 0.001557083 seconds
[Worker0] Imported GUID: d819421abd26d4aadaa2c53494f943d2 - Path: Assets/Art/ChubbyAircraft/NavyCoral_ShortTwin/Meshes/Part_08.asset - Importer: PreviewImporter -> (ImportResultId: 'd930fa6b74655c7e8c6ab2e11f9a2124') in 0.001298416 seconds
[Worker0] Imported GUID: e34d3df636cf34c68a2784a7043a929f - Path: Assets/Art/ChubbyAircraft/PorcelainRed_MediumTwin/Materials/Part_11.mat - Importer: PreviewImporter -> (ImportResultId: '5262c938085a83ecfa5d587ea0fae3c0') in 0.001540334 seconds
[Worker0] Imported GUID: a98bba6da2f2e4823afbbccc337046ee - Path: Assets/Art/ChubbyAircraft/BurgundySilver_LongQuad/Materials/Part_02.mat - Importer: PreviewImporter -> (ImportResultId: 'e9508b35d41b4adcab853df1fa1a85cc') in 0.0014535 seconds
[Worker0] Imported GUID: 39fcee2298e5f40f9bd34d66411d615f - Path: Assets/Art/ChubbyAircraft/BurgundySilver_MediumTwin/Meshes/Part_06.asset - Importer: PreviewImporter -> (ImportResultId: '9043661a8335a7fbdad33080662b292b') in 0.001477292 seconds
[Worker0] Imported GUID: ad83aea68f7864af19b15a43356b1fda - Path: Assets/Art/ChubbyAircraft/NavyCoral_LongQuad/Materials/Part_11.mat - Importer: PreviewImporter -> (ImportResultId: 'a1faf927852912aa8e419202a834c1f1') in 0.001661459 seconds
[Worker0] Imported GUID: 4dcdf43033a854ca79ad3e78c155e153 - Path: Assets/Art/ChubbyAircraft/NavyCoral_ShortTwin/Meshes/Part_03.asset - Importer: PreviewImporter -> (ImportResultId: 'b887d8413645246c95c2a637c2777e1e') in 0.002319667 seconds
[Worker0] Imported GUID: 17a2edb4e468b4a1288c9ea4a8791720 - Path: Assets/Art/ChubbyAircraft/BurgundySilver_MediumTwin/Meshes/Part_04.asset - Importer: PreviewImporter -> (ImportResultId: '64e9dd3fa1b63544fe7c82168f17a984') in 0.001779375 seconds
[Worker0] Imported GUID: 399c26f55c1a24fa1a0af02c975bffb1 - Path: Assets/Art/ChubbyAircraft/JadeIvory_ShortTwin/Materials/Part_11.mat - Importer: PreviewImporter -> (ImportResultId: '12fbac752491d76a97da9af63b279b9a') in 0.001687916 seconds
[Worker0] Imported GUID: e648b606e9db5429f83e7f5aa6d9c6e7 - Path: Assets/Art/ChubbyAircraft/NavyCoral_LongQuad/Materials/Part_02.mat - Importer: PreviewImporter -> (ImportResultId: '3d371b86398d23079e568e1646872325') in 0.00221875 seconds
[Worker0] Imported GUID: 8dfa8e957fbc14f1eb2eb417fcc56d96 - Path: Assets/Art/ChubbyAircraft/PorcelainRed_LongQuad/Meshes/Part_10.asset - Importer: PreviewImporter -> (ImportResultId: '07b18d96957bbadef60a674d6a27e89f') in 0.001731542 seconds
[Worker0] Imported GUID: 0b5d5ab9b10ec427e98e93a73d6826e8 - Path: Assets/Art/ChubbyAircraft/BurgundySilver_MediumTwin/Meshes/Part_02.asset - Importer: PreviewImporter -> (ImportResultId: '01e6a339654bded2e7d0ad067f04c0b3') in 0.004666042 seconds
[Worker0] Imported GUID: 29c94afb29870489fa5c47d4c8a85797 - Path: Assets/Art/ChubbyAircraft/PorcelainRed_LongQuad/Materials/Part_01.mat - Importer: PreviewImporter -> (ImportResultId: '30b159ea0a76a7f5e35d3b12d8a2c00d') in 0.001935708 seconds
[Worker0] Imported GUID: d62c499d988b74b2bb8a58d3cb366514 - Path: Assets/Art/ChubbyAircraft/NavyCoral_LongQuad/Meshes/Part_10.asset - Importer: PreviewImporter -> (ImportResultId: '09808c8dadcab09810791d6fab2f985b') in 0.002098 seconds
[Worker0] Imported GUID: 224e6988e2b4c48f8a081c2e7d8d30bd - Path: Assets/Art/ChubbyAircraft/JadeIvory_ShortTwin/Meshes/Part_00.asset - Importer: PreviewImporter -> (ImportResultId: 'ce23c6590cf6f6b88a1056f3bf44089d') in 0.003454 seconds
[Worker0] Imported GUID: 0b5441a8cf4f04344ace34562f06647b - Path: Assets/Art/ChubbyAircraft/BurgundySilver_LongQuad/Meshes/Part_07.asset - Importer: PreviewImporter -> (ImportResultId: '0959546daa75f4c58ccf05bf2fd3cfe0') in 0.002010209 seconds
[Worker0] Imported GUID: 0ad46e08716d646a3a5580e12ee9bdb3 - Path: Assets/Art/ChubbyAircraft/BurgundySilver_LongQuad/BurgundySilver_LongQuad.prefab - Importer: PreviewImporter -> (ImportResultId: '0f1efb82f886718fe203a95a746d12fc') in 0.016732458 seconds
[Worker0] Imported GUID: 77062d44340874b008bcd9d5945ce395 - Path: Assets/Art/ChubbyAircraft/PorcelainRed_ShortTwin/PorcelainRed_ShortTwin.prefab - Importer: PreviewImporter -> (ImportResultId: '89a4604106ea3f053fd210492fffb8ef') in 0.010846958 seconds
[Worker0] Imported GUID: 31b2ff697c3b04714beade43c04dcaa6 - Path: Assets/Art/ChubbyAircraft/PorcelainRed_ShortTwin/Materials/Part_01.mat - Importer: PreviewImporter -> (ImportResultId: 'a6ea8aa5ae3a471317c15a65746ef71e') in 0.002222584 seconds
[Worker0] Imported GUID: 59d5c07e23b164cd4b2ed6be785bb11c - Path: Assets/Art/ChubbyAircraft/BurgundySilver_ShortTwin/Materials/Part_00.mat - Importer: PreviewImporter -> (ImportResultId: '69dea619324e70cc8369d38122df8e32') in 0.001840375 seconds
[Worker0] Imported GUID: df5de1303f6e741ba9dffcd6196e0233 - Path: Assets/Art/ChubbyAircraft/PorcelainRed_LongQuad/Materials/Part_08.mat - Importer: PreviewImporter -> (ImportResultId: '9722c9c4cc9ec15ca9001f30e7e0b44b') in 0.001925583 seconds
[Worker0] Imported GUID: c79d156553f8f4ee0afa5cf1f5d701a7 - Path: Assets/Art/ChubbyAircraft/PorcelainRed_ShortTwin/Meshes/Part_11.asset - Importer: PreviewImporter -> (ImportResultId: '2e147be77fd65a36e582e0c80a62dbf7') in 0.002116625 seconds
[Worker0] Imported GUID: 1f59ebbb030564ad591e78f5b16ce500 - Path: Assets/Art/ChubbyAircraft/NavyCoral_MediumTwin/Materials/Part_08.mat - Importer: PreviewImporter -> (ImportResultId: '042fbe731f49e7b94cec8ed45f47111c') in 0.001773917 seconds
[Worker0] Imported GUID: 57b20feed0a6c433a9bc9a270708e011 - Path: Assets/Art/ChubbyAircraft/BurgundySilver_MediumTwin/Materials/Part_05.mat - Importer: PreviewImporter -> (ImportResultId: '1621c501c74d91530060ed431a2c4076') in 0.001651042 seconds
[Worker0] Imported GUID: d199d6998d54446b69d058b4ad20cc4d - Path: Assets/Art/ChubbyAircraft/PorcelainRed_LongQuad/Meshes/Part_12.asset - Importer: PreviewImporter -> (ImportResultId: 'f63056dfc9c330e37f13cacb5ab84b34') in 0.002134833 seconds
[Worker0] Imported GUID: 0bc42a8b8acad48148d043819e89e282 - Path: Assets/Art/ChubbyAircraft/NavyCoral_LongQuad/Materials/Part_08.mat - Importer: PreviewImporter -> (ImportResultId: '8ee0a56c4a0a1e35070ba48cbb10f97a') in 0.001834917 seconds
[Worker0] Imported GUID: 5803ae4f4f8c24ca1a0ed38bf59f3114 - Path: Assets/Art/ChubbyAircraft/NavyCoral_ShortTwin/NavyCoral_ShortTwin.prefab - Importer: PreviewImporter -> (ImportResultId: '606b519ecc4db31d02f8f479d4e27752') in 0.009843542 seconds
[Worker0] Imported GUID: e013387c222604d1f9df384593796f86 - Path: Assets/Art/ChubbyAircraft/BurgundySilver_LongQuad/Meshes/Part_05.asset - Importer: PreviewImporter -> (ImportResultId: 'f8c514130aa6bfc92c96b4a0a2d16eb6') in 0.001849542 seconds
[Worker0] Imported GUID: 707bfba88af4c46bcb3fbbebfdd4f53d - Path: Assets/Art/ChubbyAircraft/PorcelainRed_MediumTwin/Meshes/Part_08.asset - Importer: PreviewImporter -> (ImportResultId: '8aaed924d7c316b797c63eddd9cce1c5') in 0.001765334 seconds
[Worker0] Imported GUID: a20512a40a44149068ee7b6fb2dd7bc8 - Path: Assets/Art/ChubbyAircraft/BurgundySilver_MediumTwin/Materials/Part_11.mat - Importer: PreviewImporter -> (ImportResultId: 'e0a83896b5ea74129cf5cb102093fe56') in 0.00176975 seconds
[Worker0] Imported GUID: e263f5494e6174f65be65c64b8031113 - Path: Assets/Art/ChubbyAircraft/BurgundySilver_ShortTwin/Meshes/Part_12.asset - Importer: PreviewImporter -> (ImportResultId: 'a6a8eea29d643dbc20f2278aea6df6c4') in 0.002228625 seconds
[Worker0] Imported GUID: f8ff820ee666e4ecbba371849520b38c - Path: Assets/Art/ChubbyAircraft/BurgundySilver_MediumTwin/BurgundySilver_MediumTwin.prefab - Importer: PreviewImporter -> (ImportResultId: '7cde2d49c44080d80d229957bb2eefdb') in 0.010944959 seconds
[Worker0] Imported GUID: feee6aa32268c4999be8551c295356d5 - Path: Assets/Art/ChubbyAircraft/BurgundySilver_ShortTwin/Materials/Part_06.mat - Importer: PreviewImporter -> (ImportResultId: '052ff0c94d083b268cc406bd49648cdb') in 0.001864792 seconds
[Worker0] Imported GUID: 79f317597d7624d369a49a385416b8b3 - Path: Assets/Art/ChubbyAircraft/NavyCoral_MediumTwin/Materials/Part_11.mat - Importer: PreviewImporter -> (ImportResultId: 'b6eab9063e063722d2daf7513d5d25bc') in 0.001627625 seconds
[Worker0] Imported GUID: b5cd1d781ca0b413aa44938d741f194e - Path: Assets/Art/ChubbyAircraft/NavyCoral_ShortTwin/Materials/Part_03.mat - Importer: PreviewImporter -> (ImportResultId: 'c96b179062c568e3cf2a0f81f41d3711') in 0.001690292 seconds
[Worker0] Imported GUID: f1177b9df181447b287e3e94e3cb6dac - Path: Assets/Art/ChubbyAircraft/JadeIvory_LongQuad/Meshes/Part_07.asset - Importer: PreviewImporter -> (ImportResultId: '0b52f79625c3da0cf634b10a9df2f7f1') in 0.001466875 seconds
[Worker0] Imported GUID: e45eedf3860c14167844191ae7041a80 - Path: Assets/Art/ChubbyAircraft/BurgundySilver_ShortTwin/Materials/Part_10.mat - Importer: PreviewImporter -> (ImportResultId: '891d97e5c2e0e790c196169dee7ff643') in 0.001614667 seconds
[Worker0] Imported GUID: c47e1bf3ce8ee4d63b37c110b636d107 - Path: Assets/Art/ChubbyAircraft/JadeIvory_LongQuad/Meshes/Part_03.asset - Importer: PreviewImporter -> (ImportResultId: '3c08b4c0f0fdf1c8fadb9af5597b2ffc') in 0.002645167 seconds
[Worker0] Imported GUID: 14d533096726645e9860730ade2bbcac - Path: Assets/Art/ChubbyAircraft/NavyCoral_MediumTwin/Meshes/Part_07.asset - Importer: PreviewImporter -> (ImportResultId: '7b2f810923c2e1fc51d2e51c80525ad1') in 0.00134175 seconds
[Worker0] Imported GUID: c5888c52129e348649b0cf276db27838 - Path: Assets/Art/ChubbyAircraft/BurgundySilver_LongQuad/Meshes/Part_06.asset - Importer: PreviewImporter -> (ImportResultId: '5e01c59b3012e35df89ead107facb9d3') in 0.001653667 seconds
[Worker0] Imported GUID: 1a34af8a84413448a92998fae572f2b7 - Path: Assets/Art/ChubbyAircraft/JadeIvory_LongQuad/Materials/Part_03.mat - Importer: PreviewImporter -> (ImportResultId: '0057ce9d3c271459732cc99e7e14d110') in 0.001602333 seconds
[Worker0] Imported GUID: 955d59b3f7b6f478b911e465300e29e2 - Path: Assets/Art/ChubbyAircraft/NavyCoral_LongQuad/Meshes/Part_03.asset - Importer: PreviewImporter -> (ImportResultId: '8b0b7b0ea389205db04d864491c2da87') in 0.002626708 seconds
[Worker0] Imported GUID: 0810ee2ab6abf4841b19d5b12389a760 - Path: Assets/Art/ChubbyAircraft/NavyCoral_ShortTwin/Materials/Part_07.mat - Importer: PreviewImporter -> (ImportResultId: '2030dfff313f4006631d345df2b5b678') in 0.001627375 seconds
[Worker0] Imported GUID: 8e535fb19d8324eb38b47208dd65d720 - Path: Assets/Art/ChubbyAircraft/JadeIvory_ShortTwin/Materials/Part_00.mat - Importer: PreviewImporter -> (ImportResultId: '31c1679b74d3bb71f69c1dad2550033c') in 0.001668416 seconds
[Worker0] Imported GUID: 2d664ea5333c64650bd0e6740b00bf81 - Path: Assets/Art/ChubbyAircraft/BurgundySilver_LongQuad/Materials/Part_03.mat - Importer: PreviewImporter -> (ImportResultId: 'fc393dc3d5b27a631f9eaed6c965b1b5') in 0.001611334 seconds
[Worker0] Imported GUID: 38fffe9d42e804efcb859c8c4777fa4a - Path: Assets/Art/ChubbyAircraft/BurgundySilver_LongQuad/Materials/Part_11.mat - Importer: PreviewImporter -> (ImportResultId: '0b85aa38f43c23ab008bdadf8e1ddaa8') in 0.001707917 seconds
[Worker0] Imported GUID: 4f726231e9b7240dc86e0d8a50caeccc - Path: Assets/Art/ChubbyAircraft/JadeIvory_LongQuad/Meshes/Part_11.asset - Importer: PreviewImporter -> (ImportResultId: 'ed76f45bdab67f23f3647158b711e03a') in 0.001575792 seconds
[Worker0] Imported GUID: a48d05f578815411f899ad1479d64171 - Path: Assets/Art/ChubbyAircraft/NavyCoral_ShortTwin/Meshes/Part_10.asset - Importer: PreviewImporter -> (ImportResultId: '13b7d021bb04ea5460ca872f562b5ee0') in 0.001444125 seconds
[Worker0] Imported GUID: e53fd89750c5b4cf0a8492234b68f3e0 - Path: Assets/Art/ChubbyAircraft/NavyCoral_ShortTwin/Meshes/Part_00.asset - Importer: PreviewImporter -> (ImportResultId: '3db58e1615132672a9757d9268627c30') in 0.003106 seconds
[Worker0] Imported GUID: 19129a177da2644f5a6d011506c51c19 - Path: Assets/Art/ChubbyAircraft/NavyCoral_MediumTwin/Materials/Part_10.mat - Importer: PreviewImporter -> (ImportResultId: 'e3312c0136f0d37ed0e61babf12dac1e') in 0.0021705 seconds
[Worker0] Imported GUID: b6aae7607b543492291ac303cfb7dbba - Path: Assets/Art/ChubbyAircraft/NavyCoral_ShortTwin/Materials/Part_06.mat - Importer: PreviewImporter -> (ImportResultId: 'ed8da93afac212ea1324ee3f337a7a74') in 0.002038875 seconds
[Worker0] Imported GUID: ec7b77dd66f0f47dba9a26982a601835 - Path: Assets/Art/ChubbyAircraft/PorcelainRed_ShortTwin/Meshes/Part_07.asset - Importer: PreviewImporter -> (ImportResultId: '3518eeaa231d705a5d6cd2d13abf297e') in 0.002048542 seconds
[Worker0] Imported GUID: 5ff16fffd6fc64f5d85ce32a759a4374 - Path: Assets/Art/ChubbyAircraft/NavyCoral_LongQuad/Materials/Part_03.mat - Importer: PreviewImporter -> (ImportResultId: 'dbbbe438bde85245464fb3d64927f694') in 0.0015285 seconds
[Worker0] Imported GUID: b517b3f9eb73544c9b53288dfa3d37f9 - Path: Assets/Art/ChubbyAircraft/JadeIvory_ShortTwin/Meshes/Part_12.asset - Importer: PreviewImporter -> (ImportResultId: '3074d39adc304538abeb2520113b5a07') in 0.002053833 seconds
[Worker0] Imported GUID: f4f94ddca5ce945f18c5eed4b3a72974 - Path: Assets/Art/ChubbyAircraft/PorcelainRed_LongQuad/Meshes/Part_05.asset - Importer: PreviewImporter -> (ImportResultId: 'f2826ff8e4ea2edfd10489905066783e') in 0.001506958 seconds
[Worker0] Imported GUID: 5c0bfa48647344134b9aabc325cff434 - Path: Assets/Art/ChubbyAircraft/NavyCoral_ShortTwin/Meshes/Part_11.asset - Importer: PreviewImporter -> (ImportResultId: '091082c1101a04862c4c6c93522d8b0a') in 0.001787625 seconds
[Worker0] Imported GUID: e145edfe988b24680acf87e9b81da709 - Path: Assets/Art/ChubbyAircraft/JadeIvory_MediumTwin/Meshes/Part_08.asset - Importer: PreviewImporter -> (ImportResultId: 'd9f373f599d695c6c6bb9328db6ed221') in 0.001390041 seconds
[Worker0] Imported GUID: 3495246d9be2545a097502b64f54aef6 - Path: Assets/Art/ChubbyAircraft/PorcelainRed_LongQuad/Materials/Part_10.mat - Importer: PreviewImporter -> (ImportResultId: '9627c15e06f4a26e4424f9cd2af1c284') in 0.001537333 seconds
[Worker0] Imported GUID: c8d58018e2be44d1aba3341f8e23c22c - Path: Assets/Art/ChubbyAircraft/PorcelainRed_ShortTwin/Meshes/Part_02.asset - Importer: PreviewImporter -> (ImportResultId: 'e61f350e8dd2a0a3453501fe86c25556') in 0.003599625 seconds
[Worker0] Imported GUID: 70c6a4229ee16418d93719a59493eb45 - Path: Assets/Art/ChubbyAircraft/JadeIvory_LongQuad/Materials/Part_05.mat - Importer: PreviewImporter -> (ImportResultId: '68ce001950d6584731894aeac98640c3') in 0.001662708 seconds
[Worker0] Imported GUID: 757543448b85a4f5ebee054f955a7d19 - Path: Assets/Art/ChubbyAircraft/BurgundySilver_ShortTwin/Materials/Part_04.mat - Importer: PreviewImporter -> (ImportResultId: '2323eecd48009ba330fa4b400379328e') in 0.001497583 seconds
[Worker0] Imported GUID: aa00c608ff3e84e63a7a4c0b078356c8 - Path: Assets/Art/ChubbyAircraft/PorcelainRed_ShortTwin/Meshes/Part_06.asset - Importer: PreviewImporter -> (ImportResultId: 'f20e665dc3b5162093e002ea34045e7a') in 0.001602833 seconds
[Worker0] Imported GUID: 0a11a72a8cfcf43fdb3311b13ef0c0f4 - Path: Assets/Art/ChubbyAircraft/NavyCoral_MediumTwin/Meshes/Part_09.asset - Importer: PreviewImporter -> (ImportResultId: '135eddec77f95d3f06a67d2fd5f1adfc') in 0.001442834 seconds
[Worker0] Imported GUID: 89970de3d7ad440fd9c03fd18023dc45 - Path: Assets/Art/ChubbyAircraft/JadeIvory_MediumTwin/Materials/Part_11.mat - Importer: PreviewImporter -> (ImportResultId: 'a47252d579cc243b71ae081c93081401') in 0.001541458 seconds
[Worker0] Imported GUID: 076f0220102e6436c8211486993ad4a0 - Path: Assets/Art/ChubbyAircraft/NavyCoral_MediumTwin/Meshes/Part_03.asset - Importer: PreviewImporter -> (ImportResultId: 'a33305c8652b4651e5cf8ba26e6dce0b') in 0.002371542 seconds
[Worker0] Imported GUID: b5272531037d84f46be12e168fd4b331 - Path: Assets/Art/ChubbyAircraft/NavyCoral_ShortTwin/Materials/Part_09.mat - Importer: PreviewImporter -> (ImportResultId: 'e55c2b47c9db8e6fe3e154e08c3ff75b') in 0.001530291 seconds
[Worker0] Imported GUID: 8cb58465f20194d7ca9af28a145d62a1 - Path: Assets/Art/ChubbyAircraft/PorcelainRed_ShortTwin/Materials/Part_07.mat - Importer: PreviewImporter -> (ImportResultId: '253a55f70aa1fa0b772ea66800cf172f') in 0.001689666 seconds
[Worker0] Imported GUID: 57b907fd3676648c797eea3828997a51 - Path: Assets/Art/ChubbyAircraft/BurgundySilver_LongQuad/Materials/Part_12.mat - Importer: PreviewImporter -> (ImportResultId: '60f3c20f7d502fae92b114f886ce0b21') in 0.001592708 seconds
[Worker0] Imported GUID: 2e97ebcfb6d5044ca87c556bfd5784bc - Path: Assets/Art/ChubbyAircraft/PorcelainRed_MediumTwin/Materials/Part_00.mat - Importer: PreviewImporter -> (ImportResultId: '3cc1a59e6bf383150ed864e0f069022d') in 0.00158675 seconds
[Worker0] Imported GUID: 39b3e5f6abbd749c5b26a0d3e3634788 - Path: Assets/Art/ChubbyAircraft/BurgundySilver_ShortTwin/BurgundySilver_ShortTwin.prefab - Importer: PreviewImporter -> (ImportResultId: '0f64431e0ecb678bce5b86df7f735877') in 0.010448709 seconds
[Worker0] Imported GUID: 87cbe670f54734721aa83ee589366300 - Path: Assets/Art/ChubbyAircraft/NavyCoral_ShortTwin/Meshes/Part_09.asset - Importer: PreviewImporter -> (ImportResultId: '675469b680a3ddfa9e4a34f50ae27439') in 0.001873875 seconds
[Worker0] Imported GUID: 7c6d0bc5407f749f9b36332db8a51d90 - Path: Assets/Art/ChubbyAircraft/JadeIvory_MediumTwin/Meshes/Part_07.asset - Importer: PreviewImporter -> (ImportResultId: 'd9206d8bacca87fe00cee624cf42be11') in 0.001381125 seconds
[Worker0] Imported GUID: 61f3f813c014640f494bdbd4e49a7aee - Path: Assets/Art/ChubbyAircraft/NavyCoral_LongQuad/Materials/Part_01.mat - Importer: PreviewImporter -> (ImportResultId: '511bf650b9b2452c8919fa8dab9b15c6') in 0.001674792 seconds
[Worker0] Imported GUID: 873d2c9e4b80e4d5eae294aeafffea81 - Path: Assets/Art/ChubbyAircraft/PorcelainRed_MediumTwin/Meshes/Part_01.asset - Importer: PreviewImporter -> (ImportResultId: '3e66e34b75d907ad431c9680eb827548') in 0.002711292 seconds
[Worker0] Imported GUID: c4931b63ee5f74190a52ee3dcc276b77 - Path: Assets/Art/ChubbyAircraft/NavyCoral_LongQuad/Materials/Part_00.mat - Importer: PreviewImporter -> (ImportResultId: '3bc51d7cf47faedad3ca86039e4337f3') in 0.001565209 seconds
[Worker0] Imported GUID: 8b9c08bb257284c6a8e43aa4f38ac405 - Path: Assets/Art/ChubbyAircraft/NavyCoral_MediumTwin/Meshes/Part_11.asset - Importer: PreviewImporter -> (ImportResultId: '71d33af39a73a27d9271b7906b065789') in 0.002052125 seconds
[Worker0] Imported GUID: 9bb05d8167ab345a9bf391776b10dac4 - Path: Assets/Art/ChubbyAircraft/JadeIvory_LongQuad/Meshes/Part_00.asset - Importer: PreviewImporter -> (ImportResultId: 'f6630a166504e40cfea1d661794d801c') in 0.003099917 seconds
[Worker0] Imported GUID: 298a9fb8304f7473bb130c303b46f785 - Path: Assets/Art/ChubbyAircraft/JadeIvory_ShortTwin/Meshes/Part_05.asset - Importer: PreviewImporter -> (ImportResultId: '1deacce475bc31c3d04cdb5f56c95a94') in 0.00149075 seconds
[Worker0] Imported GUID: faf090c9af272477aaef9e617bf236b7 - Path: Assets/Art/ChubbyAircraft/PorcelainRed_ShortTwin/Materials/Part_02.mat - Importer: PreviewImporter -> (ImportResultId: '0ebaffab0ef52fa6cd6be14931a7c1d5') in 0.001693333 seconds
[Worker0] Imported GUID: d11dab6a7be714d7390c9791e6905bd8 - Path: Assets/Art/ChubbyAircraft/NavyCoral_MediumTwin/Materials/Part_09.mat - Importer: PreviewImporter -> (ImportResultId: '588652d1d8049f422e4f0320b6a7e227') in 0.001500666 seconds
[Worker0] Imported GUID: 83bb1882147794bef9131ae1d552fd11 - Path: Assets/Art/ChubbyAircraft/BurgundySilver_LongQuad/Meshes/Part_08.asset - Importer: PreviewImporter -> (ImportResultId: '113fbb541ecba4c3b153f5b3748b8751') in 0.00142 seconds
[Worker0] Imported GUID: 0cbba94112c9342ec9305e1040866c9b - Path: Assets/Art/ChubbyAircraft/NavyCoral_LongQuad/Meshes/Part_11.asset - Importer: PreviewImporter -> (ImportResultId: 'a08b0edb69f19ff9b641dfbe98bfb1b3') in 0.001798666 seconds
[Worker0] Imported GUID: 5040157abd6a0440eaac44dcb8116709 - Path: Assets/Art/ChubbyAircraft/PorcelainRed_ShortTwin/Materials/Part_04.mat - Importer: PreviewImporter -> (ImportResultId: 'cc6f032532125d1a224beaa97f1b09c4') in 0.001626875 seconds
[Worker0] Imported GUID: 3ecfe086bb35042c48bf1b8964df9919 - Path: Assets/Art/ChubbyAircraft/BurgundySilver_LongQuad/Meshes/Part_12.asset - Importer: PreviewImporter -> (ImportResultId: '4afad50e6a95d83545101ed0a1a9ab35') in 0.001859167 seconds
[Worker0] Imported GUID: 33bf6c3ca41ba485fa2060380381fd6b - Path: Assets/Art/ChubbyAircraft/JadeIvory_LongQuad/Meshes/Part_04.asset - Importer: PreviewImporter -> (ImportResultId: '652a269fc3cb318c0ff5e3f04a83d32d') in 0.001867667 seconds
[Worker0] Imported GUID: 1039b316df5e54206a9dc43c9ac96868 - Path: Assets/Art/ChubbyAircraft/NavyCoral_MediumTwin/Meshes/Part_02.asset - Importer: PreviewImporter -> (ImportResultId: 'e7ea7181151d2addfc89644411a6e930') in 0.003958625 seconds
[Worker0] Imported GUID: 0622c09af10514dc6b226608dbedefc1 - Path: Assets/Art/ChubbyAircraft/BurgundySilver_ShortTwin/Materials/Part_02.mat - Importer: PreviewImporter -> (ImportResultId: 'cf1b0f0f64253cdd627fe18906d57346') in 0.001787542 seconds
[Worker0] Imported GUID: c90a3ade1ee124dda897da6dfff34d59 - Path: Assets/Art/ChubbyAircraft/NavyCoral_ShortTwin/Materials/Part_00.mat - Importer: PreviewImporter -> (ImportResultId: '7b16d07575c70832103fcd47a573746b') in 0.001566125 seconds
[Worker0] Imported GUID: 6334288d318fb42c68f17330fa9be7f1 - Path: Assets/Art/ChubbyAircraft/PorcelainRed_MediumTwin/Materials/Part_03.mat - Importer: PreviewImporter -> (ImportResultId: '7acb92e5070aac76926cf4e327a0b423') in 0.001584 seconds
[Worker0] Imported GUID: 0324c9e3d1f70437895f031c5d66097c - Path: Assets/Art/ChubbyAircraft/NavyCoral_ShortTwin/Materials/Part_05.mat - Importer: PreviewImporter -> (ImportResultId: '1c3567a1e8bc8a843d7beb8b1f20e1fa') in 0.001635375 seconds
[Worker0] Imported GUID: 486b7e07eec9e4abebf1871700494359 - Path: Assets/Art/ChubbyAircraft/JadeIvory_ShortTwin/Meshes/Part_11.asset - Importer: PreviewImporter -> (ImportResultId: 'd37bb99cd413d3c19a8ed88199848816') in 0.001542833 seconds
[Worker0] Imported GUID: 55c208373e3b640dc971c33b43682125 - Path: Assets/Art/ChubbyAircraft/JadeIvory_ShortTwin/Materials/Part_01.mat - Importer: PreviewImporter -> (ImportResultId: '3491723c0f7a319201ef3e733cf9d500') in 0.001767834 seconds
[Worker0] Imported GUID: 6594770d6282b457cbe6fd5f932fedbb - Path: Assets/Art/ChubbyAircraft/BurgundySilver_MediumTwin/Materials/Part_02.mat - Importer: PreviewImporter -> (ImportResultId: '3921367c557c39f129575b6075ab2146') in 0.001483084 seconds
[Worker0] Imported GUID: 4d729acc8ea7d405c9620b38369ee9d4 - Path: Assets/Art/ChubbyAircraft/PorcelainRed_MediumTwin/Meshes/Part_07.asset - Importer: PreviewImporter -> (ImportResultId: '86ef9e3fc5b2b7e58b7c2e9b299fe071') in 0.001602459 seconds
[Worker0] Imported GUID: e3a6ffc70cc0b4c4c927914ee1faddae - Path: Assets/Art/ChubbyAircraft/JadeIvory_MediumTwin/Materials/Part_00.mat - Importer: PreviewImporter -> (ImportResultId: 'b4eb354b79fc2e2b21ef5140c2f42cd3') in 0.001651792 seconds
[Worker0] Imported GUID: e26e0236f3f1c4004bfca48f762fef57 - Path: Assets/Art/ChubbyAircraft/JadeIvory_LongQuad/Meshes/Part_10.asset - Importer: PreviewImporter -> (ImportResultId: 'fab1f2f36b815c6ebe8f1d55e686f77e') in 0.00149925 seconds
[Worker0] Imported GUID: 11354593537c048bda4a2cae3c91184f - Path: Assets/Art/ChubbyAircraft/JadeIvory_MediumTwin/Materials/Part_01.mat - Importer: PreviewImporter -> (ImportResultId: '5ebd40abdf634b7446640c4b523c5160') in 0.001549083 seconds
[Worker0] Imported GUID: 92230f03137974535aeadfd6e4b9ea73 - Path: Assets/Art/ChubbyAircraft/PorcelainRed_LongQuad/Meshes/Part_01.asset - Importer: PreviewImporter -> (ImportResultId: 'c46932f64a767fde951c614820144448') in 0.00256625 seconds
[Worker0] Imported GUID: 08ff536bd36d5464bac6f5094f7c8f08 - Path: Assets/Art/ChubbyAircraft/JadeIvory_MediumTwin/JadeIvory_MediumTwin.prefab - Importer: PreviewImporter -> (ImportResultId: 'bcd404aa97a5e584a61337158fa70a69') in 0.010128375 seconds
[Worker0] Imported GUID: 822ea500159044dd9962307b211786aa - Path: Assets/Art/ChubbyAircraft/JadeIvory_ShortTwin/Meshes/Part_01.asset - Importer: PreviewImporter -> (ImportResultId: '126a79767bddb62221f76d7cf3ca5d4d') in 0.002976125 seconds
[Worker0] Imported GUID: 20e74934660b245768d66a475fc668f5 - Path: Assets/Art/ChubbyAircraft/JadeIvory_MediumTwin/Meshes/Part_01.asset - Importer: PreviewImporter -> (ImportResultId: 'f1771b9c5e56b374591a1a8ea11f6468') in 0.002987875 seconds
[Worker0] Imported GUID: 33c2fd6b9e2da447d8663dd7917caa64 - Path: Assets/Art/ChubbyAircraft/JadeIvory_MediumTwin/Meshes/Part_09.asset - Importer: PreviewImporter -> (ImportResultId: 'b5a0bfbdd0163ebaf06130e5223505c2') in 0.001947583 seconds
[Worker0] Imported GUID: eab17c6bb371e4785bcb1bf84947e116 - Path: Assets/Art/ChubbyAircraft/PorcelainRed_ShortTwin/Meshes/Part_05.asset - Importer: PreviewImporter -> (ImportResultId: '0bdb2e2c9b6295e983c0c46239e3519b') in 0.002534458 seconds
[Worker0] Imported GUID: 6d7358764cd3c4b778a155bfc0d1d9c4 - Path: Assets/Art/ChubbyAircraft/PorcelainRed_LongQuad/Meshes/Part_02.asset - Importer: PreviewImporter -> (ImportResultId: '17b5735957eba7f8719d4b95b4b14d34') in 0.004485291 seconds
[Worker0] Imported GUID: 644dd85913e4b4676a9089e518bf84eb - Path: Assets/Art/ChubbyAircraft/NavyCoral_ShortTwin/Materials/Part_04.mat - Importer: PreviewImporter -> (ImportResultId: 'db78849f61950756fdfbaa4257f1607e') in 0.001887625 seconds
[Worker0] Imported GUID: d22c9709b3e21488c9651d0ec524dbc1 - Path: Assets/Art/ChubbyAircraft/PorcelainRed_LongQuad/Materials/Part_03.mat - Importer: PreviewImporter -> (ImportResultId: '7a17755ec4208b0d75db8abb79b1b755') in 0.001740625 seconds
[Worker0] Imported GUID: 9072392a5079547eeba262327aec4f43 - Path: Assets/Art/ChubbyAircraft/PorcelainRed_ShortTwin/Materials/Part_11.mat - Importer: PreviewImporter -> (ImportResultId: 'aead3d20bc5c87bb072536a02cd3dfac') in 0.001951958 seconds
[Worker0] Imported GUID: 4dde71c2f36934a1c9e9dc16cfc40a3e - Path: Assets/Art/ChubbyAircraft/BurgundySilver_LongQuad/Materials/Part_04.mat - Importer: PreviewImporter -> (ImportResultId: '1322118062796303f6fbed3da59f5c3d') in 0.001709833 seconds
[Worker0] Imported GUID: 54fd786cf3bcd4dc9858c745a30344b0 - Path: Assets/Art/ChubbyAircraft/JadeIvory_ShortTwin/JadeIvory_ShortTwin.prefab - Importer: PreviewImporter -> (ImportResultId: '6e2dfa96ba0e29941d1d953a5e2bf2ee') in 0.009956167 seconds
[Worker0] Imported GUID: 8dbbb494ddd2b471c9b74cd0a6ae87ef - Path: Assets/Art/ChubbyAircraft/PorcelainRed_LongQuad/Meshes/Part_06.asset - Importer: PreviewImporter -> (ImportResultId: '8b7a3e60738d1ad75886382353cb8bc3') in 0.0021205 seconds
[Worker0] Imported GUID: 1fa25618110a947198b9eb1cc759f327 - Path: Assets/Art/ChubbyAircraft/JadeIvory_ShortTwin/Materials/Part_03.mat - Importer: PreviewImporter -> (ImportResultId: 'a9798512a18897d317609f50752f9622') in 0.002358167 seconds
[Worker0] Imported GUID: 4441b43ab62ff413a909fa0ca7bb91b5 - Path: Assets/Art/ChubbyAircraft/BurgundySilver_LongQuad/Meshes/Part_11.asset - Importer: PreviewImporter -> (ImportResultId: '59886da71c480ee5986d2c18d41763aa') in 0.0018675 seconds
[Worker0] Imported GUID: 98b4203abb93b4c0fb649d4fa086cf38 - Path: Assets/Art/ChubbyAircraft/NavyCoral_ShortTwin/Meshes/Part_04.asset - Importer: PreviewImporter -> (ImportResultId: '55773e239036972fcdd39dad3406e705') in 0.001569583 seconds
[Worker0] Imported GUID: 076a7ba6da0b24c6993723ac449ace81 - Path: Assets/Art/ChubbyAircraft/PorcelainRed_ShortTwin/Meshes/Part_04.asset - Importer: PreviewImporter -> (ImportResultId: 'faa2295a3c6393ae8691cec8dccf9432') in 0.001659917 seconds
[Worker0] Imported GUID: 7c67ee2caa69142c9814c758a4d8b8e5 - Path: Assets/Art/ChubbyAircraft/JadeIvory_ShortTwin/Materials/Part_02.mat - Importer: PreviewImporter -> (ImportResultId: 'a9db640465a4fbd7f75c5932c49f9712') in 0.001755583 seconds
[Worker0] Imported GUID: 886b76c915ef342fcbc9cb27ceaa35ea - Path: Assets/Art/ChubbyAircraft/BurgundySilver_ShortTwin/Meshes/Part_07.asset - Importer: PreviewImporter -> (ImportResultId: '05b86f74d049dc2905d12b7d3e62e70d') in 0.001569083 seconds
[Worker0] Imported GUID: bad34554ca18148f892f112d8f2cbc2b - Path: Assets/Art/ChubbyAircraft/PorcelainRed_LongQuad/Meshes/Part_04.asset - Importer: PreviewImporter -> (ImportResultId: '5ec719212980586387246061d6ba0da7') in 0.001926208 seconds
[Worker0] Imported GUID: 694de9d80111c42cba000fcd760aa3fe - Path: Assets/Art/ChubbyAircraft/PorcelainRed_MediumTwin/Materials/Part_08.mat - Importer: PreviewImporter -> (ImportResultId: '0eec6c1b71dcaa99ac497108f91862fa') in 0.00187825 seconds
[Worker0] Imported GUID: 0b04c22e4a21f42748a787bcc130e19c - Path: Assets/Art/ChubbyAircraft/ChubbyAircraft.prefab - Importer: PreviewImporter -> (ImportResultId: 'd27ae4c215e5794d1a235d33b875b5e3') in 0.009524541 seconds
[Worker0] Imported GUID: effb1480b49af42c6a8fd65c10795884 - Path: Assets/Art/ChubbyAircraft/NavyCoral_MediumTwin/NavyCoral_MediumTwin.prefab - Importer: PreviewImporter -> (ImportResultId: '54e00a1b036c50a1cf2c1e5923052dfd') in 0.009835833 seconds
[Worker0] Imported GUID: 1f7deb175b47c4cd9be6cf2258e5c30c - Path: Assets/Art/ChubbyAircraft/BurgundySilver_ShortTwin/Meshes/Part_10.asset - Importer: PreviewImporter -> (ImportResultId: 'fe17c2f5ade9bc915644c1010b0d96df') in 0.001921167 seconds
[Worker0] Imported GUID: b6bbf21c042c74f5bb08c597b3bf3b21 - Path: Assets/Art/ChubbyAircraft/JadeIvory_MediumTwin/Materials/Part_04.mat - Importer: PreviewImporter -> (ImportResultId: 'f8f4a700d81fc2e0f3fcba733751ac51') in 0.001647125 seconds
[Worker0] Imported GUID: 0158dd64e3e574ea9a2e7ea02f38958c - Path: Assets/Art/ChubbyAircraft/BurgundySilver_ShortTwin/Materials/Part_03.mat - Importer: PreviewImporter -> (ImportResultId: '8d716d31138ef0d68cb436db00e85a6b') in 0.001708375 seconds
[Worker0] Imported GUID: 269630d22bafd45b0b7e0221f55e4e19 - Path: Assets/Art/ChubbyAircraft/BurgundySilver_ShortTwin/Meshes/Part_02.asset - Importer: PreviewImporter -> (ImportResultId: '35951cf647c6deec41c49de9820fc8d1') in 0.003717458 seconds
[Worker0] Imported GUID: 1dc5c7b7528054f0f886945c5ec5784c - Path: Assets/Art/ChubbyAircraft/BurgundySilver_ShortTwin/Materials/Part_01.mat - Importer: PreviewImporter -> (ImportResultId: 'ff699610c19b17045c0c2bc752e072e8') in 0.001584458 seconds
[Worker0] Imported GUID: a4affc9a34af94ab0826d4f3bfe67097 - Path: Assets/Art/ChubbyAircraft/JadeIvory_LongQuad/JadeIvory_LongQuad.prefab - Importer: PreviewImporter -> (ImportResultId: 'b546e9aeca82cc599b18cffb734d7f92') in 0.011405375 seconds
[Worker0] Imported GUID: 4a4fcd9e24f854febabe374eca079cc4 - Path: Assets/Art/ChubbyAircraft/JadeIvory_MediumTwin/Meshes/Part_02.asset - Importer: PreviewImporter -> (ImportResultId: '66183ca7c2862948d8295cce6cad5cae') in 0.004543042 seconds
[Worker0] Imported GUID: e8c6d764816e34232bffb90c0fc9fce4 - Path: Assets/Art/ChubbyAircraft/NavyCoral_MediumTwin/Materials/Part_04.mat - Importer: PreviewImporter -> (ImportResultId: '8be6f0b4947287c48f7abeb973bd49d2') in 0.001759625 seconds
[Worker0] Imported GUID: f029f940496574f428ee7f8c3b398e97 - Path: Assets/Art/ChubbyAircraft/PorcelainRed_ShortTwin/Materials/Part_10.mat - Importer: PreviewImporter -> (ImportResultId: '520341b8ffe202e97a81d90b07d485d2') in 0.00167325 seconds
[Worker0] Imported GUID: 4b6b7016183a44bdfa4a093a35d51ccb - Path: Assets/Art/ChubbyAircraft/BurgundySilver_ShortTwin/Meshes/Part_03.asset - Importer: PreviewImporter -> (ImportResultId: '5a7e5d5c35749bfd8fb8758f98dd7ca6') in 0.002432791 seconds
[Worker0] Imported GUID: 9c28979f5740f4347a11e3627d62ec3f - Path: Assets/Art/ChubbyAircraft/JadeIvory_MediumTwin/Materials/Part_09.mat - Importer: PreviewImporter -> (ImportResultId: 'dab90b3afcea9b9bdc40b4d0b3598a6f') in 0.001889542 seconds
[Worker0] Imported GUID: 45fef47c2a8c94a429a75e9554278302 - Path: Assets/Art/ChubbyAircraft/NavyCoral_LongQuad/Materials/Part_09.mat - Importer: PreviewImporter -> (ImportResultId: 'b1e1e9660e8c6ed46673b3cacea44881') in 0.001724208 seconds
[Worker0] Imported GUID: 7877f42e7aa3e433c9fa46fa374291c7 - Path: Assets/Art/ChubbyAircraft/BurgundySilver_LongQuad/Meshes/Part_10.asset - Importer: PreviewImporter -> (ImportResultId: 'dbb25554f73d1d4bb0b8da12a18834bd') in 0.001810834 seconds
[Worker0] Imported GUID: 848dd25d54fde4499b4d8e32bb2811bb - Path: Assets/Art/ChubbyAircraft/JadeIvory_ShortTwin/Materials/Part_08.mat - Importer: PreviewImporter -> (ImportResultId: 'be00f25fcdf80e967be0859d590f9e5b') in 0.001692917 seconds
[Worker0] Imported GUID: 629240cbb7cd645a59c14710668766a4 - Path: Assets/Art/ChubbyAircraft/BurgundySilver_MediumTwin/Meshes/Part_05.asset - Importer: PreviewImporter -> (ImportResultId: 'e24c4ae840f39ee3819011980e12a829') in 0.001506458 seconds
[Worker0] Imported GUID: a33c3e94ddca84a2d87cf16806a3cd69 - Path: Assets/Art/ChubbyAircraft/BurgundySilver_LongQuad/Materials/Part_10.mat - Importer: PreviewImporter -> (ImportResultId: '14fd785d8f0720aca065b2850167b263') in 0.0015735 seconds
[Worker0] Imported GUID: 104baec19f8c143ed9b00d0e5eca0328 - Path: Assets/Art/ChubbyAircraft/PorcelainRed_ShortTwin/Materials/Part_12.mat - Importer: PreviewImporter -> (ImportResultId: '25d6392e900681e71ed18bca47d8d440') in 0.001648791 seconds
[Worker0] Imported GUID: 931274afa215d4d7992cc7a1f51e4bc7 - Path: Assets/Art/ChubbyAircraft/PorcelainRed_MediumTwin/Materials/Part_01.mat - Importer: PreviewImporter -> (ImportResultId: '7a39617a5e9e76470134cece8f9e7203') in 0.0015755 seconds
[Worker0] Imported GUID: eeb5f04013c214bd1bf4af032e2618b9 - Path: Assets/Art/ChubbyAircraft/JadeIvory_LongQuad/Materials/Part_06.mat - Importer: PreviewImporter -> (ImportResultId: 'fba0bbc784f1ab77dc7b400299ea3a81') in 0.001435959 seconds
[Worker0] Imported GUID: d2a2dd7bc72234d089c50a225dbaefd0 - Path: Assets/Art/ChubbyAircraft/BurgundySilver_ShortTwin/Meshes/Part_08.asset - Importer: PreviewImporter -> (ImportResultId: '7ec22d1e9b72b00d466e04b07ae7343a') in 0.001407 seconds
[Worker0] Imported GUID: ebac7dab3ad16419b94526951348863b - Path: Assets/Art/ChubbyAircraft/NavyCoral_MediumTwin/Meshes/Part_06.asset - Importer: PreviewImporter -> (ImportResultId: 'fb5ebdb7c77ec0694f67d4c82f7be814') in 0.001675708 seconds
[Worker0] Imported GUID: 7780343c2c62040048713b55edbb10bc - Path: Assets/Art/ChubbyAircraft/JadeIvory_ShortTwin/Materials/Part_06.mat - Importer: PreviewImporter -> (ImportResultId: '4f72a37784962924628e993b517352b8') in 0.001744209 seconds
Worker ready: AssetImportWorkerHW1 1
[Worker0] Imported GUID: b3592ab727c944f77b5e4cab5e1ef6b2 - Path: Assets/Art/ChubbyAircraft/PorcelainRed_MediumTwin/Meshes/Part_05.asset - Importer: PreviewImporter -> (ImportResultId: '30c2225a14d1d10bd733836b43970bf2') in 0.001890958 seconds
[Worker0] Imported GUID: b0b49bc0c52a645f2ae0ce3a09d68895 - Path: Assets/Art/ChubbyAircraft/BurgundySilver_LongQuad/Meshes/Part_03.asset - Importer: PreviewImporter -> (ImportResultId: '8a616f3333bcacd14afcb07dc19e8f5f') in 0.002920583 seconds
[Worker0] Imported GUID: e2437b46bcfff455da0398c2afd6eec0 - Path: Assets/Art/ChubbyAircraft/JadeIvory_MediumTwin/Materials/Part_05.mat - Importer: PreviewImporter -> (ImportResultId: 'bda564eec10b9d6226244cd8b67454cd') in 0.001840625 seconds
[Worker0] Imported GUID: c182ec2273cac469fa0e04410006c8b8 - Path: Assets/Art/ChubbyAircraft/BurgundySilver_MediumTwin/Materials/Part_04.mat - Importer: PreviewImporter -> (ImportResultId: '6028f11676c3b6b2a39dd7d501b089ee') in 0.002325 seconds
[Worker0] Imported GUID: bafd232f8385046d7a222dab9a465000 - Path: Assets/Art/ChubbyAircraft/PorcelainRed_LongQuad/Meshes/Part_08.asset - Importer: PreviewImporter -> (ImportResultId: 'f705c1e581cea2d61b06f5c785732886') in 0.001550292 seconds
[Worker0] Imported GUID: 625fffa203791439c85c4ae28fe380d2 - Path: Assets/Art/ChubbyAircraft/PorcelainRed_ShortTwin/Meshes/Part_08.asset - Importer: PreviewImporter -> (ImportResultId: 'af0d1e12876d89b05502fc6b69fd6997') in 0.001560125 seconds
[Worker0] Imported GUID: 14ee92cf1694e447893329b91dde022b - Path: Assets/Art/ChubbyAircraft/PorcelainRed_LongQuad/Meshes/Part_03.asset - Importer: PreviewImporter -> (ImportResultId: 'f56252b9fd3507f4c029cb50eeac99e5') in 0.002701042 seconds
[Worker0] Imported GUID: b365f85dcdb6042eaaae1ebbbadaf0a6 - Path: Assets/Art/ChubbyAircraft/JadeIvory_MediumTwin/Materials/Part_07.mat - Importer: PreviewImporter -> (ImportResultId: 'fab491b0fc4a87a3aee2203ca3b8862d') in 0.001638834 seconds
[Worker0] Imported GUID: 04c57cadea2ca40ab80a07a05fb4f2a6 - Path: Assets/Art/ChubbyAircraft/NavyCoral_LongQuad/Materials/Part_04.mat - Importer: PreviewImporter -> (ImportResultId: '0ca57eca294d82f6dc98d65a72504896') in 0.001583166 seconds
[Worker0] Imported GUID: a4566b0c822284944b791ed04be8ffec - Path: Assets/Art/ChubbyAircraft/NavyCoral_LongQuad/Materials/Part_06.mat - Importer: PreviewImporter -> (ImportResultId: '2f4d7bf2cf5afabd599fe09952b3f772') in 0.001569459 seconds
[Worker0] Imported GUID: 6727f3ce82c8c45d18e55f4aff2ed529 - Path: Assets/Art/ChubbyAircraft/JadeIvory_LongQuad/Materials/Part_04.mat - Importer: PreviewImporter -> (ImportResultId: 'ea64e39b47cc86d6f49bacd03d9cc542') in 0.001606333 seconds
[Worker0] Imported GUID: 7f195f9e50d4b467e8dc0a3b2839e652 - Path: Assets/Art/ChubbyAircraft/NavyCoral_ShortTwin/Meshes/Part_05.asset - Importer: PreviewImporter -> (ImportResultId: '8cd1f216c60a2843312b12bf0a71e96e') in 0.001391791 seconds
[Worker0] Imported GUID: ab797c9b716b341cda57b7ebcd941dbc - Path: Assets/Art/ChubbyAircraft/NavyCoral_LongQuad/Meshes/Part_08.asset - Importer: PreviewImporter -> (ImportResultId: '40701c99cf8560fefd0f5e0be71f3a0e') in 0.001451625 seconds
[Worker0] Imported GUID: f299db37b2ee1476ba040ced17928549 - Path: Assets/Art/ChubbyAircraft/BurgundySilver_MediumTwin/Meshes/Part_07.asset - Importer: PreviewImporter -> (ImportResultId: '30c9cc4f7e96073f6e9be7ee10cb50a2') in 0.00131575 seconds
[Worker0] Imported GUID: fb9d101df9c4e48d38a3b7ffbec50ed2 - Path: Assets/Art/ChubbyAircraft/JadeIvory_ShortTwin/Meshes/Part_02.asset - Importer: PreviewImporter -> (ImportResultId: '59ca4ae4f8119c304febb5a33a45b658') in 0.003463708 seconds
[Worker0] Imported GUID: c51be882a616b426b9d5e7457edaa1b6 - Path: Assets/Art/ChubbyAircraft/BurgundySilver_MediumTwin/Materials/Part_06.mat - Importer: PreviewImporter -> (ImportResultId: 'a8ae5b2ee9342b8da3435ea480690b67') in 0.001613291 seconds
[Worker0] Imported GUID: f9bb3369886334959a012f122b27f081 - Path: Assets/Art/ChubbyAircraft/JadeIvory_LongQuad/Materials/Part_12.mat - Importer: PreviewImporter -> (ImportResultId: '85f62b5063743886b35d20408b1eae20') in 0.001680958 seconds
[Worker0] Imported GUID: dc5831070b097474ebfc116f20a4c80d - Path: Assets/Art/ChubbyAircraft/JadeIvory_MediumTwin/Meshes/Part_12.asset - Importer: PreviewImporter -> (ImportResultId: '6b57ccaf91b2dd5993873631ef39805c') in 0.001812125 seconds
[Worker0] Imported GUID: 29429273cfa244659b5d0a5d9e13ade3 - Path: Assets/Art/ChubbyAircraft/BurgundySilver_ShortTwin/Meshes/Part_00.asset - Importer: PreviewImporter -> (ImportResultId: '48f20097c449322797f707b66384f340') in 0.002911833 seconds
[Worker0] Imported GUID: 7c113729229734545a06834c6ce08672 - Path: Assets/Art/ChubbyAircraft/BurgundySilver_ShortTwin/Materials/Part_09.mat - Importer: PreviewImporter -> (ImportResultId: 'dae373fef5e8355c93250dc9c04697c6') in 0.001645166 seconds
[Worker0] Imported GUID: f1ee4d940c748463ba10b19d016f69f9 - Path: Assets/Art/ChubbyAircraft/JadeIvory_ShortTwin/Meshes/Part_03.asset - Importer: PreviewImporter -> (ImportResultId: 'b95a6c53f0229908c9bb9f2528ffd7a7') in 0.002291792 seconds
[Worker0] Imported GUID: 3504184ae77144197bd7fa0444934b8a - Path: Assets/Art/ChubbyAircraft/JadeIvory_LongQuad/Materials/Part_09.mat - Importer: PreviewImporter -> (ImportResultId: '9ca4f17c070274e6dca24234f77fbfb9') in 0.001707833 seconds
[Worker0] Imported GUID: 8e8ff756e9e61460ca59790d5c5de8e7 - Path: Assets/Art/ChubbyAircraft/NavyCoral_LongQuad/Meshes/Part_04.asset - Importer: PreviewImporter -> (ImportResultId: '29c8c1cbf7c9e4fba29453087deebb43') in 0.001875416 seconds
[Worker0] Imported GUID: 8ed5d8efe373a477ba117e61dda5a8c6 - Path: Assets/Art/ChubbyAircraft/JadeIvory_LongQuad/Meshes/Part_12.asset - Importer: PreviewImporter -> (ImportResultId: '5d52c0b799e2a734e97a1b2b0fce2a55') in 0.002274625 seconds
[Worker0] Imported GUID: 6cd78c8a71bfb400cac43092e8b7571e - Path: Assets/Art/ChubbyAircraft/JadeIvory_MediumTwin/Materials/Part_12.mat - Importer: PreviewImporter -> (ImportResultId: '255e1a41af0fbd0c015f1c8e429d2568') in 0.001601042 seconds
[Worker0] Imported GUID: 5ebc5048642e54f61b8424c6c92c945e - Path: Assets/Art/ChubbyAircraft/BurgundySilver_MediumTwin/Meshes/Part_12.asset - Importer: PreviewImporter -> (ImportResultId: '055a4ac04421c4fb1e8d871bdc49df3e') in 0.001965834 seconds
[Worker0] Imported GUID: df50d57984ca84a048990f2fae6b9caa - Path: Assets/Art/ChubbyAircraft/JadeIvory_MediumTwin/Meshes/Part_04.asset - Importer: PreviewImporter -> (ImportResultId: '4dda11dddb4c05866f994daaabdbc25c') in 0.001806208 seconds
[Worker0] Imported GUID: de91e4a5d8a2d4f35acb2247a2af2c2e - Path: Assets/Art/ChubbyAircraft/BurgundySilver_MediumTwin/Meshes/Part_09.asset - Importer: PreviewImporter -> (ImportResultId: '9ca79f05da9ee2f105ed445579c4d386') in 0.00185 seconds
[Worker0] Imported GUID: fcd694cc9e442453da396900b3cd0d5a - Path: Assets/Art/ChubbyAircraft/PorcelainRed_MediumTwin/Meshes/Part_09.asset - Importer: PreviewImporter -> (ImportResultId: '945f48080b2daf894eb443eb829a759e') in 0.001563333 seconds
[Worker0] Imported GUID: 7ce60fbf0bedc40378b6d8de3bf89b03 - Path: Assets/Art/ChubbyAircraft/BurgundySilver_ShortTwin/Materials/Part_11.mat - Importer: PreviewImporter -> (ImportResultId: 'd843ed93494c0aeeefa7e8ab70ec0143') in 0.001613083 seconds
[Worker0] Imported GUID: e6e999b2c48274a5683c40097f235e3e - Path: Assets/Art/ChubbyAircraft/PorcelainRed_MediumTwin/PorcelainRed_MediumTwin.prefab - Importer: PreviewImporter -> (ImportResultId: '2ec0dfc77fc7d77c100f80de0fd0e1bf') in 0.010423666 seconds
[Worker0] Imported GUID: b2d8d42f1e24e4575b0c7a3959ab9d5b - Path: Assets/Art/ChubbyAircraft/BurgundySilver_ShortTwin/Materials/Part_07.mat - Importer: PreviewImporter -> (ImportResultId: 'ef8e6a4fa9c62fddba204f850140b65f') in 0.001613375 seconds
[Worker0] Imported GUID: abbd248d1190e455c97ecfe2da77d9bd - Path: Assets/Art/ChubbyAircraft/PorcelainRed_MediumTwin/Meshes/Part_11.asset - Importer: PreviewImporter -> (ImportResultId: '0c78be77092ecfae14bf22c1fd3a2784') in 0.001594834 seconds
[Worker0] Imported GUID: 88faab557d7c6445481ba8f7f6349fee - Path: Assets/Art/ChubbyAircraft/NavyCoral_ShortTwin/Meshes/Part_01.asset - Importer: PreviewImporter -> (ImportResultId: '9f7df19a0ffa11f9aa8fe53c434b7531') in 0.0027715 seconds
[Worker0] Imported GUID: bba19f22412da4ecdb31235990c3b2bb - Path: Assets/Art/ChubbyAircraft/NavyCoral_LongQuad/NavyCoral_LongQuad.prefab - Importer: PreviewImporter -> (ImportResultId: 'd12ed69535a63ef24691755ae965d199') in 0.010457792 seconds
[Worker0] Imported GUID: c3be1b295c7204d398f212d9a4e72e5f - Path: Assets/Art/ChubbyAircraft/NavyCoral_ShortTwin/Materials/Part_01.mat - Importer: PreviewImporter -> (ImportResultId: '0df1d0fb371e1c9d93903b0b2174af68') in 0.002020417 seconds
[Worker0] Imported GUID: cfe16c8ae3b4e46cab473c40485a84c0 - Path: Assets/Art/ChubbyAircraft/BurgundySilver_ShortTwin/Meshes/Part_06.asset - Importer: PreviewImporter -> (ImportResultId: 'ef939baae0840e890338069dcc77a471') in 0.001815666 seconds
[Worker0] Imported GUID: e606a31cac2a14e6faa91a2a1cc96bcb - Path: Assets/Art/ChubbyAircraft/PorcelainRed_ShortTwin/Meshes/Part_10.asset - Importer: PreviewImporter -> (ImportResultId: 'd74d87b561045388ff2db6704020e170') in 0.001801917 seconds
[Worker0] Imported GUID: 3b756aab6ea0146d994cd4ba582ddf3b - Path: Assets/Art/ChubbyAircraft/PorcelainRed_LongQuad/PorcelainRed_LongQuad.prefab - Importer: PreviewImporter -> (ImportResultId: '69ea6f1319a9d9027b52e1e993bbcae0') in 0.011358542 seconds
[Worker0] Imported GUID: 695e534c867d344b190330ab097d6ded - Path: Assets/Art/ChubbyAircraft/BurgundySilver_MediumTwin/Meshes/Part_01.asset - Importer: PreviewImporter -> (ImportResultId: 'fca27519afe33907b320198541ffb4b8') in 0.003064334 seconds
[Worker0] Imported GUID: 9c2a6e4d042204bc489f2b7487cf6638 - Path: Assets/Art/ChubbyAircraft/JadeIvory_LongQuad/Meshes/Part_01.asset - Importer: PreviewImporter -> (ImportResultId: '4f57188e773ef749a402d70ce9eadf59') in 0.002764042 seconds
[Worker0] Imported GUID: 019a2c08da14b4ecba8457c5450d1775 - Path: Assets/Art/ChubbyAircraft/BurgundySilver_LongQuad/Meshes/Part_01.asset - Importer: PreviewImporter -> (ImportResultId: 'd7b3c336684084e9e1877838e209b6cd') in 0.002502833 seconds
[Worker0] Imported GUID: b369d4421d7a745f49ad4ad7f8c5bfb6 - Path: Assets/Art/ChubbyAircraft/JadeIvory_ShortTwin/Materials/Part_04.mat - Importer: PreviewImporter -> (ImportResultId: '12ff88aa2d56ab96f434077688a14dfe') in 0.001720375 seconds
[Worker0] Imported GUID: 1870659aaeb3f4235972e062ae868f21 - Path: Assets/Art/ChubbyAircraft/BurgundySilver_ShortTwin/Materials/Part_12.mat - Importer: PreviewImporter -> (ImportResultId: '81c7e1dd45fe036214773fafb002e1fc') in 0.001457625 seconds
[Worker0] Imported GUID: 4085f7be2e172428a8c4d230e48f1411 - Path: Assets/Art/ChubbyAircraft/JadeIvory_LongQuad/Meshes/Part_08.asset - Importer: PreviewImporter -> (ImportResultId: 'e333530de801a03dceac4890de196af5') in 0.001428125 seconds
[Worker0] Imported GUID: a7dc93b4734d24c3692178119a3a401d - Path: Assets/Art/ChubbyAircraft/BurgundySilver_MediumTwin/Materials/Part_00.mat - Importer: PreviewImporter -> (ImportResultId: 'dcb6e45ccaa64d938d2908e90e3a4ac6') in 0.001667791 seconds
[Worker0] Imported GUID: 2ebe6a49e41b14a88b2901b9a6cd3522 - Path: Assets/Art/ChubbyAircraft/NavyCoral_ShortTwin/Materials/Part_11.mat - Importer: PreviewImporter -> (ImportResultId: '699f62543dc7cf5a01565025b9f2bbac') in 0.001901041 seconds
[Worker0] Imported GUID: 45f26302ef96e4e27abef2a073628ab5 - Path: Assets/Art/ChubbyAircraft/JadeIvory_ShortTwin/Materials/Part_12.mat - Importer: PreviewImporter -> (ImportResultId: 'b3982762af41f07806d650503ab2ff79') in 0.001558541 seconds
[Worker0] Imported GUID: 1ac92b60ceac54fba8462beb0be3e853 - Path: Assets/Art/ChubbyAircraft/JadeIvory_ShortTwin/Meshes/Part_06.asset - Importer: PreviewImporter -> (ImportResultId: 'cda6661082aae033f56dc16ddf572045') in 0.00147975 seconds
[Worker0] Imported GUID: d24fd7e923a5b4a54b5815b63ec0e90b - Path: Assets/Art/ChubbyAircraft/PorcelainRed_ShortTwin/Meshes/Part_03.asset - Importer: PreviewImporter -> (ImportResultId: 'b3f6a0a47318fc589a6e65a95c3b21bf') in 0.002668208 seconds
[Worker0] Imported GUID: 1c94b3e5bc9f04ca8bce453d85e00d66 - Path: Assets/Art/ChubbyAircraft/PorcelainRed_MediumTwin/Meshes/Part_02.asset - Importer: PreviewImporter -> (ImportResultId: 'afba2f37173a52634682b14bf7df4fe5') in 0.003976209 seconds
[Worker0] Imported GUID: 97170100a531843f88bb2c65e66787c0 - Path: Assets/Art/ChubbyAircraft/PorcelainRed_LongQuad/Materials/Part_04.mat - Importer: PreviewImporter -> (ImportResultId: '9357f57a148c528cc466dbc979cdf9f9') in 0.001666208 seconds
[Worker0] Imported GUID: 382a869d52b9f4e2a9805ff480cf1faa - Path: Assets/Art/ChubbyAircraft/BurgundySilver_MediumTwin/Meshes/Part_11.asset - Importer: PreviewImporter -> (ImportResultId: 'bd5fbb932a1a5e8801f5c0c7a0635d6b') in 0.00144825 seconds
[Worker0] Imported GUID: 61ebaee077fa746b09240dc602ab11ac - Path: Assets/Art/ChubbyAircraft/JadeIvory_ShortTwin/Meshes/Part_07.asset - Importer: PreviewImporter -> (ImportResultId: '5f75dd0d4915a034e4ca7b1c8c8642e8') in 0.001456125 seconds
[Worker0] Imported GUID: e9d03ebf0748446d58ee8bf14331ac3d - Path: Assets/Art/ChubbyAircraft/PorcelainRed_ShortTwin/Materials/Part_06.mat - Importer: PreviewImporter -> (ImportResultId: 'd32690bf2e4efe67d488918c901b76f7') in 0.001676292 seconds
[Worker0] Imported GUID: 666767bb954c04c5eac828fcb794c459 - Path: Assets/Art/ChubbyAircraft/JadeIvory_LongQuad/Materials/Part_00.mat - Importer: PreviewImporter -> (ImportResultId: '4335d26fe4effc6d2df2f0e5957bfa5f') in 0.001533833 seconds
[Worker0] Imported GUID: ad05b2765a4824dcda1ddc34150a4a9b - Path: Assets/Art/ChubbyAircraft/JadeIvory_ShortTwin/Materials/Part_05.mat - Importer: PreviewImporter -> (ImportResultId: '0e67631089a69f2959609ee89ecc3c40') in 0.001567791 seconds
[Worker0] Imported GUID: 666f37184ed634890b3bcf6ab6231212 - Path: Assets/Art/ChubbyAircraft/PorcelainRed_MediumTwin/Meshes/Part_00.asset - Importer: PreviewImporter -> (ImportResultId: 'af850a2d93b308b98a2d082f205c0d74') in 0.002896125 seconds
[Worker0] Imported GUID: 090894dc657304d6d978d267b6225d8e - Path: Assets/Art/ChubbyAircraft/PorcelainRed_LongQuad/Materials/Part_11.mat - Importer: PreviewImporter -> (ImportResultId: '6a1e34ffd35aed35406248888fed5037') in 0.001589875 seconds
[Worker0] Imported GUID: 8354d4f56f93242f288e414a335483a6 - Path: Assets/Art/ChubbyAircraft/NavyCoral_ShortTwin/Materials/Part_02.mat - Importer: PreviewImporter -> (ImportResultId: 'e0e5c88ab6adf04e1c573874290e913d') in 0.00164925 seconds
[Worker0] Imported GUID: 0c779fda09cf64b919deb792a7dff312 - Path: Assets/Art/ChubbyAircraft/PorcelainRed_MediumTwin/Materials/Part_02.mat - Importer: PreviewImporter -> (ImportResultId: '06e7310d606bfe5f34f1b861f8bb3406') in 0.001466167 seconds
[Worker0] Imported GUID: b409eafc83b46490fbf4c7f822d6ddde - Path: Assets/Art/ChubbyAircraft/PorcelainRed_ShortTwin/Materials/Part_08.mat - Importer: PreviewImporter -> (ImportResultId: '574d626f4c388ed6455886a2b5f564cb') in 0.001671791 seconds
[Worker0] Imported GUID: 2ca4ee6f693484bf0aecdc199b391d32 - Path: Assets/Art/ChubbyAircraft/PorcelainRed_LongQuad/Materials/Part_09.mat - Importer: PreviewImporter -> (ImportResultId: 'b94d0199eccf3b23f82f966cf269c897') in 0.001734375 seconds
[Worker0] Imported GUID: 813a8e89f2af54d709c07e6f9f868387 - Path: Assets/Art/ChubbyAircraft/PorcelainRed_ShortTwin/Materials/Part_09.mat - Importer: PreviewImporter -> (ImportResultId: '81335b4e3918c03c76702cf2a4966cba') in 0.001461833 seconds
[Worker0] Imported GUID: 9284a4b91dece4ff1915259e4dfa4418 - Path: Assets/Art/ChubbyAircraft/NavyCoral_ShortTwin/Meshes/Part_06.asset - Importer: PreviewImporter -> (ImportResultId: '5b5123e279a9c455bc3bb9096bcaef99') in 0.00152425 seconds
[Worker0] Imported GUID: e5d9b0a1919d3432d8784933f0d9398f - Path: Assets/Art/ChubbyAircraft/NavyCoral_LongQuad/Meshes/Part_07.asset - Importer: PreviewImporter -> (ImportResultId: 'f4f18789a644908e25e63b02db010d25') in 0.001425083 seconds
[Worker0] Imported GUID: abe28313cbc964fdeb4b30144304046a - Path: Assets/Art/ChubbyAircraft/BurgundySilver_LongQuad/Materials/Part_05.mat - Importer: PreviewImporter -> (ImportResultId: 'df66f7f506dfba80d3a101874eec4cd1') in 0.001691542 seconds
[Worker0] Imported GUID: 4c19a328bac4d4b08b223d6a2c01e2db - Path: Assets/Art/ChubbyAircraft/JadeIvory_MediumTwin/Meshes/Part_00.asset - Importer: PreviewImporter -> (ImportResultId: 'a0d7eb6ee3b1d5daf61e3ce7630ea3d4') in 0.0029925 seconds
[Worker0] Imported GUID: f43d15bfada834a5181e68563d4b5f99 - Path: Assets/Art/ChubbyAircraft/NavyCoral_LongQuad/Materials/Part_10.mat - Importer: PreviewImporter -> (ImportResultId: '26d5b337a3b64e3a78ebe3b48c7472b6') in 0.001596334 seconds
[Worker0] Imported GUID: da5e61c21d4da4c97accf009c459a90a - Path: Assets/Art/ChubbyAircraft/JadeIvory_ShortTwin/Meshes/Part_08.asset - Importer: PreviewImporter -> (ImportResultId: '06b64bfe3b2d3c3b2061e61ca5fc92f5') in 0.001318583 seconds
[Worker0] Imported GUID: ee0aa3782b3d84dff9dcdd7842bd5ffc - Path: Assets/Art/ChubbyAircraft/JadeIvory_MediumTwin/Meshes/Part_03.asset - Importer: PreviewImporter -> (ImportResultId: '70656f3182fb4a041e34145cdb11a60f') in 0.0021765 seconds
[Worker0] Imported GUID: 96141196bd2c045ef9884e374f475ef4 - Path: Assets/Art/ChubbyAircraft/JadeIvory_ShortTwin/Materials/Part_10.mat - Importer: PreviewImporter -> (ImportResultId: '7a0e89228ff5838522678766682a58f0') in 0.0015795 seconds
[Worker0] Imported GUID: 75db94632ee4744da8b6ed42e1c4d611 - Path: Assets/Art/ChubbyAircraft/PorcelainRed_LongQuad/Materials/Part_06.mat - Importer: PreviewImporter -> (ImportResultId: '1f2b3cdf48950080d01a746923e5bbe9') in 0.001821042 seconds
[Worker0] Imported GUID: 35be2c3c2b6fd4b44b6bb61f50a37845 - Path: Assets/Art/ChubbyAircraft/PorcelainRed_LongQuad/Materials/Part_07.mat - Importer: PreviewImporter -> (ImportResultId: '9d6bedbf1d9a65e7acb61e5f2c1d5a81') in 0.001501542 seconds
[Worker0] Imported GUID: 25211cef781694c4aae804344ffabcf9 - Path: Assets/Art/ChubbyAircraft/PorcelainRed_ShortTwin/Meshes/Part_01.asset - Importer: PreviewImporter -> (ImportResultId: 'dc67c525aefa73974148bd69d9cae0b3') in 0.002545167 seconds
[Worker0] Imported GUID: d55adb759a1fc46879800ca050d3b1a4 - Path: Assets/Art/ChubbyAircraft/BurgundySilver_MediumTwin/Meshes/Part_08.asset - Importer: PreviewImporter -> (ImportResultId: 'b8c9f5e76ae8a4be9618db599d37e56c') in 0.001269209 seconds
[Worker0] Imported GUID: 279203bc83f264b4080d19b8e3c224c0 - Path: Assets/Art/ChubbyAircraft/PorcelainRed_LongQuad/Meshes/Part_07.asset - Importer: PreviewImporter -> (ImportResultId: '55913f346722307aff6123aabef38ff8') in 0.001347542 seconds
[Worker0] Imported GUID: 23cd5a50ca63f41c9b2f0dc60e5da546 - Path: Assets/Art/ChubbyAircraft/JadeIvory_LongQuad/Materials/Part_11.mat - Importer: PreviewImporter -> (ImportResultId: '0631ca60f47486d62f56bc4eea1f55f4') in 0.001737291 seconds
[Worker0] Imported GUID: fab2ba14df2e4428e8134f7cfe2958a5 - Path: Assets/Art/ChubbyAircraft/BurgundySilver_MediumTwin/Materials/Part_10.mat - Importer: PreviewImporter -> (ImportResultId: 'e91709d4ecb8391abe356b38c4367e9b') in 0.001516417 seconds
[Worker0] Imported GUID: a21f212b5631a4d26b01b2528c55a20e - Path: Assets/Art/ChubbyAircraft/README.md - Importer: PreviewImporter -> (ImportResultId: '675e956045c7a5b80ab0902a5a7ba2f0') in 0.000110834 seconds
[Worker0] Imported GUID: db9931f3900cb4581a66fab79a83cac6 - Path: Assets/Art/ChubbyAircraft/JadeIvory_LongQuad/Meshes/Part_05.asset - Importer: PreviewImporter -> (ImportResultId: 'cee9c862eb245779c3c77d40f909112f') in 0.001651666 seconds
[Worker0] Imported GUID: e73719e7916934ad7ab7bcf59d556138 - Path: Assets/Art/ChubbyAircraft/BurgundySilver_LongQuad/Meshes/Part_00.asset - Importer: PreviewImporter -> (ImportResultId: '06117ea56f077a971f66b842e0dff440') in 0.003185791 seconds
[Worker0] Imported GUID: ea289c22f9d2a4a25a9f9d8628eea4e9 - Path: Assets/Art/ChubbyAircraft/JadeIvory_ShortTwin/Meshes/Part_09.asset - Importer: PreviewImporter -> (ImportResultId: '63358938b17f88963564e9237dc3071d') in 0.001335292 seconds
[Worker0] Imported GUID: 87e339a1e2e8b43409f75fb4ee583cad - Path: Assets/Art/ChubbyAircraft/NavyCoral_MediumTwin/Meshes/Part_05.asset - Importer: PreviewImporter -> (ImportResultId: 'de5cd80101fff16569dbc0365a30e408') in 0.001389167 seconds
[Worker0] Imported GUID: 21ce29bef1a9444cc972fdafbd71aca2 - Path: Assets/Art/ChubbyAircraft/NavyCoral_MediumTwin/Materials/Part_07.mat - Importer: PreviewImporter -> (ImportResultId: 'dce40c69b93678020bab730aedf41d1a') in 0.001670583 seconds
[Worker0] Imported GUID: bac47c6730c28443ca5951772f457e3b - Path: Assets/Art/ChubbyAircraft/NavyCoral_MediumTwin/Materials/Part_05.mat - Importer: PreviewImporter -> (ImportResultId: 'a195a52483284497f29fa6df6d659b4e') in 0.001488959 seconds
[Worker0] Imported GUID: d9efe736da50c4528bb974b9da2879f2 - Path: Assets/Art/ChubbyAircraft/BurgundySilver_ShortTwin/Meshes/Part_04.asset - Importer: PreviewImporter -> (ImportResultId: 'b4ef4abe695290496d257d6b8bdc7618') in 0.00193325 seconds
[Worker0] Imported GUID: 5f5a2fcdf2a4146beb222208df515097 - Path: Assets/Art/ChubbyAircraft/PorcelainRed_MediumTwin/Meshes/Part_04.asset - Importer: PreviewImporter -> (ImportResultId: '249e31602b50fd0935ffb2698a309f6b') in 0.001676291 seconds
[Worker0] Imported GUID: 3a5b752436fef487197ab9dc7defb2c3 - Path: Assets/Art/ChubbyAircraft/NavyCoral_MediumTwin/Meshes/Part_08.asset - Importer: PreviewImporter -> (ImportResultId: '65fc0df802295331f3651e566aaf080d') in 0.001471084 seconds
[Worker0] Imported GUID: cba8381a7d7244f8697c458d7e8a337b - Path: Assets/Art/ChubbyAircraft/PorcelainRed_LongQuad/Materials/Part_02.mat - Importer: PreviewImporter -> (ImportResultId: '3646a91eb86bd38a7f621ff7f96230e6') in 0.001541375 seconds
[Worker0] Imported GUID: 4d22e031ad4fd4680b70ba7e135390a3 - Path: Assets/Art/ChubbyAircraft/PorcelainRed_LongQuad/Meshes/Part_00.asset - Importer: PreviewImporter -> (ImportResultId: 'b86775a8950f61e57fa5787e9b8bb59b') in 0.003256791 seconds
[Worker0] Imported GUID: 91b65d7f2848641cb9e6b56b54afe1d3 - Path: Assets/Art/ChubbyAircraft/JadeIvory_LongQuad/Materials/Part_01.mat - Importer: PreviewImporter -> (ImportResultId: '171ec0934559c63fe93b2cbd02dfb8c4') in 0.001579667 seconds
[Worker0] Imported GUID: d060922b87b444a2db67cb4d99ef59c4 - Path: Assets/Art/ChubbyAircraft/BurgundySilver_ShortTwin/Meshes/Part_11.asset - Importer: PreviewImporter -> (ImportResultId: 'fac21154d150ec6a01d30cc48738e333') in 0.001518334 seconds
[Worker0] Imported GUID: 67e5c178ff6354742b90403411d59649 - Path: Assets/Art/ChubbyAircraft/NavyCoral_LongQuad/Materials/Part_07.mat - Importer: PreviewImporter -> (ImportResultId: 'a738be059e1c77efc7d8400f729ac17e') in 0.001758417 seconds
[Worker0] Imported GUID: 585141c3ff32b4f8ba67fc29079c1c59 - Path: Assets/Art/ChubbyAircraft/NavyCoral_MediumTwin/Materials/Part_03.mat - Importer: PreviewImporter -> (ImportResultId: '07d203fab8ef652259e7d18d27f198e1') in 0.001525833 seconds
[Worker0] Imported GUID: 442aff20731c040528e69d5e86cb1919 - Path: Assets/Art/ChubbyAircraft/NavyCoral_MediumTwin/Meshes/Part_10.asset - Importer: PreviewImporter -> (ImportResultId: '9818905777490dcb2ecee97ced97b125') in 0.001625041 seconds
[Worker0] Imported GUID: ede2503f1750a4ee892e367cf7a23c3a - Path: Assets/Art/ChubbyAircraft/PorcelainRed_MediumTwin/Materials/Part_12.mat - Importer: PreviewImporter -> (ImportResultId: 'd04c11c27217f0f07f0c609f17be558a') in 0.001896583 seconds
[Worker0] Imported GUID: 6cc317e4fc80942369f6fa113f06ba2c - Path: Assets/Art/ChubbyAircraft/BurgundySilver_MediumTwin/Materials/Part_07.mat - Importer: PreviewImporter -> (ImportResultId: 'e271ad909440a73d4795d435f598deed') in 0.001485083 seconds
[Worker0] Imported GUID: acf8647bc781f47f0a55f8fac2abf7bc - Path: Assets/Art/ChubbyAircraft/NavyCoral_MediumTwin/Materials/Part_02.mat - Importer: PreviewImporter -> (ImportResultId: 'c1a97bd45a926eea3af990cc3500ed1c') in 0.001433542 seconds
[Worker0] Imported GUID: bfb971a2d49dd4ccdbb7256ae07a9d52 - Path: Assets/Art/ChubbyAircraft/BurgundySilver_LongQuad/Meshes/Part_02.asset - Importer: PreviewImporter -> (ImportResultId: '0711a4669ed86767b94486962ea451a2') in 0.004066833 seconds
[Worker0] Imported GUID: c16f04baba2f04683a68c8b9226b184a - Path: Assets/Art/ChubbyAircraft/PorcelainRed_ShortTwin/Materials/Part_00.mat - Importer: PreviewImporter -> (ImportResultId: '7caf75a7507e50d1273fff952fabff64') in 0.001598291 seconds
[Worker0] Imported GUID: c351da83299e14af7a8096d8fb6394f6 - Path: Assets/Art/ChubbyAircraft/BurgundySilver_ShortTwin/Materials/Part_08.mat - Importer: PreviewImporter -> (ImportResultId: '533c0a72133942b43f7f52e75c0dc06c') in 0.001598 seconds
[Worker0] Imported GUID: 53e364cad36f94d7e932b5b4aa991700 - Path: Assets/Art/ChubbyAircraft/PorcelainRed_LongQuad/Meshes/Part_11.asset - Importer: PreviewImporter -> (ImportResultId: 'a0ecc3f6368a3dfac083cd08241f637d') in 0.001492667 seconds
[Worker0] Imported GUID: 906153e43120d4658be834e9bc4e4a22 - Path: Assets/Art/ChubbyAircraft/JadeIvory_MediumTwin/Materials/Part_06.mat - Importer: PreviewImporter -> (ImportResultId: 'db30d99b652cbe4ddb60eba8de23d067') in 0.001481208 seconds
[Worker0] Imported GUID: 000049759e0aa442a97ab063dfa2e2e9 - Path: Assets/Art/ChubbyAircraft/NavyCoral_LongQuad/Meshes/Part_01.asset - Importer: PreviewImporter -> (ImportResultId: 'ff6a585215e7a1c8d044b41a938a78e8') in 0.002876542 seconds
[Worker0] Imported GUID: e7d6577aef16f42b4b16bf25b372652d - Path: Assets/Art/ChubbyAircraft/NavyCoral_LongQuad/Materials/Part_05.mat - Importer: PreviewImporter -> (ImportResultId: '244b77d62c24e4c080982e7a03432258') in 0.001409958 seconds
[Worker0] Imported GUID: bcec47cd3c6c94dce9529b0b4fb23eff - Path: Assets/Art/ChubbyAircraft/BurgundySilver_LongQuad/Meshes/Part_04.asset - Importer: PreviewImporter -> (ImportResultId: 'c67e303a6523a2ffee9b7ce53f1c8610') in 0.001798708 seconds
[Worker0] Imported GUID: fca2bb87839ed4bb1b5bf3885261274a - Path: Assets/Art/ChubbyAircraft/PorcelainRed_ShortTwin/Materials/Part_05.mat - Importer: PreviewImporter -> (ImportResultId: 'fac9ffbb5655acff9df389975435d1cc') in 0.001503417 seconds
CHUBBY_AIRCRAFT_DELIVERY_PASSED
Chubby aircraft fleet delivery: 4 palettes x 3 configurations = 12 curated variants
Variant selection PASS: stable, in [0,11], TEST0..TEST127 cover all 12.

NavyCoral_ShortTwin (palette=0, configuration=0, engines=2)
Source configuration PASS: 2 engine assemblies; no Logo/Badge objects or TextMesh labels.
Factory: renderers=60, vertices=23663, triangles=37640, bounds=(4.900, 2.560, 4.267), minimum Y=0.0000
Material batching: 60 source mesh objects -> 12 renderers/materials.
Combined: renderers=12, vertices=23639, triangles=37640, bounds=(4.900, 2.560, 4.267), minimum Y=0.0000
Reloaded NavyCoral_ShortTwin.prefab: renderers=12, vertices=23639, triangles=37640, bounds=(4.900, 2.560, 4.267), minimum Y=0.0000
Reloaded ChubbyAircraft.prefab: renderers=12, vertices=23639, triangles=37640, bounds=(4.900, 2.560, 4.267), minimum Y=0.0000

NavyCoral_MediumTwin (palette=0, configuration=1, engines=2)
Source configuration PASS: 2 engine assemblies; no Logo/Badge objects or TextMesh labels.
Factory: renderers=60, vertices=24863, triangles=39368, bounds=(5.520, 2.560, 4.267), minimum Y=0.0000
Material batching: 60 source mesh objects -> 12 renderers/materials.
Combined: renderers=12, vertices=24839, triangles=39368, bounds=(5.520, 2.560, 4.267), minimum Y=0.0000
Reloaded NavyCoral_MediumTwin.prefab: renderers=12, vertices=24839, triangles=39368, bounds=(5.520, 2.560, 4.267), minimum Y=0.0000

NavyCoral_LongQuad (palette=0, configuration=2, engines=4)
Source configuration PASS: 4 engine assemblies; no Logo/Badge objects or TextMesh labels.
Factory: renderers=74, vertices=28785, triangles=44776, bounds=(6.080, 2.560, 4.267), minimum Y=0.0000
Material batching: 74 source mesh objects -> 12 renderers/materials.
Combined: renderers=12, vertices=28755, triangles=44776, bounds=(6.080, 2.560, 4.267), minimum Y=0.0000
Reloaded NavyCoral_LongQuad.prefab: renderers=12, vertices=28755, triangles=44776, bounds=(6.080, 2.560, 4.267), minimum Y=0.0000

PorcelainRed_ShortTwin (palette=1, configuration=0, engines=2)
Source configuration PASS: 2 engine assemblies; no Logo/Badge objects or TextMesh labels.
Factory: renderers=60, vertices=23663, triangles=37640, bounds=(4.900, 2.560, 4.267), minimum Y=0.0000
Material batching: 60 source mesh objects -> 13 renderers/materials.
Combined: renderers=13, vertices=23639, triangles=37640, bounds=(4.900, 2.560, 4.267), minimum Y=0.0000
Reloaded PorcelainRed_ShortTwin.prefab: renderers=13, vertices=23639, triangles=37640, bounds=(4.900, 2.560, 4.267), minimum Y=0.0000

PorcelainRed_MediumTwin (palette=1, configuration=1, engines=2)
Source configuration PASS: 2 engine assemblies; no Logo/Badge objects or TextMesh labels.
Factory: renderers=60, vertices=24863, triangles=39368, bounds=(5.520, 2.560, 4.267), minimum Y=0.0000
Material batching: 60 source mesh objects -> 13 renderers/materials.
Combined: renderers=13, vertices=24839, triangles=39368, bounds=(5.520, 2.560, 4.267), minimum Y=0.0000
Reloaded PorcelainRed_MediumTwin.prefab: renderers=13, vertices=24839, triangles=39368, bounds=(5.520, 2.560, 4.267), minimum Y=0.0000

PorcelainRed_LongQuad (palette=1, configuration=2, engines=4)
Source configuration PASS: 4 engine assemblies; no Logo/Badge objects or TextMesh labels.
Factory: renderers=74, vertices=28785, triangles=44776, bounds=(6.080, 2.560, 4.267), minimum Y=0.0000
Material batching: 74 source mesh objects -> 13 renderers/materials.
Combined: renderers=13, vertices=28755, triangles=44776, bounds=(6.080, 2.560, 4.267), minimum Y=0.0000
Reloaded PorcelainRed_LongQuad.prefab: renderers=13, vertices=28755, triangles=44776, bounds=(6.080, 2.560, 4.267), minimum Y=0.0000

JadeIvory_ShortTwin (palette=2, configuration=0, engines=2)
Source configuration PASS: 2 engine assemblies; no Logo/Badge objects or TextMesh labels.
Factory: renderers=60, vertices=23663, triangles=37640, bounds=(4.900, 2.560, 4.267), minimum Y=0.0000
Material batching: 60 source mesh objects -> 13 renderers/materials.
Combined: renderers=13, vertices=23639, triangles=37640, bounds=(4.900, 2.560, 4.267), minimum Y=0.0000
Reloaded JadeIvory_ShortTwin.prefab: renderers=13, vertices=23639, triangles=37640, bounds=(4.900, 2.560, 4.267), minimum Y=0.0000

JadeIvory_MediumTwin (palette=2, configuration=1, engines=2)
Source configuration PASS: 2 engine assemblies; no Logo/Badge objects or TextMesh labels.
Factory: renderers=60, vertices=24863, triangles=39368, bounds=(5.520, 2.560, 4.267), minimum Y=0.0000
Material batching: 60 source mesh objects -> 13 renderers/materials.
Combined: renderers=13, vertices=24839, triangles=39368, bounds=(5.520, 2.560, 4.267), minimum Y=0.0000
Reloaded JadeIvory_MediumTwin.prefab: renderers=13, vertices=24839, triangles=39368, bounds=(5.520, 2.560, 4.267), minimum Y=0.0000

JadeIvory_LongQuad (palette=2, configuration=2, engines=4)
Source configuration PASS: 4 engine assemblies; no Logo/Badge objects or TextMesh labels.
Factory: renderers=74, vertices=28785, triangles=44776, bounds=(6.080, 2.560, 4.267), minimum Y=0.0000
Material batching: 74 source mesh objects -> 13 renderers/materials.
Combined: renderers=13, vertices=28755, triangles=44776, bounds=(6.080, 2.560, 4.267), minimum Y=0.0000
Reloaded JadeIvory_LongQuad.prefab: renderers=13, vertices=28755, triangles=44776, bounds=(6.080, 2.560, 4.267), minimum Y=0.0000

BurgundySilver_ShortTwin (palette=3, configuration=0, engines=2)
Source configuration PASS: 2 engine assemblies; no Logo/Badge objects or TextMesh labels.
Factory: renderers=60, vertices=23663, triangles=37640, bounds=(4.900, 2.560, 4.267), minimum Y=0.0000
Material batching: 60 source mesh objects -> 13 renderers/materials.
Combined: renderers=13, vertices=23639, triangles=37640, bounds=(4.900, 2.560, 4.267), minimum Y=0.0000
Reloaded BurgundySilver_ShortTwin.prefab: renderers=13, vertices=23639, triangles=37640, bounds=(4.900, 2.560, 4.267), minimum Y=0.0000

BurgundySilver_MediumTwin (palette=3, configuration=1, engines=2)
Source configuration PASS: 2 engine assemblies; no Logo/Badge objects or TextMesh labels.
Factory: renderers=60, vertices=24863, triangles=39368, bounds=(5.520, 2.560, 4.267), minimum Y=0.0000
Material batching: 60 source mesh objects -> 13 renderers/materials.
Combined: renderers=13, vertices=24839, triangles=39368, bounds=(5.520, 2.560, 4.267), minimum Y=0.0000
Reloaded BurgundySilver_MediumTwin.prefab: renderers=13, vertices=24839, triangles=39368, bounds=(5.520, 2.560, 4.267), minimum Y=0.0000

BurgundySilver_LongQuad (palette=3, configuration=2, engines=4)
Source configuration PASS: 4 engine assemblies; no Logo/Badge objects or TextMesh labels.
Factory: renderers=74, vertices=28785, triangles=44776, bounds=(6.080, 2.560, 4.267), minimum Y=0.0000
Material batching: 74 source mesh objects -> 13 renderers/materials.
Combined: renderers=13, vertices=28755, triangles=44776, bounds=(6.080, 2.560, 4.267), minimum Y=0.0000
Reloaded BurgundySilver_LongQuad.prefab: renderers=13, vertices=28755, triangles=44776, bounds=(6.080, 2.560, 4.267), minimum Y=0.0000
PASS: finite meshes, nonempty triangles, no colliders/scripts, grounded bounds, persistent assets, prefab reload, isolated dependencies.
Unity: 6000.6.4f1
Prefabs: 12 palette/configuration subdirectories; default alias: Assets/Art/ChubbyAircraft/ChubbyAircraft.prefab
Package: Builds/ChubbyAircraft.unitypackage (only Assets/Art/ChubbyAircraft)
OBJ: Builds/ChubbyAircraft/<variant>.obj + .mtl; meters, +X nose, +Y up, mirrored Z for right-handed OBJ.
Preview: actual Camera.Render at 1600x1100, 12 variant views, 4 default views and a 3-column/4-row fleet overview.
No text labels, airline names, logos or script dependencies are included on the models.
Material: Built-in Standard; URP/HDRP projects must convert materials after import.
Bounds validation is geometric; this is not a device performance test.
UnityEngine.Debug:ExtractStackTraceNoAlloc (byte*,int,string)
UnityEngine.StackTraceUtility:ExtractStackTrace () (at /Users/bokken/build/output/unity/unity/Runtime/Export/Scripting/StackTrace.cs:23)
UnityEngine.DebugLogHandler:Internal_Log (UnityEngine.LogType,UnityEngine.LogOption,string,UnityEngine.Object)
UnityEngine.DebugLogHandler:LogFormat (UnityEngine.LogType,UnityEngine.Object,string,object[])
UnityEngine.Logger:Log (UnityEngine.LogType,object)
UnityEngine.Debug:Log (object)
ChubbyAircraftDelivery:Run () (at Assets/Editor/ChubbyAircraftDelivery.cs:153)

(Filename: Assets/Editor/ChubbyAircraftDelivery.cs Line: 153)

Thread 0x7501feb000 may have been prematurely finalized
Thread 0x7502103000 may have been prematurely finalized
Batchmode quit successfully invoked - shutting down!
Input System module state changed to: ShutdownInProgress.
Input Polling Thread exited.
Input System module state changed to: Shutdown.
Thread 0x17eddf000 may have been prematurely finalized
Thread 0x17ed53000 may have been prematurely finalized
[Physics::Module] Cleanup current backend.
[Physics::Module] Id: 0xf2b8ea05
[Licensing::IpcConnector] LicenseClient-qinziqian-notifications channel disconnected successfully.
[Licensing::IpcConnector] LicenseClient-qinziqian channel disconnected successfully.
Shut down UDS service system complete
Thread 0x75006cf000 may have been prematurely finalized
debugger-agent: Unable to listen on 52
Lingering sessions upon destruction of worker manager
Unity Data Store service was successfully shut down
UDS shutting down local client system
AcceleratorClientConnectionCallback - disconnected - :0
Exiting batchmode successfully now!
[ExitDontLaunchBugReporter] Exiting without the bug reporter. Application will exit with return code 0
[Package Manager] Server process was shutdown
