Unity Editor version:    6000.6.4f1 (12bfff696524)
Branch:                  6000.6/staging
Build type:              Release
Batch mode:              YES
macOS version:           Version 27.2 (Build 26B5091g)
Darwin version:          27.2.0
Architecture:            arm64
Running under Rosetta:   NO
Available memory:        16384 MB
Date:                    2026-10-07T14:52:39Z
VBCSCompilerPreWarmer: watching VBCSCompiler (PID 89096)
VBCSCompilerPreWarmer: pre-warm launched (dotnet PID 89098)
VBCSCompiler prewarm took 3.40 ms
[Licensing::Module] Trying to connect to existing licensing client channel...
[Licensing::IpcConnector] Successfully connected to: "LicenseClient-qinziqian" at "2026-10-07T14:52:39.944927Z"
Launching external process: /Applications/Unity/Hub/Editor/6000.6.4f1/Unity.app/Contents/Helpers/PackageManager/Server/UnityPackageManager

COMMAND LINE ARGUMENTS:
/Applications/Unity/Hub/Editor/6000.6.4f1/Unity.app/Contents/MacOS/Unity
-batchmode
-projectPath
/tmp/palmbay-aircraft-unity6
-executeMethod
ChubbyAircraftFinalCheck.Run
-logFile
/tmp/palmbay-aircraft-v2-final.log
Successfully changed project path to: /tmp/palmbay-aircraft-unity6
/private/tmp/palmbay-aircraft-unity6
[UnityMemory] Configuration Parameters - Can be set up in boot.config
    "memorysetup-temp-allocator-size-gi-baking-worker=262144"
    "memorysetup-temp-allocator-size-gi-baking-worker=262144"
    "memorysetup-temp-allocator-size-gi-baking-worker=262144"
    "memorysetup-temp-allocator-size-gi-baking-worker=262144"
    "memorysetup-temp-allocator-size-gi-baking-worker=262144"
    "memorysetup-temp-allocator-size-nav-mesh-worker=65536"
    "memorysetup-temp-allocator-size-audio-worker=65536"
    "memorysetup-temp-allocator-size-cloud-worker=32768"
    "memorysetup-temp-allocator-size-preload-manager=33554432"
    "memorysetup-remapper-allocator-initial-capacity=32768"
    "memorysetup-temp-allocator-size-gfx=262144"
    "memorysetup-allocator-temp-initial-block-size-main=262144"
    "memorysetup-allocator-temp-initial-block-size-worker=262144"
    "memorysetup-temp-allocator-size-background-worker=32768"
    "memorysetup-temp-allocator-size-job-worker=262144"
    "memorysetup-bucket-allocator-granularity=16"
    "memorysetup-bucket-allocator-bucket-count=8"
    "memorysetup-bucket-allocator-block-size=33554432"
    "memorysetup-bucket-allocator-block-count=8"
    "memorysetup-main-allocator-block-size=16777216"
    "memorysetup-thread-allocator-block-size=16777216"
    "memorysetup-main-allocator-mimalloc-enabled=1"
    "memorysetup-gfx-main-allocator-block-size=16777216"
    "memorysetup-gfx-thread-allocator-block-size=16777216"
    "memorysetup-cache-allocator-block-size=4194304"
    "memorysetup-typetree-allocator-block-size=2097152"
    "memorysetup-profiler-bucket-allocator-granularity=16"
    "memorysetup-profiler-bucket-allocator-bucket-count=8"
    "memorysetup-profiler-bucket-allocator-block-size=33554432"
    "memorysetup-profiler-bucket-allocator-block-count=8"
    "memorysetup-profiler-allocator-block-size=16777216"
    "memorysetup-profiler-editor-allocator-block-size=1048576"
    "memorysetup-temp-allocator-size-main=16777216"
    "memorysetup-job-temp-allocator-block-size=2097152"
    "memorysetup-job-temp-allocator-block-size-background=1048576"
    "memorysetup-job-temp-allocator-reduction-small-platforms=262144"
Logging is directed to a specific file, skipping project log.
Player connection [8496890624]  Target information:

Player connection [8496890624]  * "[IP] 192.168.1.4 [Port] 55504 [Flags] 2 [Guid] 1883017986 [EditorId] 1883017986 [Version] 1048832 [Id] OSXEditor(0,anonymous) [Debug] 1 [PackageName] OSXEditor [ProjectName] Editor" 

Player connection [8496890624] Host joined multi-casting on [225.0.0.222:54997]...
Player connection [8496890624] Host joined alternative multi-casting on [225.0.0.222:34997]...
Input System module state changed to: Initialized.
[Physics::Module] Initialized fallback backend.
[Physics::Module] Id: 0xdecafbad
Initialising UDS system complete:
  - System type: Client
  - Resource namespace: 99fd7164dcd897bf0c2cc5db7507556b
  - Shared memory size: 1073741824
  - Command buffer id: 1052672
  - Command buffer size: 8192
  - Hashmap size: 4194304
  - Service connected: false
[Licensing::Client] Handshaking with LicensingClient:
  Version:                 1.18.3+d7ffd15
  Session Id:              8e01357d1d4848db964408c0a207fd46
  Correlation Id:          7e7e76107429ad1914b2214a7752b6fe
  External correlation Id: 9098621288870704962
  Machine Id:              2qJXSmjy+8qC9zvVypdceXsI7UU=
[Licensing::Module] Successfully connected to LicensingClient on channel: "LicenseClient-qinziqian" (connect: 0.00s, validation: 0.00s, handshake: 0.25s)
[Licensing::IpcConnector] Successfully connected to: "LicenseClient-qinziqian-notifications" at "2026-10-07T14:52:40.200304Z"
[Licensing::Module] Error: Access token is unavailable; failed to update
[Licensing::Client] Successfully resolved entitlement details
[Licensing::Module] License group:
  Id: 15669776586674-UnityPersXXXX
  Product: Unity Personal
  Type: Assigned
  Expiration: Unlimited
[Licensing::Client] Successfully updated license, isAsync: True, time: 0.00
[Licensing::Client] Successfully resolved entitlement details
[Licensing::Module] Licensing Background thread has ended after 0.26s
[Package Manager] Connected to IPC stream "Upm-89091" after 0.2 seconds.
[Licensing::Client] Successfully resolved entitlement details
Library Redirect Path: Library/
Launching Unity Data Store - /Applications/Unity/Hub/Editor/6000.6.4f1/Unity.app/Contents/Helpers/Unity.DataStore 
Unity Data Store artifact dir = Library/DataStore, working dir = /private/tmp/palmbay-aircraft-unity6Setting multithreaded rendering option only supported for iOS, tvOS and Android platforms, HMIAndroid provided
Multithreaded rendering setting removed for platform HMIAndroid
Unity Data Store running and initialised
[Physics::Module] Selected backend (deferred post-plugins).
[Physics::Module] Name: PhysX
[Physics::Module] Id: 0xf2b8ea05
[Physics::Module] SDK Version: 4.1.2
[Physics::Module] Integration Version: 1.0.0
[Physics::Module] Threading Mode: Multi-Threaded
Initialize engine version: 6000.6.4f1 (12bfff696524)
[EntityIdStore] init: VM path (explicit commit), pageSize=16384, blockCount=262144, entitiesPerBlock=1024, slots reserved=4294967296 bytes
[Subsystems] Discovering subsystems at path /Applications/Unity/Hub/Editor/6000.6.4f1/Unity.app/Contents/Resources/UnitySubsystems
[Subsystems] Discovering subsystems at path /private/tmp/palmbay-aircraft-unity6/Assets
GfxDevice: creating device client; kGfxThreadingModeNonThreaded
 preferred device: Apple M5 (high power)
Metal devices available: 1
0: Apple M5 (high power)
Using device Apple M5 (high power)
Initializing Metal device caps: Apple M5
Mac GPU Family: 2
Apple GPU Family: 9
MSL Version: 3.0
Has Float MSAA: 1
Has Float Filtering: 1
ReadWrite Texture Tier: 2
Initialize mono
Mono path[0] = '/Applications/Unity/Hub/Editor/6000.6.4f1/Unity.app/Contents/Resources/Scripting/Managed'
Mono path[1] = '/Applications/Unity/Hub/Editor/6000.6.4f1/Unity.app/Contents/Resources/Scripting/BCLExtensions/runtime/netstandard2.1'
Mono path[2] = '/Applications/Unity/Hub/Editor/6000.6.4f1/Unity.app/Contents/Resources/Scripting/MonoBleedingEdge/lib/mono/unityjit-macos'
Mono config path = '/Applications/Unity/Hub/Editor/6000.6.4f1/Unity.app/Contents/Resources/Scripting/MonoBleedingEdge/etc'
Using monoOptions --debugger-agent=transport=dt_socket,embedding=1,server=y,suspend=n,address=127.0.0.1:56091
CodeReloadManager initialized
ImportWorker Server TCP listen port: 0
AcceleratorClientConnectionCallback - disconnected - :0
Begin MonoManager ReloadAssembly
Registering precompiled unity dll's ...
Register platform support module: /Applications/Unity/Hub/Editor/6000.6.4f1/PlaybackEngines/WebGLSupport/UnityEditor.WebGL.Extensions.dll
Register platform support module: /Applications/Unity/Hub/Editor/6000.6.4f1/PlaybackEngines/MacStandaloneSupport/UnityEditor.OSXStandalone.Extensions.dll
Registered in 0.000423 seconds.
Native extension for OSXStandalone target not found
Native extension for WebGL target not found
Package Manager log level set to [2]
ScheduleIndexationOnStartup MainProcess:False IndexOnStartup:True
Scripting: successfully reloaded assembly
- Finished resetting the current domain, in  0.290 seconds
Domain Reload Profiling: 529ms
	BeginReloadAssembly (58ms)
		CreateAndSetChildDomain (14ms)
	RebuildNativeTypeToScriptingClass (8ms)
	initialDomainReloadingComplete (24ms)
	LoadAllAssembliesAndSetupDomain (146ms)
		LoadAssemblies (44ms)
		TypeCache.Refresh (103ms)
			TypeCache.ScanAssembly (95ms)
		AnalyzeDomain (0ms)
	FinalizeReload (291ms)
		SetupLoadedEditorAssemblies (0ms)
			BeforeProcessingInitializeOnLoad (44ms)
			ProcessInitializeOnLoadAttributes (37ms)
			ProcessInitializeOnLoadMethodAttributes (113ms)
[Licensing::Client] Successfully resolved entitlement details
Application.AssetDatabase Initial Refresh Start
[Package Manager] Restoring resolved packages state from cache
[Licensing::Client] Successfully resolved entitlement details
[Package Manager] Registered 12 packages:
  Built-in packages:
    com.unity.modules.audio@1.0.0 (location: /private/tmp/palmbay-aircraft-unity6/Library/PackageCache/com.unity.modules.audio)
    com.unity.modules.androidjni@1.0.0 (location: /private/tmp/palmbay-aircraft-unity6/Library/PackageCache/com.unity.modules.androidjni)
    com.unity.modules.imgui@1.0.0 (location: /private/tmp/palmbay-aircraft-unity6/Library/PackageCache/com.unity.modules.imgui)
    com.unity.modules.physics@1.0.0 (location: /private/tmp/palmbay-aircraft-unity6/Library/PackageCache/com.unity.modules.physics)
    com.unity.modules.jsonserialize@1.0.0 (location: /private/tmp/palmbay-aircraft-unity6/Library/PackageCache/com.unity.modules.jsonserialize)
    com.unity.modules.screencapture@1.0.0 (location: /private/tmp/palmbay-aircraft-unity6/Library/PackageCache/com.unity.modules.screencapture)
    com.unity.modules.ui@1.0.0 (location: /private/tmp/palmbay-aircraft-unity6/Library/PackageCache/com.unity.modules.ui)
    com.unity.modules.imageconversion@1.0.0 (location: /private/tmp/palmbay-aircraft-unity6/Library/PackageCache/com.unity.modules.imageconversion)
    com.unity.ugui@2.6.0 (location: /private/tmp/palmbay-aircraft-unity6/Library/PackageCache/com.unity.ugui@0727b404f3a0)
    com.unity.modules.unitywebrequest@1.0.0 (location: /private/tmp/palmbay-aircraft-unity6/Library/PackageCache/com.unity.modules.unitywebrequest)
    com.unity.modules.physics2d@1.0.0 (location: /private/tmp/palmbay-aircraft-unity6/Library/PackageCache/com.unity.modules.physics2d)
    com.unity.modules.physicscore2d@1.0.0 (location: /private/tmp/palmbay-aircraft-unity6/Library/PackageCache/com.unity.modules.physicscore2d)
[Subsystems] No new subsystems found in resolved package list.
[Package Manager] Done registering packages in 0.00 seconds
[ScriptCompilation] Requested script compilation because: AssetDatabase observed changes in script compilation related files
Starting: /Applications/Unity/Hub/Editor/6000.6.4f1/Unity.app/Contents/Resources/BuildPipeline/bee_backend --ipc --defer-dag-verification --dagfile="Library/Bee/200b0aE.dag" --continue-on-failure --profile="Library/Bee/backend1.traceevents" ScriptAssemblies
WorkingDir: /private/tmp/palmbay-aircraft-unity6
DisplayProgressbar: Compiling Scripts
ExitCode: 4 Duration: 0s106ms
Rebuilding DAG because FileSignature timestamp changed: Library/Bee/200b0aE-inputdata.json
[196/241    0s] ILPP-Configuration Library/ilpp-configuration.nevergeneratedoutput
*** Tundra requires additional run (0.09 seconds), 1 items updated, 194 evaluated
Starting: /Applications/Unity/Hub/Editor/6000.6.4f1/Unity.app/Contents/Resources/Scripting/DotNetSdk/dotnet "/Applications/Unity/Hub/Editor/6000.6.4f1/Unity.app/Contents/Resources/BuildPipeline/ScriptCompilationBuildProgram.exe" "Library/Bee/200b0aE.dag.json" "Library/Bee/200b0aE-inputdata.json" "Library/Bee/buildprogram0.traceevents"
WorkingDir: /private/tmp/palmbay-aircraft-unity6
ExitCode: 0 Duration: 0s313ms
Starting: /Applications/Unity/Hub/Editor/6000.6.4f1/Unity.app/Contents/Resources/BuildPipeline/bee_backend --ipc --defer-dag-verification --dagfile="Library/Bee/200b0aE.dag" --continue-on-failure --dagfilejson="Library/Bee/200b0aE.dag.json" --profile="Library/Bee/backend2.traceevents" ScriptAssemblies
WorkingDir: /private/tmp/palmbay-aircraft-unity6
ExitCode: 0 Duration: 1s87ms
Finished compiling graph: 244 nodes, 1883 flattened edges (1751 ToBuild, 16 ToUse), maximum node priority 135
[193/241    0s] WriteText Library/Bee/artifacts/200b0aE.dag/Assembly-CSharp-Editor.rsp
[214/241    0s] ILPP-Configuration Library/ilpp-configuration.nevergeneratedoutput
[233/241    0s] Csc Library/Bee/artifacts/200b0aE.dag/Assembly-CSharp.dll (+2 others)
Assets/Scripts/Diagnostics/M7PlayerSmoke.cs(130,20): warning CS0618: 'Object.FindObjectOfType<T>()' is obsolete: 'Object.FindObjectOfType has been deprecated. Use Object.FindAnyObjectByType instead.'
Assets/Scripts/Presentation/UiKit.cs(130,17): warning CS0618: 'Object.FindObjectOfType<T>()' is obsolete: 'Object.FindObjectOfType has been deprecated. Use Object.FindAnyObjectByType instead.'
Assets/Scripts/Gameplay/AppState.cs(144,24): warning CS0618: 'Object.FindObjectOfType<T>()' is obsolete: 'Object.FindObjectOfType has been deprecated. Use Object.FindAnyObjectByType instead.'
Assets/Scripts/Presentation/SceneLayoutSync.cs(125,38): warning CS0618: 'Object.FindObjectsOfType<T>(bool)' is obsolete: 'Object.FindObjectsOfType has been deprecated. Use Object.FindObjectsByType instead which lets you decide whether you need the results sorted or not.  FindObjectsOfType sorts the results by InstanceID but if you do not need this using FindObjectSortMode.None is considerably faster.'
Assets/Scripts/Presentation/AirportWorld.cs(45,35): warning CS0618: 'Object.FindObjectsOfType<T>()' is obsolete: 'Object.FindObjectsOfType has been deprecated. Use Object.FindObjectsByType instead which lets you decide whether you need the results sorted or not.  FindObjectsOfType sorts the results by InstanceID but if you do not need this using FindObjectSortMode.None is considerably faster.'
Assets/Scripts/Presentation/AirportHudCanvas.cs(58,22): warning UAC1001: Field 'ReviewSafeAreaNormalized' type 'UnityEngine.Rect?' is skipped by serialization (missing the [Serializable] attribute). Refer to the Serialization rules analyzer reference. (https://docs.unity3d.com/6000.6/Documentation/Manual/script-serialization-analyzer.html#uac1001)
[234/241    0s] ILPostProcess Library/Bee/artifacts/200b0aE.dag/post-processed/Assembly-CSharp.dll (+pdb)
Processing assembly Library/Bee/artifacts/200b0aE.dag/Assembly-CSharp.dll, with 142 defines and 266 references
processors: zzzUnity.Burst.CodeGen.BurstILPostProcessor
1 processor(s) skipped this assembly
[235/241    0s] CopyFiles Library/ScriptAssemblies/Assembly-CSharp.dll
[236/241    0s] CopyFiles Library/ScriptAssemblies/Assembly-CSharp.pdb
[237/241    0s] Csc Library/Bee/artifacts/200b0aE.dag/Assembly-CSharp-Editor.dll (+2 others)
Assets/Editor/ChubbyAircraftFinalPackage.cs(7,9): warning CS0618: 'AssetDatabase.ExportPackage(string, string, ExportPackageOptions)' is obsolete: 'Use UnityEditor.AssetPackage.Package.Export(ExportPackageParameters) instead.'
Assets/Editor/M1ReviewCapture.cs(66,24): warning CS0618: 'Object.FindObjectOfType<T>()' is obsolete: 'Object.FindObjectOfType has been deprecated. Use Object.FindAnyObjectByType instead.'
Assets/Editor/DifficultyBenchmark.cs(74,24): warning CS0618: 'Object.FindObjectOfType<T>()' is obsolete: 'Object.FindObjectOfType has been deprecated. Use Object.FindAnyObjectByType instead.'
Assets/Editor/DemoBuilder.cs(64,18): warning CS0618: 'Object.FindObjectOfType<T>()' is obsolete: 'Object.FindObjectOfType has been deprecated. Use Object.FindAnyObjectByType instead.'
Assets/Editor/M3FuelPlaytest.cs(132,24): warning CS0618: 'Object.FindObjectOfType<T>()' is obsolete: 'Object.FindObjectOfType has been deprecated. Use Object.FindAnyObjectByType instead.'
Assets/Editor/LobbyBuilder.cs(60,19): warning CS0618: 'Object.FindObjectOfType<T>()' is obsolete: 'Object.FindObjectOfType has been deprecated. Use Object.FindAnyObjectByType instead.'
Assets/Editor/LobbyBuilder.cs(61,22): warning CS0618: 'Object.FindObjectOfType<T>()' is obsolete: 'Object.FindObjectOfType has been deprecated. Use Object.FindAnyObjectByType instead.'
Assets/Editor/LobbyBuilder.cs(62,22): warning CS0618: 'Object.FindObjectOfType<T>()' is obsolete: 'Object.FindObjectOfType has been deprecated. Use Object.FindAnyObjectByType instead.'
Assets/Editor/M3ReplayFailureCapture.cs(59,24): warning CS0618: 'Object.FindObjectOfType<T>()' is obsolete: 'Object.FindObjectOfType has been deprecated. Use Object.FindAnyObjectByType instead.'
Assets/Editor/M4CoopCapture.cs(56,24): warning CS0618: 'Object.FindObjectOfType<T>()' is obsolete: 'Object.FindObjectOfType has been deprecated. Use Object.FindAnyObjectByType instead.'
Assets/Editor/DemoBuilder.cs(115,9): warning CS0618: 'PlayerSettings.SetApplicationIdentifier(BuildTargetGroup, string)' is obsolete: 'Use SetApplicationIdentifier(NamedBuildTarget buildTarget, string identifier) instead'
Assets/Editor/DemoBuilder.cs(116,9): warning CS0618: 'PlayerSettings.SetScriptingBackend(BuildTargetGroup, ScriptingImplementation)' is obsolete: 'Use SetScriptingBackend(NamedBuildTarget buildTarget, ScriptingImplementation backend) instead'
Assets/Editor/DemoBuilder.cs(117,46): warning CS0618: 'AndroidSdkVersions.AndroidApiLevel24' is obsolete: 'Minimum supported Android API level is 26 (Android 8.0). Please use AndroidApiLevel26 or higher. This warning will become an error on a next release.'
Assets/Editor/ChubbyAircraftDelivery.cs(156,13): warning CS0618: 'AssetDatabase.ExportPackage(string[], string, ExportPackageOptions)' is obsolete: 'Use UnityEditor.AssetPackage.Package.Export(ExportPackageParameters) instead.'
Assets/Editor/M6ResultsCapture.cs(49,24): warning CS0618: 'Object.FindObjectOfType<T>()' is obsolete: 'Object.FindObjectOfType has been deprecated. Use Object.FindAnyObjectByType instead.'
Assets/Editor/M2LobbyCapture.cs(184,24): warning CS0618: 'Object.FindObjectOfType<T>()' is obsolete: 'Object.FindObjectOfType has been deprecated. Use Object.FindAnyObjectByType instead.'
Assets/Editor/M2LobbyCapture.cs(185,28): warning CS0618: 'Object.FindObjectOfType<T>()' is obsolete: 'Object.FindObjectOfType has been deprecated. Use Object.FindAnyObjectByType instead.'
Assets/Editor/M2LobbyCapture.cs(199,15): warning CS0618: 'Object.FindObjectOfType<T>()' is obsolete: 'Object.FindObjectOfType has been deprecated. Use Object.FindAnyObjectByType instead.'
Assets/Editor/M2LobbyCapture.cs(200,16): warning CS0618: 'Object.FindObjectOfType<T>()' is obsolete: 'Object.FindObjectOfType has been deprecated. Use Object.FindAnyObjectByType instead.'
Assets/Editor/M2LobbyCapture.cs(210,28): warning CS0618: 'Object.FindObjectOfType<T>()' is obsolete: 'Object.FindObjectOfType has been deprecated. Use Object.FindAnyObjectByType instead.'
Assets/Editor/M2LobbyCapture.cs(224,15): warning CS0618: 'Object.FindObjectOfType<T>()' is obsolete: 'Object.FindObjectOfType has been deprecated. Use Object.FindAnyObjectByType instead.'
Assets/Editor/M2LobbyCapture.cs(225,16): warning CS0618: 'Object.FindObjectOfType<T>()' is obsolete: 'Object.FindObjectOfType has been deprecated. Use Object.FindAnyObjectByType instead.'
Assets/Editor/M2LobbyCapture.cs(232,16): warning CS0618: 'Object.FindObjectOfType<T>()' is obsolete: 'Object.FindObjectOfType has been deprecated. Use Object.FindAnyObjectByType instead.'
Assets/Editor/M2LobbyCapture.cs(249,16): warning CS0618: 'Object.FindObjectOfType<T>()' is obsolete: 'Object.FindObjectOfType has been deprecated. Use Object.FindAnyObjectByType instead.'
Assets/Editor/M2LobbyCapture.cs(279,16): warning CS0618: 'Object.FindObjectOfType<T>()' is obsolete: 'Object.FindObjectOfType has been deprecated. Use Object.FindAnyObjectByType instead.'
Assets/Editor/LevelLayoutValidation.cs(125,18): warning CS0618: 'Object.FindObjectOfType<T>()' is obsolete: 'Object.FindObjectOfType has been deprecated. Use Object.FindAnyObjectByType instead.'
Assets/Editor/M1ReviewCapture.cs(135,15): warning CS0618: 'Object.FindObjectOfType<T>()' is obsolete: 'Object.FindObjectOfType has been deprecated. Use Object.FindAnyObjectByType instead.'
Assets/Editor/M7IdentityReview.cs(167,20): warning CS0618: 'Object.FindObjectOfType<T>()' is obsolete: 'Object.FindObjectOfType has been deprecated. Use Object.FindAnyObjectByType instead.'
Assets/Editor/M4CoopCapture.cs(120,15): warning CS0618: 'Object.FindObjectOfType<T>()' is obsolete: 'Object.FindObjectOfType has been deprecated. Use Object.FindAnyObjectByType instead.'
Assets/Editor/M4CoopCapture.cs(175,37): warning CS0618: 'Object.FindObjectsOfType<T>()' is obsolete: 'Object.FindObjectsOfType has been deprecated. Use Object.FindObjectsByType instead which lets you decide whether you need the results sorted or not.  FindObjectsOfType sorts the results by InstanceID but if you do not need this using FindObjectSortMode.None is considerably faster.'
Assets/Editor/M7IdentityReview.cs(233,28): warning CS0618: 'Object.FindObjectOfType<T>()' is obsolete: 'Object.FindObjectOfType has been deprecated. Use Object.FindAnyObjectByType instead.'
Assets/Editor/M7SmokeBuilder.cs(32,25): warning CS0618: 'PlayerSettings.GetApplicationIdentifier(BuildTargetGroup)' is obsolete: 'Use GetApplicationIdentifier(NamedBuildTarget buildTarget) instead'
Assets/Editor/M7SmokeBuilder.cs(45,13): warning CS0618: 'PlayerSettings.SetApplicationIdentifier(BuildTargetGroup, string)' is obsolete: 'Use SetApplicationIdentifier(NamedBuildTarget buildTarget, string identifier) instead'
Assets/Editor/M7SmokeBuilder.cs(89,17): warning CS0618: 'PlayerSettings.SetApplicationIdentifier(BuildTargetGroup, string)' is obsolete: 'Use SetApplicationIdentifier(NamedBuildTarget buildTarget, string identifier) instead'
Assets/Editor/M3ReplayFailureCapture.cs(128,15): warning CS0618: 'Object.FindObjectOfType<T>()' is obsolete: 'Object.FindObjectOfType has been deprecated. Use Object.FindAnyObjectByType instead.'
Assets/Editor/MainLoopPlaytest.cs(40,22): warning CS0618: 'Object.FindObjectOfType<T>()' is obsolete: 'Object.FindObjectOfType has been deprecated. Use Object.FindAnyObjectByType instead.'
Assets/Editor/ModelPolishCapture.cs(47,33): warning CS0618: 'Object.FindObjectsOfType<T>()' is obsolete: 'Object.FindObjectsOfType has been deprecated. Use Object.FindObjectsByType instead which lets you decide whether you need the results sorted or not.  FindObjectsOfType sorts the results by InstanceID but if you do not need this using FindObjectSortMode.None is considerably faster.'
Assets/Editor/MainLoopBuilder.cs(53,51): warning CS0618: 'Object.FindObjectsOfType<T>()' is obsolete: 'Object.FindObjectsOfType has been deprecated. Use Object.FindObjectsByType instead which lets you decide whether you need the results sorted or not.  FindObjectsOfType sorts the results by InstanceID but if you do not need this using FindObjectSortMode.None is considerably faster.'
Assets/Editor/AndroidManifestPreprocessor.cs(126,39): warning CS0618: 'PlayerSettings.GetApplicationIdentifier(BuildTargetGroup)' is obsolete: 'Use GetApplicationIdentifier(NamedBuildTarget buildTarget) instead'
Assets/Editor/M2LobbyCapture.cs(523,59): warning CS0618: 'Object.FindObjectOfType<T>()' is obsolete: 'Object.FindObjectOfType has been deprecated. Use Object.FindAnyObjectByType instead.'
Assets/Editor/NetPlaytest.Boarding.cs(38,30): warning CS0618: 'Object.FindObjectOfType<T>()' is obsolete: 'Object.FindObjectOfType has been deprecated. Use Object.FindAnyObjectByType instead.'
Assets/Editor/MainLoopBuilder.cs(93,18): warning CS0618: 'Object.FindObjectOfType<T>()' is obsolete: 'Object.FindObjectOfType has been deprecated. Use Object.FindAnyObjectByType instead.'
Assets/Editor/MainLoopPlaytest.cs(93,17): warning CS0618: 'Object.FindObjectsOfType<T>()' is obsolete: 'Object.FindObjectsOfType has been deprecated. Use Object.FindObjectsByType instead which lets you decide whether you need the results sorted or not.  FindObjectsOfType sorts the results by InstanceID but if you do not need this using FindObjectSortMode.None is considerably faster.'
Assets/Editor/MainLoopPlaytest.cs(154,21): warning CS0618: 'Object.FindObjectsOfType<T>()' is obsolete: 'Object.FindObjectsOfType has been deprecated. Use Object.FindObjectsByType instead which lets you decide whether you need the results sorted or not.  FindObjectsOfType sorts the results by InstanceID but if you do not need this using FindObjectSortMode.None is considerably faster.'
Assets/Editor/NetPlaytest.Boarding.cs(310,21): warning CS0618: 'Object.FindObjectOfType<T>()' is obsolete: 'Object.FindObjectOfType has been deprecated. Use Object.FindAnyObjectByType instead.'
Assets/Editor/NetPlaytest.Fuel.cs(130,30): warning CS0618: 'Object.FindObjectOfType<T>()' is obsolete: 'Object.FindObjectOfType has been deprecated. Use Object.FindAnyObjectByType instead.'
Assets/Editor/NetPlaytest.Fuel.cs(1017,21): warning CS0618: 'Object.FindObjectOfType<T>()' is obsolete: 'Object.FindObjectOfType has been deprecated. Use Object.FindAnyObjectByType instead.'
Assets/Editor/NetPlaytest.M4.cs(101,13): warning CS0618: 'Object.FindObjectOfType<T>()' is obsolete: 'Object.FindObjectOfType has been deprecated. Use Object.FindAnyObjectByType instead.'
Assets/Editor/NetPlaytest.M4.cs(324,40): warning CS0618: 'Object.FindObjectOfType<T>()' is obsolete: 'Object.FindObjectOfType has been deprecated. Use Object.FindAnyObjectByType instead.'
Assets/Editor/NetPlaytest.cs(202,20): warning CS0618: 'Object.FindObjectOfType<T>()' is obsolete: 'Object.FindObjectOfType has been deprecated. Use Object.FindAnyObjectByType instead.'
Assets/Editor/NetPlaytest.cs(357,30): warning CS0618: 'Object.FindObjectOfType<T>()' is obsolete: 'Object.FindObjectOfType has been deprecated. Use Object.FindAnyObjectByType instead.'
Assets/Editor/NetPlaytest.cs(705,30): warning CS0618: 'Object.FindObjectOfType<T>()' is obsolete: 'Object.FindObjectOfType has been deprecated. Use Object.FindAnyObjectByType instead.'
Assets/Editor/NetPlaytest.cs(761,21): warning CS0618: 'Object.FindObjectOfType<T>()' is obsolete: 'Object.FindObjectOfType has been deprecated. Use Object.FindAnyObjectByType instead.'
Assets/Editor/NetPlaytest.cs(808,30): warning CS0618: 'Object.FindObjectOfType<T>()' is obsolete: 'Object.FindObjectOfType has been deprecated. Use Object.FindAnyObjectByType instead.'
Assets/Editor/NetPlaytest.cs(1063,21): warning CS0618: 'Object.FindObjectOfType<T>()' is obsolete: 'Object.FindObjectOfType has been deprecated. Use Object.FindAnyObjectByType instead.'
Assets/Editor/NetPlaytest.cs(1110,30): warning CS0618: 'Object.FindObjectOfType<T>()' is obsolete: 'Object.FindObjectOfType has been deprecated. Use Object.FindAnyObjectByType instead.'
Assets/Editor/NetPlaytest.cs(1522,21): warning CS0618: 'Object.FindObjectOfType<T>()' is obsolete: 'Object.FindObjectOfType has been deprecated. Use Object.FindAnyObjectByType instead.'
Assets/Editor/NetPlaytest.cs(1604,32): warning CS0618: 'Object.FindObjectOfType<T>()' is obsolete: 'Object.FindObjectOfType has been deprecated. Use Object.FindAnyObjectByType instead.'
[238/241    0s] ILPostProcess Library/Bee/artifacts/200b0aE.dag/post-processed/Assembly-CSharp-Editor.dll (+pdb)
Processing assembly Library/Bee/artifacts/200b0aE.dag/Assembly-CSharp-Editor.dll, with 140 defines and 303 references
processors: zzzUnity.Burst.CodeGen.BurstILPostProcessor
1 processor(s) skipped this assembly
[239/241    0s] CopyFiles Library/ScriptAssemblies/Assembly-CSharp-Editor.pdb
[240/241    0s] CopyFiles Library/ScriptAssemblies/Assembly-CSharp-Editor.dll
*** Tundra build success (1.08 seconds), 10 items updated, 241 evaluated
Total cache size 2011884
Total cache size after purge 2011884, took 00:00:00.0034897
Assets/Scripts/Diagnostics/M7PlayerSmoke.cs(130,20): warning CS0618: 'Object.FindObjectOfType<T>()' is obsolete: 'Object.FindObjectOfType has been deprecated. Use Object.FindAnyObjectByType instead.'
Assets/Scripts/Presentation/UiKit.cs(130,17): warning CS0618: 'Object.FindObjectOfType<T>()' is obsolete: 'Object.FindObjectOfType has been deprecated. Use Object.FindAnyObjectByType instead.'
Assets/Scripts/Gameplay/AppState.cs(144,24): warning CS0618: 'Object.FindObjectOfType<T>()' is obsolete: 'Object.FindObjectOfType has been deprecated. Use Object.FindAnyObjectByType instead.'
Assets/Scripts/Presentation/SceneLayoutSync.cs(125,38): warning CS0618: 'Object.FindObjectsOfType<T>(bool)' is obsolete: 'Object.FindObjectsOfType has been deprecated. Use Object.FindObjectsByType instead which lets you decide whether you need the results sorted or not.  FindObjectsOfType sorts the results by InstanceID but if you do not need this using FindObjectSortMode.None is considerably faster.'
Assets/Scripts/Presentation/AirportWorld.cs(45,35): warning CS0618: 'Object.FindObjectsOfType<T>()' is obsolete: 'Object.FindObjectsOfType has been deprecated. Use Object.FindObjectsByType instead which lets you decide whether you need the results sorted or not.  FindObjectsOfType sorts the results by InstanceID but if you do not need this using FindObjectSortMode.None is considerably faster.'
Assets/Scripts/Presentation/AirportHudCanvas.cs(58,22): warning UAC1001: Field 'ReviewSafeAreaNormalized' type 'UnityEngine.Rect?' is skipped by serialization (missing the [Serializable] attribute). Refer to the Serialization rules analyzer reference. (https://docs.unity3d.com/6000.6/Documentation/Manual/script-serialization-analyzer.html#uac1001)
ts/Scripts/Presentation/UiKit.cs(130,17): warning CS0618: 'Object.FindObjectOfType<T>()' is obsolete: 'Object.FindObjectOfType has been deprecated. Use Object.FindAnyObjectByType instead.'
Assets/Scripts/Gameplay/AppState.cs(144,24): warning CS0618: 'Object.FindObjectOfType<T>()' is obsolete: 'Object.FindObjectOfType has been deprecated. Use Object.FindAnyObjectByType instead.'
Assets/Scripts/Presentation/SceneLayoutSync.cs(125,38): warning CS0618: 'Object.FindObjectsOfType<T>(bool)' is obsolete: 'Object.FindObjectsOfType has been deprecated. Use Object.FindObjectsByType instead which lets you decide whether you need the results sorted or not.  FindObjectsOfType sorts the results by InstanceID but if you do not need this using FindObjectSortMode.None is considerably faster.'
Assets/Scripts/Presentation/AirportWorld.cs(45,35): warning CS0618: 'Object.FindObjectsOfType<T>()' is obsolete: 'Object.FindObjectsOfType has been deprecated. Use Object.FindObjectsByType instead which lets you decide whether you need the results sorted or not.  FindObjectsOfType sorts the results by InstanceID but if you do not need this using FindObjectSortMode.None is considerably faster.'
Assets/Scripts/Presentation/AirportHudCanvas.cs(58,22): warning UAC1001: Field 'ReviewSafeAreaNormalized' type 'UnityEngine.Rect?' is skipped by serialization (missing the [Serializable] attribute). Refer to the Serialization rules analyzer reference. (https://docs.unity3d.com/6000.6/Documentation/Manual/script-serialization-analyzer.html#uac1001)
Assets/Editor/ChubbyAircraftFinalPackage.cs(7,9): warning CS0618: 'AssetDatabase.ExportPackage(string, string, ExportPackageOptions)' is obsolete: 'Use UnityEditor.AssetPackage.Package.Export(ExportPackageParameters) instead.'
Assets/Editor/M1ReviewCapture.cs(66,24): warning CS0618: 'Object.FindObjectOfType<T>()' is obsolete: 'Object.FindObjectOfType has been deprecated. Use Object.FindAnyObjectByType instead.'
Assets/Editor/DifficultyBenchmark.cs(74,24): warning CS0618: 'Object.FindObjectOfType<T>()' is obsolete: 'Object.FindObjectOfType has been deprecated. Use Object.FindAnyObjectByType instead.'
Assets/Editor/DemoBuilder.cs(64,18): warning CS0618: 'Object.FindObjectOfType<T>()' is obsolete: 'Object.FindObjectOfType has been deprecated. Use Object.FindAnyObjectByType instead.'
Assets/Editor/M3FuelPlaytest.cs(132,24): warning CS0618: 'Object.FindObjectOfType<T>()' is obsolete: 'Object.FindObjectOfType has been deprecated. Use Object.FindAnyObjectByType instead.'
Assets/Editor/LobbyBuilder.cs(60,19): warning CS0618: 'Object.FindObjectOfType<T>()' is obsolete: 'Object.FindObjectOfType has been deprecated. Use Object.FindAnyObjectByType instead.'
Assets/Editor/LobbyBuilder.cs(61,22): warning CS0618: 'Object.FindObjectOfType<T>()' is obsolete: 'Object.FindObjectOfType has been deprecated. Use Object.FindAnyObjectByType instead.'
Assets/Editor/LobbyBuilder.cs(62,22): warning CS0618: 'Object.FindObjectOfType<T>()' is obsolete: 'Object.FindObjectOfType has been deprecated. Use Object.FindAnyObjectByType instead.'
Assets/Editor/M3ReplayFailureCapture.cs(59,24): warning CS0618: 'Object.FindObjectOfType<T>()' is obsolete: 'Object.FindObjectOfType has been deprecated. Use Object.FindAnyObjectByType instead.'
Assets/Editor/M4CoopCapture.cs(56,24): warning CS0618: 'Object.FindObjectOfType<T>()' is obsolete: 'Object.FindObjectOfType has been deprecated. Use Object.FindAnyObjectByType instead.'
Assets/Editor/DemoBuilder.cs(115,9): warning CS0618: 'PlayerSettings.SetApplicationIdentifier(BuildTargetGroup, string)' is obsolete: 'Use SetApplicationIdentifier(NamedBuildTarget buildTarget, string identifier) instead'
Assets/Editor/DemoBuilder.cs(116,9): warning CS0618: 'PlayerSettings.SetScriptingBackend(BuildTargetGroup, ScriptingImplementation)' is obsolete: 'Use SetScriptingBackend(NamedBuildTarget buildTarget, ScriptingImplementation backend) instead'
Assets/Editor/DemoBuilder.cs(117,46): warning CS0618: 'AndroidSdkVersions.AndroidApiLevel24' is obsolete: 'Minimum supported Android API level is 26 (Android 8.0). Please use AndroidApiLevel26 or higher. This warning will become an error on a next release.'
Assets/Editor/ChubbyAircraftDelivery.cs(156,13): warning CS0618: 'AssetDatabase.ExportPackage(string[], string, ExportPackageOptions)' is obsolete: 'Use UnityEditor.AssetPackage.Package.Export(ExportPackageParameters) instead.'
Assets/Editor/M6ResultsCapture.cs(49,24): warning CS0618: 'Object.FindObjectOfType<T>()' is obsolete: 'Object.FindObjectOfType has been deprecated. Use Object.FindAnyObjectByType instead.'
Assets/Editor/M2LobbyCapture.cs(184,24): warning CS0618: 'Object.FindObjectOfType<T>()' is obsolete: 'Object.FindObjectOfType has been deprecated. Use Object.FindAnyObjectByType instead.'
Assets/Editor/M2LobbyCapture.cs(185,28): warning CS0618: 'Object.FindObjectOfType<T>()' is obsolete: 'Object.FindObjectOfType has been deprecated. Use Object.FindAnyObjectByType instead.'
Assets/Editor/M2LobbyCapture.cs(199,15): warning CS0618: 'Object.FindObjectOfType<T>()' is obsolete: 'Object.FindObjectOfType has been deprecated. Use Object.FindAnyObjectByType instead.'
Assets/Editor/M2LobbyCapture.cs(200,16): warning CS0618: 'Object.FindObjectOfType<T>()' is obsolete: 'Object.FindObjectOfType has been deprecated. Use Object.FindAnyObjectByType instead.'
Assets/Editor/M2LobbyCapture.cs(210,28): warning CS0618: 'Object.FindObjectOfType<T>()' is obsolete: 'Object.FindObjectOfType has been deprecated. Use Object.FindAnyObjectByType instead.'
Assets/Editor/M2LobbyCapture.cs(224,15): warning CS0618: 'Object.FindObjectOfType<T>()' is obsolete: 'Object.FindObjectOfType has been deprecated. Use Object.FindAnyObjectByType instead.'
Assets/Editor/M2LobbyCapture.cs(225,16): warning CS0618: 'Object.FindObjectOfType<T>()' is obsolete: 'Object.FindObjectOfType has been deprecated. Use Object.FindAnyObjectByType instead.'
Assets/Editor/M2LobbyCapture.cs(232,16): warning CS0618: 'Object.FindObjectOfType<T>()' is obsolete: 'Object.FindObjectOfType has been deprecated. Use Object.FindAnyObjectByType instead.'
Assets/Editor/M2LobbyCapture.cs(249,16): warning CS0618: 'Object.FindObjectOfType<T>()' is obsolete: 'Object.FindObjectOfType has been deprecated. Use Object.FindAnyObjectByType instead.'
Assets/Editor/M2LobbyCapture.cs(279,16): warning CS0618: 'Object.FindObjectOfType<T>()' is obsolete: 'Object.FindObjectOfType has been deprecated. Use Object.FindAnyObjectByType instead.'
Assets/Editor/LevelLayoutValidation.cs(125,18): warning CS0618: 'Object.FindObjectOfType<T>()' is obsolete: 'Object.FindObjectOfType has been deprecated. Use Object.FindAnyObjectByType instead.'
Assets/Editor/M1ReviewCapture.cs(135,15): warning CS0618: 'Object.FindObjectOfType<T>()' is obsolete: 'Object.FindObjectOfType has been deprecated. Use Object.FindAnyObjectByType instead.'
Assets/Editor/M7IdentityReview.cs(167,20): warning CS0618: 'Object.FindObjectOfType<T>()' is obsolete: 'Object.FindObjectOfType has been deprecated. Use Object.FindAnyObjectByType instead.'
Assets/Editor/M4CoopCapture.cs(120,15): warning CS0618: 'Object.FindObjectOfType<T>()' is obsolete: 'Object.FindObjectOfType has been deprecated. Use Object.FindAnyObjectByType instead.'
Assets/Editor/M4CoopCapture.cs(175,37): warning CS0618: 'Object.FindObjectsOfType<T>()' is obsolete: 'Object.FindObjectsOfType has been deprecated. Use Object.FindObjectsByType instead which lets you decide whether you need the results sorted or not.  FindObjectsOfType sorts the results by InstanceID but if you do not need this using FindObjectSortMode.None is considerably faster.'
Assets/Editor/M7IdentityReview.cs(233,28): warning CS0618: 'Object.FindObjectOfType<T>()' is obsolete: 'Object.FindObjectOfType has been deprecated. Use Object.FindAnyObjectByType instead.'
Assets/Editor/M7SmokeBuilder.cs(32,25): warning CS0618: 'PlayerSettings.GetApplicationIdentifier(BuildTargetGroup)' is obsolete: 'Use GetApplicationIdentifier(NamedBuildTarget buildTarget) instead'
Assets/Editor/M7SmokeBuilder.cs(45,13): warning CS0618: 'PlayerSettings.SetApplicationIdentifier(BuildTargetGroup, string)' is obsolete: 'Use SetApplicationIdentifier(NamedBuildTarget buildTarget, string identifier) instead'
Assets/Editor/M7SmokeBuilder.cs(89,17): warning CS0618: 'PlayerSettings.SetApplicationIdentifier(BuildTargetGroup, string)' is obsolete: 'Use SetApplicationIdentifier(NamedBuildTarget buildTarget, string identifier) instead'
Assets/Editor/M3ReplayFailureCapture.cs(128,15): warning CS0618: 'Object.FindObjectOfType<T>()' is obsolete: 'Object.FindObjectOfType has been deprecated. Use Object.FindAnyObjectByType instead.'
Assets/Editor/MainLoopPlaytest.cs(40,22): warning CS0618: 'Object.FindObjectOfType<T>()' is obsolete: 'Object.FindObjectOfType has been deprecated. Use Object.FindAnyObjectByType instead.'
Assets/Editor/ModelPolishCapture.cs(47,33): warning CS0618: 'Object.FindObjectsOfType<T>()' is obsolete: 'Object.FindObjectsOfType has been deprecated. Use Object.FindObjectsByType instead which lets you decide whether you need the results sorted or not.  FindObjectsOfType sorts the results by InstanceID but if you do not need this using FindObjectSortMode.None is considerably faster.'
Assets/Editor/MainLoopBuilder.cs(53,51): warning CS0618: 'Object.FindObjectsOfType<T>()' is obsolete: 'Object.FindObjectsOfType has been deprecated. Use Object.FindObjectsByType instead which lets you decide whether you need the results sorted or not.  FindObjectsOfType sorts the results by InstanceID but if you do not need this using FindObjectSortMode.None is considerably faster.'
Assets/Editor/AndroidManifestPreprocessor.cs(126,39): warning CS0618: 'PlayerSettings.GetApplicationIdentifier(BuildTargetGroup)' is obsolete: 'Use GetApplicationIdentifier(NamedBuildTarget buildTarget) instead'
Assets/Editor/M2LobbyCapture.cs(523,59): warning CS0618: 'Object.FindObjectOfType<T>()' is obsolete: 'Object.FindObjectOfType has been deprecated. Use Object.FindAnyObjectByType instead.'
Assets/Editor/NetPlaytest.Boarding.cs(38,30): warning CS0618: 'Object.FindObjectOfType<T>()' is obsolete: 'Object.FindObjectOfType has been deprecated. Use Object.FindAnyObjectByType instead.'
Assets/Editor/MainLoopBuilder.cs(93,18): warning CS0618: 'Object.FindObjectOfType<T>()' is obsolete: 'Object.FindObjectOfType has been deprecated. Use Object.FindAnyObjectByType instead.'
Assets/Editor/MainLoopPlaytest.cs(93,17): warning CS0618: 'Object.FindObjectsOfType<T>()' is obsolete: 'Object.FindObjectsOfType has been deprecated. Use Object.FindObjectsByType instead which lets you decide whether you need the results sorted or not.  FindObjectsOfType sorts the results by InstanceID but if you do not need this using FindObjectSortMode.None is considerably faster.'
Assets/Editor/MainLoopPlaytest.cs(154,21): warning CS0618: 'Object.FindObjectsOfType<T>()' is obsolete: 'Object.FindObjectsOfType has been deprecated. Use Object.FindObjectsByType instead which lets you decide whether you need the results sorted or not.  FindObjectsOfType sorts the results by InstanceID but if you do not need this using FindObjectSortMode.None is considerably faster.'
Assets/Editor/NetPlaytest.Boarding.cs(310,21): warning CS0618: 'Object.FindObjectOfType<T>()' is obsolete: 'Object.FindObjectOfType has been deprecated. Use Object.FindAnyObjectByType instead.'
Assets/Editor/NetPlaytest.Fuel.cs(130,30): warning CS0618: 'Object.FindObjectOfType<T>()' is obsolete: 'Object.FindObjectOfType has been deprecated. Use Object.FindAnyObjectByType instead.'
Assets/Editor/NetPlaytest.Fuel.cs(1017,21): warning CS0618: 'Object.FindObjectOfType<T>()' is obsolete: 'Object.FindObjectOfType has been deprecated. Use Object.FindAnyObjectByType instead.'
Assets/Editor/NetPlaytest.M4.cs(101,13): warning CS0618: 'Object.FindObjectOfType<T>()' is obsolete: 'Object.FindObjectOfType has been deprecated. Use Object.FindAnyObjectByType instead.'
Assets/Editor/NetPlaytest.M4.cs(324,40): warning CS0618: 'Object.FindObjectOfType<T>()' is obsolete: 'Object.FindObjectOfType has been deprecated. Use Object.FindAnyObjectByType instead.'
Assets/Editor/NetPlaytest.cs(202,20): warning CS0618: 'Object.FindObjectOfType<T>()' is obsolete: 'Object.FindObjectOfType has been deprecated. Use Object.FindAnyObjectByType instead.'
Assets/Editor/NetPlaytest.cs(357,30): warning CS0618: 'Object.FindObjectOfType<T>()' is obsolete: 'Object.FindObjectOfType has been deprecated. Use Object.FindAnyObjectByType instead.'
Assets/Editor/NetPlaytest.cs(705,30): warning CS0618: 'Object.FindObjectOfType<T>()' is obsolete: 'Object.FindObjectOfType has been deprecated. Use Object.FindAnyObjectByType instead.'
Assets/Editor/NetPlaytest.cs(761,21): warning CS0618: 'Object.FindObjectOfType<T>()' is obsolete: 'Object.FindObjectOfType has been deprecated. Use Object.FindAnyObjectByType instead.'
Assets/Editor/NetPlaytest.cs(808,30): warning CS0618: 'Object.FindObjectOfType<T>()' is obsolete: 'Object.FindObjectOfType has been deprecated. Use Object.FindAnyObjectByType instead.'
Assets/Editor/NetPlaytest.cs(1063,21): warning CS0618: 'Object.FindObjectOfType<T>()' is obsolete: 'Object.FindObjectOfType has been deprecated. Use Object.FindAnyObjectByType instead.'
Assets/Editor/NetPlaytest.cs(1110,30): warning CS0618: 'Object.FindObjectOfType<T>()' is obsolete: 'Object.FindObjectOfType has been deprecated. Use Object.FindAnyObjectByType instead.'
Assets/Editor/NetPlaytest.cs(1522,21): warning CS0618: 'Object.FindObjectOfType<T>()' is obsolete: 'Object.FindObjectOfType has been deprecated. Use Object.FindAnyObjectByType instead.'
Assets/Editor/NetPlaytest.cs(1604,32): warning CS0618: 'Object.FindObjectOfType<T>()' is obsolete: 'Object.FindObjectOfType has been deprecated. Use Object.FindAnyObjectByType instead.'
AssetDatabase: script compilation time: 1.757400s
Begin MonoManager ReloadAssembly
Native extension for OSXStandalone target not found
Native extension for WebGL target not found
ScheduleIndexationOnStartup MainProcess:True IndexOnStartup:True
Scripting: successfully reloaded assembly
- Finished resetting the current domain, in  0.170 seconds
Domain Reload Profiling: 336ms
	BeginReloadAssembly (85ms)
		DisableScriptedObjects (8ms)
		CreateAndSetChildDomain (18ms)
	RebuildCommonClasses (4ms)
	RebuildNativeTypeToScriptingClass (7ms)
	initialDomainReloadingComplete (14ms)
	LoadAllAssembliesAndSetupDomain (55ms)
		LoadAssemblies (36ms)
		TypeCache.Refresh (6ms)
			TypeCache.ScanAssembly (3ms)
		AnalyzeDomain (3ms)
	FinalizeReload (170ms)
		SetupLoadedEditorAssemblies (0ms)
			BeforeProcessingInitializeOnLoad (43ms)
			ProcessInitializeOnLoadAttributes (25ms)
			ProcessInitializeOnLoadMethodAttributes (15ms)
		AwakeInstancesAfterBackupRestoration (8ms)
Starting new worker id: 0 with log in /private/tmp/palmbay-aircraft-unity6/Logs/AssetImportWorkerHW0.log
Importing 'GUID: 267812d9f32ac46db9d63b563975a27e - Path: Assets/Art/ChubbyAircraft/README.md' with importer (TextScriptImporter)
Imported 'GUID: 267812d9f32ac46db9d63b563975a27e' -> (Import Result ID: '25e312ba39604239e3070be9d43e35d6') in 0.006 seconds [static dependencies only]. Details - ImportResultOutputID=71c500c8d8632e1224efe1ed996b2207 DependenciesID=a49f34977d950dd1ea36ead322c431e8 StaticDependenciesID=56a16d1e5cf28ea98a263cae4cb609f3 

Asset Pipeline Refresh (id=22f61bca2fe29407eb16cb07c6038b72): Total: 2.246 seconds - Initiated by InitialRefreshV2(ForceSynchronousImport)
	(Values over 0.05ms)
	Summary:
		Imports: total=1 (actual=1, local cache=0, cache server=0)
		Asset DB Process Time: managed=0 ms, native=265 ms
		Asset DB Callback time: managed=32 ms, native=4 ms
		Scripting: domain reloads=1, domain reload time=181 ms, compile time=1759 ms, other=3 ms
		Project Asset Count: scripts=187, non-scripts=483
		Asset File Changes: new=2, changed=3, moved=0, deleted=0
		Scan Filter Count: 1
	InvokePackagesCallback: 4.587ms
	ApplyChangesToAssetFolders: 0.069ms
	Scan: 49.086ms
	Collect global state as custom dependencies: 2.991ms
	OnSourceAssetsModified: 0.259ms
	CategorizeScriptCompilationAssets: 0.696ms
	ProcessAssetsWithTransientArtifactChanges: 3.047ms
	CategorizeAssets: 2.273ms
	CompileScripts: 1758.663ms
	ImportOutOfDateAssets: 179.874ms (170.671ms without children)
		ImportManagerImport: 6.740ms (0.494ms without children)
		UnloadImportedAssets: 0.905ms
		EnsureUptoDateAssetsAreRegisteredWithGuidPM: 0.051ms
		ImportSchedulerStart: 1.504ms
	PostProcessAllAssets: 31.960ms
		MonoPostProcessAllAssets: 31.764ms
			AssetPostprocessor.OnPostprocessAllAssets 13.300ms
			StyleCatalogPostProcessor.OnPostprocessAllAssets 4.308ms
			BuilderAssetPostprocessor.OnPostprocessAllAssets 3.598ms
			WindowAssetPostprocessingWatcher.OnPostprocessAllAssets 3.166ms
			AssetChangedListener.OnPostprocessAllAssets 0.735ms
			RetainedModeAssetPostprocessor.OnPostprocessAllAssets 0.517ms
			SyncVS.PostprocessSyncProject 0.475ms
			EditModeScopePostprocessor.OnPostprocessAllAssets 0.431ms
			SpeedTree9Postprocessor.OnPostprocessAllAssets 0.300ms
			ArtifactBrowserPostProcessor.OnPostprocessAllAssets 0.218ms
			TextAssetPostProcessor.OnPostprocessAllAssets 0.210ms
			ReferencedClipsPostProcessor.OnPostprocessAllAssets 0.118ms
			TMPro_TexturePostProcessor.OnPostprocessAllAssets 0.113ms
			AudioMixerPostprocessor.OnPostprocessAllAssets 0.109ms
			AssetEvents.OnPostprocessAllAssets 0.097ms
			TerrainToolbarOverlayPostProcessor.OnPostprocessAllAssets 0.075ms
			SpeedTreePostProcessor.OnPostprocessAllAssets 0.056ms
	PostAssetChangesProfiler: 0.565ms
	UnloadStreamsBegin: 0.608ms
	PersistCurrentRevisions: 0.054ms
	Untracked: 209.532ms

Application.AssetDatabase Initial Refresh End
Launching external process: /Applications/Unity/Hub/Editor/6000.6.4f1/Unity.app/Contents/Helpers/UnityShaderCompiler
Launched and connected shader compiler UnityShaderCompiler after 0.01 seconds
Scanning for USB devices : 0.018ms
Initializing Unity extensions:
[MODES] ModeService[none].Initialize
[MODES] ModeService[none].LoadModes
[MODES] Loading mode Default (0) for mode-current-id-PALM BAY
2026-10-07 22:52:43.350 Unity[89091:1658247] NSEventModifierFlagFunction specified to -setKeyEquivalentModifierMask: for item <NSMenuItem: 0x784bcaee40 SDF, ke='Command-F12'>, but is only supported for system-provided menu items; will not be used
Unloading 4 Unused Serialized files (Serialized files now loaded: 0)
Unloading 472 unused Assets / (424.7 KB). Loaded Objects now: 1220.
Memory consumption went from 140.4 MB to 139.9 MB.
Total: 3.330375 ms (FindLiveObjects: 0.082542 ms CreateObjectMapping: 0.013166 ms MarkObjects: 3.016417 ms  DeleteObjects: 0.177875 ms)

2026-10-07 22:52:43.374 Unity[89091:1658247] NSEventModifierFlagFunction specified to -setKeyEquivalentModifierMask: for item <NSMenuItem: 0x784bcafc00 SDF, ke='Command-F12'>, but is only supported for system-provided menu items; will not be used
Asset Pipeline Refresh (id=310c3228c78fa4a73bc0c95e97fd8d72): Total: 0.025 seconds - Initiated by RefreshV2(NoUpdateAssetOptions)
Unloading 0 Unused Serialized files (Serialized files now loaded: 0)
Unloading 1 unused Assets / (0.7 KB). Loaded Objects now: 1220.
Memory consumption went from 139.5 MB to 139.5 MB.
Total: 2.948042 ms (FindLiveObjects: 0.055458 ms CreateObjectMapping: 0.004667 ms MarkObjects: 2.838792 ms  DeleteObjects: 0.010167 ms)

Asset Pipeline Refresh (id=8aaf76668ff03401a85ab89d6e86390f): Total: 0.003 seconds - Initiated by StopAssetImportingV2(NoUpdateAssetOptions)
Importing 'GUID: b112e1f6c63de4945a479e1a5817e34e - Path: Assets/Art/ChubbyAircraft/NavyCoral_B737_800/Materials/Part_06.mat' with importer (NativeFormatImporter)
Main Object Name 'NavyCoral_B737_800_Part_06' does not match filename 'Part_06'
UnityEngine.Debug:ExtractStackTraceNoAlloc (byte*,int,string)
UnityEngine.StackTraceUtility:ExtractStackTrace () (at /Users/bokken/build/output/unity/unity/Runtime/Export/Scripting/StackTrace.cs:23)
ChubbyAircraftDelivery:SaveAndValidatePrefab (UnityEngine.GameObject,string,System.Text.StringBuilder) (at Assets/Editor/ChubbyAircraftDelivery.cs:250)
ChubbyAircraftDelivery:Run () (at Assets/Editor/ChubbyAircraftDelivery.cs:104)
ChubbyAircraftFinalCheck:Run () (at Assets/Editor/ChubbyAircraftFinalCheck.cs:5)

[Assets/Editor/ChubbyAircraftDelivery.cs line 104]

Imported 'GUID: b112e1f6c63de4945a479e1a5817e34e' -> (Import Result ID: '7c3e7397c003fbc25d7b1435f330e29e') in 0.001 seconds [static dependencies only]. Details - ImportResultOutputID=cc96c0abd04457bc043ef32be8417fd7 DependenciesID=e523c8dfd42f03f080a3f6d6cbc6d915 StaticDependenciesID=0ca259555b20753ca3e379d7f475ab3a 
Importing 'GUID: f1e46ddd91d2c498b8356277b1081a4d - Path: Assets/Art/ChubbyAircraft/NavyCoral_B737_800/Materials/Part_11.mat' with importer (NativeFormatImporter)
Main Object Name 'NavyCoral_B737_800_Part_11' does not match filename 'Part_11'
UnityEngine.Debug:ExtractStackTraceNoAlloc (byte*,int,string)
UnityEngine.StackTraceUtility:ExtractStackTrace () (at /Users/bokken/build/output/unity/unity/Runtime/Export/Scripting/StackTrace.cs:23)
ChubbyAircraftDelivery:SaveAndValidatePrefab (UnityEngine.GameObject,string,System.Text.StringBuilder) (at Assets/Editor/ChubbyAircraftDelivery.cs:250)
ChubbyAircraftDelivery:Run () (at Assets/Editor/ChubbyAircraftDelivery.cs:104)
ChubbyAircraftFinalCheck:Run () (at Assets/Editor/ChubbyAircraftFinalCheck.cs:5)

[Assets/Editor/ChubbyAircraftDelivery.cs line 104]

Imported 'GUID: f1e46ddd91d2c498b8356277b1081a4d' -> (Import Result ID: 'eb25d73c32aedda8c6bd1e38c559f2db') in 0.001 seconds [static dependencies only]. Details - ImportResultOutputID=f27fec6ab28e378509cad501f4f6f527 DependenciesID=fede37387a652f5e9612a4d5b7889ab1 StaticDependenciesID=cea598f68a7e57370d719a1519cd972d 
Importing 'GUID: 529903dd05b5948f9a3bba45fe8b205a - Path: Assets/Art/ChubbyAircraft/NavyCoral_B737_800/Materials/Part_02.mat' with importer (NativeFormatImporter)
Main Object Name 'NavyCoral_B737_800_Part_02' does not match filename 'Part_02'
UnityEngine.Debug:ExtractStackTraceNoAlloc (byte*,int,string)
UnityEngine.StackTraceUtility:ExtractStackTrace () (at /Users/bokken/build/output/unity/unity/Runtime/Export/Scripting/StackTrace.cs:23)
ChubbyAircraftDelivery:SaveAndValidatePrefab (UnityEngine.GameObject,string,System.Text.StringBuilder) (at Assets/Editor/ChubbyAircraftDelivery.cs:250)
ChubbyAircraftDelivery:Run () (at Assets/Editor/ChubbyAircraftDelivery.cs:104)
ChubbyAircraftFinalCheck:Run () (at Assets/Editor/ChubbyAircraftFinalCheck.cs:5)

[Assets/Editor/ChubbyAircraftDelivery.cs line 104]

Imported 'GUID: 529903dd05b5948f9a3bba45fe8b205a' -> (Import Result ID: 'd9fe322845a5635d881179a521cfe980') in 0.000 seconds [static dependencies only]. Details - ImportResultOutputID=220b84e5b1ee727e68e53e6969d4a9b7 DependenciesID=027158ea539ba2933733daf52cb982b7 StaticDependenciesID=ccfc5c4cb47d565f569c81190e111c77 
Importing 'GUID: a245c26e81d494f41afd97a8a514b69f - Path: Assets/Art/ChubbyAircraft/NavyCoral_B737_800/Materials/Part_05.mat' with importer (NativeFormatImporter)
Main Object Name 'NavyCoral_B737_800_Part_05' does not match filename 'Part_05'
UnityEngine.Debug:ExtractStackTraceNoAlloc (byte*,int,string)
UnityEngine.StackTraceUtility:ExtractStackTrace () (at /Users/bokken/build/output/unity/unity/Runtime/Export/Scripting/StackTrace.cs:23)
ChubbyAircraftDelivery:SaveAndValidatePrefab (UnityEngine.GameObject,string,System.Text.StringBuilder) (at Assets/Editor/ChubbyAircraftDelivery.cs:250)
ChubbyAircraftDelivery:Run () (at Assets/Editor/ChubbyAircraftDelivery.cs:104)
ChubbyAircraftFinalCheck:Run () (at Assets/Editor/ChubbyAircraftFinalCheck.cs:5)

[Assets/Editor/ChubbyAircraftDelivery.cs line 104]

Imported 'GUID: a245c26e81d494f41afd97a8a514b69f' -> (Import Result ID: 'fc96f965a33cdec20aba0c195de62fd2') in 0.000 seconds [static dependencies only]. Details - ImportResultOutputID=a99a3e72a5f09abddfef799e2fa22be7 DependenciesID=5b877613c616eeebaf4179e100261427 StaticDependenciesID=71ae6e35027ed8022be2d0a1e78f863e 
Importing 'GUID: 04e528f9b5d2f4fcd91999e3b4a8ad65 - Path: Assets/Art/ChubbyAircraft/NavyCoral_B737_800/Materials/Part_16.mat' with importer (NativeFormatImporter)
Main Object Name 'NavyCoral_B737_800_Part_16' does not match filename 'Part_16'
UnityEngine.Debug:ExtractStackTraceNoAlloc (byte*,int,string)
UnityEngine.StackTraceUtility:ExtractStackTrace () (at /Users/bokken/build/output/unity/unity/Runtime/Export/Scripting/StackTrace.cs:23)
ChubbyAircraftDelivery:SaveAndValidatePrefab (UnityEngine.GameObject,string,System.Text.StringBuilder) (at Assets/Editor/ChubbyAircraftDelivery.cs:250)
ChubbyAircraftDelivery:Run () (at Assets/Editor/ChubbyAircraftDelivery.cs:104)
ChubbyAircraftFinalCheck:Run () (at Assets/Editor/ChubbyAircraftFinalCheck.cs:5)

[Assets/Editor/ChubbyAircraftDelivery.cs line 104]

Imported 'GUID: 04e528f9b5d2f4fcd91999e3b4a8ad65' -> (Import Result ID: 'da1ab4b67497f3caa11dcbac87a1a3d9') in 0.000 seconds [static dependencies only]. Details - ImportResultOutputID=6fcc1bcbc0b7787579a2eccdd19aa4ef DependenciesID=c151f93c2a52457621affc8523b55c96 StaticDependenciesID=1e9272294b0345cb758a8e1a969b0489 
Importing 'GUID: 955662e3a94f5446a8dc5fa9da896263 - Path: Assets/Art/ChubbyAircraft/NavyCoral_B737_800/Materials/Part_10.mat' with importer (NativeFormatImporter)
Main Object Name 'NavyCoral_B737_800_Part_10' does not match filename 'Part_10'
UnityEngine.Debug:ExtractStackTraceNoAlloc (byte*,int,string)
UnityEngine.StackTraceUtility:ExtractStackTrace () (at /Users/bokken/build/output/unity/unity/Runtime/Export/Scripting/StackTrace.cs:23)
ChubbyAircraftDelivery:SaveAndValidatePrefab (UnityEngine.GameObject,string,System.Text.StringBuilder) (at Assets/Editor/ChubbyAircraftDelivery.cs:250)
ChubbyAircraftDelivery:Run () (at Assets/Editor/ChubbyAircraftDelivery.cs:104)
ChubbyAircraftFinalCheck:Run () (at Assets/Editor/ChubbyAircraftFinalCheck.cs:5)

[Assets/Editor/ChubbyAircraftDelivery.cs line 104]

Imported 'GUID: 955662e3a94f5446a8dc5fa9da896263' -> (Import Result ID: 'c9bb3f5b518930fcc64f4f4e340901ee') in 0.000 seconds [static dependencies only]. Details - ImportResultOutputID=1147ba6ad88ad55b96e4674816fd315d DependenciesID=80b4751c74dcbb6baf6d0ba176e27b70 StaticDependenciesID=9069e61367f231d50ccc724bf4120464 
Importing 'GUID: 76d32c70b13b64d1c902b7831c6aaf25 - Path: Assets/Art/ChubbyAircraft/NavyCoral_B737_800/Materials/Part_01.mat' with importer (NativeFormatImporter)
Main Object Name 'NavyCoral_B737_800_Part_01' does not match filename 'Part_01'
UnityEngine.Debug:ExtractStackTraceNoAlloc (byte*,int,string)
UnityEngine.StackTraceUtility:ExtractStackTrace () (at /Users/bokken/build/output/unity/unity/Runtime/Export/Scripting/StackTrace.cs:23)
ChubbyAircraftDelivery:SaveAndValidatePrefab (UnityEngine.GameObject,string,System.Text.StringBuilder) (at Assets/Editor/ChubbyAircraftDelivery.cs:250)
ChubbyAircraftDelivery:Run () (at Assets/Editor/ChubbyAircraftDelivery.cs:104)
ChubbyAircraftFinalCheck:Run () (at Assets/Editor/ChubbyAircraftFinalCheck.cs:5)

[Assets/Editor/ChubbyAircraftDelivery.cs line 104]

Imported 'GUID: 76d32c70b13b64d1c902b7831c6aaf25' -> (Import Result ID: '914e7e815ab03b1eeca481c7c7ed37b2') in 0.000 seconds [static dependencies only]. Details - ImportResultOutputID=c56386c57eb92f746df272883462c400 DependenciesID=8285641179e92deb365d496f4c630e76 StaticDependenciesID=41b30d26b48c7cf98f890b7fda2ba2c8 
Importing 'GUID: 17d1c7892e5cd499c9d49ffa4ecc920b - Path: Assets/Art/ChubbyAircraft/NavyCoral_B737_800/Materials/Part_08.mat' with importer (NativeFormatImporter)
Main Object Name 'NavyCoral_B737_800_Part_08' does not match filename 'Part_08'
UnityEngine.Debug:ExtractStackTraceNoAlloc (byte*,int,string)
UnityEngine.StackTraceUtility:ExtractStackTrace () (at /Users/bokken/build/output/unity/unity/Runtime/Export/Scripting/StackTrace.cs:23)
ChubbyAircraftDelivery:SaveAndValidatePrefab (UnityEngine.GameObject,string,System.Text.StringBuilder) (at Assets/Editor/ChubbyAircraftDelivery.cs:250)
ChubbyAircraftDelivery:Run () (at Assets/Editor/ChubbyAircraftDelivery.cs:104)
ChubbyAircraftFinalCheck:Run () (at Assets/Editor/ChubbyAircraftFinalCheck.cs:5)

[Assets/Editor/ChubbyAircraftDelivery.cs line 104]

Imported 'GUID: 17d1c7892e5cd499c9d49ffa4ecc920b' -> (Import Result ID: '64f9029365e321bd6a0624296918facc') in 0.000 seconds [static dependencies only]. Details - ImportResultOutputID=229c37c3b612694ddf9e0b1fdafaec8a DependenciesID=d4abcb030c18351999a89e8d62c38141 StaticDependenciesID=31752e42fb1150518e9817555a63d2b2 
Importing 'GUID: 170ef1a84587d46128f6c3e48712d5cb - Path: Assets/Art/ChubbyAircraft/NavyCoral_B737_800/Materials/Part_13.mat' with importer (NativeFormatImporter)
Main Object Name 'NavyCoral_B737_800_Part_13' does not match filename 'Part_13'
UnityEngine.Debug:ExtractStackTraceNoAlloc (byte*,int,string)
UnityEngine.StackTraceUtility:ExtractStackTrace () (at /Users/bokken/build/output/unity/unity/Runtime/Export/Scripting/StackTrace.cs:23)
ChubbyAircraftDelivery:SaveAndValidatePrefab (UnityEngine.GameObject,string,System.Text.StringBuilder) (at Assets/Editor/ChubbyAircraftDelivery.cs:250)
ChubbyAircraftDelivery:Run () (at Assets/Editor/ChubbyAircraftDelivery.cs:104)
ChubbyAircraftFinalCheck:Run () (at Assets/Editor/ChubbyAircraftFinalCheck.cs:5)

[Assets/Editor/ChubbyAircraftDelivery.cs line 104]

Imported 'GUID: 170ef1a84587d46128f6c3e48712d5cb' -> (Import Result ID: '2824629231950aa1e410eb4fcec166fb') in 0.000 seconds [static dependencies only]. Details - ImportResultOutputID=76b8e2411c82ce7ae997d90feb073a3d DependenciesID=6335c8e8d2e08ea5bb5492379dc63efe StaticDependenciesID=522e1627f493a0410fa5455f98393b56 
Importing 'GUID: 6aab03be502ec466a9c174d83d8ba6ed - Path: Assets/Art/ChubbyAircraft/NavyCoral_B737_800/Materials/Part_12.mat' with importer (NativeFormatImporter)
Main Object Name 'NavyCoral_B737_800_Part_12' does not match filename 'Part_12'
UnityEngine.Debug:ExtractStackTraceNoAlloc (byte*,int,string)
UnityEngine.StackTraceUtility:ExtractStackTrace () (at /Users/bokken/build/output/unity/unity/Runtime/Export/Scripting/StackTrace.cs:23)
ChubbyAircraftDelivery:SaveAndValidatePrefab (UnityEngine.GameObject,string,System.Text.StringBuilder) (at Assets/Editor/ChubbyAircraftDelivery.cs:250)
ChubbyAircraftDelivery:Run () (at Assets/Editor/ChubbyAircraftDelivery.cs:104)
ChubbyAircraftFinalCheck:Run () (at Assets/Editor/ChubbyAircraftFinalCheck.cs:5)

[Assets/Editor/ChubbyAircraftDelivery.cs line 104]

Imported 'GUID: 6aab03be502ec466a9c174d83d8ba6ed' -> (Import Result ID: '8b1537a81526f693dbf5a4615ce021e8') in 0.000 seconds [static dependencies only]. Details - ImportResultOutputID=42ec291ede2ba67316d392d0a5784179 DependenciesID=522aae961f7c67fe8eedd47fb1c58922 StaticDependenciesID=78393052bf9efa853a2a92366fd08ddd 
Importing 'GUID: 3bf81402de1264aff846416d04d33301 - Path: Assets/Art/ChubbyAircraft/NavyCoral_B737_800/Materials/Part_00.mat' with importer (NativeFormatImporter)
Main Object Name 'NavyCoral_B737_800_Part_00' does not match filename 'Part_00'
UnityEngine.Debug:ExtractStackTraceNoAlloc (byte*,int,string)
UnityEngine.StackTraceUtility:ExtractStackTrace () (at /Users/bokken/build/output/unity/unity/Runtime/Export/Scripting/StackTrace.cs:23)
ChubbyAircraftDelivery:SaveAndValidatePrefab (UnityEngine.GameObject,string,System.Text.StringBuilder) (at Assets/Editor/ChubbyAircraftDelivery.cs:250)
ChubbyAircraftDelivery:Run () (at Assets/Editor/ChubbyAircraftDelivery.cs:104)
ChubbyAircraftFinalCheck:Run () (at Assets/Editor/ChubbyAircraftFinalCheck.cs:5)

[Assets/Editor/ChubbyAircraftDelivery.cs line 104]

Imported 'GUID: 3bf81402de1264aff846416d04d33301' -> (Import Result ID: '96b821159fb927fec220175e879f4b1c') in 0.000 seconds [static dependencies only]. Details - ImportResultOutputID=06801d3470c2a78da5a47223f0a15692 DependenciesID=6a7de53e5d397dc88b8fcb4adff786c4 StaticDependenciesID=b1af6198cff92cc597b4d6e642135e43 
Importing 'GUID: 2cb57a3ed52dd4397b6cf1e25f4d825f - Path: Assets/Art/ChubbyAircraft/NavyCoral_B737_800/Materials/Part_03.mat' with importer (NativeFormatImporter)
Main Object Name 'NavyCoral_B737_800_Part_03' does not match filename 'Part_03'
UnityEngine.Debug:ExtractStackTraceNoAlloc (byte*,int,string)
UnityEngine.StackTraceUtility:ExtractStackTrace () (at /Users/bokken/build/output/unity/unity/Runtime/Export/Scripting/StackTrace.cs:23)
ChubbyAircraftDelivery:SaveAndValidatePrefab (UnityEngine.GameObject,string,System.Text.StringBuilder) (at Assets/Editor/ChubbyAircraftDelivery.cs:250)
ChubbyAircraftDelivery:Run () (at Assets/Editor/ChubbyAircraftDelivery.cs:104)
ChubbyAircraftFinalCheck:Run () (at Assets/Editor/ChubbyAircraftFinalCheck.cs:5)

[Assets/Editor/ChubbyAircraftDelivery.cs line 104]

Imported 'GUID: 2cb57a3ed52dd4397b6cf1e25f4d825f' -> (Import Result ID: '5e39f7c8245ae9c587f569519654c9d1') in 0.000 seconds [static dependencies only]. Details - ImportResultOutputID=337f1543ce12ba0b06ea2288b6ae1089 DependenciesID=b219d799e5634c139c742ee3817639d1 StaticDependenciesID=d08034d9f11cd2f0c12ac054692cac4e 
Importing 'GUID: 8c669d01f8aeb4de78b8333909b0ee95 - Path: Assets/Art/ChubbyAircraft/NavyCoral_B737_800/Materials/Part_09.mat' with importer (NativeFormatImporter)
Main Object Name 'NavyCoral_B737_800_Part_09' does not match filename 'Part_09'
UnityEngine.Debug:ExtractStackTraceNoAlloc (byte*,int,string)
UnityEngine.StackTraceUtility:ExtractStackTrace () (at /Users/bokken/build/output/unity/unity/Runtime/Export/Scripting/StackTrace.cs:23)
ChubbyAircraftDelivery:SaveAndValidatePrefab (UnityEngine.GameObject,string,System.Text.StringBuilder) (at Assets/Editor/ChubbyAircraftDelivery.cs:250)
ChubbyAircraftDelivery:Run () (at Assets/Editor/ChubbyAircraftDelivery.cs:104)
ChubbyAircraftFinalCheck:Run () (at Assets/Editor/ChubbyAircraftFinalCheck.cs:5)

[Assets/Editor/ChubbyAircraftDelivery.cs line 104]

Imported 'GUID: 8c669d01f8aeb4de78b8333909b0ee95' -> (Import Result ID: 'ee1496c19a1fa646273e19f94d18a5d5') in 0.000 seconds [static dependencies only]. Details - ImportResultOutputID=f98d27dd94138fc0d114e79ae124dc09 DependenciesID=f299ff53d4330afe025f61a9e88684d3 StaticDependenciesID=ee9dde0b3729996dc7b78e1f096b71b9 
Importing 'GUID: dc387ddd77dbe4b69931f941b371cda0 - Path: Assets/Art/ChubbyAircraft/NavyCoral_B737_800/Materials/Part_07.mat' with importer (NativeFormatImporter)
Main Object Name 'NavyCoral_B737_800_Part_07' does not match filename 'Part_07'
UnityEngine.Debug:ExtractStackTraceNoAlloc (byte*,int,string)
UnityEngine.StackTraceUtility:ExtractStackTrace () (at /Users/bokken/build/output/unity/unity/Runtime/Export/Scripting/StackTrace.cs:23)
ChubbyAircraftDelivery:SaveAndValidatePrefab (UnityEngine.GameObject,string,System.Text.StringBuilder) (at Assets/Editor/ChubbyAircraftDelivery.cs:250)
ChubbyAircraftDelivery:Run () (at Assets/Editor/ChubbyAircraftDelivery.cs:104)
ChubbyAircraftFinalCheck:Run () (at Assets/Editor/ChubbyAircraftFinalCheck.cs:5)

[Assets/Editor/ChubbyAircraftDelivery.cs line 104]

Imported 'GUID: dc387ddd77dbe4b69931f941b371cda0' -> (Import Result ID: 'f9237496dc3527da5d99848ebee3e871') in 0.000 seconds [static dependencies only]. Details - ImportResultOutputID=31dc3038eedb285f57601d3c23e0b485 DependenciesID=172b3583c5fd7e5a8e626c32010dff9d StaticDependenciesID=9a33e1fa716592d7d66d7bbab188d298 
Importing 'GUID: 6ecbebdf060e04447a7c5ff949388e8f - Path: Assets/Art/ChubbyAircraft/NavyCoral_B737_800/Materials/Part_04.mat' with importer (NativeFormatImporter)
Main Object Name 'NavyCoral_B737_800_Part_04' does not match filename 'Part_04'
UnityEngine.Debug:ExtractStackTraceNoAlloc (byte*,int,string)
UnityEngine.StackTraceUtility:ExtractStackTrace () (at /Users/bokken/build/output/unity/unity/Runtime/Export/Scripting/StackTrace.cs:23)
ChubbyAircraftDelivery:SaveAndValidatePrefab (UnityEngine.GameObject,string,System.Text.StringBuilder) (at Assets/Editor/ChubbyAircraftDelivery.cs:250)
ChubbyAircraftDelivery:Run () (at Assets/Editor/ChubbyAircraftDelivery.cs:104)
ChubbyAircraftFinalCheck:Run () (at Assets/Editor/ChubbyAircraftFinalCheck.cs:5)

[Assets/Editor/ChubbyAircraftDelivery.cs line 104]

Imported 'GUID: 6ecbebdf060e04447a7c5ff949388e8f' -> (Import Result ID: 'b36e78ee4bd8200575304a62659e73a3') in 0.000 seconds [static dependencies only]. Details - ImportResultOutputID=c7fd1d1f700a194ebcb64c0ed701ef4f DependenciesID=cedcdbc8dfbae5febc6a8848c18cb714 StaticDependenciesID=4e273e4aa90ef145d467f2fb943eee39 
Importing 'GUID: 8f19aabcc774d41ca9d2a9d4955f2e61 - Path: Assets/Art/ChubbyAircraft/NavyCoral_B737_800/Materials/Part_15.mat' with importer (NativeFormatImporter)
Main Object Name 'NavyCoral_B737_800_Part_15' does not match filename 'Part_15'
UnityEngine.Debug:ExtractStackTraceNoAlloc (byte*,int,string)
UnityEngine.StackTraceUtility:ExtractStackTrace () (at /Users/bokken/build/output/unity/unity/Runtime/Export/Scripting/StackTrace.cs:23)
ChubbyAircraftDelivery:SaveAndValidatePrefab (UnityEngine.GameObject,string,System.Text.StringBuilder) (at Assets/Editor/ChubbyAircraftDelivery.cs:250)
ChubbyAircraftDelivery:Run () (at Assets/Editor/ChubbyAircraftDelivery.cs:104)
ChubbyAircraftFinalCheck:Run () (at Assets/Editor/ChubbyAircraftFinalCheck.cs:5)

[Assets/Editor/ChubbyAircraftDelivery.cs line 104]

Imported 'GUID: 8f19aabcc774d41ca9d2a9d4955f2e61' -> (Import Result ID: 'dcdd9a02064c24d8a5a499127788224d') in 0.000 seconds [static dependencies only]. Details - ImportResultOutputID=32d05b31a8239ab2d551c6a2a5d5ae9a DependenciesID=9f25ec49ea8611cb38cf2af2917d258a StaticDependenciesID=91d2f1adfad95cefb9ddbb8305e000b7 
Importing 'GUID: bfc6ec7ece36545a3934579ffed97f29 - Path: Assets/Art/ChubbyAircraft/NavyCoral_B737_800/Materials/Part_14.mat' with importer (NativeFormatImporter)
Main Object Name 'NavyCoral_B737_800_Part_14' does not match filename 'Part_14'
UnityEngine.Debug:ExtractStackTraceNoAlloc (byte*,int,string)
UnityEngine.StackTraceUtility:ExtractStackTrace () (at /Users/bokken/build/output/unity/unity/Runtime/Export/Scripting/StackTrace.cs:23)
ChubbyAircraftDelivery:SaveAndValidatePrefab (UnityEngine.GameObject,string,System.Text.StringBuilder) (at Assets/Editor/ChubbyAircraftDelivery.cs:250)
ChubbyAircraftDelivery:Run () (at Assets/Editor/ChubbyAircraftDelivery.cs:104)
ChubbyAircraftFinalCheck:Run () (at Assets/Editor/ChubbyAircraftFinalCheck.cs:5)

[Assets/Editor/ChubbyAircraftDelivery.cs line 104]

Imported 'GUID: bfc6ec7ece36545a3934579ffed97f29' -> (Import Result ID: '9c1d8ed59f07f0930b40455c09d06782') in 0.000 seconds [static dependencies only]. Details - ImportResultOutputID=592a4f6868a84baf86b4b5236e5a3bc1 DependenciesID=6fe5b6b1d25d0a9f1ba5dd47944e0516 StaticDependenciesID=df1106d5c1478be03b6b3d0b0e764f43 
Importing 'GUID: e23b10acfa24947af982d3c18a1ffc5d - Path: Assets/Art/ChubbyAircraft/NavyCoral_B737_800/Meshes/Part_06.asset' with importer (NativeFormatImporter)
Main Object Name 'NavyCoral_B737_800_Part_06' does not match filename 'Part_06'
UnityEngine.Debug:ExtractStackTraceNoAlloc (byte*,int,string)
UnityEngine.StackTraceUtility:ExtractStackTrace () (at /Users/bokken/build/output/unity/unity/Runtime/Export/Scripting/StackTrace.cs:23)
ChubbyAircraftDelivery:SaveAndValidatePrefab (UnityEngine.GameObject,string,System.Text.StringBuilder) (at Assets/Editor/ChubbyAircraftDelivery.cs:250)
ChubbyAircraftDelivery:Run () (at Assets/Editor/ChubbyAircraftDelivery.cs:104)
ChubbyAircraftFinalCheck:Run () (at Assets/Editor/ChubbyAircraftFinalCheck.cs:5)

[Assets/Editor/ChubbyAircraftDelivery.cs line 104]

Imported 'GUID: e23b10acfa24947af982d3c18a1ffc5d' -> (Import Result ID: '083339d561fdeb427032782d30c1deaf') in 0.000 seconds [static dependencies only]. Details - ImportResultOutputID=097175e30fbc86a5f7bbde92aeb916dc DependenciesID=4b9c5a34e0d0e4dd5c3ef63892b18843 StaticDependenciesID=4e9db21b390c4f11183c4997d4b426e8 
Importing 'GUID: d38a231d80fdf4f7cb576803b92848a7 - Path: Assets/Art/ChubbyAircraft/NavyCoral_B737_800/Meshes/Part_08.asset' with importer (NativeFormatImporter)
Main Object Name 'NavyCoral_B737_800_Part_08' does not match filename 'Part_08'
UnityEngine.Debug:ExtractStackTraceNoAlloc (byte*,int,string)
UnityEngine.StackTraceUtility:ExtractStackTrace () (at /Users/bokken/build/output/unity/unity/Runtime/Export/Scripting/StackTrace.cs:23)
ChubbyAircraftDelivery:SaveAndValidatePrefab (UnityEngine.GameObject,string,System.Text.StringBuilder) (at Assets/Editor/ChubbyAircraftDelivery.cs:250)
ChubbyAircraftDelivery:Run () (at Assets/Editor/ChubbyAircraftDelivery.cs:104)
ChubbyAircraftFinalCheck:Run () (at Assets/Editor/ChubbyAircraftFinalCheck.cs:5)

[Assets/Editor/ChubbyAircraftDelivery.cs line 104]

Imported 'GUID: d38a231d80fdf4f7cb576803b92848a7' -> (Import Result ID: '4b6b3a7a00c521a9e8e6c96632d02674') in 0.000 seconds [static dependencies only]. Details - ImportResultOutputID=28fd5aa88a6085255f201a1451f96d70 DependenciesID=cdd02ebc80f1889d08e42a08c1c21435 StaticDependenciesID=aa08e4a9fd6e0ec7615e055d107ce84f 
Importing 'GUID: 052c811fb88eb40c1b924352a9590bfa - Path: Assets/Art/ChubbyAircraft/NavyCoral_B737_800/Meshes/Part_07.asset' with importer (NativeFormatImporter)
Main Object Name 'NavyCoral_B737_800_Part_07' does not match filename 'Part_07'
UnityEngine.Debug:ExtractStackTraceNoAlloc (byte*,int,string)
UnityEngine.StackTraceUtility:ExtractStackTrace () (at /Users/bokken/build/output/unity/unity/Runtime/Export/Scripting/StackTrace.cs:23)
ChubbyAircraftDelivery:SaveAndValidatePrefab (UnityEngine.GameObject,string,System.Text.StringBuilder) (at Assets/Editor/ChubbyAircraftDelivery.cs:250)
ChubbyAircraftDelivery:Run () (at Assets/Editor/ChubbyAircraftDelivery.cs:104)
ChubbyAircraftFinalCheck:Run () (at Assets/Editor/ChubbyAircraftFinalCheck.cs:5)

[Assets/Editor/ChubbyAircraftDelivery.cs line 104]

Imported 'GUID: 052c811fb88eb40c1b924352a9590bfa' -> (Import Result ID: 'fe89d9e014bbf9876d45d682c753c0b7') in 0.000 seconds [static dependencies only]. Details - ImportResultOutputID=c18a3b5ed093ba84c5aaaa59d6314ff7 DependenciesID=343e90bb329d3ffa04f781267e9e4225 StaticDependenciesID=b155a6b331b1f9ac43163ce0def6726a 
Importing 'GUID: 0741066191d6240f69033289403f06f2 - Path: Assets/Art/ChubbyAircraft/NavyCoral_B737_800/Meshes/Part_12.asset' with importer (NativeFormatImporter)
Main Object Name 'NavyCoral_B737_800_Part_12' does not match filename 'Part_12'
UnityEngine.Debug:ExtractStackTraceNoAlloc (byte*,int,string)
UnityEngine.StackTraceUtility:ExtractStackTrace () (at /Users/bokken/build/output/unity/unity/Runtime/Export/Scripting/StackTrace.cs:23)
ChubbyAircraftDelivery:SaveAndValidatePrefab (UnityEngine.GameObject,string,System.Text.StringBuilder) (at Assets/Editor/ChubbyAircraftDelivery.cs:250)
ChubbyAircraftDelivery:Run () (at Assets/Editor/ChubbyAircraftDelivery.cs:104)
ChubbyAircraftFinalCheck:Run () (at Assets/Editor/ChubbyAircraftFinalCheck.cs:5)

[Assets/Editor/ChubbyAircraftDelivery.cs line 104]

Imported 'GUID: 0741066191d6240f69033289403f06f2' -> (Import Result ID: '3e7d9ef75d351755d39452aa4e1f8020') in 0.000 seconds [static dependencies only]. Details - ImportResultOutputID=d397e9e4b95717e7cd6d2aefba5505f4 DependenciesID=caf5e669f0ee5f7c8a2279643b1120be StaticDependenciesID=69d30730828a80b1d52ad02c92f417cc 
Importing 'GUID: 9799aad52a1ac421ca2ecca974692a4b - Path: Assets/Art/ChubbyAircraft/NavyCoral_B737_800/Meshes/Part_10.asset' with importer (NativeFormatImporter)
Main Object Name 'NavyCoral_B737_800_Part_10' does not match filename 'Part_10'
UnityEngine.Debug:ExtractStackTraceNoAlloc (byte*,int,string)
UnityEngine.StackTraceUtility:ExtractStackTrace () (at /Users/bokken/build/output/unity/unity/Runtime/Export/Scripting/StackTrace.cs:23)
ChubbyAircraftDelivery:SaveAndValidatePrefab (UnityEngine.GameObject,string,System.Text.StringBuilder) (at Assets/Editor/ChubbyAircraftDelivery.cs:250)
ChubbyAircraftDelivery:Run () (at Assets/Editor/ChubbyAircraftDelivery.cs:104)
ChubbyAircraftFinalCheck:Run () (at Assets/Editor/ChubbyAircraftFinalCheck.cs:5)

[Assets/Editor/ChubbyAircraftDelivery.cs line 104]

Imported 'GUID: 9799aad52a1ac421ca2ecca974692a4b' -> (Import Result ID: '5641c25be5d4e2bb5ee82250f440d0c1') in 0.000 seconds [static dependencies only]. Details - ImportResultOutputID=95426892df1934e6d0d595cc07e6a0bc DependenciesID=660fffe744afe566d79c425902097fc9 StaticDependenciesID=5a253dc3b2d0d5ad5117156289138280 
Importing 'GUID: e7326e65f6e134aeca4a822d3eed00d4 - Path: Assets/Art/ChubbyAircraft/NavyCoral_B737_800/Meshes/Part_01.asset' with importer (NativeFormatImporter)
Main Object Name 'NavyCoral_B737_800_Part_01' does not match filename 'Part_01'
UnityEngine.Debug:ExtractStackTraceNoAlloc (byte*,int,string)
UnityEngine.StackTraceUtility:ExtractStackTrace () (at /Users/bokken/build/output/unity/unity/Runtime/Export/Scripting/StackTrace.cs:23)
ChubbyAircraftDelivery:SaveAndValidatePrefab (UnityEngine.GameObject,string,System.Text.StringBuilder) (at Assets/Editor/ChubbyAircraftDelivery.cs:250)
ChubbyAircraftDelivery:Run () (at Assets/Editor/ChubbyAircraftDelivery.cs:104)
ChubbyAircraftFinalCheck:Run () (at Assets/Editor/ChubbyAircraftFinalCheck.cs:5)

[Assets/Editor/ChubbyAircraftDelivery.cs line 104]

Imported 'GUID: e7326e65f6e134aeca4a822d3eed00d4' -> (Import Result ID: '2bc8e1b1fff719fa882a21bea5de0a33') in 0.001 seconds [static dependencies only]. Details - ImportResultOutputID=85c0947b71d76ca7b8d84c25cf35aa1b DependenciesID=e735a2ba5df881e61ffa87da1eba2aee StaticDependenciesID=a598a8530b9926cba4bd3701c0c26a1f 
Importing 'GUID: 184fa3c7d2107478b9edcfb86409b8cf - Path: Assets/Art/ChubbyAircraft/NavyCoral_B737_800/Meshes/Part_09.asset' with importer (NativeFormatImporter)
Main Object Name 'NavyCoral_B737_800_Part_09' does not match filename 'Part_09'
UnityEngine.Debug:ExtractStackTraceNoAlloc (byte*,int,string)
UnityEngine.StackTraceUtility:ExtractStackTrace () (at /Users/bokken/build/output/unity/unity/Runtime/Export/Scripting/StackTrace.cs:23)
ChubbyAircraftDelivery:SaveAndValidatePrefab (UnityEngine.GameObject,string,System.Text.StringBuilder) (at Assets/Editor/ChubbyAircraftDelivery.cs:250)
ChubbyAircraftDelivery:Run () (at Assets/Editor/ChubbyAircraftDelivery.cs:104)
ChubbyAircraftFinalCheck:Run () (at Assets/Editor/ChubbyAircraftFinalCheck.cs:5)

[Assets/Editor/ChubbyAircraftDelivery.cs line 104]

Imported 'GUID: 184fa3c7d2107478b9edcfb86409b8cf' -> (Import Result ID: '8bde3c9868713dbc5ffa564fad91380a') in 0.000 seconds [static dependencies only]. Details - ImportResultOutputID=8b5a63c0a85d2207cbbcae682bf9af65 DependenciesID=31cb481c7e6d3e1c8b43ae4e4877c5d6 StaticDependenciesID=c2c89f3bf74f502b070e6ed6c411fe75 
Importing 'GUID: 48bf7d5376006433c8aba221c54ab908 - Path: Assets/Art/ChubbyAircraft/NavyCoral_B737_800/Meshes/Part_11.asset' with importer (NativeFormatImporter)
Main Object Name 'NavyCoral_B737_800_Part_11' does not match filename 'Part_11'
UnityEngine.Debug:ExtractStackTraceNoAlloc (byte*,int,string)
UnityEngine.StackTraceUtility:ExtractStackTrace () (at /Users/bokken/build/output/unity/unity/Runtime/Export/Scripting/StackTrace.cs:23)
ChubbyAircraftDelivery:SaveAndValidatePrefab (UnityEngine.GameObject,string,System.Text.StringBuilder) (at Assets/Editor/ChubbyAircraftDelivery.cs:250)
ChubbyAircraftDelivery:Run () (at Assets/Editor/ChubbyAircraftDelivery.cs:104)
ChubbyAircraftFinalCheck:Run () (at Assets/Editor/ChubbyAircraftFinalCheck.cs:5)

[Assets/Editor/ChubbyAircraftDelivery.cs line 104]

Imported 'GUID: 48bf7d5376006433c8aba221c54ab908' -> (Import Result ID: '0fd59df81800e6a518f91b34d35179ff') in 0.000 seconds [static dependencies only]. Details - ImportResultOutputID=ece7ac67829c240d3915437f3024c4bb DependenciesID=1e6763da171e692aa565fdaf4ed56cc1 StaticDependenciesID=f356fe4c09553d4432d4b66c8f25bfad 
Importing 'GUID: 0aacc838f2d254ca0984b1f41766a188 - Path: Assets/Art/ChubbyAircraft/NavyCoral_B737_800/Meshes/Part_05.asset' with importer (NativeFormatImporter)
Main Object Name 'NavyCoral_B737_800_Part_05' does not match filename 'Part_05'
UnityEngine.Debug:ExtractStackTraceNoAlloc (byte*,int,string)
UnityEngine.StackTraceUtility:ExtractStackTrace () (at /Users/bokken/build/output/unity/unity/Runtime/Export/Scripting/StackTrace.cs:23)
ChubbyAircraftDelivery:SaveAndValidatePrefab (UnityEngine.GameObject,string,System.Text.StringBuilder) (at Assets/Editor/ChubbyAircraftDelivery.cs:250)
ChubbyAircraftDelivery:Run () (at Assets/Editor/ChubbyAircraftDelivery.cs:104)
ChubbyAircraftFinalCheck:Run () (at Assets/Editor/ChubbyAircraftFinalCheck.cs:5)

[Assets/Editor/ChubbyAircraftDelivery.cs line 104]

Imported 'GUID: 0aacc838f2d254ca0984b1f41766a188' -> (Import Result ID: 'd126b4864ad0311d96bafc054f1d7df5') in 0.000 seconds [static dependencies only]. Details - ImportResultOutputID=bd43f3164bdd9a85d8efad647e9e172b DependenciesID=93e7bd700c492b0dc03b323cbd8bf7a2 StaticDependenciesID=d33db6e0841aed218b994eb7168b7390 
Importing 'GUID: 5aea9a67f2af040e1b3423337dfbdada - Path: Assets/Art/ChubbyAircraft/NavyCoral_B737_800/Meshes/Part_02.asset' with importer (NativeFormatImporter)
Main Object Name 'NavyCoral_B737_800_Part_02' does not match filename 'Part_02'
UnityEngine.Debug:ExtractStackTraceNoAlloc (byte*,int,string)
UnityEngine.StackTraceUtility:ExtractStackTrace () (at /Users/bokken/build/output/unity/unity/Runtime/Export/Scripting/StackTrace.cs:23)
ChubbyAircraftDelivery:SaveAndValidatePrefab (UnityEngine.GameObject,string,System.Text.StringBuilder) (at Assets/Editor/ChubbyAircraftDelivery.cs:250)
ChubbyAircraftDelivery:Run () (at Assets/Editor/ChubbyAircraftDelivery.cs:104)
ChubbyAircraftFinalCheck:Run () (at Assets/Editor/ChubbyAircraftFinalCheck.cs:5)

[Assets/Editor/ChubbyAircraftDelivery.cs line 104]

Imported 'GUID: 5aea9a67f2af040e1b3423337dfbdada' -> (Import Result ID: '924568d382062c9c7b8370ad3d442c86') in 0.001 seconds [static dependencies only]. Details - ImportResultOutputID=1b02950f328b7c6ad25d173e58552867 DependenciesID=0c1a8a55d42439e773b34318a6e10936 StaticDependenciesID=687ccd81c86032d272aefa5d5950e8ca 
Importing 'GUID: 9ca0b53106e04403b8977b398bfbc669 - Path: Assets/Art/ChubbyAircraft/NavyCoral_B737_800/Meshes/Part_14.asset' with importer (NativeFormatImporter)
Main Object Name 'NavyCoral_B737_800_Part_14' does not match filename 'Part_14'
UnityEngine.Debug:ExtractStackTraceNoAlloc (byte*,int,string)
UnityEngine.StackTraceUtility:ExtractStackTrace () (at /Users/bokken/build/output/unity/unity/Runtime/Export/Scripting/StackTrace.cs:23)
ChubbyAircraftDelivery:SaveAndValidatePrefab (UnityEngine.GameObject,string,System.Text.StringBuilder) (at Assets/Editor/ChubbyAircraftDelivery.cs:250)
ChubbyAircraftDelivery:Run () (at Assets/Editor/ChubbyAircraftDelivery.cs:104)
ChubbyAircraftFinalCheck:Run () (at Assets/Editor/ChubbyAircraftFinalCheck.cs:5)

[Assets/Editor/ChubbyAircraftDelivery.cs line 104]

Imported 'GUID: 9ca0b53106e04403b8977b398bfbc669' -> (Import Result ID: '312467002ca453253b7aa9efab1c8f98') in 0.000 seconds [static dependencies only]. Details - ImportResultOutputID=71ddab41472e2d8f1d940a0e35515313 DependenciesID=e1d6d1d9a3bc0ab50959eb9a9badd142 StaticDependenciesID=57e3419b421eededc699932743c024f6 
Importing 'GUID: 1db28c12cec184b01a289a3c34cf4c4e - Path: Assets/Art/ChubbyAircraft/NavyCoral_B737_800/Meshes/Part_03.asset' with importer (NativeFormatImporter)
Main Object Name 'NavyCoral_B737_800_Part_03' does not match filename 'Part_03'
UnityEngine.Debug:ExtractStackTraceNoAlloc (byte*,int,string)
UnityEngine.StackTraceUtility:ExtractStackTrace () (at /Users/bokken/build/output/unity/unity/Runtime/Export/Scripting/StackTrace.cs:23)
ChubbyAircraftDelivery:SaveAndValidatePrefab (UnityEngine.GameObject,string,System.Text.StringBuilder) (at Assets/Editor/ChubbyAircraftDelivery.cs:250)
ChubbyAircraftDelivery:Run () (at Assets/Editor/ChubbyAircraftDelivery.cs:104)
ChubbyAircraftFinalCheck:Run () (at Assets/Editor/ChubbyAircraftFinalCheck.cs:5)

[Assets/Editor/ChubbyAircraftDelivery.cs line 104]

Imported 'GUID: 1db28c12cec184b01a289a3c34cf4c4e' -> (Import Result ID: '97ae275d9f72851f66ddcac32f70b804') in 0.001 seconds [static dependencies only]. Details - ImportResultOutputID=ab95a9262802cf75ff1413ca18599188 DependenciesID=b9c776e485c7c4e618f9a574540953fc StaticDependenciesID=6d7be1da010b873a7ea0007610786668 
Importing 'GUID: 2d4f3a98b7baa4f1bbb16f8bf2447f11 - Path: Assets/Art/ChubbyAircraft/NavyCoral_B737_800/Meshes/Part_15.asset' with importer (NativeFormatImporter)
Main Object Name 'NavyCoral_B737_800_Part_15' does not match filename 'Part_15'
UnityEngine.Debug:ExtractStackTraceNoAlloc (byte*,int,string)
UnityEngine.StackTraceUtility:ExtractStackTrace () (at /Users/bokken/build/output/unity/unity/Runtime/Export/Scripting/StackTrace.cs:23)
ChubbyAircraftDelivery:SaveAndValidatePrefab (UnityEngine.GameObject,string,System.Text.StringBuilder) (at Assets/Editor/ChubbyAircraftDelivery.cs:250)
ChubbyAircraftDelivery:Run () (at Assets/Editor/ChubbyAircraftDelivery.cs:104)
ChubbyAircraftFinalCheck:Run () (at Assets/Editor/ChubbyAircraftFinalCheck.cs:5)

[Assets/Editor/ChubbyAircraftDelivery.cs line 104]

Imported 'GUID: 2d4f3a98b7baa4f1bbb16f8bf2447f11' -> (Import Result ID: 'ff74d8d718e397ab74bdd9b3fb731b05') in 0.000 seconds [static dependencies only]. Details - ImportResultOutputID=d2fb7f442313f40887922ad0e1866fb0 DependenciesID=8aeb9f0b47c465b04237bccb73846c05 StaticDependenciesID=51fe2666218e759b38beb6a44f04afec 
Importing 'GUID: 3d681f186276e491aae71844939537c4 - Path: Assets/Art/ChubbyAircraft/NavyCoral_B737_800/Meshes/Part_16.asset' with importer (NativeFormatImporter)
Main Object Name 'NavyCoral_B737_800_Part_16' does not match filename 'Part_16'
UnityEngine.Debug:ExtractStackTraceNoAlloc (byte*,int,string)
UnityEngine.StackTraceUtility:ExtractStackTrace () (at /Users/bokken/build/output/unity/unity/Runtime/Export/Scripting/StackTrace.cs:23)
ChubbyAircraftDelivery:SaveAndValidatePrefab (UnityEngine.GameObject,string,System.Text.StringBuilder) (at Assets/Editor/ChubbyAircraftDelivery.cs:250)
ChubbyAircraftDelivery:Run () (at Assets/Editor/ChubbyAircraftDelivery.cs:104)
ChubbyAircraftFinalCheck:Run () (at Assets/Editor/ChubbyAircraftFinalCheck.cs:5)

[Assets/Editor/ChubbyAircraftDelivery.cs line 104]

Imported 'GUID: 3d681f186276e491aae71844939537c4' -> (Import Result ID: 'f6967b4af3ba093c697f6a999c6f793e') in 0.001 seconds [static dependencies only]. Details - ImportResultOutputID=28f8565f7065fb99bce5ecd7d3aebb22 DependenciesID=00ca4bf5f093ae6633ad40c7e9074b22 StaticDependenciesID=6595992c5f101f0b466e4788eae6d3ac 
Importing 'GUID: 3e07abc81863d4d968f161599ccc52a4 - Path: Assets/Art/ChubbyAircraft/NavyCoral_B737_800/Meshes/Part_04.asset' with importer (NativeFormatImporter)
Main Object Name 'NavyCoral_B737_800_Part_04' does not match filename 'Part_04'
UnityEngine.Debug:ExtractStackTraceNoAlloc (byte*,int,string)
UnityEngine.StackTraceUtility:ExtractStackTrace () (at /Users/bokken/build/output/unity/unity/Runtime/Export/Scripting/StackTrace.cs:23)
ChubbyAircraftDelivery:SaveAndValidatePrefab (UnityEngine.GameObject,string,System.Text.StringBuilder) (at Assets/Editor/ChubbyAircraftDelivery.cs:250)
ChubbyAircraftDelivery:Run () (at Assets/Editor/ChubbyAircraftDelivery.cs:104)
ChubbyAircraftFinalCheck:Run () (at Assets/Editor/ChubbyAircraftFinalCheck.cs:5)

[Assets/Editor/ChubbyAircraftDelivery.cs line 104]

Imported 'GUID: 3e07abc81863d4d968f161599ccc52a4' -> (Import Result ID: 'f91fbb2c977fcd69e1276469f8b3eb6f') in 0.000 seconds [static dependencies only]. Details - ImportResultOutputID=5cdfcb4d17626d8f3a0f8935f8ed15bb DependenciesID=025a0ca93dc1d945444450a8c510f31f StaticDependenciesID=29ec7c40975e84dd6ad969f3032be71d 
Importing 'GUID: 7e912adc207cb4031b18f91f9fdde6f0 - Path: Assets/Art/ChubbyAircraft/NavyCoral_B737_800/Meshes/Part_13.asset' with importer (NativeFormatImporter)
Main Object Name 'NavyCoral_B737_800_Part_13' does not match filename 'Part_13'
UnityEngine.Debug:ExtractStackTraceNoAlloc (byte*,int,string)
UnityEngine.StackTraceUtility:ExtractStackTrace () (at /Users/bokken/build/output/unity/unity/Runtime/Export/Scripting/StackTrace.cs:23)
ChubbyAircraftDelivery:SaveAndValidatePrefab (UnityEngine.GameObject,string,System.Text.StringBuilder) (at Assets/Editor/ChubbyAircraftDelivery.cs:250)
ChubbyAircraftDelivery:Run () (at Assets/Editor/ChubbyAircraftDelivery.cs:104)
ChubbyAircraftFinalCheck:Run () (at Assets/Editor/ChubbyAircraftFinalCheck.cs:5)

[Assets/Editor/ChubbyAircraftDelivery.cs line 104]

Imported 'GUID: 7e912adc207cb4031b18f91f9fdde6f0' -> (Import Result ID: 'ca0b288ab2efe0974eee8e5f8e6531f1') in 0.000 seconds [static dependencies only]. Details - ImportResultOutputID=a266e96e35c4a60367e237471689ae09 DependenciesID=502683f4ea7bab860f2de1f07d1e718c StaticDependenciesID=92fc97b6ee1c37067b4eb83e0ca4e1df 
Importing 'GUID: 7f8f0b97957494a159ae24f9f673bf1d - Path: Assets/Art/ChubbyAircraft/NavyCoral_B737_800/Meshes/Part_00.asset' with importer (NativeFormatImporter)
Main Object Name 'NavyCoral_B737_800_Part_00' does not match filename 'Part_00'
UnityEngine.Debug:ExtractStackTraceNoAlloc (byte*,int,string)
UnityEngine.StackTraceUtility:ExtractStackTrace () (at /Users/bokken/build/output/unity/unity/Runtime/Export/Scripting/StackTrace.cs:23)
ChubbyAircraftDelivery:SaveAndValidatePrefab (UnityEngine.GameObject,string,System.Text.StringBuilder) (at Assets/Editor/ChubbyAircraftDelivery.cs:250)
ChubbyAircraftDelivery:Run () (at Assets/Editor/ChubbyAircraftDelivery.cs:104)
ChubbyAircraftFinalCheck:Run () (at Assets/Editor/ChubbyAircraftFinalCheck.cs:5)

[Assets/Editor/ChubbyAircraftDelivery.cs line 104]

Imported 'GUID: 7f8f0b97957494a159ae24f9f673bf1d' -> (Import Result ID: '849cc9b2763bcbb6b33439b4ffc0aa29') in 0.001 seconds [static dependencies only]. Details - ImportResultOutputID=c6f5722486234304138843f04bb2d7b8 DependenciesID=ba37f3b80f3a22002a25df7971d2d3a8 StaticDependenciesID=da2350b6a48846fff0f29fa409b5b62e 
Asset Pipeline Refresh (id=fe1be07d740ed46699f9f08df48cb0c7): Total: 0.028 seconds - Initiated by StopAssetImportingV2(NoUpdateAssetOptions)
Importing 'GUID: 145b701099c2c4996a63a7b3ff262037 - Path: Assets/Art/ChubbyAircraft/NavyCoral_B737_800/NavyCoral_B737_800.prefab' with importer (PrefabImporter)
Imported 'GUID: 145b701099c2c4996a63a7b3ff262037' -> (Import Result ID: '5bc6e6c6e5b943df19a0dde3123eb8f4') in 0.001 seconds [static dependencies only]. Details - ImportResultOutputID=58a488cf8be0e16d9384cae1a4949f2f DependenciesID=cd5b61b92acf54ffd9e02efd7b1ce129 StaticDependenciesID=a05e52751c6da226fffe1ea0deae71d9 
Asset Pipeline Refresh (id=9999d50b27e9a4ccea806dedff8c0df9): Total: 0.005 seconds - Initiated by StopAssetImportingV2(NoUpdateAssetOptions)
Loaded scene 'Library/Unused/6021c8ee17ff748abb1b0d3595a89462'
	Deserialize:            0.408 ms
	Integration:            0.174 ms
	Integration of assets:  0.001 ms
	Thread Wait Time:       0.008 ms
	Total Operation Time:   0.590 ms
Asset Pipeline Refresh (id=50dddada847e6402997f70d5c52b3bfa): Total: 0.003 seconds - Initiated by StopAssetImportingV2(NoUpdateAssetOptions)
Importing 'GUID: 0b04c22e4a21f42748a787bcc130e19c - Path: Assets/Art/ChubbyAircraft/ChubbyAircraft.prefab' with importer (PrefabImporter)
Imported 'GUID: 0b04c22e4a21f42748a787bcc130e19c' -> (Import Result ID: 'ef7119c511f00ba9b422c16318b90d9d') in 0.001 seconds [static dependencies only]. Details - ImportResultOutputID=74ba08758ddd3ab477631c99c1df28c3 DependenciesID=cbaf4a3300c7c25561e083beb1cc00d1 StaticDependenciesID=911cba97953a7dfbbb2ad424e72f9163 
Asset Pipeline Refresh (id=ecc5575a7baf5488bb42d5fb5907bf11): Total: 0.005 seconds - Initiated by StopAssetImportingV2(NoUpdateAssetOptions)
Loaded scene 'Library/Unused/8f3d1eb0cca714d869cb5328b561af42'
	Deserialize:            0.241 ms
	Integration:            0.097 ms
	Integration of assets:  0.001 ms
	Thread Wait Time:       0.005 ms
	Total Operation Time:   0.342 ms
Worker ready: AssetImportWorkerHW0 0
Asset Pipeline Refresh (id=477ba5766e7db478cb994c1d2aa750e3): Total: 0.004 seconds - Initiated by StopAssetImportingV2(NoUpdateAssetOptions)
Importing 'GUID: c24e62c818c8f444c909716229acec4e - Path: Assets/Art/ChubbyAircraft/NavyCoral_A380_800/Materials/Part_06.mat' with importer (NativeFormatImporter)
Main Object Name 'NavyCoral_A380_800_Part_06' does not match filename 'Part_06'
UnityEngine.Debug:ExtractStackTraceNoAlloc (byte*,int,string)
UnityEngine.StackTraceUtility:ExtractStackTrace () (at /Users/bokken/build/output/unity/unity/Runtime/Export/Scripting/StackTrace.cs:23)
ChubbyAircraftDelivery:SaveAndValidatePrefab (UnityEngine.GameObject,string,System.Text.StringBuilder) (at Assets/Editor/ChubbyAircraftDelivery.cs:250)
ChubbyAircraftDelivery:Run () (at Assets/Editor/ChubbyAircraftDelivery.cs:104)
ChubbyAircraftFinalCheck:Run () (at Assets/Editor/ChubbyAircraftFinalCheck.cs:5)

[Assets/Editor/ChubbyAircraftDelivery.cs line 104]

Imported 'GUID: c24e62c818c8f444c909716229acec4e' -> (Import Result ID: '4d2d9d286f3a3e4a024f1838621f3e02') in 0.001 seconds [static dependencies only]. Details - ImportResultOutputID=c561edd389d965ebd6efd3dc15b3d9bd DependenciesID=357c7da96d04ba479c25d47a5f8cadfd StaticDependenciesID=9039951f99800b0124a4526d44f46450 
Importing 'GUID: 9372072732aec4d349a1878f7e8799da - Path: Assets/Art/ChubbyAircraft/NavyCoral_A380_800/Materials/Part_09.mat' with importer (NativeFormatImporter)
Main Object Name 'NavyCoral_A380_800_Part_09' does not match filename 'Part_09'
UnityEngine.Debug:ExtractStackTraceNoAlloc (byte*,int,string)
UnityEngine.StackTraceUtility:ExtractStackTrace () (at /Users/bokken/build/output/unity/unity/Runtime/Export/Scripting/StackTrace.cs:23)
ChubbyAircraftDelivery:SaveAndValidatePrefab (UnityEngine.GameObject,string,System.Text.StringBuilder) (at Assets/Editor/ChubbyAircraftDelivery.cs:250)
ChubbyAircraftDelivery:Run () (at Assets/Editor/ChubbyAircraftDelivery.cs:104)
ChubbyAircraftFinalCheck:Run () (at Assets/Editor/ChubbyAircraftFinalCheck.cs:5)

[Assets/Editor/ChubbyAircraftDelivery.cs line 104]

Imported 'GUID: 9372072732aec4d349a1878f7e8799da' -> (Import Result ID: 'c23388ad766c7f3d396a2d964aab33a5') in 0.000 seconds [static dependencies only]. Details - ImportResultOutputID=c25ae6aea25b42af50896312780d87e0 DependenciesID=b5680f4610c0eeb13f3f04811c9d8673 StaticDependenciesID=9f93d059a0b27c651514141f8ae7ffa8 
Importing 'GUID: 931fbcaa42f5645138bf6330483e8d1a - Path: Assets/Art/ChubbyAircraft/NavyCoral_A380_800/Materials/Part_10.mat' with importer (NativeFormatImporter)
Main Object Name 'NavyCoral_A380_800_Part_10' does not match filename 'Part_10'
UnityEngine.Debug:ExtractStackTraceNoAlloc (byte*,int,string)
UnityEngine.StackTraceUtility:ExtractStackTrace () (at /Users/bokken/build/output/unity/unity/Runtime/Export/Scripting/StackTrace.cs:23)
ChubbyAircraftDelivery:SaveAndValidatePrefab (UnityEngine.GameObject,string,System.Text.StringBuilder) (at Assets/Editor/ChubbyAircraftDelivery.cs:250)
ChubbyAircraftDelivery:Run () (at Assets/Editor/ChubbyAircraftDelivery.cs:104)
ChubbyAircraftFinalCheck:Run () (at Assets/Editor/ChubbyAircraftFinalCheck.cs:5)

[Assets/Editor/ChubbyAircraftDelivery.cs line 104]

Imported 'GUID: 931fbcaa42f5645138bf6330483e8d1a' -> (Import Result ID: '41fda2b384a828bdb24d6fb464d59a1d') in 0.000 seconds [static dependencies only]. Details - ImportResultOutputID=4e5f09f8a063f3b9e62dffb9ee7e2f37 DependenciesID=e133054c3e0098558360ff5f73531292 StaticDependenciesID=86fb760e0864fcd4a89ea0b67e53ef70 
Importing 'GUID: a33ef33758fc34799bed939ae6f116f3 - Path: Assets/Art/ChubbyAircraft/NavyCoral_A380_800/Materials/Part_01.mat' with importer (NativeFormatImporter)
Main Object Name 'NavyCoral_A380_800_Part_01' does not match filename 'Part_01'
UnityEngine.Debug:ExtractStackTraceNoAlloc (byte*,int,string)
UnityEngine.StackTraceUtility:ExtractStackTrace () (at /Users/bokken/build/output/unity/unity/Runtime/Export/Scripting/StackTrace.cs:23)
ChubbyAircraftDelivery:SaveAndValidatePrefab (UnityEngine.GameObject,string,System.Text.StringBuilder) (at Assets/Editor/ChubbyAircraftDelivery.cs:250)
ChubbyAircraftDelivery:Run () (at Assets/Editor/ChubbyAircraftDelivery.cs:104)
ChubbyAircraftFinalCheck:Run () (at Assets/Editor/ChubbyAircraftFinalCheck.cs:5)

[Assets/Editor/ChubbyAircraftDelivery.cs line 104]

Imported 'GUID: a33ef33758fc34799bed939ae6f116f3' -> (Import Result ID: 'debf6d20e65d7334c3ef6a8416a17d61') in 0.000 seconds [static dependencies only]. Details - ImportResultOutputID=83f6f042bce2e2ab0625f09ce3286613 DependenciesID=d74bd6dc56e99ff41a0174af8e7f474f StaticDependenciesID=db11c2d4777b6d4f94186f79374db8c3 
Importing 'GUID: 367b213c39a2144bd923009a5c97729e - Path: Assets/Art/ChubbyAircraft/NavyCoral_A380_800/Materials/Part_03.mat' with importer (NativeFormatImporter)
Main Object Name 'NavyCoral_A380_800_Part_03' does not match filename 'Part_03'
UnityEngine.Debug:ExtractStackTraceNoAlloc (byte*,int,string)
UnityEngine.StackTraceUtility:ExtractStackTrace () (at /Users/bokken/build/output/unity/unity/Runtime/Export/Scripting/StackTrace.cs:23)
ChubbyAircraftDelivery:SaveAndValidatePrefab (UnityEngine.GameObject,string,System.Text.StringBuilder) (at Assets/Editor/ChubbyAircraftDelivery.cs:250)
ChubbyAircraftDelivery:Run () (at Assets/Editor/ChubbyAircraftDelivery.cs:104)
ChubbyAircraftFinalCheck:Run () (at Assets/Editor/ChubbyAircraftFinalCheck.cs:5)

[Assets/Editor/ChubbyAircraftDelivery.cs line 104]

Imported 'GUID: 367b213c39a2144bd923009a5c97729e' -> (Import Result ID: 'f30bb4d3d35221d184b23e39d47e8264') in 0.000 seconds [static dependencies only]. Details - ImportResultOutputID=1235be550db43a776fab970f2d80d703 DependenciesID=c88f1213a1806eee90535a5734904bc5 StaticDependenciesID=e47dc7f294d0b849c3e3969aff6b3a59 
Importing 'GUID: a6f5c954149bc464a8de7ea0bfa9d9d3 - Path: Assets/Art/ChubbyAircraft/NavyCoral_A380_800/Materials/Part_04.mat' with importer (NativeFormatImporter)
Main Object Name 'NavyCoral_A380_800_Part_04' does not match filename 'Part_04'
UnityEngine.Debug:ExtractStackTraceNoAlloc (byte*,int,string)
UnityEngine.StackTraceUtility:ExtractStackTrace () (at /Users/bokken/build/output/unity/unity/Runtime/Export/Scripting/StackTrace.cs:23)
ChubbyAircraftDelivery:SaveAndValidatePrefab (UnityEngine.GameObject,string,System.Text.StringBuilder) (at Assets/Editor/ChubbyAircraftDelivery.cs:250)
ChubbyAircraftDelivery:Run () (at Assets/Editor/ChubbyAircraftDelivery.cs:104)
ChubbyAircraftFinalCheck:Run () (at Assets/Editor/ChubbyAircraftFinalCheck.cs:5)

[Assets/Editor/ChubbyAircraftDelivery.cs line 104]

Imported 'GUID: a6f5c954149bc464a8de7ea0bfa9d9d3' -> (Import Result ID: '95c18fad455793f050efc12d92feb0c8') in 0.000 seconds [static dependencies only]. Details - ImportResultOutputID=3840577b75956a260944b31f039276bc DependenciesID=34945d45cf3ae3ac424651908314c07f StaticDependenciesID=600173b734d2a1c30e451c555adc3d2b 
Importing 'GUID: d6271b08da4cb41979dc6cb479ecd894 - Path: Assets/Art/ChubbyAircraft/NavyCoral_A380_800/Materials/Part_08.mat' with importer (NativeFormatImporter)
Main Object Name 'NavyCoral_A380_800_Part_08' does not match filename 'Part_08'
UnityEngine.Debug:ExtractStackTraceNoAlloc (byte*,int,string)
UnityEngine.StackTraceUtility:ExtractStackTrace () (at /Users/bokken/build/output/unity/unity/Runtime/Export/Scripting/StackTrace.cs:23)
ChubbyAircraftDelivery:SaveAndValidatePrefab (UnityEngine.GameObject,string,System.Text.StringBuilder) (at Assets/Editor/ChubbyAircraftDelivery.cs:250)
ChubbyAircraftDelivery:Run () (at Assets/Editor/ChubbyAircraftDelivery.cs:104)
ChubbyAircraftFinalCheck:Run () (at Assets/Editor/ChubbyAircraftFinalCheck.cs:5)

[Assets/Editor/ChubbyAircraftDelivery.cs line 104]

Imported 'GUID: d6271b08da4cb41979dc6cb479ecd894' -> (Import Result ID: '4e6ddb48626002fc12ae7bbed8585965') in 0.000 seconds [static dependencies only]. Details - ImportResultOutputID=07987b48a5bfa1185419933dcf5c42b0 DependenciesID=d615a106e4d2dcbb04c2c48d569c2780 StaticDependenciesID=6aa636fd14a6d089b04ef5d9feb356b9 
Importing 'GUID: 879b6a1597b2540099995ac760ed437f - Path: Assets/Art/ChubbyAircraft/NavyCoral_A380_800/Materials/Part_11.mat' with importer (NativeFormatImporter)
Main Object Name 'NavyCoral_A380_800_Part_11' does not match filename 'Part_11'
UnityEngine.Debug:ExtractStackTraceNoAlloc (byte*,int,string)
UnityEngine.StackTraceUtility:ExtractStackTrace () (at /Users/bokken/build/output/unity/unity/Runtime/Export/Scripting/StackTrace.cs:23)
ChubbyAircraftDelivery:SaveAndValidatePrefab (UnityEngine.GameObject,string,System.Text.StringBuilder) (at Assets/Editor/ChubbyAircraftDelivery.cs:250)
ChubbyAircraftDelivery:Run () (at Assets/Editor/ChubbyAircraftDelivery.cs:104)
ChubbyAircraftFinalCheck:Run () (at Assets/Editor/ChubbyAircraftFinalCheck.cs:5)

[Assets/Editor/ChubbyAircraftDelivery.cs line 104]

Imported 'GUID: 879b6a1597b2540099995ac760ed437f' -> (Import Result ID: '0e04e8036531201ca7141c3a37c9bff4') in 0.000 seconds [static dependencies only]. Details - ImportResultOutputID=a27c44576f99776472f090d59add102b DependenciesID=fde42be8d808ffba516cc16dde24b041 StaticDependenciesID=dcfaffc78ee752f0fd27224974552ff7 
Importing 'GUID: 189108bba391e41738087ae404f5ca04 - Path: Assets/Art/ChubbyAircraft/NavyCoral_A380_800/Materials/Part_14.mat' with importer (NativeFormatImporter)
Main Object Name 'NavyCoral_A380_800_Part_14' does not match filename 'Part_14'
UnityEngine.Debug:ExtractStackTraceNoAlloc (byte*,int,string)
UnityEngine.StackTraceUtility:ExtractStackTrace () (at /Users/bokken/build/output/unity/unity/Runtime/Export/Scripting/StackTrace.cs:23)
ChubbyAircraftDelivery:SaveAndValidatePrefab (UnityEngine.GameObject,string,System.Text.StringBuilder) (at Assets/Editor/ChubbyAircraftDelivery.cs:250)
ChubbyAircraftDelivery:Run () (at Assets/Editor/ChubbyAircraftDelivery.cs:104)
ChubbyAircraftFinalCheck:Run () (at Assets/Editor/ChubbyAircraftFinalCheck.cs:5)

[Assets/Editor/ChubbyAircraftDelivery.cs line 104]

Imported 'GUID: 189108bba391e41738087ae404f5ca04' -> (Import Result ID: '82b9b893d7ee2b50ce45bf407c10e93c') in 0.000 seconds [static dependencies only]. Details - ImportResultOutputID=631100c22cad7fdea2d1d9a655ab5d47 DependenciesID=9c7c418f5a0b58c7f53c14e5309c09eb StaticDependenciesID=b469e837835bc6d6749e03fb4292b908 
Importing 'GUID: 6811cddc276894fa3b095bd1a04cfb71 - Path: Assets/Art/ChubbyAircraft/NavyCoral_A380_800/Materials/Part_05.mat' with importer (NativeFormatImporter)
Main Object Name 'NavyCoral_A380_800_Part_05' does not match filename 'Part_05'
UnityEngine.Debug:ExtractStackTraceNoAlloc (byte*,int,string)
UnityEngine.StackTraceUtility:ExtractStackTrace () (at /Users/bokken/build/output/unity/unity/Runtime/Export/Scripting/StackTrace.cs:23)
ChubbyAircraftDelivery:SaveAndValidatePrefab (UnityEngine.GameObject,string,System.Text.StringBuilder) (at Assets/Editor/ChubbyAircraftDelivery.cs:250)
ChubbyAircraftDelivery:Run () (at Assets/Editor/ChubbyAircraftDelivery.cs:104)
ChubbyAircraftFinalCheck:Run () (at Assets/Editor/ChubbyAircraftFinalCheck.cs:5)

[Assets/Editor/ChubbyAircraftDelivery.cs line 104]

Imported 'GUID: 6811cddc276894fa3b095bd1a04cfb71' -> (Import Result ID: '96946633b7e94b3366ff3f7017d7669b') in 0.000 seconds [static dependencies only]. Details - ImportResultOutputID=a35a2caf7c85a521fbbd7ed365e4cba3 DependenciesID=851ffb2226bd87f81c433d61adfe882b StaticDependenciesID=ae5afa2b2ba5f757c8edb3aeefc7aa3d 
Importing 'GUID: ba961bbc94b7042deba0ac9e7981c7af - Path: Assets/Art/ChubbyAircraft/NavyCoral_A380_800/Materials/Part_15.mat' with importer (NativeFormatImporter)
Main Object Name 'NavyCoral_A380_800_Part_15' does not match filename 'Part_15'
UnityEngine.Debug:ExtractStackTraceNoAlloc (byte*,int,string)
UnityEngine.StackTraceUtility:ExtractStackTrace () (at /Users/bokken/build/output/unity/unity/Runtime/Export/Scripting/StackTrace.cs:23)
ChubbyAircraftDelivery:SaveAndValidatePrefab (UnityEngine.GameObject,string,System.Text.StringBuilder) (at Assets/Editor/ChubbyAircraftDelivery.cs:250)
ChubbyAircraftDelivery:Run () (at Assets/Editor/ChubbyAircraftDelivery.cs:104)
ChubbyAircraftFinalCheck:Run () (at Assets/Editor/ChubbyAircraftFinalCheck.cs:5)

[Assets/Editor/ChubbyAircraftDelivery.cs line 104]

Imported 'GUID: ba961bbc94b7042deba0ac9e7981c7af' -> (Import Result ID: 'd72c8ade8aa1ac54737d09b04246e1e8') in 0.000 seconds [static dependencies only]. Details - ImportResultOutputID=f70e35e29434ddbd82cdad9790631502 DependenciesID=7532ec9a05e338765a2326a5be8e2a51 StaticDependenciesID=909232715430ef139d502740688255ca 
Importing 'GUID: 2bfc376bc78304e24b4e7230591e1b88 - Path: Assets/Art/ChubbyAircraft/NavyCoral_A380_800/Materials/Part_13.mat' with importer (NativeFormatImporter)
Main Object Name 'NavyCoral_A380_800_Part_13' does not match filename 'Part_13'
UnityEngine.Debug:ExtractStackTraceNoAlloc (byte*,int,string)
UnityEngine.StackTraceUtility:ExtractStackTrace () (at /Users/bokken/build/output/unity/unity/Runtime/Export/Scripting/StackTrace.cs:23)
ChubbyAircraftDelivery:SaveAndValidatePrefab (UnityEngine.GameObject,string,System.Text.StringBuilder) (at Assets/Editor/ChubbyAircraftDelivery.cs:250)
ChubbyAircraftDelivery:Run () (at Assets/Editor/ChubbyAircraftDelivery.cs:104)
ChubbyAircraftFinalCheck:Run () (at Assets/Editor/ChubbyAircraftFinalCheck.cs:5)

[Assets/Editor/ChubbyAircraftDelivery.cs line 104]

Imported 'GUID: 2bfc376bc78304e24b4e7230591e1b88' -> (Import Result ID: 'b1b6de64d4350eae297eacea3fd601fe') in 0.000 seconds [static dependencies only]. Details - ImportResultOutputID=d3922ea8ce7e1a0ad76386e17f28d14f DependenciesID=9ef5789e069746f189ebcac1ec8f919b StaticDependenciesID=defdacbef6041b15cb9da7f921d98732 
Importing 'GUID: 6b0b5908222ed45ec9763c13759f5809 - Path: Assets/Art/ChubbyAircraft/NavyCoral_A380_800/Materials/Part_02.mat' with importer (NativeFormatImporter)
Main Object Name 'NavyCoral_A380_800_Part_02' does not match filename 'Part_02'
UnityEngine.Debug:ExtractStackTraceNoAlloc (byte*,int,string)
UnityEngine.StackTraceUtility:ExtractStackTrace () (at /Users/bokken/build/output/unity/unity/Runtime/Export/Scripting/StackTrace.cs:23)
ChubbyAircraftDelivery:SaveAndValidatePrefab (UnityEngine.GameObject,string,System.Text.StringBuilder) (at Assets/Editor/ChubbyAircraftDelivery.cs:250)
ChubbyAircraftDelivery:Run () (at Assets/Editor/ChubbyAircraftDelivery.cs:104)
ChubbyAircraftFinalCheck:Run () (at Assets/Editor/ChubbyAircraftFinalCheck.cs:5)

[Assets/Editor/ChubbyAircraftDelivery.cs line 104]

Imported 'GUID: 6b0b5908222ed45ec9763c13759f5809' -> (Import Result ID: 'c6044d71b35e3a76ef8ee754b19487dc') in 0.000 seconds [static dependencies only]. Details - ImportResultOutputID=9f89253fa98be49cf64b0f9dcaa83ce9 DependenciesID=fb5a4fda9e59030e79606bafa5e84ae6 StaticDependenciesID=b541c12b30035df24a92cbcf28d4981a 
Importing 'GUID: fc1ec0c521f8d46d7886ff215133bce4 - Path: Assets/Art/ChubbyAircraft/NavyCoral_A380_800/Materials/Part_00.mat' with importer (NativeFormatImporter)
Main Object Name 'NavyCoral_A380_800_Part_00' does not match filename 'Part_00'
UnityEngine.Debug:ExtractStackTraceNoAlloc (byte*,int,string)
UnityEngine.StackTraceUtility:ExtractStackTrace () (at /Users/bokken/build/output/unity/unity/Runtime/Export/Scripting/StackTrace.cs:23)
ChubbyAircraftDelivery:SaveAndValidatePrefab (UnityEngine.GameObject,string,System.Text.StringBuilder) (at Assets/Editor/ChubbyAircraftDelivery.cs:250)
ChubbyAircraftDelivery:Run () (at Assets/Editor/ChubbyAircraftDelivery.cs:104)
ChubbyAircraftFinalCheck:Run () (at Assets/Editor/ChubbyAircraftFinalCheck.cs:5)

[Assets/Editor/ChubbyAircraftDelivery.cs line 104]

Imported 'GUID: fc1ec0c521f8d46d7886ff215133bce4' -> (Import Result ID: 'fa6b38a6eeb9db7bb8f975f10f57a9fe') in 0.000 seconds [static dependencies only]. Details - ImportResultOutputID=7278efed654c12d7fc0ea5835325b820 DependenciesID=b27a526de91f64b77a2d36b162364f71 StaticDependenciesID=423c0e19ee54bbbc9cca118758b74bde 
Importing 'GUID: 1d1fe178cf2a04ef89fa7cbf2657d6c3 - Path: Assets/Art/ChubbyAircraft/NavyCoral_A380_800/Materials/Part_16.mat' with importer (NativeFormatImporter)
Main Object Name 'NavyCoral_A380_800_Part_16' does not match filename 'Part_16'
UnityEngine.Debug:ExtractStackTraceNoAlloc (byte*,int,string)
UnityEngine.StackTraceUtility:ExtractStackTrace () (at /Users/bokken/build/output/unity/unity/Runtime/Export/Scripting/StackTrace.cs:23)
ChubbyAircraftDelivery:SaveAndValidatePrefab (UnityEngine.GameObject,string,System.Text.StringBuilder) (at Assets/Editor/ChubbyAircraftDelivery.cs:250)
ChubbyAircraftDelivery:Run () (at Assets/Editor/ChubbyAircraftDelivery.cs:104)
ChubbyAircraftFinalCheck:Run () (at Assets/Editor/ChubbyAircraftFinalCheck.cs:5)

[Assets/Editor/ChubbyAircraftDelivery.cs line 104]

Imported 'GUID: 1d1fe178cf2a04ef89fa7cbf2657d6c3' -> (Import Result ID: 'cf638d9bd40450d60e714de521e2c499') in 0.000 seconds [static dependencies only]. Details - ImportResultOutputID=117f63c88e50d79851d2c2ad3ccc5028 DependenciesID=ef1e56739b6ea494139d6a99c107d93f StaticDependenciesID=25fb3c2adaa0531d4ef04042de5e2a4c 
Importing 'GUID: be1ce54c779fd4ed3bd704a51b34d7ac - Path: Assets/Art/ChubbyAircraft/NavyCoral_A380_800/Materials/Part_07.mat' with importer (NativeFormatImporter)
Main Object Name 'NavyCoral_A380_800_Part_07' does not match filename 'Part_07'
UnityEngine.Debug:ExtractStackTraceNoAlloc (byte*,int,string)
UnityEngine.StackTraceUtility:ExtractStackTrace () (at /Users/bokken/build/output/unity/unity/Runtime/Export/Scripting/StackTrace.cs:23)
ChubbyAircraftDelivery:SaveAndValidatePrefab (UnityEngine.GameObject,string,System.Text.StringBuilder) (at Assets/Editor/ChubbyAircraftDelivery.cs:250)
ChubbyAircraftDelivery:Run () (at Assets/Editor/ChubbyAircraftDelivery.cs:104)
ChubbyAircraftFinalCheck:Run () (at Assets/Editor/ChubbyAircraftFinalCheck.cs:5)

[Assets/Editor/ChubbyAircraftDelivery.cs line 104]

Imported 'GUID: be1ce54c779fd4ed3bd704a51b34d7ac' -> (Import Result ID: 'f2d9f77b030207e97b1333540fa4cb86') in 0.000 seconds [static dependencies only]. Details - ImportResultOutputID=56f27180ff0392dd00a1ffd9515c0cb6 DependenciesID=8a9ef4be9660d8400f4b8393a791e0a1 StaticDependenciesID=af74feab7881e8bdc04b09849a45071c 
Importing 'GUID: ff006229785c742d79d0502f04b3446c - Path: Assets/Art/ChubbyAircraft/NavyCoral_A380_800/Materials/Part_12.mat' with importer (NativeFormatImporter)
Main Object Name 'NavyCoral_A380_800_Part_12' does not match filename 'Part_12'
UnityEngine.Debug:ExtractStackTraceNoAlloc (byte*,int,string)
UnityEngine.StackTraceUtility:ExtractStackTrace () (at /Users/bokken/build/output/unity/unity/Runtime/Export/Scripting/StackTrace.cs:23)
ChubbyAircraftDelivery:SaveAndValidatePrefab (UnityEngine.GameObject,string,System.Text.StringBuilder) (at Assets/Editor/ChubbyAircraftDelivery.cs:250)
ChubbyAircraftDelivery:Run () (at Assets/Editor/ChubbyAircraftDelivery.cs:104)
ChubbyAircraftFinalCheck:Run () (at Assets/Editor/ChubbyAircraftFinalCheck.cs:5)

[Assets/Editor/ChubbyAircraftDelivery.cs line 104]

Imported 'GUID: ff006229785c742d79d0502f04b3446c' -> (Import Result ID: '9bf9cb145b199a9c3bf3d0bfa772bf80') in 0.003 seconds [static dependencies only]. Details - ImportResultOutputID=20adba0bb3fab1206bada543fb498ac0 DependenciesID=afa51742289ec437178cedf452ff06bb StaticDependenciesID=03b29d3a5ca071d871013978c7f1e562 
Importing 'GUID: b07726a0b01bc4cbbbf77f3d373978b2 - Path: Assets/Art/ChubbyAircraft/NavyCoral_A380_800/Meshes/Part_10.asset' with importer (NativeFormatImporter)
Main Object Name 'NavyCoral_A380_800_Part_10' does not match filename 'Part_10'
UnityEngine.Debug:ExtractStackTraceNoAlloc (byte*,int,string)
UnityEngine.StackTraceUtility:ExtractStackTrace () (at /Users/bokken/build/output/unity/unity/Runtime/Export/Scripting/StackTrace.cs:23)
ChubbyAircraftDelivery:SaveAndValidatePrefab (UnityEngine.GameObject,string,System.Text.StringBuilder) (at Assets/Editor/ChubbyAircraftDelivery.cs:250)
ChubbyAircraftDelivery:Run () (at Assets/Editor/ChubbyAircraftDelivery.cs:104)
ChubbyAircraftFinalCheck:Run () (at Assets/Editor/ChubbyAircraftFinalCheck.cs:5)

[Assets/Editor/ChubbyAircraftDelivery.cs line 104]

Imported 'GUID: b07726a0b01bc4cbbbf77f3d373978b2' -> (Import Result ID: 'b4480a15aa1fac74763747377f300e82') in 0.001 seconds [static dependencies only]. Details - ImportResultOutputID=9acd0f5bec85f8a7e61ff8448947acd3 DependenciesID=ae920a98f986d5a548ceb87ff76461a8 StaticDependenciesID=8e73f5282bbf8b96b364f546c3e5f170 
Importing 'GUID: a196a3469cebf489b9f1cf1211d2966c - Path: Assets/Art/ChubbyAircraft/NavyCoral_A380_800/Meshes/Part_12.asset' with importer (NativeFormatImporter)
Main Object Name 'NavyCoral_A380_800_Part_12' does not match filename 'Part_12'
UnityEngine.Debug:ExtractStackTraceNoAlloc (byte*,int,string)
UnityEngine.StackTraceUtility:ExtractStackTrace () (at /Users/bokken/build/output/unity/unity/Runtime/Export/Scripting/StackTrace.cs:23)
ChubbyAircraftDelivery:SaveAndValidatePrefab (UnityEngine.GameObject,string,System.Text.StringBuilder) (at Assets/Editor/ChubbyAircraftDelivery.cs:250)
ChubbyAircraftDelivery:Run () (at Assets/Editor/ChubbyAircraftDelivery.cs:104)
ChubbyAircraftFinalCheck:Run () (at Assets/Editor/ChubbyAircraftFinalCheck.cs:5)

[Assets/Editor/ChubbyAircraftDelivery.cs line 104]

Imported 'GUID: a196a3469cebf489b9f1cf1211d2966c' -> (Import Result ID: '3dd8f651daacae476203bc662664804b') in 0.000 seconds [static dependencies only]. Details - ImportResultOutputID=2c0027236f6384bcd687e1d0912eb508 DependenciesID=d14a80adc85888da3d4f3d75fa774c26 StaticDependenciesID=57608b1482bbcb906bea573f1a7458fe 
Importing 'GUID: 63187acd7adad4ee5be999d736cc4a4e - Path: Assets/Art/ChubbyAircraft/NavyCoral_A380_800/Meshes/Part_15.asset' with importer (NativeFormatImporter)
Main Object Name 'NavyCoral_A380_800_Part_15' does not match filename 'Part_15'
UnityEngine.Debug:ExtractStackTraceNoAlloc (byte*,int,string)
UnityEngine.StackTraceUtility:ExtractStackTrace () (at /Users/bokken/build/output/unity/unity/Runtime/Export/Scripting/StackTrace.cs:23)
ChubbyAircraftDelivery:SaveAndValidatePrefab (UnityEngine.GameObject,string,System.Text.StringBuilder) (at Assets/Editor/ChubbyAircraftDelivery.cs:250)
ChubbyAircraftDelivery:Run () (at Assets/Editor/ChubbyAircraftDelivery.cs:104)
ChubbyAircraftFinalCheck:Run () (at Assets/Editor/ChubbyAircraftFinalCheck.cs:5)

[Assets/Editor/ChubbyAircraftDelivery.cs line 104]

Imported 'GUID: 63187acd7adad4ee5be999d736cc4a4e' -> (Import Result ID: '4490f12ff5fee8aa0958a8f9e9e41560') in 0.000 seconds [static dependencies only]. Details - ImportResultOutputID=1ca187e8632194c9790d82486f33d8a7 DependenciesID=2547721b9b39d753e23426c6a4f53799 StaticDependenciesID=1ac10e2171b7f816be4ae0442b7514ec 
Importing 'GUID: 14726e42948094c2fb3726762937d57d - Path: Assets/Art/ChubbyAircraft/NavyCoral_A380_800/Meshes/Part_00.asset' with importer (NativeFormatImporter)
Main Object Name 'NavyCoral_A380_800_Part_00' does not match filename 'Part_00'
UnityEngine.Debug:ExtractStackTraceNoAlloc (byte*,int,string)
UnityEngine.StackTraceUtility:ExtractStackTrace () (at /Users/bokken/build/output/unity/unity/Runtime/Export/Scripting/StackTrace.cs:23)
ChubbyAircraftDelivery:SaveAndValidatePrefab (UnityEngine.GameObject,string,System.Text.StringBuilder) (at Assets/Editor/ChubbyAircraftDelivery.cs:250)
ChubbyAircraftDelivery:Run () (at Assets/Editor/ChubbyAircraftDelivery.cs:104)
ChubbyAircraftFinalCheck:Run () (at Assets/Editor/ChubbyAircraftFinalCheck.cs:5)

[Assets/Editor/ChubbyAircraftDelivery.cs line 104]

Imported 'GUID: 14726e42948094c2fb3726762937d57d' -> (Import Result ID: 'c719683cf999554c432243773643710c') in 0.001 seconds [static dependencies only]. Details - ImportResultOutputID=7c3201f1a4136e2f61be4295d0be599a DependenciesID=d771fee679740d77c712b822b09299e9 StaticDependenciesID=cb587f2753f71c6f25f561ce765886bf 
Importing 'GUID: 45a7a7847f2c0406f9d99a0932f05923 - Path: Assets/Art/ChubbyAircraft/NavyCoral_A380_800/Meshes/Part_03.asset' with importer (NativeFormatImporter)
Main Object Name 'NavyCoral_A380_800_Part_03' does not match filename 'Part_03'
UnityEngine.Debug:ExtractStackTraceNoAlloc (byte*,int,string)
UnityEngine.StackTraceUtility:ExtractStackTrace () (at /Users/bokken/build/output/unity/unity/Runtime/Export/Scripting/StackTrace.cs:23)
ChubbyAircraftDelivery:SaveAndValidatePrefab (UnityEngine.GameObject,string,System.Text.StringBuilder) (at Assets/Editor/ChubbyAircraftDelivery.cs:250)
ChubbyAircraftDelivery:Run () (at Assets/Editor/ChubbyAircraftDelivery.cs:104)
ChubbyAircraftFinalCheck:Run () (at Assets/Editor/ChubbyAircraftFinalCheck.cs:5)

[Assets/Editor/ChubbyAircraftDelivery.cs line 104]

Imported 'GUID: 45a7a7847f2c0406f9d99a0932f05923' -> (Import Result ID: 'fb69469e390992e32174ef2a945750bc') in 0.001 seconds [static dependencies only]. Details - ImportResultOutputID=38baf33cdf8071c5245ae7ead87e31a0 DependenciesID=7ff2240b010a100cbe7eb7af06282d1c StaticDependenciesID=d89a593f752f55ef91612e8597a69c8e 
Importing 'GUID: 39ae9a69c4142452ba343685ee9646d6 - Path: Assets/Art/ChubbyAircraft/NavyCoral_A380_800/Meshes/Part_13.asset' with importer (NativeFormatImporter)
Main Object Name 'NavyCoral_A380_800_Part_13' does not match filename 'Part_13'
UnityEngine.Debug:ExtractStackTraceNoAlloc (byte*,int,string)
UnityEngine.StackTraceUtility:ExtractStackTrace () (at /Users/bokken/build/output/unity/unity/Runtime/Export/Scripting/StackTrace.cs:23)
ChubbyAircraftDelivery:SaveAndValidatePrefab (UnityEngine.GameObject,string,System.Text.StringBuilder) (at Assets/Editor/ChubbyAircraftDelivery.cs:250)
ChubbyAircraftDelivery:Run () (at Assets/Editor/ChubbyAircraftDelivery.cs:104)
ChubbyAircraftFinalCheck:Run () (at Assets/Editor/ChubbyAircraftFinalCheck.cs:5)

[Assets/Editor/ChubbyAircraftDelivery.cs line 104]

Imported 'GUID: 39ae9a69c4142452ba343685ee9646d6' -> (Import Result ID: '5253aea7e38f134e6d527282a048c380') in 0.000 seconds [static dependencies only]. Details - ImportResultOutputID=61a8da6d1cf5471b2c8d84f9aa873639 DependenciesID=35ca1804db36e087a25b5985bcf911e0 StaticDependenciesID=bf70a2ac24f8c426a5b0e41e72625d6c 
Importing 'GUID: 493130fd43ce648d8ba05850f9e50041 - Path: Assets/Art/ChubbyAircraft/NavyCoral_A380_800/Meshes/Part_04.asset' with importer (NativeFormatImporter)
Main Object Name 'NavyCoral_A380_800_Part_04' does not match filename 'Part_04'
UnityEngine.Debug:ExtractStackTraceNoAlloc (byte*,int,string)
UnityEngine.StackTraceUtility:ExtractStackTrace () (at /Users/bokken/build/output/unity/unity/Runtime/Export/Scripting/StackTrace.cs:23)
ChubbyAircraftDelivery:SaveAndValidatePrefab (UnityEngine.GameObject,string,System.Text.StringBuilder) (at Assets/Editor/ChubbyAircraftDelivery.cs:250)
ChubbyAircraftDelivery:Run () (at Assets/Editor/ChubbyAircraftDelivery.cs:104)
ChubbyAircraftFinalCheck:Run () (at Assets/Editor/ChubbyAircraftFinalCheck.cs:5)

[Assets/Editor/ChubbyAircraftDelivery.cs line 104]

Imported 'GUID: 493130fd43ce648d8ba05850f9e50041' -> (Import Result ID: '6a60bf1b46faca5464db6e45ee0d563c') in 0.000 seconds [static dependencies only]. Details - ImportResultOutputID=a5a600d531f15910d4097ec92cf18551 DependenciesID=e61fd57ddd1b5c2869057df83aaea311 StaticDependenciesID=d8305bc251616f2aad848089a2a89c8f 
Importing 'GUID: eabbb3fb8a78549e19d63f91307fda6f - Path: Assets/Art/ChubbyAircraft/NavyCoral_A380_800/Meshes/Part_14.asset' with importer (NativeFormatImporter)
Main Object Name 'NavyCoral_A380_800_Part_14' does not match filename 'Part_14'
UnityEngine.Debug:ExtractStackTraceNoAlloc (byte*,int,string)
UnityEngine.StackTraceUtility:ExtractStackTrace () (at /Users/bokken/build/output/unity/unity/Runtime/Export/Scripting/StackTrace.cs:23)
ChubbyAircraftDelivery:SaveAndValidatePrefab (UnityEngine.GameObject,string,System.Text.StringBuilder) (at Assets/Editor/ChubbyAircraftDelivery.cs:250)
ChubbyAircraftDelivery:Run () (at Assets/Editor/ChubbyAircraftDelivery.cs:104)
ChubbyAircraftFinalCheck:Run () (at Assets/Editor/ChubbyAircraftFinalCheck.cs:5)

[Assets/Editor/ChubbyAircraftDelivery.cs line 104]

Imported 'GUID: eabbb3fb8a78549e19d63f91307fda6f' -> (Import Result ID: 'ec95a819259690feb449acd1efe56dba') in 0.000 seconds [static dependencies only]. Details - ImportResultOutputID=6e2cd3b2ba00fe1d5a7236a558f02d54 DependenciesID=8998dcfdd2c75b2e1945ec45c861abac StaticDependenciesID=11b5f38abff0c798a71c9117b2405b82 
Importing 'GUID: 5b8fcd873303b42ebb31bf6baac641c0 - Path: Assets/Art/ChubbyAircraft/NavyCoral_A380_800/Meshes/Part_16.asset' with importer (NativeFormatImporter)
Main Object Name 'NavyCoral_A380_800_Part_16' does not match filename 'Part_16'
UnityEngine.Debug:ExtractStackTraceNoAlloc (byte*,int,string)
UnityEngine.StackTraceUtility:ExtractStackTrace () (at /Users/bokken/build/output/unity/unity/Runtime/Export/Scripting/StackTrace.cs:23)
ChubbyAircraftDelivery:SaveAndValidatePrefab (UnityEngine.GameObject,string,System.Text.StringBuilder) (at Assets/Editor/ChubbyAircraftDelivery.cs:250)
ChubbyAircraftDelivery:Run () (at Assets/Editor/ChubbyAircraftDelivery.cs:104)
ChubbyAircraftFinalCheck:Run () (at Assets/Editor/ChubbyAircraftFinalCheck.cs:5)

[Assets/Editor/ChubbyAircraftDelivery.cs line 104]

Imported 'GUID: 5b8fcd873303b42ebb31bf6baac641c0' -> (Import Result ID: 'e3e2a05ad4dac866cc3ba44d8858c4d1') in 0.001 seconds [static dependencies only]. Details - ImportResultOutputID=0e391932b70c51e635b4037618d0eca6 DependenciesID=e0e7f75dab4ad01866a67eeb91db10be StaticDependenciesID=0613d6f6f43b159684d0caa073f63e2f 
Importing 'GUID: fb945e7f6b43a46fd95e6e4c41c8fbd0 - Path: Assets/Art/ChubbyAircraft/NavyCoral_A380_800/Meshes/Part_05.asset' with importer (NativeFormatImporter)
Main Object Name 'NavyCoral_A380_800_Part_05' does not match filename 'Part_05'
UnityEngine.Debug:ExtractStackTraceNoAlloc (byte*,int,string)
UnityEngine.StackTraceUtility:ExtractStackTrace () (at /Users/bokken/build/output/unity/unity/Runtime/Export/Scripting/StackTrace.cs:23)
ChubbyAircraftDelivery:SaveAndValidatePrefab (UnityEngine.GameObject,string,System.Text.StringBuilder) (at Assets/Editor/ChubbyAircraftDelivery.cs:250)
ChubbyAircraftDelivery:Run () (at Assets/Editor/ChubbyAircraftDelivery.cs:104)
ChubbyAircraftFinalCheck:Run () (at Assets/Editor/ChubbyAircraftFinalCheck.cs:5)

[Assets/Editor/ChubbyAircraftDelivery.cs line 104]

Imported 'GUID: fb945e7f6b43a46fd95e6e4c41c8fbd0' -> (Import Result ID: '2bb7ffaa0c6f0162a1bee694aaa634ed') in 0.000 seconds [static dependencies only]. Details - ImportResultOutputID=b4f4c8701620c33826e8ee7435854c95 DependenciesID=b8f5398fedc6cc20d522de18e7ee02d8 StaticDependenciesID=3a2ecf9a17edba88aad6445408024d11 
Importing 'GUID: 1caa6d26d6d4046aeae9e4b74468cf38 - Path: Assets/Art/ChubbyAircraft/NavyCoral_A380_800/Meshes/Part_01.asset' with importer (NativeFormatImporter)
Main Object Name 'NavyCoral_A380_800_Part_01' does not match filename 'Part_01'
UnityEngine.Debug:ExtractStackTraceNoAlloc (byte*,int,string)
UnityEngine.StackTraceUtility:ExtractStackTrace () (at /Users/bokken/build/output/unity/unity/Runtime/Export/Scripting/StackTrace.cs:23)
ChubbyAircraftDelivery:SaveAndValidatePrefab (UnityEngine.GameObject,string,System.Text.StringBuilder) (at Assets/Editor/ChubbyAircraftDelivery.cs:250)
ChubbyAircraftDelivery:Run () (at Assets/Editor/ChubbyAircraftDelivery.cs:104)
ChubbyAircraftFinalCheck:Run () (at Assets/Editor/ChubbyAircraftFinalCheck.cs:5)

[Assets/Editor/ChubbyAircraftDelivery.cs line 104]

Imported 'GUID: 1caa6d26d6d4046aeae9e4b74468cf38' -> (Import Result ID: '88fd515566661283b7cd4c60d5e39952') in 0.001 seconds [static dependencies only]. Details - ImportResultOutputID=e7998acd4a5d4ef4219bf97ac828a640 DependenciesID=885f9fd789c9fe6e5d728cce1c0984b6 StaticDependenciesID=2da5f48c97a51bae77e067310d6c2078 
Importing 'GUID: 2c524e07a5da44910bfb2820597d4978 - Path: Assets/Art/ChubbyAircraft/NavyCoral_A380_800/Meshes/Part_06.asset' with importer (NativeFormatImporter)
Main Object Name 'NavyCoral_A380_800_Part_06' does not match filename 'Part_06'
UnityEngine.Debug:ExtractStackTraceNoAlloc (byte*,int,string)
UnityEngine.StackTraceUtility:ExtractStackTrace () (at /Users/bokken/build/output/unity/unity/Runtime/Export/Scripting/StackTrace.cs:23)
ChubbyAircraftDelivery:SaveAndValidatePrefab (UnityEngine.GameObject,string,System.Text.StringBuilder) (at Assets/Editor/ChubbyAircraftDelivery.cs:250)
ChubbyAircraftDelivery:Run () (at Assets/Editor/ChubbyAircraftDelivery.cs:104)
ChubbyAircraftFinalCheck:Run () (at Assets/Editor/ChubbyAircraftFinalCheck.cs:5)

[Assets/Editor/ChubbyAircraftDelivery.cs line 104]

Imported 'GUID: 2c524e07a5da44910bfb2820597d4978' -> (Import Result ID: 'f5a4921a60fab67c6a67f9482a8aba31') in 0.000 seconds [static dependencies only]. Details - ImportResultOutputID=05c914b3bb1b3f45e3f824c3b728b9df DependenciesID=5323eafab1560ee35675ce6686571c23 StaticDependenciesID=19baffcb3f7825a3fbaf07ebf0ad09f4 
Importing 'GUID: dc7500f7ec6ab4d06b00861e9ba4cfa6 - Path: Assets/Art/ChubbyAircraft/NavyCoral_A380_800/Meshes/Part_02.asset' with importer (NativeFormatImporter)
Main Object Name 'NavyCoral_A380_800_Part_02' does not match filename 'Part_02'
UnityEngine.Debug:ExtractStackTraceNoAlloc (byte*,int,string)
UnityEngine.StackTraceUtility:ExtractStackTrace () (at /Users/bokken/build/output/unity/unity/Runtime/Export/Scripting/StackTrace.cs:23)
ChubbyAircraftDelivery:SaveAndValidatePrefab (UnityEngine.GameObject,string,System.Text.StringBuilder) (at Assets/Editor/ChubbyAircraftDelivery.cs:250)
ChubbyAircraftDelivery:Run () (at Assets/Editor/ChubbyAircraftDelivery.cs:104)
ChubbyAircraftFinalCheck:Run () (at Assets/Editor/ChubbyAircraftFinalCheck.cs:5)

[Assets/Editor/ChubbyAircraftDelivery.cs line 104]

Imported 'GUID: dc7500f7ec6ab4d06b00861e9ba4cfa6' -> (Import Result ID: '7682e47bcd770942e55b50b5ff1d034b') in 0.001 seconds [static dependencies only]. Details - ImportResultOutputID=79c275d0081395e42a251bb6510c1ff4 DependenciesID=f8258aea48d16158cce57197d0b623d7 StaticDependenciesID=08d9d95540f13a0d0e80df9be24a69db 
Importing 'GUID: ecff6f1d6c10a45a1813e4ffd5d9fc10 - Path: Assets/Art/ChubbyAircraft/NavyCoral_A380_800/Meshes/Part_08.asset' with importer (NativeFormatImporter)
Main Object Name 'NavyCoral_A380_800_Part_08' does not match filename 'Part_08'
UnityEngine.Debug:ExtractStackTraceNoAlloc (byte*,int,string)
UnityEngine.StackTraceUtility:ExtractStackTrace () (at /Users/bokken/build/output/unity/unity/Runtime/Export/Scripting/StackTrace.cs:23)
ChubbyAircraftDelivery:SaveAndValidatePrefab (UnityEngine.GameObject,string,System.Text.StringBuilder) (at Assets/Editor/ChubbyAircraftDelivery.cs:250)
ChubbyAircraftDelivery:Run () (at Assets/Editor/ChubbyAircraftDelivery.cs:104)
ChubbyAircraftFinalCheck:Run () (at Assets/Editor/ChubbyAircraftFinalCheck.cs:5)

[Assets/Editor/ChubbyAircraftDelivery.cs line 104]

Imported 'GUID: ecff6f1d6c10a45a1813e4ffd5d9fc10' -> (Import Result ID: '3468c877caabadc4732d2e42e18141ca') in 0.000 seconds [static dependencies only]. Details - ImportResultOutputID=8feaf58a65e1b05cb14baa32d586fb9a DependenciesID=d7001bc9050c2896133ade69c4e00961 StaticDependenciesID=cdd457956fc9ae7b46b477f5992ec007 
Importing 'GUID: bda20d8f06fcb49808320f59303d4ab1 - Path: Assets/Art/ChubbyAircraft/NavyCoral_A380_800/Meshes/Part_07.asset' with importer (NativeFormatImporter)
Main Object Name 'NavyCoral_A380_800_Part_07' does not match filename 'Part_07'
UnityEngine.Debug:ExtractStackTraceNoAlloc (byte*,int,string)
UnityEngine.StackTraceUtility:ExtractStackTrace () (at /Users/bokken/build/output/unity/unity/Runtime/Export/Scripting/StackTrace.cs:23)
ChubbyAircraftDelivery:SaveAndValidatePrefab (UnityEngine.GameObject,string,System.Text.StringBuilder) (at Assets/Editor/ChubbyAircraftDelivery.cs:250)
ChubbyAircraftDelivery:Run () (at Assets/Editor/ChubbyAircraftDelivery.cs:104)
ChubbyAircraftFinalCheck:Run () (at Assets/Editor/ChubbyAircraftFinalCheck.cs:5)

[Assets/Editor/ChubbyAircraftDelivery.cs line 104]

Imported 'GUID: bda20d8f06fcb49808320f59303d4ab1' -> (Import Result ID: '29a3dcba43ce682e64268134bc0c1665') in 0.000 seconds [static dependencies only]. Details - ImportResultOutputID=bf55423f949bdcfbe7701d68fc4919d8 DependenciesID=e0ef6231b1b81219afc9b40292847b63 StaticDependenciesID=38490199bfee9254436e32900954e62f 
Importing 'GUID: cd6173b7432154e1cb541fe7ef90a7c6 - Path: Assets/Art/ChubbyAircraft/NavyCoral_A380_800/Meshes/Part_09.asset' with importer (NativeFormatImporter)
Main Object Name 'NavyCoral_A380_800_Part_09' does not match filename 'Part_09'
UnityEngine.Debug:ExtractStackTraceNoAlloc (byte*,int,string)
UnityEngine.StackTraceUtility:ExtractStackTrace () (at /Users/bokken/build/output/unity/unity/Runtime/Export/Scripting/StackTrace.cs:23)
ChubbyAircraftDelivery:SaveAndValidatePrefab (UnityEngine.GameObject,string,System.Text.StringBuilder) (at Assets/Editor/ChubbyAircraftDelivery.cs:250)
ChubbyAircraftDelivery:Run () (at Assets/Editor/ChubbyAircraftDelivery.cs:104)
ChubbyAircraftFinalCheck:Run () (at Assets/Editor/ChubbyAircraftFinalCheck.cs:5)

[Assets/Editor/ChubbyAircraftDelivery.cs line 104]

Imported 'GUID: cd6173b7432154e1cb541fe7ef90a7c6' -> (Import Result ID: 'e79edafc46b0b5d96da95272238683d5') in 0.000 seconds [static dependencies only]. Details - ImportResultOutputID=d72afca4b01f0c9ade7144a6b3918cea DependenciesID=4b523ac2e23b03747870092d53b2dedf StaticDependenciesID=bc08565d0d1479db6a4ebfc2338ec560 
Importing 'GUID: fd700c28575cd4743a18e5884d4ab584 - Path: Assets/Art/ChubbyAircraft/NavyCoral_A380_800/Meshes/Part_11.asset' with importer (NativeFormatImporter)
Main Object Name 'NavyCoral_A380_800_Part_11' does not match filename 'Part_11'
UnityEngine.Debug:ExtractStackTraceNoAlloc (byte*,int,string)
UnityEngine.StackTraceUtility:ExtractStackTrace () (at /Users/bokken/build/output/unity/unity/Runtime/Export/Scripting/StackTrace.cs:23)
ChubbyAircraftDelivery:SaveAndValidatePrefab (UnityEngine.GameObject,string,System.Text.StringBuilder) (at Assets/Editor/ChubbyAircraftDelivery.cs:250)
ChubbyAircraftDelivery:Run () (at Assets/Editor/ChubbyAircraftDelivery.cs:104)
ChubbyAircraftFinalCheck:Run () (at Assets/Editor/ChubbyAircraftFinalCheck.cs:5)

[Assets/Editor/ChubbyAircraftDelivery.cs line 104]

Imported 'GUID: fd700c28575cd4743a18e5884d4ab584' -> (Import Result ID: '0faf5d12c6e0b18b4f7c347c237257e5') in 0.000 seconds [static dependencies only]. Details - ImportResultOutputID=aa75739eb99b53c076d6106af8609627 DependenciesID=87c3fe4848bcbf236533f97512e67607 StaticDependenciesID=c0c533ca252ef7f7d5cbc5701e5c46eb 
Asset Pipeline Refresh (id=4a3335770fa7a4b9ca007516c85a62e7): Total: 0.033 seconds - Initiated by StopAssetImportingV2(NoUpdateAssetOptions)
Importing 'GUID: 05bd8fd1a97e243bb94c84ed7854f9dc - Path: Assets/Art/ChubbyAircraft/NavyCoral_A380_800/NavyCoral_A380_800.prefab' with importer (PrefabImporter)
Imported 'GUID: 05bd8fd1a97e243bb94c84ed7854f9dc' -> (Import Result ID: '9cd054952c12005cf0721660dde23b99') in 0.001 seconds [static dependencies only]. Details - ImportResultOutputID=d37b3606859c0b53199ed5963d650444 DependenciesID=1c805e038d1a219ecb101922293060ed StaticDependenciesID=ab907381b0732315c45052253e2fb8fe 
Asset Pipeline Refresh (id=fb2eb1f32ab374656a94a6367ad0aba9): Total: 0.005 seconds - Initiated by StopAssetImportingV2(NoUpdateAssetOptions)
Loaded scene 'Library/Unused/ac64bff0bdf7b4d30829e3ac68aef7df'
	Deserialize:            0.243 ms
	Integration:            0.148 ms
	Integration of assets:  0.001 ms
	Thread Wait Time:       0.005 ms
	Total Operation Time:   0.396 ms
Asset Pipeline Refresh (id=f427cbee04f304d758eb360d76d5c622): Total: 0.005 seconds - Initiated by StopAssetImportingV2(NoUpdateAssetOptions)
Importing 'GUID: 20336e003299f41a5bc41c0a14ad1b75 - Path: Assets/Art/ChubbyAircraft/NavyCoral_Comet4/Materials/Part_13.mat' with importer (NativeFormatImporter)
Main Object Name 'NavyCoral_Comet4_Part_13' does not match filename 'Part_13'
UnityEngine.Debug:ExtractStackTraceNoAlloc (byte*,int,string)
UnityEngine.StackTraceUtility:ExtractStackTrace () (at /Users/bokken/build/output/unity/unity/Runtime/Export/Scripting/StackTrace.cs:23)
ChubbyAircraftDelivery:SaveAndValidatePrefab (UnityEngine.GameObject,string,System.Text.StringBuilder) (at Assets/Editor/ChubbyAircraftDelivery.cs:250)
ChubbyAircraftDelivery:Run () (at Assets/Editor/ChubbyAircraftDelivery.cs:104)
ChubbyAircraftFinalCheck:Run () (at Assets/Editor/ChubbyAircraftFinalCheck.cs:5)

[Assets/Editor/ChubbyAircraftDelivery.cs line 104]

Imported 'GUID: 20336e003299f41a5bc41c0a14ad1b75' -> (Import Result ID: '677993fefa77d221497741205b120fec') in 0.001 seconds [static dependencies only]. Details - ImportResultOutputID=4afeb30c549785c4a1bc436867f9da2e DependenciesID=bde4c6493f60430e40d032dc50509d47 StaticDependenciesID=5a1cb4700114fa39c12e1806bd43ef1e 
Importing 'GUID: 3080403086df1417aba046a12d872fa3 - Path: Assets/Art/ChubbyAircraft/NavyCoral_Comet4/Materials/Part_14.mat' with importer (NativeFormatImporter)
Main Object Name 'NavyCoral_Comet4_Part_14' does not match filename 'Part_14'
UnityEngine.Debug:ExtractStackTraceNoAlloc (byte*,int,string)
UnityEngine.StackTraceUtility:ExtractStackTrace () (at /Users/bokken/build/output/unity/unity/Runtime/Export/Scripting/StackTrace.cs:23)
ChubbyAircraftDelivery:SaveAndValidatePrefab (UnityEngine.GameObject,string,System.Text.StringBuilder) (at Assets/Editor/ChubbyAircraftDelivery.cs:250)
ChubbyAircraftDelivery:Run () (at Assets/Editor/ChubbyAircraftDelivery.cs:104)
ChubbyAircraftFinalCheck:Run () (at Assets/Editor/ChubbyAircraftFinalCheck.cs:5)

[Assets/Editor/ChubbyAircraftDelivery.cs line 104]

Imported 'GUID: 3080403086df1417aba046a12d872fa3' -> (Import Result ID: '585a93807f099b75d8c18515ebf93112') in 0.000 seconds [static dependencies only]. Details - ImportResultOutputID=cb0d47e317aa52973144aad6f7ee9058 DependenciesID=af1a76ddf9345418d7e0ce0f430e7bf4 StaticDependenciesID=ce4e3fa9489649b9cc5920ec4addbbee 
Importing 'GUID: a01cc10902c1e4e76ade2a90ed8770cd - Path: Assets/Art/ChubbyAircraft/NavyCoral_Comet4/Materials/Part_02.mat' with importer (NativeFormatImporter)
Main Object Name 'NavyCoral_Comet4_Part_02' does not match filename 'Part_02'
UnityEngine.Debug:ExtractStackTraceNoAlloc (byte*,int,string)
UnityEngine.StackTraceUtility:ExtractStackTrace () (at /Users/bokken/build/output/unity/unity/Runtime/Export/Scripting/StackTrace.cs:23)
ChubbyAircraftDelivery:SaveAndValidatePrefab (UnityEngine.GameObject,string,System.Text.StringBuilder) (at Assets/Editor/ChubbyAircraftDelivery.cs:250)
ChubbyAircraftDelivery:Run () (at Assets/Editor/ChubbyAircraftDelivery.cs:104)
ChubbyAircraftFinalCheck:Run () (at Assets/Editor/ChubbyAircraftFinalCheck.cs:5)

[Assets/Editor/ChubbyAircraftDelivery.cs line 104]

Imported 'GUID: a01cc10902c1e4e76ade2a90ed8770cd' -> (Import Result ID: 'd56465ddc0d7da35d658578be03c37cf') in 0.000 seconds [static dependencies only]. Details - ImportResultOutputID=ee478bf1cc46d3e30d9d5d06fd37cd29 DependenciesID=3e42490ea65c3988e5cb306c4cbd8d5a StaticDependenciesID=255451987f64614539772f41ad0efd30 
Importing 'GUID: 523f5e23382df4c67bb2bbfc93b18158 - Path: Assets/Art/ChubbyAircraft/NavyCoral_Comet4/Materials/Part_16.mat' with importer (NativeFormatImporter)
Main Object Name 'NavyCoral_Comet4_Part_16' does not match filename 'Part_16'
UnityEngine.Debug:ExtractStackTraceNoAlloc (byte*,int,string)
UnityEngine.StackTraceUtility:ExtractStackTrace () (at /Users/bokken/build/output/unity/unity/Runtime/Export/Scripting/StackTrace.cs:23)
ChubbyAircraftDelivery:SaveAndValidatePrefab (UnityEngine.GameObject,string,System.Text.StringBuilder) (at Assets/Editor/ChubbyAircraftDelivery.cs:250)
ChubbyAircraftDelivery:Run () (at Assets/Editor/ChubbyAircraftDelivery.cs:104)
ChubbyAircraftFinalCheck:Run () (at Assets/Editor/ChubbyAircraftFinalCheck.cs:5)

[Assets/Editor/ChubbyAircraftDelivery.cs line 104]

Imported 'GUID: 523f5e23382df4c67bb2bbfc93b18158' -> (Import Result ID: '73826358f1649de2b369752d8822c99e') in 0.000 seconds [static dependencies only]. Details - ImportResultOutputID=8d234d41df52b72e3d5a3bf0ef887ea0 DependenciesID=c0a9eef84dc8996f1600e3e13e209849 StaticDependenciesID=31c52b766418d18466497cb31317f727 
Importing 'GUID: 82db439965b854488b4a4f862bae32b9 - Path: Assets/Art/ChubbyAircraft/NavyCoral_Comet4/Materials/Part_05.mat' with importer (NativeFormatImporter)
Main Object Name 'NavyCoral_Comet4_Part_05' does not match filename 'Part_05'
UnityEngine.Debug:ExtractStackTraceNoAlloc (byte*,int,string)
UnityEngine.StackTraceUtility:ExtractStackTrace () (at /Users/bokken/build/output/unity/unity/Runtime/Export/Scripting/StackTrace.cs:23)
ChubbyAircraftDelivery:SaveAndValidatePrefab (UnityEngine.GameObject,string,System.Text.StringBuilder) (at Assets/Editor/ChubbyAircraftDelivery.cs:250)
ChubbyAircraftDelivery:Run () (at Assets/Editor/ChubbyAircraftDelivery.cs:104)
ChubbyAircraftFinalCheck:Run () (at Assets/Editor/ChubbyAircraftFinalCheck.cs:5)

[Assets/Editor/ChubbyAircraftDelivery.cs line 104]

Imported 'GUID: 82db439965b854488b4a4f862bae32b9' -> (Import Result ID: '2e5388a0ee5e279ee2fcae64d466c3ce') in 0.000 seconds [static dependencies only]. Details - ImportResultOutputID=5a515793c8caf508946883615e04c830 DependenciesID=7e1e5d0bef0cce7e69b280d896999dd9 StaticDependenciesID=621d6430f4d978dd03f064961452f266 
Importing 'GUID: c24d4e6d5bd254af5ab5f6437c4a377e - Path: Assets/Art/ChubbyAircraft/NavyCoral_Comet4/Materials/Part_09.mat' with importer (NativeFormatImporter)
Main Object Name 'NavyCoral_Comet4_Part_09' does not match filename 'Part_09'
UnityEngine.Debug:ExtractStackTraceNoAlloc (byte*,int,string)
UnityEngine.StackTraceUtility:ExtractStackTrace () (at /Users/bokken/build/output/unity/unity/Runtime/Export/Scripting/StackTrace.cs:23)
ChubbyAircraftDelivery:SaveAndValidatePrefab (UnityEngine.GameObject,string,System.Text.StringBuilder) (at Assets/Editor/ChubbyAircraftDelivery.cs:250)
ChubbyAircraftDelivery:Run () (at Assets/Editor/ChubbyAircraftDelivery.cs:104)
ChubbyAircraftFinalCheck:Run () (at Assets/Editor/ChubbyAircraftFinalCheck.cs:5)

[Assets/Editor/ChubbyAircraftDelivery.cs line 104]

Imported 'GUID: c24d4e6d5bd254af5ab5f6437c4a377e' -> (Import Result ID: 'b4ef29e3648255e7d6bba529f99e06f7') in 0.000 seconds [static dependencies only]. Details - ImportResultOutputID=63c393fb7f1a48a107984468d8881d7f DependenciesID=4d8c3a8933947ca2bf0554dab858c8e9 StaticDependenciesID=70b91668c7411a910c4b867056357cae 
Importing 'GUID: 746b0f5cff5044e7eafd12e607c6e9f9 - Path: Assets/Art/ChubbyAircraft/NavyCoral_Comet4/Materials/Part_00.mat' with importer (NativeFormatImporter)
Main Object Name 'NavyCoral_Comet4_Part_00' does not match filename 'Part_00'
UnityEngine.Debug:ExtractStackTraceNoAlloc (byte*,int,string)
UnityEngine.StackTraceUtility:ExtractStackTrace () (at /Users/bokken/build/output/unity/unity/Runtime/Export/Scripting/StackTrace.cs:23)
ChubbyAircraftDelivery:SaveAndValidatePrefab (UnityEngine.GameObject,string,System.Text.StringBuilder) (at Assets/Editor/ChubbyAircraftDelivery.cs:250)
ChubbyAircraftDelivery:Run () (at Assets/Editor/ChubbyAircraftDelivery.cs:104)
ChubbyAircraftFinalCheck:Run () (at Assets/Editor/ChubbyAircraftFinalCheck.cs:5)

[Assets/Editor/ChubbyAircraftDelivery.cs line 104]

Imported 'GUID: 746b0f5cff5044e7eafd12e607c6e9f9' -> (Import Result ID: '5384471596952a922a0983cf83abc758') in 0.000 seconds [static dependencies only]. Details - ImportResultOutputID=89e21aa3204ab72cedc9d9aa9212d390 DependenciesID=b019c33ea77bce87ce981368045c0998 StaticDependenciesID=44c57ebeae6dd939620dd5e9d24053ba 
Importing 'GUID: 7539a1721ce8348d4a65690fab84276f - Path: Assets/Art/ChubbyAircraft/NavyCoral_Comet4/Materials/Part_01.mat' with importer (NativeFormatImporter)
Main Object Name 'NavyCoral_Comet4_Part_01' does not match filename 'Part_01'
UnityEngine.Debug:ExtractStackTraceNoAlloc (byte*,int,string)
UnityEngine.StackTraceUtility:ExtractStackTrace () (at /Users/bokken/build/output/unity/unity/Runtime/Export/Scripting/StackTrace.cs:23)
ChubbyAircraftDelivery:SaveAndValidatePrefab (UnityEngine.GameObject,string,System.Text.StringBuilder) (at Assets/Editor/ChubbyAircraftDelivery.cs:250)
ChubbyAircraftDelivery:Run () (at Assets/Editor/ChubbyAircraftDelivery.cs:104)
ChubbyAircraftFinalCheck:Run () (at Assets/Editor/ChubbyAircraftFinalCheck.cs:5)

[Assets/Editor/ChubbyAircraftDelivery.cs line 104]

Imported 'GUID: 7539a1721ce8348d4a65690fab84276f' -> (Import Result ID: '54e316de9015e40f13a23d0d14d06295') in 0.000 seconds [static dependencies only]. Details - ImportResultOutputID=c6020218a0b9083f179d541145d691e2 DependenciesID=0555602921ef703121f2a02efa57632c StaticDependenciesID=9c4dfad5014d054733697d3052b712f3 
Importing 'GUID: 261cac274e3014a81922acdf4c952c04 - Path: Assets/Art/ChubbyAircraft/NavyCoral_Comet4/Materials/Part_12.mat' with importer (NativeFormatImporter)
Main Object Name 'NavyCoral_Comet4_Part_12' does not match filename 'Part_12'
UnityEngine.Debug:ExtractStackTraceNoAlloc (byte*,int,string)
UnityEngine.StackTraceUtility:ExtractStackTrace () (at /Users/bokken/build/output/unity/unity/Runtime/Export/Scripting/StackTrace.cs:23)
ChubbyAircraftDelivery:SaveAndValidatePrefab (UnityEngine.GameObject,string,System.Text.StringBuilder) (at Assets/Editor/ChubbyAircraftDelivery.cs:250)
ChubbyAircraftDelivery:Run () (at Assets/Editor/ChubbyAircraftDelivery.cs:104)
ChubbyAircraftFinalCheck:Run () (at Assets/Editor/ChubbyAircraftFinalCheck.cs:5)

[Assets/Editor/ChubbyAircraftDelivery.cs line 104]

Imported 'GUID: 261cac274e3014a81922acdf4c952c04' -> (Import Result ID: '67e67de300dcb59b2f5acc65a97fa13c') in 0.000 seconds [static dependencies only]. Details - ImportResultOutputID=129c9941edc1e28ca94440fb1c34b4fe DependenciesID=c658763497e9aab5301131e6a101a32f StaticDependenciesID=e27f3fcf631171141a61abb573667547 
Importing 'GUID: a679e96bcbc004406aece83e12130194 - Path: Assets/Art/ChubbyAircraft/NavyCoral_Comet4/Materials/Part_15.mat' with importer (NativeFormatImporter)
Main Object Name 'NavyCoral_Comet4_Part_15' does not match filename 'Part_15'
UnityEngine.Debug:ExtractStackTraceNoAlloc (byte*,int,string)
UnityEngine.StackTraceUtility:ExtractStackTrace () (at /Users/bokken/build/output/unity/unity/Runtime/Export/Scripting/StackTrace.cs:23)
ChubbyAircraftDelivery:SaveAndValidatePrefab (UnityEngine.GameObject,string,System.Text.StringBuilder) (at Assets/Editor/ChubbyAircraftDelivery.cs:250)
ChubbyAircraftDelivery:Run () (at Assets/Editor/ChubbyAircraftDelivery.cs:104)
ChubbyAircraftFinalCheck:Run () (at Assets/Editor/ChubbyAircraftFinalCheck.cs:5)

[Assets/Editor/ChubbyAircraftDelivery.cs line 104]

Imported 'GUID: a679e96bcbc004406aece83e12130194' -> (Import Result ID: '333b964ea099e04cec0abce590249652') in 0.000 seconds [static dependencies only]. Details - ImportResultOutputID=a779e3f377977db3e113e509e1a05f8e DependenciesID=1056151751172139a8393687dd600f7c StaticDependenciesID=ba4bcdd98d74dca027c7f4a5ac1dcd7a 
Importing 'GUID: 479e2327ab9ab463d91947313392d683 - Path: Assets/Art/ChubbyAircraft/NavyCoral_Comet4/Materials/Part_04.mat' with importer (NativeFormatImporter)
Main Object Name 'NavyCoral_Comet4_Part_04' does not match filename 'Part_04'
UnityEngine.Debug:ExtractStackTraceNoAlloc (byte*,int,string)
UnityEngine.StackTraceUtility:ExtractStackTrace () (at /Users/bokken/build/output/unity/unity/Runtime/Export/Scripting/StackTrace.cs:23)
ChubbyAircraftDelivery:SaveAndValidatePrefab (UnityEngine.GameObject,string,System.Text.StringBuilder) (at Assets/Editor/ChubbyAircraftDelivery.cs:250)
ChubbyAircraftDelivery:Run () (at Assets/Editor/ChubbyAircraftDelivery.cs:104)
ChubbyAircraftFinalCheck:Run () (at Assets/Editor/ChubbyAircraftFinalCheck.cs:5)

[Assets/Editor/ChubbyAircraftDelivery.cs line 104]

Imported 'GUID: 479e2327ab9ab463d91947313392d683' -> (Import Result ID: '14b485c7b104717892cdbde1c61bb379') in 0.000 seconds [static dependencies only]. Details - ImportResultOutputID=f37dd3ecc39246e7c66fdec42cd4ce54 DependenciesID=1a2a4abc0dc72a60c08906d4551d5975 StaticDependenciesID=164bd61e1b6d96f5925e6e0ac380c602 
Importing 'GUID: 78d63e4f355b44e948c59cabed999f47 - Path: Assets/Art/ChubbyAircraft/NavyCoral_Comet4/Materials/Part_07.mat' with importer (NativeFormatImporter)
Main Object Name 'NavyCoral_Comet4_Part_07' does not match filename 'Part_07'
UnityEngine.Debug:ExtractStackTraceNoAlloc (byte*,int,string)
UnityEngine.StackTraceUtility:ExtractStackTrace () (at /Users/bokken/build/output/unity/unity/Runtime/Export/Scripting/StackTrace.cs:23)
ChubbyAircraftDelivery:SaveAndValidatePrefab (UnityEngine.GameObject,string,System.Text.StringBuilder) (at Assets/Editor/ChubbyAircraftDelivery.cs:250)
ChubbyAircraftDelivery:Run () (at Assets/Editor/ChubbyAircraftDelivery.cs:104)
ChubbyAircraftFinalCheck:Run () (at Assets/Editor/ChubbyAircraftFinalCheck.cs:5)

[Assets/Editor/ChubbyAircraftDelivery.cs line 104]

Imported 'GUID: 78d63e4f355b44e948c59cabed999f47' -> (Import Result ID: 'a1712bce05369d78fb0c65ed3923dc83') in 0.000 seconds [static dependencies only]. Details - ImportResultOutputID=87fdf5e68f3ffb0a03c9bfc84e3b4173 DependenciesID=aa739af3da20d8ba300e127356cb0d09 StaticDependenciesID=bc521c051b762898275bd3856381dcd2 
Importing 'GUID: 784867c7905ea427fa7e06d19f985180 - Path: Assets/Art/ChubbyAircraft/NavyCoral_Comet4/Materials/Part_08.mat' with importer (NativeFormatImporter)
Main Object Name 'NavyCoral_Comet4_Part_08' does not match filename 'Part_08'
UnityEngine.Debug:ExtractStackTraceNoAlloc (byte*,int,string)
UnityEngine.StackTraceUtility:ExtractStackTrace () (at /Users/bokken/build/output/unity/unity/Runtime/Export/Scripting/StackTrace.cs:23)
ChubbyAircraftDelivery:SaveAndValidatePrefab (UnityEngine.GameObject,string,System.Text.StringBuilder) (at Assets/Editor/ChubbyAircraftDelivery.cs:250)
ChubbyAircraftDelivery:Run () (at Assets/Editor/ChubbyAircraftDelivery.cs:104)
ChubbyAircraftFinalCheck:Run () (at Assets/Editor/ChubbyAircraftFinalCheck.cs:5)

[Assets/Editor/ChubbyAircraftDelivery.cs line 104]

Imported 'GUID: 784867c7905ea427fa7e06d19f985180' -> (Import Result ID: '336b053ec6dbb46d92a541e4a15880a1') in 0.000 seconds [static dependencies only]. Details - ImportResultOutputID=4c59fad13220f857a8810becb905817e DependenciesID=5d5a0db0e929519547cac7c033d4f7b1 StaticDependenciesID=58e68e6e56fb9ff88e4d08cd2a7fc158 
Importing 'GUID: b9866ef249a314388aae998e9c16cd10 - Path: Assets/Art/ChubbyAircraft/NavyCoral_Comet4/Materials/Part_03.mat' with importer (NativeFormatImporter)
Main Object Name 'NavyCoral_Comet4_Part_03' does not match filename 'Part_03'
UnityEngine.Debug:ExtractStackTraceNoAlloc (byte*,int,string)
UnityEngine.StackTraceUtility:ExtractStackTrace () (at /Users/bokken/build/output/unity/unity/Runtime/Export/Scripting/StackTrace.cs:23)
ChubbyAircraftDelivery:SaveAndValidatePrefab (UnityEngine.GameObject,string,System.Text.StringBuilder) (at Assets/Editor/ChubbyAircraftDelivery.cs:250)
ChubbyAircraftDelivery:Run () (at Assets/Editor/ChubbyAircraftDelivery.cs:104)
ChubbyAircraftFinalCheck:Run () (at Assets/Editor/ChubbyAircraftFinalCheck.cs:5)

[Assets/Editor/ChubbyAircraftDelivery.cs line 104]

Imported 'GUID: b9866ef249a314388aae998e9c16cd10' -> (Import Result ID: '74582777337a1a12cb17f5b51948ea00') in 0.000 seconds [static dependencies only]. Details - ImportResultOutputID=f65a19124efd735e176edb6edfc0897c DependenciesID=071bbb519bdcd10e6f7b239619759292 StaticDependenciesID=92b8f33ebf2490000fa4b2e4c24b4fdf 
Importing 'GUID: 1b57bf301d2a94ec597747ddde12d671 - Path: Assets/Art/ChubbyAircraft/NavyCoral_Comet4/Materials/Part_11.mat' with importer (NativeFormatImporter)
Main Object Name 'NavyCoral_Comet4_Part_11' does not match filename 'Part_11'
UnityEngine.Debug:ExtractStackTraceNoAlloc (byte*,int,string)
UnityEngine.StackTraceUtility:ExtractStackTrace () (at /Users/bokken/build/output/unity/unity/Runtime/Export/Scripting/StackTrace.cs:23)
ChubbyAircraftDelivery:SaveAndValidatePrefab (UnityEngine.GameObject,string,System.Text.StringBuilder) (at Assets/Editor/ChubbyAircraftDelivery.cs:250)
ChubbyAircraftDelivery:Run () (at Assets/Editor/ChubbyAircraftDelivery.cs:104)
ChubbyAircraftFinalCheck:Run () (at Assets/Editor/ChubbyAircraftFinalCheck.cs:5)

[Assets/Editor/ChubbyAircraftDelivery.cs line 104]

Imported 'GUID: 1b57bf301d2a94ec597747ddde12d671' -> (Import Result ID: 'd53c5be0c4ca830fa304061fa2597610') in 0.000 seconds [static dependencies only]. Details - ImportResultOutputID=88b470d7d6161025fe6a285acf4fe68a DependenciesID=010e1eb519b90d3ed11de91dd362d271 StaticDependenciesID=d1484d615376f14b5c797926570dafeb 
Importing 'GUID: 6faccae1e612f41f2bb5ad7c60905772 - Path: Assets/Art/ChubbyAircraft/NavyCoral_Comet4/Materials/Part_06.mat' with importer (NativeFormatImporter)
Main Object Name 'NavyCoral_Comet4_Part_06' does not match filename 'Part_06'
UnityEngine.Debug:ExtractStackTraceNoAlloc (byte*,int,string)
UnityEngine.StackTraceUtility:ExtractStackTrace () (at /Users/bokken/build/output/unity/unity/Runtime/Export/Scripting/StackTrace.cs:23)
ChubbyAircraftDelivery:SaveAndValidatePrefab (UnityEngine.GameObject,string,System.Text.StringBuilder) (at Assets/Editor/ChubbyAircraftDelivery.cs:250)
ChubbyAircraftDelivery:Run () (at Assets/Editor/ChubbyAircraftDelivery.cs:104)
ChubbyAircraftFinalCheck:Run () (at Assets/Editor/ChubbyAircraftFinalCheck.cs:5)

[Assets/Editor/ChubbyAircraftDelivery.cs line 104]

Imported 'GUID: 6faccae1e612f41f2bb5ad7c60905772' -> (Import Result ID: 'b28a99157c73f1958656f211010aebbe') in 0.000 seconds [static dependencies only]. Details - ImportResultOutputID=1667e1176100739cd4cd8a032e726e0b DependenciesID=a4dddfba1fa0bbcee3014649bb61bde6 StaticDependenciesID=ebcfe3b44f272083e3792b36ba6de99e 
Importing 'GUID: 9fd970c3ebba046adbffb3aa3161a621 - Path: Assets/Art/ChubbyAircraft/NavyCoral_Comet4/Materials/Part_10.mat' with importer (NativeFormatImporter)
Main Object Name 'NavyCoral_Comet4_Part_10' does not match filename 'Part_10'
UnityEngine.Debug:ExtractStackTraceNoAlloc (byte*,int,string)
UnityEngine.StackTraceUtility:ExtractStackTrace () (at /Users/bokken/build/output/unity/unity/Runtime/Export/Scripting/StackTrace.cs:23)
ChubbyAircraftDelivery:SaveAndValidatePrefab (UnityEngine.GameObject,string,System.Text.StringBuilder) (at Assets/Editor/ChubbyAircraftDelivery.cs:250)
ChubbyAircraftDelivery:Run () (at Assets/Editor/ChubbyAircraftDelivery.cs:104)
ChubbyAircraftFinalCheck:Run () (at Assets/Editor/ChubbyAircraftFinalCheck.cs:5)

[Assets/Editor/ChubbyAircraftDelivery.cs line 104]

Imported 'GUID: 9fd970c3ebba046adbffb3aa3161a621' -> (Import Result ID: 'cc786f3e4e5d2d44648f4e30a9426f36') in 0.000 seconds [static dependencies only]. Details - ImportResultOutputID=588154bc02329a40c77f517634183bbf DependenciesID=85db64a8374a5c4b745d1b1941ecb863 StaticDependenciesID=124fa0efba50c778eb3c57274937c077 
Importing 'GUID: 7045872360fd642a2af552a33eaf0cc3 - Path: Assets/Art/ChubbyAircraft/NavyCoral_Comet4/Meshes/Part_08.asset' with importer (NativeFormatImporter)
Main Object Name 'NavyCoral_Comet4_Part_08' does not match filename 'Part_08'
UnityEngine.Debug:ExtractStackTraceNoAlloc (byte*,int,string)
UnityEngine.StackTraceUtility:ExtractStackTrace () (at /Users/bokken/build/output/unity/unity/Runtime/Export/Scripting/StackTrace.cs:23)
ChubbyAircraftDelivery:SaveAndValidatePrefab (UnityEngine.GameObject,string,System.Text.StringBuilder) (at Assets/Editor/ChubbyAircraftDelivery.cs:250)
ChubbyAircraftDelivery:Run () (at Assets/Editor/ChubbyAircraftDelivery.cs:104)
ChubbyAircraftFinalCheck:Run () (at Assets/Editor/ChubbyAircraftFinalCheck.cs:5)

[Assets/Editor/ChubbyAircraftDelivery.cs line 104]

Imported 'GUID: 7045872360fd642a2af552a33eaf0cc3' -> (Import Result ID: '8018a374ab57073854130249aa0699c7') in 0.000 seconds [static dependencies only]. Details - ImportResultOutputID=fbeebe5fab63cc91eefaa86ef8243488 DependenciesID=14497e2a78987227862bd47fb3ffcb00 StaticDependenciesID=99b6c4bdd0d2c36fdd35f227121f8294 
Importing 'GUID: 708ca5f1677fd4a8881ccf4da8c7846e - Path: Assets/Art/ChubbyAircraft/NavyCoral_Comet4/Meshes/Part_07.asset' with importer (NativeFormatImporter)
Main Object Name 'NavyCoral_Comet4_Part_07' does not match filename 'Part_07'
UnityEngine.Debug:ExtractStackTraceNoAlloc (byte*,int,string)
UnityEngine.StackTraceUtility:ExtractStackTrace () (at /Users/bokken/build/output/unity/unity/Runtime/Export/Scripting/StackTrace.cs:23)
ChubbyAircraftDelivery:SaveAndValidatePrefab (UnityEngine.GameObject,string,System.Text.StringBuilder) (at Assets/Editor/ChubbyAircraftDelivery.cs:250)
ChubbyAircraftDelivery:Run () (at Assets/Editor/ChubbyAircraftDelivery.cs:104)
ChubbyAircraftFinalCheck:Run () (at Assets/Editor/ChubbyAircraftFinalCheck.cs:5)

[Assets/Editor/ChubbyAircraftDelivery.cs line 104]

Imported 'GUID: 708ca5f1677fd4a8881ccf4da8c7846e' -> (Import Result ID: 'e4a42510fc52acd329f4913da6bf6683') in 0.000 seconds [static dependencies only]. Details - ImportResultOutputID=698760e3246784918ce40066aca90a25 DependenciesID=fdd0682b30e21b131ddaaf027407bf2d StaticDependenciesID=bc248d734d7f556ff91146f454869864 
Importing 'GUID: 6440a535d1b1942878d47e6040d82fb0 - Path: Assets/Art/ChubbyAircraft/NavyCoral_Comet4/Meshes/Part_06.asset' with importer (NativeFormatImporter)
Main Object Name 'NavyCoral_Comet4_Part_06' does not match filename 'Part_06'
UnityEngine.Debug:ExtractStackTraceNoAlloc (byte*,int,string)
UnityEngine.StackTraceUtility:ExtractStackTrace () (at /Users/bokken/build/output/unity/unity/Runtime/Export/Scripting/StackTrace.cs:23)
ChubbyAircraftDelivery:SaveAndValidatePrefab (UnityEngine.GameObject,string,System.Text.StringBuilder) (at Assets/Editor/ChubbyAircraftDelivery.cs:250)
ChubbyAircraftDelivery:Run () (at Assets/Editor/ChubbyAircraftDelivery.cs:104)
ChubbyAircraftFinalCheck:Run () (at Assets/Editor/ChubbyAircraftFinalCheck.cs:5)

[Assets/Editor/ChubbyAircraftDelivery.cs line 104]

Imported 'GUID: 6440a535d1b1942878d47e6040d82fb0' -> (Import Result ID: 'f7bec4f2a8ba4e62f306bd543dccc14e') in 0.000 seconds [static dependencies only]. Details - ImportResultOutputID=ec8538c36cedfbca6433d96521777303 DependenciesID=ad044e96f6944e54b57cd06b4882394b StaticDependenciesID=bc5a92aab6949b90c75fb3c121be24c4 
Importing 'GUID: a4115413450e64e4aad2016c1fa526cc - Path: Assets/Art/ChubbyAircraft/NavyCoral_Comet4/Meshes/Part_16.asset' with importer (NativeFormatImporter)
Main Object Name 'NavyCoral_Comet4_Part_16' does not match filename 'Part_16'
UnityEngine.Debug:ExtractStackTraceNoAlloc (byte*,int,string)
UnityEngine.StackTraceUtility:ExtractStackTrace () (at /Users/bokken/build/output/unity/unity/Runtime/Export/Scripting/StackTrace.cs:23)
ChubbyAircraftDelivery:SaveAndValidatePrefab (UnityEngine.GameObject,string,System.Text.StringBuilder) (at Assets/Editor/ChubbyAircraftDelivery.cs:250)
ChubbyAircraftDelivery:Run () (at Assets/Editor/ChubbyAircraftDelivery.cs:104)
ChubbyAircraftFinalCheck:Run () (at Assets/Editor/ChubbyAircraftFinalCheck.cs:5)

[Assets/Editor/ChubbyAircraftDelivery.cs line 104]

Imported 'GUID: a4115413450e64e4aad2016c1fa526cc' -> (Import Result ID: '4823fa962cbfa59294ff6f472f3973b3') in 0.001 seconds [static dependencies only]. Details - ImportResultOutputID=0ecff9362623e83ae0f47e39bc67c854 DependenciesID=85086e584091b3a07402b475d0b11606 StaticDependenciesID=cd5090b9ec4331cad07f5202c65ab96b 
Importing 'GUID: d6bd365ee9daf459abd1752d796229b5 - Path: Assets/Art/ChubbyAircraft/NavyCoral_Comet4/Meshes/Part_00.asset' with importer (NativeFormatImporter)
Main Object Name 'NavyCoral_Comet4_Part_00' does not match filename 'Part_00'
UnityEngine.Debug:ExtractStackTraceNoAlloc (byte*,int,string)
UnityEngine.StackTraceUtility:ExtractStackTrace () (at /Users/bokken/build/output/unity/unity/Runtime/Export/Scripting/StackTrace.cs:23)
ChubbyAircraftDelivery:SaveAndValidatePrefab (UnityEngine.GameObject,string,System.Text.StringBuilder) (at Assets/Editor/ChubbyAircraftDelivery.cs:250)
ChubbyAircraftDelivery:Run () (at Assets/Editor/ChubbyAircraftDelivery.cs:104)
ChubbyAircraftFinalCheck:Run () (at Assets/Editor/ChubbyAircraftFinalCheck.cs:5)

[Assets/Editor/ChubbyAircraftDelivery.cs line 104]

Imported 'GUID: d6bd365ee9daf459abd1752d796229b5' -> (Import Result ID: 'fc83569d08fbb4e16f1fd578eb28e42f') in 0.001 seconds [static dependencies only]. Details - ImportResultOutputID=b581374abbc760d96e9f30d88fcd32f8 DependenciesID=0a139219c8a4187ddae180addfb2d779 StaticDependenciesID=dbdbf71cb8c992361e57dd530547b784 
Importing 'GUID: 37c4bde1907774425b323442e3476176 - Path: Assets/Art/ChubbyAircraft/NavyCoral_Comet4/Meshes/Part_01.asset' with importer (NativeFormatImporter)
Main Object Name 'NavyCoral_Comet4_Part_01' does not match filename 'Part_01'
UnityEngine.Debug:ExtractStackTraceNoAlloc (byte*,int,string)
UnityEngine.StackTraceUtility:ExtractStackTrace () (at /Users/bokken/build/output/unity/unity/Runtime/Export/Scripting/StackTrace.cs:23)
ChubbyAircraftDelivery:SaveAndValidatePrefab (UnityEngine.GameObject,string,System.Text.StringBuilder) (at Assets/Editor/ChubbyAircraftDelivery.cs:250)
ChubbyAircraftDelivery:Run () (at Assets/Editor/ChubbyAircraftDelivery.cs:104)
ChubbyAircraftFinalCheck:Run () (at Assets/Editor/ChubbyAircraftFinalCheck.cs:5)

[Assets/Editor/ChubbyAircraftDelivery.cs line 104]

Imported 'GUID: 37c4bde1907774425b323442e3476176' -> (Import Result ID: '77c90a977b0421d2738f7860728c6571') in 0.001 seconds [static dependencies only]. Details - ImportResultOutputID=3777e7c2d992f66ce04fee84c5f78580 DependenciesID=2e21bfc6f4e200ad0c2efadd00f28fad StaticDependenciesID=95ff3823a825660e07a9c81e4c8a56e9 
Importing 'GUID: 98f04ed1b69bb4effa5185bc4185c7c0 - Path: Assets/Art/ChubbyAircraft/NavyCoral_Comet4/Meshes/Part_02.asset' with importer (NativeFormatImporter)
Main Object Name 'NavyCoral_Comet4_Part_02' does not match filename 'Part_02'
UnityEngine.Debug:ExtractStackTraceNoAlloc (byte*,int,string)
UnityEngine.StackTraceUtility:ExtractStackTrace () (at /Users/bokken/build/output/unity/unity/Runtime/Export/Scripting/StackTrace.cs:23)
ChubbyAircraftDelivery:SaveAndValidatePrefab (UnityEngine.GameObject,string,System.Text.StringBuilder) (at Assets/Editor/ChubbyAircraftDelivery.cs:250)
ChubbyAircraftDelivery:Run () (at Assets/Editor/ChubbyAircraftDelivery.cs:104)
ChubbyAircraftFinalCheck:Run () (at Assets/Editor/ChubbyAircraftFinalCheck.cs:5)

[Assets/Editor/ChubbyAircraftDelivery.cs line 104]

Imported 'GUID: 98f04ed1b69bb4effa5185bc4185c7c0' -> (Import Result ID: '5689f713940586e10a4077cf82d20851') in 0.001 seconds [static dependencies only]. Details - ImportResultOutputID=6a40f3c002f5f574c3909c224a5f95de DependenciesID=b62d2f29ac72d2591e4f63fd63ab7461 StaticDependenciesID=3c3637fe89442912c5a27ad6c27f7509 
Importing 'GUID: 9946926087bf3410fa42f535062adc64 - Path: Assets/Art/ChubbyAircraft/NavyCoral_Comet4/Meshes/Part_05.asset' with importer (NativeFormatImporter)
Main Object Name 'NavyCoral_Comet4_Part_05' does not match filename 'Part_05'
UnityEngine.Debug:ExtractStackTraceNoAlloc (byte*,int,string)
UnityEngine.StackTraceUtility:ExtractStackTrace () (at /Users/bokken/build/output/unity/unity/Runtime/Export/Scripting/StackTrace.cs:23)
ChubbyAircraftDelivery:SaveAndValidatePrefab (UnityEngine.GameObject,string,System.Text.StringBuilder) (at Assets/Editor/ChubbyAircraftDelivery.cs:250)
ChubbyAircraftDelivery:Run () (at Assets/Editor/ChubbyAircraftDelivery.cs:104)
ChubbyAircraftFinalCheck:Run () (at Assets/Editor/ChubbyAircraftFinalCheck.cs:5)

[Assets/Editor/ChubbyAircraftDelivery.cs line 104]

Imported 'GUID: 9946926087bf3410fa42f535062adc64' -> (Import Result ID: '9f26102005927a86b36f0ad88239c76b') in 0.000 seconds [static dependencies only]. Details - ImportResultOutputID=2c42d9efd4c81c761be582c54747d80e DependenciesID=f50b0fb8312e4c7a9f34f5af59b58da2 StaticDependenciesID=9981865236f170a18625c9bbc267d0fc 
Importing 'GUID: 99ccdc212b52c48e3a237ff797b2240b - Path: Assets/Art/ChubbyAircraft/NavyCoral_Comet4/Meshes/Part_09.asset' with importer (NativeFormatImporter)
Main Object Name 'NavyCoral_Comet4_Part_09' does not match filename 'Part_09'
UnityEngine.Debug:ExtractStackTraceNoAlloc (byte*,int,string)
UnityEngine.StackTraceUtility:ExtractStackTrace () (at /Users/bokken/build/output/unity/unity/Runtime/Export/Scripting/StackTrace.cs:23)
ChubbyAircraftDelivery:SaveAndValidatePrefab (UnityEngine.GameObject,string,System.Text.StringBuilder) (at Assets/Editor/ChubbyAircraftDelivery.cs:250)
ChubbyAircraftDelivery:Run () (at Assets/Editor/ChubbyAircraftDelivery.cs:104)
ChubbyAircraftFinalCheck:Run () (at Assets/Editor/ChubbyAircraftFinalCheck.cs:5)

[Assets/Editor/ChubbyAircraftDelivery.cs line 104]

Imported 'GUID: 99ccdc212b52c48e3a237ff797b2240b' -> (Import Result ID: '5c82c19337a0b5bca1ae757776a7e834') in 0.000 seconds [static dependencies only]. Details - ImportResultOutputID=cfd94961d32ec57e7e48f14ec6aae574 DependenciesID=d642bb727ce8073cf70835b8942039e6 StaticDependenciesID=ec9db8c257fdd80f4458717e84c84849 
Importing 'GUID: 0a795fac76281491b9c8e91c783d80df - Path: Assets/Art/ChubbyAircraft/NavyCoral_Comet4/Meshes/Part_10.asset' with importer (NativeFormatImporter)
Main Object Name 'NavyCoral_Comet4_Part_10' does not match filename 'Part_10'
UnityEngine.Debug:ExtractStackTraceNoAlloc (byte*,int,string)
UnityEngine.StackTraceUtility:ExtractStackTrace () (at /Users/bokken/build/output/unity/unity/Runtime/Export/Scripting/StackTrace.cs:23)
ChubbyAircraftDelivery:SaveAndValidatePrefab (UnityEngine.GameObject,string,System.Text.StringBuilder) (at Assets/Editor/ChubbyAircraftDelivery.cs:250)
ChubbyAircraftDelivery:Run () (at Assets/Editor/ChubbyAircraftDelivery.cs:104)
ChubbyAircraftFinalCheck:Run () (at Assets/Editor/ChubbyAircraftFinalCheck.cs:5)

[Assets/Editor/ChubbyAircraftDelivery.cs line 104]

Imported 'GUID: 0a795fac76281491b9c8e91c783d80df' -> (Import Result ID: 'f5ce5cf7ff77ec69259c991c5164a4c4') in 0.000 seconds [static dependencies only]. Details - ImportResultOutputID=be201cd0f88d3b88e47483a3a91fa154 DependenciesID=4246e8a86c91abb05ae1ff044732e552 StaticDependenciesID=6f7c129c5dcffc0c23210a057722dd6b 
Importing 'GUID: 1bda8a7826af8447fba6361a8d9ef474 - Path: Assets/Art/ChubbyAircraft/NavyCoral_Comet4/Meshes/Part_13.asset' with importer (NativeFormatImporter)
Main Object Name 'NavyCoral_Comet4_Part_13' does not match filename 'Part_13'
UnityEngine.Debug:ExtractStackTraceNoAlloc (byte*,int,string)
UnityEngine.StackTraceUtility:ExtractStackTrace () (at /Users/bokken/build/output/unity/unity/Runtime/Export/Scripting/StackTrace.cs:23)
ChubbyAircraftDelivery:SaveAndValidatePrefab (UnityEngine.GameObject,string,System.Text.StringBuilder) (at Assets/Editor/ChubbyAircraftDelivery.cs:250)
ChubbyAircraftDelivery:Run () (at Assets/Editor/ChubbyAircraftDelivery.cs:104)
ChubbyAircraftFinalCheck:Run () (at Assets/Editor/ChubbyAircraftFinalCheck.cs:5)

[Assets/Editor/ChubbyAircraftDelivery.cs line 104]

Imported 'GUID: 1bda8a7826af8447fba6361a8d9ef474' -> (Import Result ID: '67ac98b5b7ab72a0921f2fcb4c13ca08') in 0.000 seconds [static dependencies only]. Details - ImportResultOutputID=284ad762b5d3cb0aece9af9ee0ccb6b3 DependenciesID=a9cf9bd80b224b44764ee0f27d288f1e StaticDependenciesID=11b63840e8f81e470f9df99af71b1442 
Importing 'GUID: bb20cf0e4550a46edab5dcaeba407fd2 - Path: Assets/Art/ChubbyAircraft/NavyCoral_Comet4/Meshes/Part_14.asset' with importer (NativeFormatImporter)
Main Object Name 'NavyCoral_Comet4_Part_14' does not match filename 'Part_14'
UnityEngine.Debug:ExtractStackTraceNoAlloc (byte*,int,string)
UnityEngine.StackTraceUtility:ExtractStackTrace () (at /Users/bokken/build/output/unity/unity/Runtime/Export/Scripting/StackTrace.cs:23)
ChubbyAircraftDelivery:SaveAndValidatePrefab (UnityEngine.GameObject,string,System.Text.StringBuilder) (at Assets/Editor/ChubbyAircraftDelivery.cs:250)
ChubbyAircraftDelivery:Run () (at Assets/Editor/ChubbyAircraftDelivery.cs:104)
ChubbyAircraftFinalCheck:Run () (at Assets/Editor/ChubbyAircraftFinalCheck.cs:5)

[Assets/Editor/ChubbyAircraftDelivery.cs line 104]

Imported 'GUID: bb20cf0e4550a46edab5dcaeba407fd2' -> (Import Result ID: '85f7a1a35f256dae4b84f16b67289f74') in 0.000 seconds [static dependencies only]. Details - ImportResultOutputID=6e336d09b263316b3a4e62aa004d2cee DependenciesID=af3827b1f2aae2bdb16560fb6323fbc4 StaticDependenciesID=78bd490ac2e74946730f44e844a3f298 
Importing 'GUID: bb9c7fc952e62482582bcfbf79a5f050 - Path: Assets/Art/ChubbyAircraft/NavyCoral_Comet4/Meshes/Part_11.asset' with importer (NativeFormatImporter)
Main Object Name 'NavyCoral_Comet4_Part_11' does not match filename 'Part_11'
UnityEngine.Debug:ExtractStackTraceNoAlloc (byte*,int,string)
UnityEngine.StackTraceUtility:ExtractStackTrace () (at /Users/bokken/build/output/unity/unity/Runtime/Export/Scripting/StackTrace.cs:23)
ChubbyAircraftDelivery:SaveAndValidatePrefab (UnityEngine.GameObject,string,System.Text.StringBuilder) (at Assets/Editor/ChubbyAircraftDelivery.cs:250)
ChubbyAircraftDelivery:Run () (at Assets/Editor/ChubbyAircraftDelivery.cs:104)
ChubbyAircraftFinalCheck:Run () (at Assets/Editor/ChubbyAircraftFinalCheck.cs:5)

[Assets/Editor/ChubbyAircraftDelivery.cs line 104]

Imported 'GUID: bb9c7fc952e62482582bcfbf79a5f050' -> (Import Result ID: 'cdcdb91507b0a1a902d9ec7941069727') in 0.000 seconds [static dependencies only]. Details - ImportResultOutputID=39df6ae8e0a9e1dda0b07a22f2f8eba3 DependenciesID=ccb75610cfb996a1b864d85e9ca621ad StaticDependenciesID=664bddc221cfba07a202c5bf5675e60f 
Importing 'GUID: 1cbd986377468413aa3dede0e6e993f5 - Path: Assets/Art/ChubbyAircraft/NavyCoral_Comet4/Meshes/Part_15.asset' with importer (NativeFormatImporter)
Main Object Name 'NavyCoral_Comet4_Part_15' does not match filename 'Part_15'
UnityEngine.Debug:ExtractStackTraceNoAlloc (byte*,int,string)
UnityEngine.StackTraceUtility:ExtractStackTrace () (at /Users/bokken/build/output/unity/unity/Runtime/Export/Scripting/StackTrace.cs:23)
ChubbyAircraftDelivery:SaveAndValidatePrefab (UnityEngine.GameObject,string,System.Text.StringBuilder) (at Assets/Editor/ChubbyAircraftDelivery.cs:250)
ChubbyAircraftDelivery:Run () (at Assets/Editor/ChubbyAircraftDelivery.cs:104)
ChubbyAircraftFinalCheck:Run () (at Assets/Editor/ChubbyAircraftFinalCheck.cs:5)

[Assets/Editor/ChubbyAircraftDelivery.cs line 104]

Imported 'GUID: 1cbd986377468413aa3dede0e6e993f5' -> (Import Result ID: '54bf1e032820ed718ddd1a070999684f') in 0.000 seconds [static dependencies only]. Details - ImportResultOutputID=80410be7d754d765ece7ffbb1bb6065f DependenciesID=60e18fb3f28ebae3888a524efcc1ac2f StaticDependenciesID=2023f4ead99b0fa229f93e18a00941dd 
Importing 'GUID: 5c00dce7a0d6f4aac8f7642bc78877a4 - Path: Assets/Art/ChubbyAircraft/NavyCoral_Comet4/Meshes/Part_12.asset' with importer (NativeFormatImporter)
Main Object Name 'NavyCoral_Comet4_Part_12' does not match filename 'Part_12'
UnityEngine.Debug:ExtractStackTraceNoAlloc (byte*,int,string)
UnityEngine.StackTraceUtility:ExtractStackTrace () (at /Users/bokken/build/output/unity/unity/Runtime/Export/Scripting/StackTrace.cs:23)
ChubbyAircraftDelivery:SaveAndValidatePrefab (UnityEngine.GameObject,string,System.Text.StringBuilder) (at Assets/Editor/ChubbyAircraftDelivery.cs:250)
ChubbyAircraftDelivery:Run () (at Assets/Editor/ChubbyAircraftDelivery.cs:104)
ChubbyAircraftFinalCheck:Run () (at Assets/Editor/ChubbyAircraftFinalCheck.cs:5)

[Assets/Editor/ChubbyAircraftDelivery.cs line 104]

Imported 'GUID: 5c00dce7a0d6f4aac8f7642bc78877a4' -> (Import Result ID: '4470fca3a9052e284593ff405e28ac7d') in 0.000 seconds [static dependencies only]. Details - ImportResultOutputID=8db09b6cd6083a8bd3c85f66238ee4f1 DependenciesID=91a030b5a173bacaac96309a55abde77 StaticDependenciesID=076a4a2882af9142a0925ffad1d5cbec 
Importing 'GUID: 1d715b94813ba42c89f5319786079f7c - Path: Assets/Art/ChubbyAircraft/NavyCoral_Comet4/Meshes/Part_04.asset' with importer (NativeFormatImporter)
Main Object Name 'NavyCoral_Comet4_Part_04' does not match filename 'Part_04'
UnityEngine.Debug:ExtractStackTraceNoAlloc (byte*,int,string)
UnityEngine.StackTraceUtility:ExtractStackTrace () (at /Users/bokken/build/output/unity/unity/Runtime/Export/Scripting/StackTrace.cs:23)
ChubbyAircraftDelivery:SaveAndValidatePrefab (UnityEngine.GameObject,string,System.Text.StringBuilder) (at Assets/Editor/ChubbyAircraftDelivery.cs:250)
ChubbyAircraftDelivery:Run () (at Assets/Editor/ChubbyAircraftDelivery.cs:104)
ChubbyAircraftFinalCheck:Run () (at Assets/Editor/ChubbyAircraftFinalCheck.cs:5)

[Assets/Editor/ChubbyAircraftDelivery.cs line 104]

Imported 'GUID: 1d715b94813ba42c89f5319786079f7c' -> (Import Result ID: 'cdf92247856d240e10132a9e8af4b695') in 0.000 seconds [static dependencies only]. Details - ImportResultOutputID=e2b17150af122ac467f5902f2f6dd2f5 DependenciesID=198ee260cf7f8ab10432819d0d0d5fa1 StaticDependenciesID=6f9763624b2a91a3bfa15ca10f70c3e7 
Importing 'GUID: cde02c31a6a4d4eaeb8f1b75b86673f9 - Path: Assets/Art/ChubbyAircraft/NavyCoral_Comet4/Meshes/Part_03.asset' with importer (NativeFormatImporter)
Main Object Name 'NavyCoral_Comet4_Part_03' does not match filename 'Part_03'
UnityEngine.Debug:ExtractStackTraceNoAlloc (byte*,int,string)
UnityEngine.StackTraceUtility:ExtractStackTrace () (at /Users/bokken/build/output/unity/unity/Runtime/Export/Scripting/StackTrace.cs:23)
ChubbyAircraftDelivery:SaveAndValidatePrefab (UnityEngine.GameObject,string,System.Text.StringBuilder) (at Assets/Editor/ChubbyAircraftDelivery.cs:250)
ChubbyAircraftDelivery:Run () (at Assets/Editor/ChubbyAircraftDelivery.cs:104)
ChubbyAircraftFinalCheck:Run () (at Assets/Editor/ChubbyAircraftFinalCheck.cs:5)

[Assets/Editor/ChubbyAircraftDelivery.cs line 104]

Imported 'GUID: cde02c31a6a4d4eaeb8f1b75b86673f9' -> (Import Result ID: '26c57b438289254877508af9fde9fcea') in 0.001 seconds [static dependencies only]. Details - ImportResultOutputID=f96ecc1e0872c91e1e6402c568924db0 DependenciesID=828f9ada19702d99248c3b2d76221ad1 StaticDependenciesID=5087ae1103ffb5b7c86ebfe9432dd188 
Asset Pipeline Refresh (id=3eeb6bded5b804a628f940f121c90d6a): Total: 0.025 seconds - Initiated by StopAssetImportingV2(NoUpdateAssetOptions)
Importing 'GUID: 6801ea0239b5a47b496fe01290879091 - Path: Assets/Art/ChubbyAircraft/NavyCoral_Comet4/NavyCoral_Comet4.prefab' with importer (PrefabImporter)
Imported 'GUID: 6801ea0239b5a47b496fe01290879091' -> (Import Result ID: '43dee1a4d6e7eb7b598fd3c615715ba2') in 0.001 seconds [static dependencies only]. Details - ImportResultOutputID=af386a5026b74258ede1673f58ab18b2 DependenciesID=fc7e2a0b82dce29acc7e555fb2428130 StaticDependenciesID=00d5adc60227d560c3341bf7d5decd94 
Asset Pipeline Refresh (id=b755cfdfbfd4047d494d00d2ecc801d4): Total: 0.004 seconds - Initiated by StopAssetImportingV2(NoUpdateAssetOptions)
Loaded scene 'Library/Unused/193d60d7ad7b04746a369b7aaa53d8ed'
	Deserialize:            0.260 ms
	Integration:            0.102 ms
	Integration of assets:  0.001 ms
	Thread Wait Time:       1.286 ms
	Total Operation Time:   1.650 ms
Asset Pipeline Refresh (id=ef3a503b86c1341ee87468160da885be): Total: 0.002 seconds - Initiated by StopAssetImportingV2(NoUpdateAssetOptions)
Importing 'GUID: b056aca4a1053407b805ebb23bce99ab - Path: Assets/Art/ChubbyAircraft/PorcelainRed_B737_800/Materials/Part_07.mat' with importer (NativeFormatImporter)
Main Object Name 'PorcelainRed_B737_800_Part_07' does not match filename 'Part_07'
UnityEngine.Debug:ExtractStackTraceNoAlloc (byte*,int,string)
UnityEngine.StackTraceUtility:ExtractStackTrace () (at /Users/bokken/build/output/unity/unity/Runtime/Export/Scripting/StackTrace.cs:23)
ChubbyAircraftDelivery:SaveAndValidatePrefab (UnityEngine.GameObject,string,System.Text.StringBuilder) (at Assets/Editor/ChubbyAircraftDelivery.cs:250)
ChubbyAircraftDelivery:Run () (at Assets/Editor/ChubbyAircraftDelivery.cs:104)
ChubbyAircraftFinalCheck:Run () (at Assets/Editor/ChubbyAircraftFinalCheck.cs:5)

[Assets/Editor/ChubbyAircraftDelivery.cs line 104]

Imported 'GUID: b056aca4a1053407b805ebb23bce99ab' -> (Import Result ID: 'ab2fcb591cea5aaeeb927e68e9147748') in 0.001 seconds [static dependencies only]. Details - ImportResultOutputID=b3c33fa82a4afce38125916b3f3b33a4 DependenciesID=de1bfab0369493ee490fa038b6f8ae19 StaticDependenciesID=b6dcb90de32377422dccc9385d1762c2 
Importing 'GUID: c058acb30a79f4f3b80a76a620234294 - Path: Assets/Art/ChubbyAircraft/PorcelainRed_B737_800/Materials/Part_12.mat' with importer (NativeFormatImporter)
Main Object Name 'PorcelainRed_B737_800_Part_12' does not match filename 'Part_12'
UnityEngine.Debug:ExtractStackTraceNoAlloc (byte*,int,string)
UnityEngine.StackTraceUtility:ExtractStackTrace () (at /Users/bokken/build/output/unity/unity/Runtime/Export/Scripting/StackTrace.cs:23)
ChubbyAircraftDelivery:SaveAndValidatePrefab (UnityEngine.GameObject,string,System.Text.StringBuilder) (at Assets/Editor/ChubbyAircraftDelivery.cs:250)
ChubbyAircraftDelivery:Run () (at Assets/Editor/ChubbyAircraftDelivery.cs:104)
ChubbyAircraftFinalCheck:Run () (at Assets/Editor/ChubbyAircraftFinalCheck.cs:5)

[Assets/Editor/ChubbyAircraftDelivery.cs line 104]

Imported 'GUID: c058acb30a79f4f3b80a76a620234294' -> (Import Result ID: '8793521a0273d5480c0ea09c124d10c9') in 0.000 seconds [static dependencies only]. Details - ImportResultOutputID=f5824431dced802535979bad302d441b DependenciesID=60ba58f7ce090a0d8cecea5757bb4d36 StaticDependenciesID=0cd264e4209340372911e9877122692f 
Importing 'GUID: f0cbd0108f58748369019970225153e3 - Path: Assets/Art/ChubbyAircraft/PorcelainRed_B737_800/Materials/Part_04.mat' with importer (NativeFormatImporter)
Main Object Name 'PorcelainRed_B737_800_Part_04' does not match filename 'Part_04'
UnityEngine.Debug:ExtractStackTraceNoAlloc (byte*,int,string)
UnityEngine.StackTraceUtility:ExtractStackTrace () (at /Users/bokken/build/output/unity/unity/Runtime/Export/Scripting/StackTrace.cs:23)
ChubbyAircraftDelivery:SaveAndValidatePrefab (UnityEngine.GameObject,string,System.Text.StringBuilder) (at Assets/Editor/ChubbyAircraftDelivery.cs:250)
ChubbyAircraftDelivery:Run () (at Assets/Editor/ChubbyAircraftDelivery.cs:104)
ChubbyAircraftFinalCheck:Run () (at Assets/Editor/ChubbyAircraftFinalCheck.cs:5)

[Assets/Editor/ChubbyAircraftDelivery.cs line 104]

Imported 'GUID: f0cbd0108f58748369019970225153e3' -> (Import Result ID: 'f389bbc4d641d8ce2df92fe625aa61c2') in 0.000 seconds [static dependencies only]. Details - ImportResultOutputID=4bc0035381d80b18ff82c572b03bac56 DependenciesID=3a8c0126d61fbd3886ee06517b7ed278 StaticDependenciesID=d035e3d1408f71c9bbd18f02eff7ff4b 
Importing 'GUID: 41109d7ad7e6242b38bf0253ea483196 - Path: Assets/Art/ChubbyAircraft/PorcelainRed_B737_800/Materials/Part_10.mat' with importer (NativeFormatImporter)
Main Object Name 'PorcelainRed_B737_800_Part_10' does not match filename 'Part_10'
UnityEngine.Debug:ExtractStackTraceNoAlloc (byte*,int,string)
UnityEngine.StackTraceUtility:ExtractStackTrace () (at /Users/bokken/build/output/unity/unity/Runtime/Export/Scripting/StackTrace.cs:23)
ChubbyAircraftDelivery:SaveAndValidatePrefab (UnityEngine.GameObject,string,System.Text.StringBuilder) (at Assets/Editor/ChubbyAircraftDelivery.cs:250)
ChubbyAircraftDelivery:Run () (at Assets/Editor/ChubbyAircraftDelivery.cs:104)
ChubbyAircraftFinalCheck:Run () (at Assets/Editor/ChubbyAircraftFinalCheck.cs:5)

[Assets/Editor/ChubbyAircraftDelivery.cs line 104]

Imported 'GUID: 41109d7ad7e6242b38bf0253ea483196' -> (Import Result ID: '4715e8246c33d649cf1b99d69b37d857') in 0.000 seconds [static dependencies only]. Details - ImportResultOutputID=c8e72028e18830c1912cb323a102c9a0 DependenciesID=de40fc1856c13112b18a1897915ec4fc StaticDependenciesID=17e10a352bdb765e451a3b6f7ad6f21b 
Importing 'GUID: 1212950f0687342cf8301e473f56fcdb - Path: Assets/Art/ChubbyAircraft/PorcelainRed_B737_800/Materials/Part_00.mat' with importer (NativeFormatImporter)
Main Object Name 'PorcelainRed_B737_800_Part_00' does not match filename 'Part_00'
UnityEngine.Debug:ExtractStackTraceNoAlloc (byte*,int,string)
UnityEngine.StackTraceUtility:ExtractStackTrace () (at /Users/bokken/build/output/unity/unity/Runtime/Export/Scripting/StackTrace.cs:23)
ChubbyAircraftDelivery:SaveAndValidatePrefab (UnityEngine.GameObject,string,System.Text.StringBuilder) (at Assets/Editor/ChubbyAircraftDelivery.cs:250)
ChubbyAircraftDelivery:Run () (at Assets/Editor/ChubbyAircraftDelivery.cs:104)
ChubbyAircraftFinalCheck:Run () (at Assets/Editor/ChubbyAircraftFinalCheck.cs:5)

[Assets/Editor/ChubbyAircraftDelivery.cs line 104]

Imported 'GUID: 1212950f0687342cf8301e473f56fcdb' -> (Import Result ID: 'b8c28ac65de33dc786e9edbdbec3904b') in 0.000 seconds [static dependencies only]. Details - ImportResultOutputID=553380a0cfff87130afa6ccb7aade524 DependenciesID=cc1c6f20998f74243366e3b9bcc88e05 StaticDependenciesID=78a6b5b519ede48d49374f2692dc447e 
Importing 'GUID: 723bead00c79d49ffbcd10c68420e3a7 - Path: Assets/Art/ChubbyAircraft/PorcelainRed_B737_800/Materials/Part_01.mat' with importer (NativeFormatImporter)
Main Object Name 'PorcelainRed_B737_800_Part_01' does not match filename 'Part_01'
UnityEngine.Debug:ExtractStackTraceNoAlloc (byte*,int,string)
UnityEngine.StackTraceUtility:ExtractStackTrace () (at /Users/bokken/build/output/unity/unity/Runtime/Export/Scripting/StackTrace.cs:23)
ChubbyAircraftDelivery:SaveAndValidatePrefab (UnityEngine.GameObject,string,System.Text.StringBuilder) (at Assets/Editor/ChubbyAircraftDelivery.cs:250)
ChubbyAircraftDelivery:Run () (at Assets/Editor/ChubbyAircraftDelivery.cs:104)
ChubbyAircraftFinalCheck:Run () (at Assets/Editor/ChubbyAircraftFinalCheck.cs:5)

[Assets/Editor/ChubbyAircraftDelivery.cs line 104]

Imported 'GUID: 723bead00c79d49ffbcd10c68420e3a7' -> (Import Result ID: 'd79fe1bdd43ec08a256fa8c8f84519da') in 0.000 seconds [static dependencies only]. Details - ImportResultOutputID=7efbc0e206eb4c59475a733bd306deac DependenciesID=695d104de30b809171be111eaca38d8d StaticDependenciesID=e94a3371207ddb6371d56deca2be08d8 
Importing 'GUID: 934b17089b3a44733915d672bb373df0 - Path: Assets/Art/ChubbyAircraft/PorcelainRed_B737_800/Materials/Part_03.mat' with importer (NativeFormatImporter)
Main Object Name 'PorcelainRed_B737_800_Part_03' does not match filename 'Part_03'
UnityEngine.Debug:ExtractStackTraceNoAlloc (byte*,int,string)
UnityEngine.StackTraceUtility:ExtractStackTrace () (at /Users/bokken/build/output/unity/unity/Runtime/Export/Scripting/StackTrace.cs:23)
ChubbyAircraftDelivery:SaveAndValidatePrefab (UnityEngine.GameObject,string,System.Text.StringBuilder) (at Assets/Editor/ChubbyAircraftDelivery.cs:250)
ChubbyAircraftDelivery:Run () (at Assets/Editor/ChubbyAircraftDelivery.cs:104)
ChubbyAircraftFinalCheck:Run () (at Assets/Editor/ChubbyAircraftFinalCheck.cs:5)

[Assets/Editor/ChubbyAircraftDelivery.cs line 104]

Imported 'GUID: 934b17089b3a44733915d672bb373df0' -> (Import Result ID: '651c7224ab4dadf4854afba5914e87b2') in 0.000 seconds [static dependencies only]. Details - ImportResultOutputID=a542ce7328b304408bd0fcc61cb07616 DependenciesID=ed373484e320c1e3a6cc345033721012 StaticDependenciesID=79d3f427d30eaafed821e314e67938c8 
Importing 'GUID: b396055163ff349c7b03304ac2ae7888 - Path: Assets/Art/ChubbyAircraft/PorcelainRed_B737_800/Materials/Part_06.mat' with importer (NativeFormatImporter)
Main Object Name 'PorcelainRed_B737_800_Part_06' does not match filename 'Part_06'
UnityEngine.Debug:ExtractStackTraceNoAlloc (byte*,int,string)
UnityEngine.StackTraceUtility:ExtractStackTrace () (at /Users/bokken/build/output/unity/unity/Runtime/Export/Scripting/StackTrace.cs:23)
ChubbyAircraftDelivery:SaveAndValidatePrefab (UnityEngine.GameObject,string,System.Text.StringBuilder) (at Assets/Editor/ChubbyAircraftDelivery.cs:250)
ChubbyAircraftDelivery:Run () (at Assets/Editor/ChubbyAircraftDelivery.cs:104)
ChubbyAircraftFinalCheck:Run () (at Assets/Editor/ChubbyAircraftFinalCheck.cs:5)

[Assets/Editor/ChubbyAircraftDelivery.cs line 104]

Imported 'GUID: b396055163ff349c7b03304ac2ae7888' -> (Import Result ID: '5de2393cab42c57e34d03875a1c74026') in 0.000 seconds [static dependencies only]. Details - ImportResultOutputID=fd54fb24bb47c78169faf790b7f5d6c9 DependenciesID=dab096e3af2b2791a90049c52b1101e4 StaticDependenciesID=942230136358060b80ff238110be155e 
Importing 'GUID: 45ec5d73b53da40978adffbd17bead2f - Path: Assets/Art/ChubbyAircraft/PorcelainRed_B737_800/Materials/Part_05.mat' with importer (NativeFormatImporter)
Main Object Name 'PorcelainRed_B737_800_Part_05' does not match filename 'Part_05'
UnityEngine.Debug:ExtractStackTraceNoAlloc (byte*,int,string)
UnityEngine.StackTraceUtility:ExtractStackTrace () (at /Users/bokken/build/output/unity/unity/Runtime/Export/Scripting/StackTrace.cs:23)
ChubbyAircraftDelivery:SaveAndValidatePrefab (UnityEngine.GameObject,string,System.Text.StringBuilder) (at Assets/Editor/ChubbyAircraftDelivery.cs:250)
ChubbyAircraftDelivery:Run () (at Assets/Editor/ChubbyAircraftDelivery.cs:104)
ChubbyAircraftFinalCheck:Run () (at Assets/Editor/ChubbyAircraftFinalCheck.cs:5)

[Assets/Editor/ChubbyAircraftDelivery.cs line 104]

Imported 'GUID: 45ec5d73b53da40978adffbd17bead2f' -> (Import Result ID: '70382fc871fea7ac2bb5a565987f9927') in 0.000 seconds [static dependencies only]. Details - ImportResultOutputID=592a67924598e8c3e5357b09be242ccd DependenciesID=340226fff177628e3195d01c9aed9397 StaticDependenciesID=c171196486fce496abe12bc2d6b997fd 
Importing 'GUID: 45df5508be96643c3899055e3daf2de5 - Path: Assets/Art/ChubbyAircraft/PorcelainRed_B737_800/Materials/Part_14.mat' with importer (NativeFormatImporter)
Main Object Name 'PorcelainRed_B737_800_Part_14' does not match filename 'Part_14'
UnityEngine.Debug:ExtractStackTraceNoAlloc (byte*,int,string)
UnityEngine.StackTraceUtility:ExtractStackTrace () (at /Users/bokken/build/output/unity/unity/Runtime/Export/Scripting/StackTrace.cs:23)
ChubbyAircraftDelivery:SaveAndValidatePrefab (UnityEngine.GameObject,string,System.Text.StringBuilder) (at Assets/Editor/ChubbyAircraftDelivery.cs:250)
ChubbyAircraftDelivery:Run () (at Assets/Editor/ChubbyAircraftDelivery.cs:104)
ChubbyAircraftFinalCheck:Run () (at Assets/Editor/ChubbyAircraftFinalCheck.cs:5)

[Assets/Editor/ChubbyAircraftDelivery.cs line 104]

Imported 'GUID: 45df5508be96643c3899055e3daf2de5' -> (Import Result ID: 'bd9ef3db216c481abf3c1adeab600364') in 0.000 seconds [static dependencies only]. Details - ImportResultOutputID=b363e5a3d4249076b0ef2d59827d9873 DependenciesID=eaaac731b05e118412ae1e4cf20e1578 StaticDependenciesID=38088627945feb87a8387911ae08e5aa 
Importing 'GUID: d5564ba354b7c4252b9c04e507d5d4cd - Path: Assets/Art/ChubbyAircraft/PorcelainRed_B737_800/Materials/Part_08.mat' with importer (NativeFormatImporter)
Main Object Name 'PorcelainRed_B737_800_Part_08' does not match filename 'Part_08'
UnityEngine.Debug:ExtractStackTraceNoAlloc (byte*,int,string)
UnityEngine.StackTraceUtility:ExtractStackTrace () (at /Users/bokken/build/output/unity/unity/Runtime/Export/Scripting/StackTrace.cs:23)
ChubbyAircraftDelivery:SaveAndValidatePrefab (UnityEngine.GameObject,string,System.Text.StringBuilder) (at Assets/Editor/ChubbyAircraftDelivery.cs:250)
ChubbyAircraftDelivery:Run () (at Assets/Editor/ChubbyAircraftDelivery.cs:104)
ChubbyAircraftFinalCheck:Run () (at Assets/Editor/ChubbyAircraftFinalCheck.cs:5)

[Assets/Editor/ChubbyAircraftDelivery.cs line 104]

Imported 'GUID: d5564ba354b7c4252b9c04e507d5d4cd' -> (Import Result ID: '9c40d5c28a84ea22ad919c2c5a1794fd') in 0.000 seconds [static dependencies only]. Details - ImportResultOutputID=fa6a76332338391aa5dd1fbc68d86e73 DependenciesID=9e18b9534be7cdd3ed9c6b426bcc51a6 StaticDependenciesID=b516734a8280ad8ab452619c2ecbaf2e 
Importing 'GUID: f5a0722d8b4f74c60bf7bf1fb0b6f84b - Path: Assets/Art/ChubbyAircraft/PorcelainRed_B737_800/Materials/Part_02.mat' with importer (NativeFormatImporter)
Main Object Name 'PorcelainRed_B737_800_Part_02' does not match filename 'Part_02'
UnityEngine.Debug:ExtractStackTraceNoAlloc (byte*,int,string)
UnityEngine.StackTraceUtility:ExtractStackTrace () (at /Users/bokken/build/output/unity/unity/Runtime/Export/Scripting/StackTrace.cs:23)
ChubbyAircraftDelivery:SaveAndValidatePrefab (UnityEngine.GameObject,string,System.Text.StringBuilder) (at Assets/Editor/ChubbyAircraftDelivery.cs:250)
ChubbyAircraftDelivery:Run () (at Assets/Editor/ChubbyAircraftDelivery.cs:104)
ChubbyAircraftFinalCheck:Run () (at Assets/Editor/ChubbyAircraftFinalCheck.cs:5)

[Assets/Editor/ChubbyAircraftDelivery.cs line 104]

Imported 'GUID: f5a0722d8b4f74c60bf7bf1fb0b6f84b' -> (Import Result ID: '7a9da92c3ab0bfe2aa943bb2c095af6c') in 0.000 seconds [static dependencies only]. Details - ImportResultOutputID=6f4b45a6ce59de8eb14d8728a3ea4912 DependenciesID=78b17c1ac89053a6384b5e2359821d16 StaticDependenciesID=ea835c04ffc7586c7d705fa2f62d8ac9 
Importing 'GUID: 37627e8cb69fe4504bc46b7a40f857a5 - Path: Assets/Art/ChubbyAircraft/PorcelainRed_B737_800/Materials/Part_15.mat' with importer (NativeFormatImporter)
Main Object Name 'PorcelainRed_B737_800_Part_15' does not match filename 'Part_15'
UnityEngine.Debug:ExtractStackTraceNoAlloc (byte*,int,string)
UnityEngine.StackTraceUtility:ExtractStackTrace () (at /Users/bokken/build/output/unity/unity/Runtime/Export/Scripting/StackTrace.cs:23)
ChubbyAircraftDelivery:SaveAndValidatePrefab (UnityEngine.GameObject,string,System.Text.StringBuilder) (at Assets/Editor/ChubbyAircraftDelivery.cs:250)
ChubbyAircraftDelivery:Run () (at Assets/Editor/ChubbyAircraftDelivery.cs:104)
ChubbyAircraftFinalCheck:Run () (at Assets/Editor/ChubbyAircraftFinalCheck.cs:5)

[Assets/Editor/ChubbyAircraftDelivery.cs line 104]

Imported 'GUID: 37627e8cb69fe4504bc46b7a40f857a5' -> (Import Result ID: '066614eb361cbca67aec4806a2810e4b') in 0.000 seconds [static dependencies only]. Details - ImportResultOutputID=4e216ed44c86a1ea193b053f9424b5bf DependenciesID=cc56c4ffb9a425dd68ae032fc023d7ad StaticDependenciesID=478f403091467dc110d59cb2fb70e6a6 
Importing 'GUID: 6b8eb8f9150454623a41a22fd6a560fe - Path: Assets/Art/ChubbyAircraft/PorcelainRed_B737_800/Materials/Part_09.mat' with importer (NativeFormatImporter)
Main Object Name 'PorcelainRed_B737_800_Part_09' does not match filename 'Part_09'
UnityEngine.Debug:ExtractStackTraceNoAlloc (byte*,int,string)
UnityEngine.StackTraceUtility:ExtractStackTrace () (at /Users/bokken/build/output/unity/unity/Runtime/Export/Scripting/StackTrace.cs:23)
ChubbyAircraftDelivery:SaveAndValidatePrefab (UnityEngine.GameObject,string,System.Text.StringBuilder) (at Assets/Editor/ChubbyAircraftDelivery.cs:250)
ChubbyAircraftDelivery:Run () (at Assets/Editor/ChubbyAircraftDelivery.cs:104)
ChubbyAircraftFinalCheck:Run () (at Assets/Editor/ChubbyAircraftFinalCheck.cs:5)

[Assets/Editor/ChubbyAircraftDelivery.cs line 104]

Imported 'GUID: 6b8eb8f9150454623a41a22fd6a560fe' -> (Import Result ID: '9ac6c24e0e809750ad47b0463a099a03') in 0.000 seconds [static dependencies only]. Details - ImportResultOutputID=dcdd552b092b7ed7bcb487c1e2bc5634 DependenciesID=9415f15bf7d8b2bbe892f6794d571d60 StaticDependenciesID=69891e2624ebcc3e1828122d22241d00 
Importing 'GUID: 3cd759c2285fb467181eb900a51d7210 - Path: Assets/Art/ChubbyAircraft/PorcelainRed_B737_800/Materials/Part_16.mat' with importer (NativeFormatImporter)
Main Object Name 'PorcelainRed_B737_800_Part_16' does not match filename 'Part_16'
UnityEngine.Debug:ExtractStackTraceNoAlloc (byte*,int,string)
UnityEngine.StackTraceUtility:ExtractStackTrace () (at /Users/bokken/build/output/unity/unity/Runtime/Export/Scripting/StackTrace.cs:23)
ChubbyAircraftDelivery:SaveAndValidatePrefab (UnityEngine.GameObject,string,System.Text.StringBuilder) (at Assets/Editor/ChubbyAircraftDelivery.cs:250)
ChubbyAircraftDelivery:Run () (at Assets/Editor/ChubbyAircraftDelivery.cs:104)
ChubbyAircraftFinalCheck:Run () (at Assets/Editor/ChubbyAircraftFinalCheck.cs:5)

[Assets/Editor/ChubbyAircraftDelivery.cs line 104]

Imported 'GUID: 3cd759c2285fb467181eb900a51d7210' -> (Import Result ID: '8443a4c949502ec011398ad1d318735b') in 0.000 seconds [static dependencies only]. Details - ImportResultOutputID=9f5c5e7ab0713f7b319a846ee6d13714 DependenciesID=b36bfb9c7facc17dcca251167bf0b52d StaticDependenciesID=03e3732954403fbe664495b1ae0e029d 
Importing 'GUID: cc24753ce7ac0464790cd3b3a35d92a9 - Path: Assets/Art/ChubbyAircraft/PorcelainRed_B737_800/Materials/Part_11.mat' with importer (NativeFormatImporter)
Main Object Name 'PorcelainRed_B737_800_Part_11' does not match filename 'Part_11'
UnityEngine.Debug:ExtractStackTraceNoAlloc (byte*,int,string)
UnityEngine.StackTraceUtility:ExtractStackTrace () (at /Users/bokken/build/output/unity/unity/Runtime/Export/Scripting/StackTrace.cs:23)
ChubbyAircraftDelivery:SaveAndValidatePrefab (UnityEngine.GameObject,string,System.Text.StringBuilder) (at Assets/Editor/ChubbyAircraftDelivery.cs:250)
ChubbyAircraftDelivery:Run () (at Assets/Editor/ChubbyAircraftDelivery.cs:104)
ChubbyAircraftFinalCheck:Run () (at Assets/Editor/ChubbyAircraftFinalCheck.cs:5)

[Assets/Editor/ChubbyAircraftDelivery.cs line 104]

Imported 'GUID: cc24753ce7ac0464790cd3b3a35d92a9' -> (Import Result ID: '49ffa705d343b4220c10cb767c6c83cf') in 0.000 seconds [static dependencies only]. Details - ImportResultOutputID=9df6944968900de85f8a416b74031c73 DependenciesID=11a98bf6919f210115d81c48027f056a StaticDependenciesID=44110e86db44bc803481954f80a737f9 
Importing 'GUID: df1a9f63e96d04ff6926ffbfb4946e56 - Path: Assets/Art/ChubbyAircraft/PorcelainRed_B737_800/Materials/Part_13.mat' with importer (NativeFormatImporter)
Main Object Name 'PorcelainRed_B737_800_Part_13' does not match filename 'Part_13'
UnityEngine.Debug:ExtractStackTraceNoAlloc (byte*,int,string)
UnityEngine.StackTraceUtility:ExtractStackTrace () (at /Users/bokken/build/output/unity/unity/Runtime/Export/Scripting/StackTrace.cs:23)
ChubbyAircraftDelivery:SaveAndValidatePrefab (UnityEngine.GameObject,string,System.Text.StringBuilder) (at Assets/Editor/ChubbyAircraftDelivery.cs:250)
ChubbyAircraftDelivery:Run () (at Assets/Editor/ChubbyAircraftDelivery.cs:104)
ChubbyAircraftFinalCheck:Run () (at Assets/Editor/ChubbyAircraftFinalCheck.cs:5)

[Assets/Editor/ChubbyAircraftDelivery.cs line 104]

Imported 'GUID: df1a9f63e96d04ff6926ffbfb4946e56' -> (Import Result ID: 'fc1802192063bc4324e983de7fa2d743') in 0.000 seconds [static dependencies only]. Details - ImportResultOutputID=052be36c1e0f761b3fada8664e034405 DependenciesID=fee00ce9d56ce6985cac144f38e048d3 StaticDependenciesID=ab9da333f59bcb3d20012992cef9e315 
Importing 'GUID: 524865ce63aa948f69a027f1ec3030e8 - Path: Assets/Art/ChubbyAircraft/PorcelainRed_B737_800/Meshes/Part_14.asset' with importer (NativeFormatImporter)
Main Object Name 'PorcelainRed_B737_800_Part_14' does not match filename 'Part_14'
UnityEngine.Debug:ExtractStackTraceNoAlloc (byte*,int,string)
UnityEngine.StackTraceUtility:ExtractStackTrace () (at /Users/bokken/build/output/unity/unity/Runtime/Export/Scripting/StackTrace.cs:23)
ChubbyAircraftDelivery:SaveAndValidatePrefab (UnityEngine.GameObject,string,System.Text.StringBuilder) (at Assets/Editor/ChubbyAircraftDelivery.cs:250)
ChubbyAircraftDelivery:Run () (at Assets/Editor/ChubbyAircraftDelivery.cs:104)
ChubbyAircraftFinalCheck:Run () (at Assets/Editor/ChubbyAircraftFinalCheck.cs:5)

[Assets/Editor/ChubbyAircraftDelivery.cs line 104]

Imported 'GUID: 524865ce63aa948f69a027f1ec3030e8' -> (Import Result ID: 'f09ed4129a9640f9621d26c02892973e') in 0.000 seconds [static dependencies only]. Details - ImportResultOutputID=dff2ca250d93024cbced28bc9e0acd7f DependenciesID=7607900f84f9eaf38dccf438878c1d7b StaticDependenciesID=e0023a512628acd87314343fa5a7eeec 
Importing 'GUID: f2aae343e1c9b466f941cd399576465e - Path: Assets/Art/ChubbyAircraft/PorcelainRed_B737_800/Meshes/Part_02.asset' with importer (NativeFormatImporter)
Main Object Name 'PorcelainRed_B737_800_Part_02' does not match filename 'Part_02'
UnityEngine.Debug:ExtractStackTraceNoAlloc (byte*,int,string)
UnityEngine.StackTraceUtility:ExtractStackTrace () (at /Users/bokken/build/output/unity/unity/Runtime/Export/Scripting/StackTrace.cs:23)
ChubbyAircraftDelivery:SaveAndValidatePrefab (UnityEngine.GameObject,string,System.Text.StringBuilder) (at Assets/Editor/ChubbyAircraftDelivery.cs:250)
ChubbyAircraftDelivery:Run () (at Assets/Editor/ChubbyAircraftDelivery.cs:104)
ChubbyAircraftFinalCheck:Run () (at Assets/Editor/ChubbyAircraftFinalCheck.cs:5)

[Assets/Editor/ChubbyAircraftDelivery.cs line 104]

Imported 'GUID: f2aae343e1c9b466f941cd399576465e' -> (Import Result ID: '3c4ce288185253fe0802f72c32b26ada') in 0.001 seconds [static dependencies only]. Details - ImportResultOutputID=1653fe019363217c124e53608547856e DependenciesID=f719b78c2968c6c6a3cf66113f998132 StaticDependenciesID=dd4209739145328660a65e33ca636035 
Importing 'GUID: 650ca06574b4b4bb1af64bbcd0898b22 - Path: Assets/Art/ChubbyAircraft/PorcelainRed_B737_800/Meshes/Part_12.asset' with importer (NativeFormatImporter)
Main Object Name 'PorcelainRed_B737_800_Part_12' does not match filename 'Part_12'
UnityEngine.Debug:ExtractStackTraceNoAlloc (byte*,int,string)
UnityEngine.StackTraceUtility:ExtractStackTrace () (at /Users/bokken/build/output/unity/unity/Runtime/Export/Scripting/StackTrace.cs:23)
ChubbyAircraftDelivery:SaveAndValidatePrefab (UnityEngine.GameObject,string,System.Text.StringBuilder) (at Assets/Editor/ChubbyAircraftDelivery.cs:250)
ChubbyAircraftDelivery:Run () (at Assets/Editor/ChubbyAircraftDelivery.cs:104)
ChubbyAircraftFinalCheck:Run () (at Assets/Editor/ChubbyAircraftFinalCheck.cs:5)

[Assets/Editor/ChubbyAircraftDelivery.cs line 104]

Imported 'GUID: 650ca06574b4b4bb1af64bbcd0898b22' -> (Import Result ID: '3fb114212b01209b7f83fae2f3ea9854') in 0.000 seconds [static dependencies only]. Details - ImportResultOutputID=a1ce4b83fa2cfc2321507c038e70a568 DependenciesID=3fe062a70d53357c797f3b00813640dd StaticDependenciesID=c3dc94b7f2ae6407db0d66fe842cf8f2 
Importing 'GUID: f557b4f54cfad446b8cb16162aefa0d1 - Path: Assets/Art/ChubbyAircraft/PorcelainRed_B737_800/Meshes/Part_05.asset' with importer (NativeFormatImporter)
Main Object Name 'PorcelainRed_B737_800_Part_05' does not match filename 'Part_05'
UnityEngine.Debug:ExtractStackTraceNoAlloc (byte*,int,string)
UnityEngine.StackTraceUtility:ExtractStackTrace () (at /Users/bokken/build/output/unity/unity/Runtime/Export/Scripting/StackTrace.cs:23)
ChubbyAircraftDelivery:SaveAndValidatePrefab (UnityEngine.GameObject,string,System.Text.StringBuilder) (at Assets/Editor/ChubbyAircraftDelivery.cs:250)
ChubbyAircraftDelivery:Run () (at Assets/Editor/ChubbyAircraftDelivery.cs:104)
ChubbyAircraftFinalCheck:Run () (at Assets/Editor/ChubbyAircraftFinalCheck.cs:5)

[Assets/Editor/ChubbyAircraftDelivery.cs line 104]

Imported 'GUID: f557b4f54cfad446b8cb16162aefa0d1' -> (Import Result ID: '9ceefdee997d313a6e67331886a66c29') in 0.000 seconds [static dependencies only]. Details - ImportResultOutputID=7e50346a2f811d5e2ba2c339af97d1f8 DependenciesID=47cf9a9ad9a9f17277ff2ff633b6558d StaticDependenciesID=94850b673f8e40aebf64f6bc0ebc6e22 
Importing 'GUID: 971931d3f4314450b9540c045b279e59 - Path: Assets/Art/ChubbyAircraft/PorcelainRed_B737_800/Meshes/Part_06.asset' with importer (NativeFormatImporter)
Main Object Name 'PorcelainRed_B737_800_Part_06' does not match filename 'Part_06'
UnityEngine.Debug:ExtractStackTraceNoAlloc (byte*,int,string)
UnityEngine.StackTraceUtility:ExtractStackTrace () (at /Users/bokken/build/output/unity/unity/Runtime/Export/Scripting/StackTrace.cs:23)
ChubbyAircraftDelivery:SaveAndValidatePrefab (UnityEngine.GameObject,string,System.Text.StringBuilder) (at Assets/Editor/ChubbyAircraftDelivery.cs:250)
ChubbyAircraftDelivery:Run () (at Assets/Editor/ChubbyAircraftDelivery.cs:104)
ChubbyAircraftFinalCheck:Run () (at Assets/Editor/ChubbyAircraftFinalCheck.cs:5)

[Assets/Editor/ChubbyAircraftDelivery.cs line 104]

Imported 'GUID: 971931d3f4314450b9540c045b279e59' -> (Import Result ID: '8b686c2e73be09bbf007a9c9de9c8660') in 0.000 seconds [static dependencies only]. Details - ImportResultOutputID=ae5444eb110256264384c031b08d8b8e DependenciesID=c50cf7dc45c106d06d6a24dfc24145dc StaticDependenciesID=9e65f9582a4db55f52cac729dcf047a2 
Importing 'GUID: c7dcf30233ce7481089dbc6c18440dca - Path: Assets/Art/ChubbyAircraft/PorcelainRed_B737_800/Meshes/Part_03.asset' with importer (NativeFormatImporter)
Main Object Name 'PorcelainRed_B737_800_Part_03' does not match filename 'Part_03'
UnityEngine.Debug:ExtractStackTraceNoAlloc (byte*,int,string)
UnityEngine.StackTraceUtility:ExtractStackTrace () (at /Users/bokken/build/output/unity/unity/Runtime/Export/Scripting/StackTrace.cs:23)
ChubbyAircraftDelivery:SaveAndValidatePrefab (UnityEngine.GameObject,string,System.Text.StringBuilder) (at Assets/Editor/ChubbyAircraftDelivery.cs:250)
ChubbyAircraftDelivery:Run () (at Assets/Editor/ChubbyAircraftDelivery.cs:104)
ChubbyAircraftFinalCheck:Run () (at Assets/Editor/ChubbyAircraftFinalCheck.cs:5)

[Assets/Editor/ChubbyAircraftDelivery.cs line 104]

Imported 'GUID: c7dcf30233ce7481089dbc6c18440dca' -> (Import Result ID: '1f7a64f23bb41d93992f095b867784c4') in 0.001 seconds [static dependencies only]. Details - ImportResultOutputID=42fcb72ac2d62a35071aabfd5248c646 DependenciesID=d8882d86cc55a124f2189949742fb167 StaticDependenciesID=69eac2bfed5ea7c9673700ad16b13023 
Importing 'GUID: d7bcae6d9efa945e0bd068cc0a7d4757 - Path: Assets/Art/ChubbyAircraft/PorcelainRed_B737_800/Meshes/Part_10.asset' with importer (NativeFormatImporter)
Main Object Name 'PorcelainRed_B737_800_Part_10' does not match filename 'Part_10'
UnityEngine.Debug:ExtractStackTraceNoAlloc (byte*,int,string)
UnityEngine.StackTraceUtility:ExtractStackTrace () (at /Users/bokken/build/output/unity/unity/Runtime/Export/Scripting/StackTrace.cs:23)
ChubbyAircraftDelivery:SaveAndValidatePrefab (UnityEngine.GameObject,string,System.Text.StringBuilder) (at Assets/Editor/ChubbyAircraftDelivery.cs:250)
ChubbyAircraftDelivery:Run () (at Assets/Editor/ChubbyAircraftDelivery.cs:104)
ChubbyAircraftFinalCheck:Run () (at Assets/Editor/ChubbyAircraftFinalCheck.cs:5)

[Assets/Editor/ChubbyAircraftDelivery.cs line 104]

Imported 'GUID: d7bcae6d9efa945e0bd068cc0a7d4757' -> (Import Result ID: '63e3f0b4a02babec4b71f0160d742e20') in 0.000 seconds [static dependencies only]. Details - ImportResultOutputID=0d3f5bc7336ccf07ba4e7f4ba8e86490 DependenciesID=2ec0dc53a0c44ce8182121fcaf9a9876 StaticDependenciesID=425c187f7bf6fb463e02e5746521401d 
Importing 'GUID: 980aa43695515411dbed0e77fc7e56ec - Path: Assets/Art/ChubbyAircraft/PorcelainRed_B737_800/Meshes/Part_16.asset' with importer (NativeFormatImporter)
Main Object Name 'PorcelainRed_B737_800_Part_16' does not match filename 'Part_16'
UnityEngine.Debug:ExtractStackTraceNoAlloc (byte*,int,string)
UnityEngine.StackTraceUtility:ExtractStackTrace () (at /Users/bokken/build/output/unity/unity/Runtime/Export/Scripting/StackTrace.cs:23)
ChubbyAircraftDelivery:SaveAndValidatePrefab (UnityEngine.GameObject,string,System.Text.StringBuilder) (at Assets/Editor/ChubbyAircraftDelivery.cs:250)
ChubbyAircraftDelivery:Run () (at Assets/Editor/ChubbyAircraftDelivery.cs:104)
ChubbyAircraftFinalCheck:Run () (at Assets/Editor/ChubbyAircraftFinalCheck.cs:5)

[Assets/Editor/ChubbyAircraftDelivery.cs line 104]

Imported 'GUID: 980aa43695515411dbed0e77fc7e56ec' -> (Import Result ID: 'b94cb7cd61a92c5c9b8c78f4d99fd2d2') in 0.001 seconds [static dependencies only]. Details - ImportResultOutputID=b5a18ff01608af293e630559aa6aa3d9 DependenciesID=f84e0d03998bd515b391153336eb5799 StaticDependenciesID=94ee423c856bdbc631f1a05eaa0fc5ba 
Importing 'GUID: a90b9a74f853b4f3faa6d344a22dff65 - Path: Assets/Art/ChubbyAircraft/PorcelainRed_B737_800/Meshes/Part_07.asset' with importer (NativeFormatImporter)
Main Object Name 'PorcelainRed_B737_800_Part_07' does not match filename 'Part_07'
UnityEngine.Debug:ExtractStackTraceNoAlloc (byte*,int,string)
UnityEngine.StackTraceUtility:ExtractStackTrace () (at /Users/bokken/build/output/unity/unity/Runtime/Export/Scripting/StackTrace.cs:23)
ChubbyAircraftDelivery:SaveAndValidatePrefab (UnityEngine.GameObject,string,System.Text.StringBuilder) (at Assets/Editor/ChubbyAircraftDelivery.cs:250)
ChubbyAircraftDelivery:Run () (at Assets/Editor/ChubbyAircraftDelivery.cs:104)
ChubbyAircraftFinalCheck:Run () (at Assets/Editor/ChubbyAircraftFinalCheck.cs:5)

[Assets/Editor/ChubbyAircraftDelivery.cs line 104]

Imported 'GUID: a90b9a74f853b4f3faa6d344a22dff65' -> (Import Result ID: 'b04419ba247cf003d2751cb46d5fa689') in 0.000 seconds [static dependencies only]. Details - ImportResultOutputID=fcccb80a586336d4b153249dda6bbfaf DependenciesID=234181e7daa3cd80513a1f5e05505c22 StaticDependenciesID=6dbfbbb7dad905cf96d562603dabdb7e 
Importing 'GUID: 0adb886fe877d4c2380cbad830f6c99f - Path: Assets/Art/ChubbyAircraft/PorcelainRed_B737_800/Meshes/Part_04.asset' with importer (NativeFormatImporter)
Main Object Name 'PorcelainRed_B737_800_Part_04' does not match filename 'Part_04'
UnityEngine.Debug:ExtractStackTraceNoAlloc (byte*,int,string)
UnityEngine.StackTraceUtility:ExtractStackTrace () (at /Users/bokken/build/output/unity/unity/Runtime/Export/Scripting/StackTrace.cs:23)
ChubbyAircraftDelivery:SaveAndValidatePrefab (UnityEngine.GameObject,string,System.Text.StringBuilder) (at Assets/Editor/ChubbyAircraftDelivery.cs:250)
ChubbyAircraftDelivery:Run () (at Assets/Editor/ChubbyAircraftDelivery.cs:104)
ChubbyAircraftFinalCheck:Run () (at Assets/Editor/ChubbyAircraftFinalCheck.cs:5)

[Assets/Editor/ChubbyAircraftDelivery.cs line 104]

Imported 'GUID: 0adb886fe877d4c2380cbad830f6c99f' -> (Import Result ID: 'e800d74dd2f7e607bbb1e10d4e2e9bcb') in 0.000 seconds [static dependencies only]. Details - ImportResultOutputID=9131450c1c673dea462496555dc088a5 DependenciesID=3d2b3f8ca7ecb84b99c068451af90ada StaticDependenciesID=2cee3349e804325535aa8c2f8e97c867 
Importing 'GUID: 5ac848ee4d9774383b046bc2ac6869d2 - Path: Assets/Art/ChubbyAircraft/PorcelainRed_B737_800/Meshes/Part_11.asset' with importer (NativeFormatImporter)
Main Object Name 'PorcelainRed_B737_800_Part_11' does not match filename 'Part_11'
UnityEngine.Debug:ExtractStackTraceNoAlloc (byte*,int,string)
UnityEngine.StackTraceUtility:ExtractStackTrace () (at /Users/bokken/build/output/unity/unity/Runtime/Export/Scripting/StackTrace.cs:23)
ChubbyAircraftDelivery:SaveAndValidatePrefab (UnityEngine.GameObject,string,System.Text.StringBuilder) (at Assets/Editor/ChubbyAircraftDelivery.cs:250)
ChubbyAircraftDelivery:Run () (at Assets/Editor/ChubbyAircraftDelivery.cs:104)
ChubbyAircraftFinalCheck:Run () (at Assets/Editor/ChubbyAircraftFinalCheck.cs:5)

[Assets/Editor/ChubbyAircraftDelivery.cs line 104]

Imported 'GUID: 5ac848ee4d9774383b046bc2ac6869d2' -> (Import Result ID: 'cd919609856042061da5cac639ca52b5') in 0.000 seconds [static dependencies only]. Details - ImportResultOutputID=f701121c4cc68d244630ef89694483c6 DependenciesID=f923e2c644ba3dbc313c0d37365bc177 StaticDependenciesID=b9acb51264980ab14dc6445745f929e5 
Importing 'GUID: cb4f5048beb344e12b5233fe77b53d0a - Path: Assets/Art/ChubbyAircraft/PorcelainRed_B737_800/Meshes/Part_01.asset' with importer (NativeFormatImporter)
Main Object Name 'PorcelainRed_B737_800_Part_01' does not match filename 'Part_01'
UnityEngine.Debug:ExtractStackTraceNoAlloc (byte*,int,string)
UnityEngine.StackTraceUtility:ExtractStackTrace () (at /Users/bokken/build/output/unity/unity/Runtime/Export/Scripting/StackTrace.cs:23)
ChubbyAircraftDelivery:SaveAndValidatePrefab (UnityEngine.GameObject,string,System.Text.StringBuilder) (at Assets/Editor/ChubbyAircraftDelivery.cs:250)
ChubbyAircraftDelivery:Run () (at Assets/Editor/ChubbyAircraftDelivery.cs:104)
ChubbyAircraftFinalCheck:Run () (at Assets/Editor/ChubbyAircraftFinalCheck.cs:5)

[Assets/Editor/ChubbyAircraftDelivery.cs line 104]

Imported 'GUID: cb4f5048beb344e12b5233fe77b53d0a' -> (Import Result ID: 'f388621d2aba690af2534392fe06c74a') in 0.001 seconds [static dependencies only]. Details - ImportResultOutputID=b2940b240f6a5c65ad5a5234dd9db780 DependenciesID=f207f5d17e51673f1e4279428764dbda StaticDependenciesID=78e22b9026f1c30e924bb6790549e66c 
Importing 'GUID: 5d1fb3861a31b4c81a21dfa366d5ce97 - Path: Assets/Art/ChubbyAircraft/PorcelainRed_B737_800/Meshes/Part_13.asset' with importer (NativeFormatImporter)
Main Object Name 'PorcelainRed_B737_800_Part_13' does not match filename 'Part_13'
UnityEngine.Debug:ExtractStackTraceNoAlloc (byte*,int,string)
UnityEngine.StackTraceUtility:ExtractStackTrace () (at /Users/bokken/build/output/unity/unity/Runtime/Export/Scripting/StackTrace.cs:23)
ChubbyAircraftDelivery:SaveAndValidatePrefab (UnityEngine.GameObject,string,System.Text.StringBuilder) (at Assets/Editor/ChubbyAircraftDelivery.cs:250)
ChubbyAircraftDelivery:Run () (at Assets/Editor/ChubbyAircraftDelivery.cs:104)
ChubbyAircraftFinalCheck:Run () (at Assets/Editor/ChubbyAircraftFinalCheck.cs:5)

[Assets/Editor/ChubbyAircraftDelivery.cs line 104]

Imported 'GUID: 5d1fb3861a31b4c81a21dfa366d5ce97' -> (Import Result ID: '3758a0802dfdb9fcab7c2b738bdece6b') in 0.000 seconds [static dependencies only]. Details - ImportResultOutputID=86f5339e727d5c6898ad369a214c9cfa DependenciesID=3277d5f6e738fcca200ae14997dd0371 StaticDependenciesID=2044d7b178920106d138599e9872f09b 
Importing 'GUID: cdabc7e4669544e449b3857acc4366d6 - Path: Assets/Art/ChubbyAircraft/PorcelainRed_B737_800/Meshes/Part_08.asset' with importer (NativeFormatImporter)
Main Object Name 'PorcelainRed_B737_800_Part_08' does not match filename 'Part_08'
UnityEngine.Debug:ExtractStackTraceNoAlloc (byte*,int,string)
UnityEngine.StackTraceUtility:ExtractStackTrace () (at /Users/bokken/build/output/unity/unity/Runtime/Export/Scripting/StackTrace.cs:23)
ChubbyAircraftDelivery:SaveAndValidatePrefab (UnityEngine.GameObject,string,System.Text.StringBuilder) (at Assets/Editor/ChubbyAircraftDelivery.cs:250)
ChubbyAircraftDelivery:Run () (at Assets/Editor/ChubbyAircraftDelivery.cs:104)
ChubbyAircraftFinalCheck:Run () (at Assets/Editor/ChubbyAircraftFinalCheck.cs:5)

[Assets/Editor/ChubbyAircraftDelivery.cs line 104]

Imported 'GUID: cdabc7e4669544e449b3857acc4366d6' -> (Import Result ID: '05e1d3783193dbc755b9bfbf1952594c') in 0.000 seconds [static dependencies only]. Details - ImportResultOutputID=cec71310c3af95332e65f784b42931de DependenciesID=93b02f42f7f7acf92e2eadbd6520ba4d StaticDependenciesID=c9327f0e2e455fd8490a552c5318f8aa 
Importing 'GUID: ddaafa2ca34e04edd8e4d1acd75f755e - Path: Assets/Art/ChubbyAircraft/PorcelainRed_B737_800/Meshes/Part_00.asset' with importer (NativeFormatImporter)
Main Object Name 'PorcelainRed_B737_800_Part_00' does not match filename 'Part_00'
UnityEngine.Debug:ExtractStackTraceNoAlloc (byte*,int,string)
UnityEngine.StackTraceUtility:ExtractStackTrace () (at /Users/bokken/build/output/unity/unity/Runtime/Export/Scripting/StackTrace.cs:23)
ChubbyAircraftDelivery:SaveAndValidatePrefab (UnityEngine.GameObject,string,System.Text.StringBuilder) (at Assets/Editor/ChubbyAircraftDelivery.cs:250)
ChubbyAircraftDelivery:Run () (at Assets/Editor/ChubbyAircraftDelivery.cs:104)
ChubbyAircraftFinalCheck:Run () (at Assets/Editor/ChubbyAircraftFinalCheck.cs:5)

[Assets/Editor/ChubbyAircraftDelivery.cs line 104]

Imported 'GUID: ddaafa2ca34e04edd8e4d1acd75f755e' -> (Import Result ID: '95270b1392ce8988bb71902508e34b5e') in 0.001 seconds [static dependencies only]. Details - ImportResultOutputID=89b54427442acfe8ee8ed5ab90b86a2c DependenciesID=109aad966827696558caeb5d33a6faca StaticDependenciesID=a4e48819a8d966a227d59ac98777b371 
Importing 'GUID: 3e863e1c35c2048cd82c84b4a260008c - Path: Assets/Art/ChubbyAircraft/PorcelainRed_B737_800/Meshes/Part_09.asset' with importer (NativeFormatImporter)
Main Object Name 'PorcelainRed_B737_800_Part_09' does not match filename 'Part_09'
UnityEngine.Debug:ExtractStackTraceNoAlloc (byte*,int,string)
UnityEngine.StackTraceUtility:ExtractStackTrace () (at /Users/bokken/build/output/unity/unity/Runtime/Export/Scripting/StackTrace.cs:23)
ChubbyAircraftDelivery:SaveAndValidatePrefab (UnityEngine.GameObject,string,System.Text.StringBuilder) (at Assets/Editor/ChubbyAircraftDelivery.cs:250)
ChubbyAircraftDelivery:Run () (at Assets/Editor/ChubbyAircraftDelivery.cs:104)
ChubbyAircraftFinalCheck:Run () (at Assets/Editor/ChubbyAircraftFinalCheck.cs:5)

[Assets/Editor/ChubbyAircraftDelivery.cs line 104]

Imported 'GUID: 3e863e1c35c2048cd82c84b4a260008c' -> (Import Result ID: '6bc8574803c34dd601e7388c323b2b3c') in 0.000 seconds [static dependencies only]. Details - ImportResultOutputID=718fb447e9cf98fbdf68fd4cfeb2e71f DependenciesID=31d5dc4670f584349cecd6ab3d5aee66 StaticDependenciesID=84fbc8ad1343bd82a5768beb5c259723 
Importing 'GUID: 6f1231cc579ca4999809fc0542bc9d32 - Path: Assets/Art/ChubbyAircraft/PorcelainRed_B737_800/Meshes/Part_15.asset' with importer (NativeFormatImporter)
Main Object Name 'PorcelainRed_B737_800_Part_15' does not match filename 'Part_15'
UnityEngine.Debug:ExtractStackTraceNoAlloc (byte*,int,string)
UnityEngine.StackTraceUtility:ExtractStackTrace () (at /Users/bokken/build/output/unity/unity/Runtime/Export/Scripting/StackTrace.cs:23)
ChubbyAircraftDelivery:SaveAndValidatePrefab (UnityEngine.GameObject,string,System.Text.StringBuilder) (at Assets/Editor/ChubbyAircraftDelivery.cs:250)
ChubbyAircraftDelivery:Run () (at Assets/Editor/ChubbyAircraftDelivery.cs:104)
ChubbyAircraftFinalCheck:Run () (at Assets/Editor/ChubbyAircraftFinalCheck.cs:5)

[Assets/Editor/ChubbyAircraftDelivery.cs line 104]

Imported 'GUID: 6f1231cc579ca4999809fc0542bc9d32' -> (Import Result ID: 'c7608c5c7d48cc8b8e98e2cc0d7d9cd8') in 0.000 seconds [static dependencies only]. Details - ImportResultOutputID=b9943f1f8504a742cbe7810fe1039679 DependenciesID=0b228ffcc1995a37c9368cfc816d9e19 StaticDependenciesID=30dee7292d4641329e95e34874d6d77d 
Asset Pipeline Refresh (id=f8fd4579d65fa4377affbc558cfdfedd): Total: 0.025 seconds - Initiated by StopAssetImportingV2(NoUpdateAssetOptions)
Importing 'GUID: d6f4daf28e2a347cba4e1b57e677fd89 - Path: Assets/Art/ChubbyAircraft/PorcelainRed_B737_800/PorcelainRed_B737_800.prefab' with importer (PrefabImporter)
Imported 'GUID: d6f4daf28e2a347cba4e1b57e677fd89' -> (Import Result ID: '975cf881fd6a8801acea58649659c220') in 0.001 seconds [static dependencies only]. Details - ImportResultOutputID=ce4334e10b13fef148bd4727eccfe49b DependenciesID=afafa14bb2b24ebc33f7fbe03b5d37df StaticDependenciesID=1be8d183cf6784d9ffb0df0c7d40208e 
Asset Pipeline Refresh (id=1d8d28312f6ed43f092181e9bbdae91a): Total: 0.005 seconds - Initiated by StopAssetImportingV2(NoUpdateAssetOptions)
Loaded scene 'Library/Unused/92615da41b97341809b747cb633587ee'
	Deserialize:            0.242 ms
	Integration:            0.099 ms
	Integration of assets:  0.001 ms
	Thread Wait Time:       0.005 ms
	Total Operation Time:   0.347 ms
Asset Pipeline Refresh (id=b09848b4c461c4be29b2354f2565ea71): Total: 0.002 seconds - Initiated by StopAssetImportingV2(NoUpdateAssetOptions)
Importing 'GUID: 509d4f0cfb607445c98e01e2549e7337 - Path: Assets/Art/ChubbyAircraft/PorcelainRed_A380_800/Materials/Part_01.mat' with importer (NativeFormatImporter)
Main Object Name 'PorcelainRed_A380_800_Part_01' does not match filename 'Part_01'
UnityEngine.Debug:ExtractStackTraceNoAlloc (byte*,int,string)
UnityEngine.StackTraceUtility:ExtractStackTrace () (at /Users/bokken/build/output/unity/unity/Runtime/Export/Scripting/StackTrace.cs:23)
ChubbyAircraftDelivery:SaveAndValidatePrefab (UnityEngine.GameObject,string,System.Text.StringBuilder) (at Assets/Editor/ChubbyAircraftDelivery.cs:250)
ChubbyAircraftDelivery:Run () (at Assets/Editor/ChubbyAircraftDelivery.cs:104)
ChubbyAircraftFinalCheck:Run () (at Assets/Editor/ChubbyAircraftFinalCheck.cs:5)

[Assets/Editor/ChubbyAircraftDelivery.cs line 104]

Imported 'GUID: 509d4f0cfb607445c98e01e2549e7337' -> (Import Result ID: '0fc85ad9461fd73390ed4a951b99860b') in 0.001 seconds [static dependencies only]. Details - ImportResultOutputID=6d5834037c64790a12828086431aa6d8 DependenciesID=b73d6652fdcc35fddc9d45738034348b StaticDependenciesID=a0b66085e588fd63170c686041dbae6a 
Importing 'GUID: 802058ba817854057ab771f906256088 - Path: Assets/Art/ChubbyAircraft/PorcelainRed_A380_800/Materials/Part_15.mat' with importer (NativeFormatImporter)
Main Object Name 'PorcelainRed_A380_800_Part_15' does not match filename 'Part_15'
UnityEngine.Debug:ExtractStackTraceNoAlloc (byte*,int,string)
UnityEngine.StackTraceUtility:ExtractStackTrace () (at /Users/bokken/build/output/unity/unity/Runtime/Export/Scripting/StackTrace.cs:23)
ChubbyAircraftDelivery:SaveAndValidatePrefab (UnityEngine.GameObject,string,System.Text.StringBuilder) (at Assets/Editor/ChubbyAircraftDelivery.cs:250)
ChubbyAircraftDelivery:Run () (at Assets/Editor/ChubbyAircraftDelivery.cs:104)
ChubbyAircraftFinalCheck:Run () (at Assets/Editor/ChubbyAircraftFinalCheck.cs:5)

[Assets/Editor/ChubbyAircraftDelivery.cs line 104]

Imported 'GUID: 802058ba817854057ab771f906256088' -> (Import Result ID: '698e00d035418b05c0c44a0770ba52ee') in 0.000 seconds [static dependencies only]. Details - ImportResultOutputID=fd1cba8222e5e1388d1ef731a13e6af0 DependenciesID=9b00aeab54d36a6a23c3177f9ecda08f StaticDependenciesID=f2de9e6704375eac4c3cafa2e86bb81b 
Importing 'GUID: 921b8f543a2464f6796616457636be0a - Path: Assets/Art/ChubbyAircraft/PorcelainRed_A380_800/Materials/Part_14.mat' with importer (NativeFormatImporter)
Main Object Name 'PorcelainRed_A380_800_Part_14' does not match filename 'Part_14'
UnityEngine.Debug:ExtractStackTraceNoAlloc (byte*,int,string)
UnityEngine.StackTraceUtility:ExtractStackTrace () (at /Users/bokken/build/output/unity/unity/Runtime/Export/Scripting/StackTrace.cs:23)
ChubbyAircraftDelivery:SaveAndValidatePrefab (UnityEngine.GameObject,string,System.Text.StringBuilder) (at Assets/Editor/ChubbyAircraftDelivery.cs:250)
ChubbyAircraftDelivery:Run () (at Assets/Editor/ChubbyAircraftDelivery.cs:104)
ChubbyAircraftFinalCheck:Run () (at Assets/Editor/ChubbyAircraftFinalCheck.cs:5)

[Assets/Editor/ChubbyAircraftDelivery.cs line 104]

Imported 'GUID: 921b8f543a2464f6796616457636be0a' -> (Import Result ID: '2f6556784b1093088789767294faaa24') in 0.000 seconds [static dependencies only]. Details - ImportResultOutputID=92350957dda191ab2558be952e9fa827 DependenciesID=28d94c32cf5a2ca971828eb5616c3624 StaticDependenciesID=8c70466454c558cfccd90734db565a1e 
Importing 'GUID: 63c62e5822bbe45b0980786ba1f2a1f6 - Path: Assets/Art/ChubbyAircraft/PorcelainRed_A380_800/Materials/Part_10.mat' with importer (NativeFormatImporter)
Main Object Name 'PorcelainRed_A380_800_Part_10' does not match filename 'Part_10'
UnityEngine.Debug:ExtractStackTraceNoAlloc (byte*,int,string)
UnityEngine.StackTraceUtility:ExtractStackTrace () (at /Users/bokken/build/output/unity/unity/Runtime/Export/Scripting/StackTrace.cs:23)
ChubbyAircraftDelivery:SaveAndValidatePrefab (UnityEngine.GameObject,string,System.Text.StringBuilder) (at Assets/Editor/ChubbyAircraftDelivery.cs:250)
ChubbyAircraftDelivery:Run () (at Assets/Editor/ChubbyAircraftDelivery.cs:104)
ChubbyAircraftFinalCheck:Run () (at Assets/Editor/ChubbyAircraftFinalCheck.cs:5)

[Assets/Editor/ChubbyAircraftDelivery.cs line 104]

Imported 'GUID: 63c62e5822bbe45b0980786ba1f2a1f6' -> (Import Result ID: 'a352f8530ab3251e6327690e4983ef3f') in 0.000 seconds [static dependencies only]. Details - ImportResultOutputID=013c66b4ee0b51b5997f89e732dc6847 DependenciesID=9007caa28c9d7294671964ec71a1b07c StaticDependenciesID=b907947576561b32d871cdba3a6bcdeb 
Importing 'GUID: 044c47a4ebf0c40479334160f6fd3aa8 - Path: Assets/Art/ChubbyAircraft/PorcelainRed_A380_800/Materials/Part_16.mat' with importer (NativeFormatImporter)
Main Object Name 'PorcelainRed_A380_800_Part_16' does not match filename 'Part_16'
UnityEngine.Debug:ExtractStackTraceNoAlloc (byte*,int,string)
UnityEngine.StackTraceUtility:ExtractStackTrace () (at /Users/bokken/build/output/unity/unity/Runtime/Export/Scripting/StackTrace.cs:23)
ChubbyAircraftDelivery:SaveAndValidatePrefab (UnityEngine.GameObject,string,System.Text.StringBuilder) (at Assets/Editor/ChubbyAircraftDelivery.cs:250)
ChubbyAircraftDelivery:Run () (at Assets/Editor/ChubbyAircraftDelivery.cs:104)
ChubbyAircraftFinalCheck:Run () (at Assets/Editor/ChubbyAircraftFinalCheck.cs:5)

[Assets/Editor/ChubbyAircraftDelivery.cs line 104]

Imported 'GUID: 044c47a4ebf0c40479334160f6fd3aa8' -> (Import Result ID: '7cab2f0ae08c5e9adee4b9970b007ac6') in 0.000 seconds [static dependencies only]. Details - ImportResultOutputID=27f9365a61df158e496a19d076de1b51 DependenciesID=3337e77b1d73873db76d56d207021b8b StaticDependenciesID=71a5f6b87873fbee0a6a68e3c25531d2 
Importing 'GUID: b4f1a1fd65fa84e2a8cb777600d5e474 - Path: Assets/Art/ChubbyAircraft/PorcelainRed_A380_800/Materials/Part_02.mat' with importer (NativeFormatImporter)
Main Object Name 'PorcelainRed_A380_800_Part_02' does not match filename 'Part_02'
UnityEngine.Debug:ExtractStackTraceNoAlloc (byte*,int,string)
UnityEngine.StackTraceUtility:ExtractStackTrace () (at /Users/bokken/build/output/unity/unity/Runtime/Export/Scripting/StackTrace.cs:23)
ChubbyAircraftDelivery:SaveAndValidatePrefab (UnityEngine.GameObject,string,System.Text.StringBuilder) (at Assets/Editor/ChubbyAircraftDelivery.cs:250)
ChubbyAircraftDelivery:Run () (at Assets/Editor/ChubbyAircraftDelivery.cs:104)
ChubbyAircraftFinalCheck:Run () (at Assets/Editor/ChubbyAircraftFinalCheck.cs:5)

[Assets/Editor/ChubbyAircraftDelivery.cs line 104]

Imported 'GUID: b4f1a1fd65fa84e2a8cb777600d5e474' -> (Import Result ID: 'ea9a6551b883e243aea83389788e411c') in 0.000 seconds [static dependencies only]. Details - ImportResultOutputID=f15a1daa31239fef7b7c35651bff9aca DependenciesID=e320510d0b2c84421fc2d4aec9019fbe StaticDependenciesID=abbe7a8f36d016df16a60e5fdba4c8e7 
Importing 'GUID: f45c58b615c194c409101648f4411832 - Path: Assets/Art/ChubbyAircraft/PorcelainRed_A380_800/Materials/Part_06.mat' with importer (NativeFormatImporter)
Main Object Name 'PorcelainRed_A380_800_Part_06' does not match filename 'Part_06'
UnityEngine.Debug:ExtractStackTraceNoAlloc (byte*,int,string)
UnityEngine.StackTraceUtility:ExtractStackTrace () (at /Users/bokken/build/output/unity/unity/Runtime/Export/Scripting/StackTrace.cs:23)
ChubbyAircraftDelivery:SaveAndValidatePrefab (UnityEngine.GameObject,string,System.Text.StringBuilder) (at Assets/Editor/ChubbyAircraftDelivery.cs:250)
ChubbyAircraftDelivery:Run () (at Assets/Editor/ChubbyAircraftDelivery.cs:104)
ChubbyAircraftFinalCheck:Run () (at Assets/Editor/ChubbyAircraftFinalCheck.cs:5)

[Assets/Editor/ChubbyAircraftDelivery.cs line 104]

Imported 'GUID: f45c58b615c194c409101648f4411832' -> (Import Result ID: '0c29d4ffc36ade10d3551f46fad07ece') in 0.000 seconds [static dependencies only]. Details - ImportResultOutputID=8949b24b142eadfaa67f31097e81fff8 DependenciesID=f2a6431b3d894922fd69e4057953769b StaticDependenciesID=f5a32417f0ac89dc8d4ab961b6eb59ff 
Importing 'GUID: e5749547a989b4b73bd8451c16b566a4 - Path: Assets/Art/ChubbyAircraft/PorcelainRed_A380_800/Materials/Part_11.mat' with importer (NativeFormatImporter)
Main Object Name 'PorcelainRed_A380_800_Part_11' does not match filename 'Part_11'
UnityEngine.Debug:ExtractStackTraceNoAlloc (byte*,int,string)
UnityEngine.StackTraceUtility:ExtractStackTrace () (at /Users/bokken/build/output/unity/unity/Runtime/Export/Scripting/StackTrace.cs:23)
ChubbyAircraftDelivery:SaveAndValidatePrefab (UnityEngine.GameObject,string,System.Text.StringBuilder) (at Assets/Editor/ChubbyAircraftDelivery.cs:250)
ChubbyAircraftDelivery:Run () (at Assets/Editor/ChubbyAircraftDelivery.cs:104)
ChubbyAircraftFinalCheck:Run () (at Assets/Editor/ChubbyAircraftFinalCheck.cs:5)

[Assets/Editor/ChubbyAircraftDelivery.cs line 104]

Imported 'GUID: e5749547a989b4b73bd8451c16b566a4' -> (Import Result ID: '9589ffe38bd7857d8c20fe29ce23dbd3') in 0.000 seconds [static dependencies only]. Details - ImportResultOutputID=7851577034ce9858c46ec563e1468761 DependenciesID=d597b7704eefbc75863be736d9aa3dc2 StaticDependenciesID=e0a78ad4d921fd0bea63e0fc46510edc 
Importing 'GUID: f7d567c4c143a499797485ca162cce64 - Path: Assets/Art/ChubbyAircraft/PorcelainRed_A380_800/Materials/Part_04.mat' with importer (NativeFormatImporter)
Main Object Name 'PorcelainRed_A380_800_Part_04' does not match filename 'Part_04'
UnityEngine.Debug:ExtractStackTraceNoAlloc (byte*,int,string)
UnityEngine.StackTraceUtility:ExtractStackTrace () (at /Users/bokken/build/output/unity/unity/Runtime/Export/Scripting/StackTrace.cs:23)
ChubbyAircraftDelivery:SaveAndValidatePrefab (UnityEngine.GameObject,string,System.Text.StringBuilder) (at Assets/Editor/ChubbyAircraftDelivery.cs:250)
ChubbyAircraftDelivery:Run () (at Assets/Editor/ChubbyAircraftDelivery.cs:104)
ChubbyAircraftFinalCheck:Run () (at Assets/Editor/ChubbyAircraftFinalCheck.cs:5)

[Assets/Editor/ChubbyAircraftDelivery.cs line 104]

Imported 'GUID: f7d567c4c143a499797485ca162cce64' -> (Import Result ID: 'ab2e0d796d98df86c8d97a2f0530d5f9') in 0.000 seconds [static dependencies only]. Details - ImportResultOutputID=162a6d343d0da5d866873a9645d74081 DependenciesID=dc50e93549b6d09f66b5a45c6506183f StaticDependenciesID=1fcac09e3501f0347c73e957502149a2 
Importing 'GUID: d95d4f81f2c3d4378ac2fc23e3eb0313 - Path: Assets/Art/ChubbyAircraft/PorcelainRed_A380_800/Materials/Part_12.mat' with importer (NativeFormatImporter)
Main Object Name 'PorcelainRed_A380_800_Part_12' does not match filename 'Part_12'
UnityEngine.Debug:ExtractStackTraceNoAlloc (byte*,int,string)
UnityEngine.StackTraceUtility:ExtractStackTrace () (at /Users/bokken/build/output/unity/unity/Runtime/Export/Scripting/StackTrace.cs:23)
ChubbyAircraftDelivery:SaveAndValidatePrefab (UnityEngine.GameObject,string,System.Text.StringBuilder) (at Assets/Editor/ChubbyAircraftDelivery.cs:250)
ChubbyAircraftDelivery:Run () (at Assets/Editor/ChubbyAircraftDelivery.cs:104)
ChubbyAircraftFinalCheck:Run () (at Assets/Editor/ChubbyAircraftFinalCheck.cs:5)

[Assets/Editor/ChubbyAircraftDelivery.cs line 104]

Imported 'GUID: d95d4f81f2c3d4378ac2fc23e3eb0313' -> (Import Result ID: '9f313cdc306ec2d6aa213686f66fefbb') in 0.000 seconds [static dependencies only]. Details - ImportResultOutputID=62c7daa524f1d95d227cfc0d1e60a81b DependenciesID=b672eea1f896dc71c18dab890fd1f849 StaticDependenciesID=27b6074be1cfc9c20257a5ab1f1e50fb 
Importing 'GUID: e93e3aa111f074fe5808bf287ff10c8e - Path: Assets/Art/ChubbyAircraft/PorcelainRed_A380_800/Materials/Part_05.mat' with importer (NativeFormatImporter)
Main Object Name 'PorcelainRed_A380_800_Part_05' does not match filename 'Part_05'
UnityEngine.Debug:ExtractStackTraceNoAlloc (byte*,int,string)
UnityEngine.StackTraceUtility:ExtractStackTrace () (at /Users/bokken/build/output/unity/unity/Runtime/Export/Scripting/StackTrace.cs:23)
ChubbyAircraftDelivery:SaveAndValidatePrefab (UnityEngine.GameObject,string,System.Text.StringBuilder) (at Assets/Editor/ChubbyAircraftDelivery.cs:250)
ChubbyAircraftDelivery:Run () (at Assets/Editor/ChubbyAircraftDelivery.cs:104)
ChubbyAircraftFinalCheck:Run () (at Assets/Editor/ChubbyAircraftFinalCheck.cs:5)

[Assets/Editor/ChubbyAircraftDelivery.cs line 104]

Imported 'GUID: e93e3aa111f074fe5808bf287ff10c8e' -> (Import Result ID: '0d764678633e6cd35d0549b89e97e1e5') in 0.000 seconds [static dependencies only]. Details - ImportResultOutputID=8ae4da9951a364dc287922a0e4609759 DependenciesID=495b86d8d3ad0f23542d19311203eea6 StaticDependenciesID=5039e3f34682106d4b2d1621e7ce5eb3 
Importing 'GUID: 5b2631ca574dd4ef2b7ebeb14f2194bf - Path: Assets/Art/ChubbyAircraft/PorcelainRed_A380_800/Materials/Part_13.mat' with importer (NativeFormatImporter)
Main Object Name 'PorcelainRed_A380_800_Part_13' does not match filename 'Part_13'
UnityEngine.Debug:ExtractStackTraceNoAlloc (byte*,int,string)
UnityEngine.StackTraceUtility:ExtractStackTrace () (at /Users/bokken/build/output/unity/unity/Runtime/Export/Scripting/StackTrace.cs:23)
ChubbyAircraftDelivery:SaveAndValidatePrefab (UnityEngine.GameObject,string,System.Text.StringBuilder) (at Assets/Editor/ChubbyAircraftDelivery.cs:250)
ChubbyAircraftDelivery:Run () (at Assets/Editor/ChubbyAircraftDelivery.cs:104)
ChubbyAircraftFinalCheck:Run () (at Assets/Editor/ChubbyAircraftFinalCheck.cs:5)

[Assets/Editor/ChubbyAircraftDelivery.cs line 104]

Imported 'GUID: 5b2631ca574dd4ef2b7ebeb14f2194bf' -> (Import Result ID: 'c2a4c2c551628e709141bacdb21317ff') in 0.000 seconds [static dependencies only]. Details - ImportResultOutputID=f23ffa99837b23d29f9c82b11530e35b DependenciesID=7fa27574e165449b26c0e3575cbc7954 StaticDependenciesID=6901e5a1c628cf65fbf1dc01f1a93e1a 
Importing 'GUID: 8b68d659417aa4db4a40264ab2b529b0 - Path: Assets/Art/ChubbyAircraft/PorcelainRed_A380_800/Materials/Part_07.mat' with importer (NativeFormatImporter)
Main Object Name 'PorcelainRed_A380_800_Part_07' does not match filename 'Part_07'
UnityEngine.Debug:ExtractStackTraceNoAlloc (byte*,int,string)
UnityEngine.StackTraceUtility:ExtractStackTrace () (at /Users/bokken/build/output/unity/unity/Runtime/Export/Scripting/StackTrace.cs:23)
ChubbyAircraftDelivery:SaveAndValidatePrefab (UnityEngine.GameObject,string,System.Text.StringBuilder) (at Assets/Editor/ChubbyAircraftDelivery.cs:250)
ChubbyAircraftDelivery:Run () (at Assets/Editor/ChubbyAircraftDelivery.cs:104)
ChubbyAircraftFinalCheck:Run () (at Assets/Editor/ChubbyAircraftFinalCheck.cs:5)

[Assets/Editor/ChubbyAircraftDelivery.cs line 104]

Imported 'GUID: 8b68d659417aa4db4a40264ab2b529b0' -> (Import Result ID: 'c4d3017a82b42c02246f9f452f136130') in 0.000 seconds [static dependencies only]. Details - ImportResultOutputID=6b92db7ade8ff00f24e32e2c4c227a26 DependenciesID=9ea62e62e31fac70d68f647e1dbcee32 StaticDependenciesID=5943c2a4320970fa6352be5129de3caa 
Importing 'GUID: eb775fafbf5d94d7288bdcdd0f327402 - Path: Assets/Art/ChubbyAircraft/PorcelainRed_A380_800/Materials/Part_03.mat' with importer (NativeFormatImporter)
Main Object Name 'PorcelainRed_A380_800_Part_03' does not match filename 'Part_03'
UnityEngine.Debug:ExtractStackTraceNoAlloc (byte*,int,string)
UnityEngine.StackTraceUtility:ExtractStackTrace () (at /Users/bokken/build/output/unity/unity/Runtime/Export/Scripting/StackTrace.cs:23)
ChubbyAircraftDelivery:SaveAndValidatePrefab (UnityEngine.GameObject,string,System.Text.StringBuilder) (at Assets/Editor/ChubbyAircraftDelivery.cs:250)
ChubbyAircraftDelivery:Run () (at Assets/Editor/ChubbyAircraftDelivery.cs:104)
ChubbyAircraftFinalCheck:Run () (at Assets/Editor/ChubbyAircraftFinalCheck.cs:5)

[Assets/Editor/ChubbyAircraftDelivery.cs line 104]

Imported 'GUID: eb775fafbf5d94d7288bdcdd0f327402' -> (Import Result ID: '3e285dcd46323976b99e48d1a7756c89') in 0.000 seconds [static dependencies only]. Details - ImportResultOutputID=908faa155a193053010ca802dc6319f5 DependenciesID=c3fadae39bc92e8e6526dc67958ec3a3 StaticDependenciesID=3a5516c3dad0222eaeb187793dc12e7d 
Importing 'GUID: ac6ef11f6b2ee409b9e180c8f49f4b89 - Path: Assets/Art/ChubbyAircraft/PorcelainRed_A380_800/Materials/Part_08.mat' with importer (NativeFormatImporter)
Main Object Name 'PorcelainRed_A380_800_Part_08' does not match filename 'Part_08'
UnityEngine.Debug:ExtractStackTraceNoAlloc (byte*,int,string)
UnityEngine.StackTraceUtility:ExtractStackTrace () (at /Users/bokken/build/output/unity/unity/Runtime/Export/Scripting/StackTrace.cs:23)
ChubbyAircraftDelivery:SaveAndValidatePrefab (UnityEngine.GameObject,string,System.Text.StringBuilder) (at Assets/Editor/ChubbyAircraftDelivery.cs:250)
ChubbyAircraftDelivery:Run () (at Assets/Editor/ChubbyAircraftDelivery.cs:104)
ChubbyAircraftFinalCheck:Run () (at Assets/Editor/ChubbyAircraftFinalCheck.cs:5)

[Assets/Editor/ChubbyAircraftDelivery.cs line 104]

Imported 'GUID: ac6ef11f6b2ee409b9e180c8f49f4b89' -> (Import Result ID: '432de592752ff6957a23fd83162e4c59') in 0.000 seconds [static dependencies only]. Details - ImportResultOutputID=c3f5b0368d13de81db3c09e2670fe843 DependenciesID=6740a1687d3b09e3c5f32d168da4176f StaticDependenciesID=fddd174dbe8ac9a7ce254b117f1a85d0 
Importing 'GUID: dca47819085824f66b62cd60545bb97a - Path: Assets/Art/ChubbyAircraft/PorcelainRed_A380_800/Materials/Part_09.mat' with importer (NativeFormatImporter)
Main Object Name 'PorcelainRed_A380_800_Part_09' does not match filename 'Part_09'
UnityEngine.Debug:ExtractStackTraceNoAlloc (byte*,int,string)
UnityEngine.StackTraceUtility:ExtractStackTrace () (at /Users/bokken/build/output/unity/unity/Runtime/Export/Scripting/StackTrace.cs:23)
ChubbyAircraftDelivery:SaveAndValidatePrefab (UnityEngine.GameObject,string,System.Text.StringBuilder) (at Assets/Editor/ChubbyAircraftDelivery.cs:250)
ChubbyAircraftDelivery:Run () (at Assets/Editor/ChubbyAircraftDelivery.cs:104)
ChubbyAircraftFinalCheck:Run () (at Assets/Editor/ChubbyAircraftFinalCheck.cs:5)

[Assets/Editor/ChubbyAircraftDelivery.cs line 104]

Imported 'GUID: dca47819085824f66b62cd60545bb97a' -> (Import Result ID: 'b55dc8b25845e0dd593747735ce64ad3') in 0.000 seconds [static dependencies only]. Details - ImportResultOutputID=030622eca7b84e492dfd8f70a9eb0526 DependenciesID=882b623f2ea11ed9280db38933ef8725 StaticDependenciesID=8c09770ac9a0e87a3549dda3d23db024 
Importing 'GUID: 9f520f237f7434c7ea8256fe8b2d98e1 - Path: Assets/Art/ChubbyAircraft/PorcelainRed_A380_800/Materials/Part_00.mat' with importer (NativeFormatImporter)
Main Object Name 'PorcelainRed_A380_800_Part_00' does not match filename 'Part_00'
UnityEngine.Debug:ExtractStackTraceNoAlloc (byte*,int,string)
UnityEngine.StackTraceUtility:ExtractStackTrace () (at /Users/bokken/build/output/unity/unity/Runtime/Export/Scripting/StackTrace.cs:23)
ChubbyAircraftDelivery:SaveAndValidatePrefab (UnityEngine.GameObject,string,System.Text.StringBuilder) (at Assets/Editor/ChubbyAircraftDelivery.cs:250)
ChubbyAircraftDelivery:Run () (at Assets/Editor/ChubbyAircraftDelivery.cs:104)
ChubbyAircraftFinalCheck:Run () (at Assets/Editor/ChubbyAircraftFinalCheck.cs:5)

[Assets/Editor/ChubbyAircraftDelivery.cs line 104]

Imported 'GUID: 9f520f237f7434c7ea8256fe8b2d98e1' -> (Import Result ID: '0459b8b5ee5a7eb700e49a316193f0b1') in 0.000 seconds [static dependencies only]. Details - ImportResultOutputID=cdd80c0159ffe2e24eb23cfcffde504f DependenciesID=2b87a3398e7b1dc64016e1381768bb1c StaticDependenciesID=82f8d0fcb9e37f3761d66817f8500693 
Importing 'GUID: c04e42d5337ab472aa71934875553e9a - Path: Assets/Art/ChubbyAircraft/PorcelainRed_A380_800/Meshes/Part_11.asset' with importer (NativeFormatImporter)
Main Object Name 'PorcelainRed_A380_800_Part_11' does not match filename 'Part_11'
UnityEngine.Debug:ExtractStackTraceNoAlloc (byte*,int,string)
UnityEngine.StackTraceUtility:ExtractStackTrace () (at /Users/bokken/build/output/unity/unity/Runtime/Export/Scripting/StackTrace.cs:23)
ChubbyAircraftDelivery:SaveAndValidatePrefab (UnityEngine.GameObject,string,System.Text.StringBuilder) (at Assets/Editor/ChubbyAircraftDelivery.cs:250)
ChubbyAircraftDelivery:Run () (at Assets/Editor/ChubbyAircraftDelivery.cs:104)
ChubbyAircraftFinalCheck:Run () (at Assets/Editor/ChubbyAircraftFinalCheck.cs:5)

[Assets/Editor/ChubbyAircraftDelivery.cs line 104]

Imported 'GUID: c04e42d5337ab472aa71934875553e9a' -> (Import Result ID: '30ae159dd5fee096d64a8e3a54080f66') in 0.000 seconds [static dependencies only]. Details - ImportResultOutputID=aa4320f867f7668d75debe5a60e54cf8 DependenciesID=97763dec260e09f99ff0dc2e1867b3e5 StaticDependenciesID=3f933c2634b31abccede147ad3bdf590 
Importing 'GUID: 72c95178a70a14cd5bc09e70db0c9540 - Path: Assets/Art/ChubbyAircraft/PorcelainRed_A380_800/Meshes/Part_09.asset' with importer (NativeFormatImporter)
Main Object Name 'PorcelainRed_A380_800_Part_09' does not match filename 'Part_09'
UnityEngine.Debug:ExtractStackTraceNoAlloc (byte*,int,string)
UnityEngine.StackTraceUtility:ExtractStackTrace () (at /Users/bokken/build/output/unity/unity/Runtime/Export/Scripting/StackTrace.cs:23)
ChubbyAircraftDelivery:SaveAndValidatePrefab (UnityEngine.GameObject,string,System.Text.StringBuilder) (at Assets/Editor/ChubbyAircraftDelivery.cs:250)
ChubbyAircraftDelivery:Run () (at Assets/Editor/ChubbyAircraftDelivery.cs:104)
ChubbyAircraftFinalCheck:Run () (at Assets/Editor/ChubbyAircraftFinalCheck.cs:5)

[Assets/Editor/ChubbyAircraftDelivery.cs line 104]

Imported 'GUID: 72c95178a70a14cd5bc09e70db0c9540' -> (Import Result ID: 'c5a6925db7d17e42e54cf50c1b159120') in 0.000 seconds [static dependencies only]. Details - ImportResultOutputID=d1864bdce5b6fdeefcf862bd116fb3e9 DependenciesID=0eaf9b4cfb979be71a4113d644fdfb19 StaticDependenciesID=e091092e21df89fca531b4d01305c946 
Importing 'GUID: 03cc13409e4e44e64aa143518e363962 - Path: Assets/Art/ChubbyAircraft/PorcelainRed_A380_800/Meshes/Part_07.asset' with importer (NativeFormatImporter)
Main Object Name 'PorcelainRed_A380_800_Part_07' does not match filename 'Part_07'
UnityEngine.Debug:ExtractStackTraceNoAlloc (byte*,int,string)
UnityEngine.StackTraceUtility:ExtractStackTrace () (at /Users/bokken/build/output/unity/unity/Runtime/Export/Scripting/StackTrace.cs:23)
ChubbyAircraftDelivery:SaveAndValidatePrefab (UnityEngine.GameObject,string,System.Text.StringBuilder) (at Assets/Editor/ChubbyAircraftDelivery.cs:250)
ChubbyAircraftDelivery:Run () (at Assets/Editor/ChubbyAircraftDelivery.cs:104)
ChubbyAircraftFinalCheck:Run () (at Assets/Editor/ChubbyAircraftFinalCheck.cs:5)

[Assets/Editor/ChubbyAircraftDelivery.cs line 104]

Imported 'GUID: 03cc13409e4e44e64aa143518e363962' -> (Import Result ID: 'e4f350aa824298afb3a9e80f168957d7') in 0.000 seconds [static dependencies only]. Details - ImportResultOutputID=fdc94ca2613652f5856190c39ecce32f DependenciesID=314f587ccf8611a7b287d9ed5aca1e14 StaticDependenciesID=b20913aea6e3db7ac5a79292fe6fd603 
Importing 'GUID: 436d8869fae3e4617a8c7dfc8bf76975 - Path: Assets/Art/ChubbyAircraft/PorcelainRed_A380_800/Meshes/Part_03.asset' with importer (NativeFormatImporter)
Main Object Name 'PorcelainRed_A380_800_Part_03' does not match filename 'Part_03'
UnityEngine.Debug:ExtractStackTraceNoAlloc (byte*,int,string)
UnityEngine.StackTraceUtility:ExtractStackTrace () (at /Users/bokken/build/output/unity/unity/Runtime/Export/Scripting/StackTrace.cs:23)
ChubbyAircraftDelivery:SaveAndValidatePrefab (UnityEngine.GameObject,string,System.Text.StringBuilder) (at Assets/Editor/ChubbyAircraftDelivery.cs:250)
ChubbyAircraftDelivery:Run () (at Assets/Editor/ChubbyAircraftDelivery.cs:104)
ChubbyAircraftFinalCheck:Run () (at Assets/Editor/ChubbyAircraftFinalCheck.cs:5)

[Assets/Editor/ChubbyAircraftDelivery.cs line 104]

Imported 'GUID: 436d8869fae3e4617a8c7dfc8bf76975' -> (Import Result ID: '9bb511e95978386007b2d63e583760d4') in 0.001 seconds [static dependencies only]. Details - ImportResultOutputID=8e8ba87f1de4e7420fbcc6ff041684da DependenciesID=1a67ebe182b268bb6579566837c23bfb StaticDependenciesID=73b251924f6ac675c6c73ada2625ef8f 
Importing 'GUID: 0440cc8902b2e42c98d3803d7e4ab83a - Path: Assets/Art/ChubbyAircraft/PorcelainRed_A380_800/Meshes/Part_13.asset' with importer (NativeFormatImporter)
Main Object Name 'PorcelainRed_A380_800_Part_13' does not match filename 'Part_13'
UnityEngine.Debug:ExtractStackTraceNoAlloc (byte*,int,string)
UnityEngine.StackTraceUtility:ExtractStackTrace () (at /Users/bokken/build/output/unity/unity/Runtime/Export/Scripting/StackTrace.cs:23)
ChubbyAircraftDelivery:SaveAndValidatePrefab (UnityEngine.GameObject,string,System.Text.StringBuilder) (at Assets/Editor/ChubbyAircraftDelivery.cs:250)
ChubbyAircraftDelivery:Run () (at Assets/Editor/ChubbyAircraftDelivery.cs:104)
ChubbyAircraftFinalCheck:Run () (at Assets/Editor/ChubbyAircraftFinalCheck.cs:5)

[Assets/Editor/ChubbyAircraftDelivery.cs line 104]

Imported 'GUID: 0440cc8902b2e42c98d3803d7e4ab83a' -> (Import Result ID: '85c28208bfb2e34b6953c82826befd26') in 0.000 seconds [static dependencies only]. Details - ImportResultOutputID=a705bd86758e08f0602bddd0a37018cb DependenciesID=d785c9b6df5fe8f7554033a7ff098df1 StaticDependenciesID=341d8a27a5abb5d6376e5e0bd2d68c1f 
Importing 'GUID: 84a8d2c094b5d42fd965d7e2c14c8431 - Path: Assets/Art/ChubbyAircraft/PorcelainRed_A380_800/Meshes/Part_16.asset' with importer (NativeFormatImporter)
Main Object Name 'PorcelainRed_A380_800_Part_16' does not match filename 'Part_16'
UnityEngine.Debug:ExtractStackTraceNoAlloc (byte*,int,string)
UnityEngine.StackTraceUtility:ExtractStackTrace () (at /Users/bokken/build/output/unity/unity/Runtime/Export/Scripting/StackTrace.cs:23)
ChubbyAircraftDelivery:SaveAndValidatePrefab (UnityEngine.GameObject,string,System.Text.StringBuilder) (at Assets/Editor/ChubbyAircraftDelivery.cs:250)
ChubbyAircraftDelivery:Run () (at Assets/Editor/ChubbyAircraftDelivery.cs:104)
ChubbyAircraftFinalCheck:Run () (at Assets/Editor/ChubbyAircraftFinalCheck.cs:5)

[Assets/Editor/ChubbyAircraftDelivery.cs line 104]

Imported 'GUID: 84a8d2c094b5d42fd965d7e2c14c8431' -> (Import Result ID: 'a448e11c31446c1edcc16d5ece96dd1b') in 0.001 seconds [static dependencies only]. Details - ImportResultOutputID=a31a86ee7ebc3d33beecdf67181fb5a2 DependenciesID=66c1e98e819af1c2a15e1427e51a631d StaticDependenciesID=ae6775071c8df68bda98d198db920ba2 
Importing 'GUID: e5d457f9c35ac4177b7caaf8162b9e68 - Path: Assets/Art/ChubbyAircraft/PorcelainRed_A380_800/Meshes/Part_12.asset' with importer (NativeFormatImporter)
Main Object Name 'PorcelainRed_A380_800_Part_12' does not match filename 'Part_12'
UnityEngine.Debug:ExtractStackTraceNoAlloc (byte*,int,string)
UnityEngine.StackTraceUtility:ExtractStackTrace () (at /Users/bokken/build/output/unity/unity/Runtime/Export/Scripting/StackTrace.cs:23)
ChubbyAircraftDelivery:SaveAndValidatePrefab (UnityEngine.GameObject,string,System.Text.StringBuilder) (at Assets/Editor/ChubbyAircraftDelivery.cs:250)
ChubbyAircraftDelivery:Run () (at Assets/Editor/ChubbyAircraftDelivery.cs:104)
ChubbyAircraftFinalCheck:Run () (at Assets/Editor/ChubbyAircraftFinalCheck.cs:5)

[Assets/Editor/ChubbyAircraftDelivery.cs line 104]

Imported 'GUID: e5d457f9c35ac4177b7caaf8162b9e68' -> (Import Result ID: '0e6f7e10e970478ee1bdd62a0d3fe5a9') in 0.000 seconds [static dependencies only]. Details - ImportResultOutputID=00f04d6ca97e4d6985ef71799afeb683 DependenciesID=c0540c848682885bb0e3dee1422756f0 StaticDependenciesID=185b9c3134c3b795f05b1ac5f5daaf89 
Importing 'GUID: f5f5bc924770049209671488fb98bf68 - Path: Assets/Art/ChubbyAircraft/PorcelainRed_A380_800/Meshes/Part_10.asset' with importer (NativeFormatImporter)
Main Object Name 'PorcelainRed_A380_800_Part_10' does not match filename 'Part_10'
UnityEngine.Debug:ExtractStackTraceNoAlloc (byte*,int,string)
UnityEngine.StackTraceUtility:ExtractStackTrace () (at /Users/bokken/build/output/unity/unity/Runtime/Export/Scripting/StackTrace.cs:23)
ChubbyAircraftDelivery:SaveAndValidatePrefab (UnityEngine.GameObject,string,System.Text.StringBuilder) (at Assets/Editor/ChubbyAircraftDelivery.cs:250)
ChubbyAircraftDelivery:Run () (at Assets/Editor/ChubbyAircraftDelivery.cs:104)
ChubbyAircraftFinalCheck:Run () (at Assets/Editor/ChubbyAircraftFinalCheck.cs:5)

[Assets/Editor/ChubbyAircraftDelivery.cs line 104]

Imported 'GUID: f5f5bc924770049209671488fb98bf68' -> (Import Result ID: 'f12b3974cabb61a3cbe4806107a3c6f8') in 0.000 seconds [static dependencies only]. Details - ImportResultOutputID=df6a74a2e23fba263e1534ecaf650d1c DependenciesID=a89bec1afb382bc57e1835bf94f8abc5 StaticDependenciesID=d24ac3a86b72a884a8c83f54346cc92e 
Importing 'GUID: 166b82cfb7b014ac0855c8cc84a39241 - Path: Assets/Art/ChubbyAircraft/PorcelainRed_A380_800/Meshes/Part_02.asset' with importer (NativeFormatImporter)
Main Object Name 'PorcelainRed_A380_800_Part_02' does not match filename 'Part_02'
UnityEngine.Debug:ExtractStackTraceNoAlloc (byte*,int,string)
UnityEngine.StackTraceUtility:ExtractStackTrace () (at /Users/bokken/build/output/unity/unity/Runtime/Export/Scripting/StackTrace.cs:23)
ChubbyAircraftDelivery:SaveAndValidatePrefab (UnityEngine.GameObject,string,System.Text.StringBuilder) (at Assets/Editor/ChubbyAircraftDelivery.cs:250)
ChubbyAircraftDelivery:Run () (at Assets/Editor/ChubbyAircraftDelivery.cs:104)
ChubbyAircraftFinalCheck:Run () (at Assets/Editor/ChubbyAircraftFinalCheck.cs:5)

[Assets/Editor/ChubbyAircraftDelivery.cs line 104]

Imported 'GUID: 166b82cfb7b014ac0855c8cc84a39241' -> (Import Result ID: 'a2c510503d4e6c89a827d297aaa45ab6') in 0.001 seconds [static dependencies only]. Details - ImportResultOutputID=9a94b679671fee1d0e4ad2a3344c8755 DependenciesID=855957f7cfafec3cfbb9e0192a498460 StaticDependenciesID=0b8a19ff5978a0a5f2440f3630ecd1aa 
Importing 'GUID: 68e536b3afce84ecdbf803d459a846b4 - Path: Assets/Art/ChubbyAircraft/PorcelainRed_A380_800/Meshes/Part_08.asset' with importer (NativeFormatImporter)
Main Object Name 'PorcelainRed_A380_800_Part_08' does not match filename 'Part_08'
UnityEngine.Debug:ExtractStackTraceNoAlloc (byte*,int,string)
UnityEngine.StackTraceUtility:ExtractStackTrace () (at /Users/bokken/build/output/unity/unity/Runtime/Export/Scripting/StackTrace.cs:23)
ChubbyAircraftDelivery:SaveAndValidatePrefab (UnityEngine.GameObject,string,System.Text.StringBuilder) (at Assets/Editor/ChubbyAircraftDelivery.cs:250)
ChubbyAircraftDelivery:Run () (at Assets/Editor/ChubbyAircraftDelivery.cs:104)
ChubbyAircraftFinalCheck:Run () (at Assets/Editor/ChubbyAircraftFinalCheck.cs:5)

[Assets/Editor/ChubbyAircraftDelivery.cs line 104]

Imported 'GUID: 68e536b3afce84ecdbf803d459a846b4' -> (Import Result ID: 'e48a16fc1d4acdd0b7b7f4cba5c9a13f') in 0.000 seconds [static dependencies only]. Details - ImportResultOutputID=4b59b0086cf66518be4da68f8f510c21 DependenciesID=da93ffe003c65c9f4358515e5c3d8b58 StaticDependenciesID=eeeb05412c7057d4e5793daab33f2167 
Importing 'GUID: 39cde12baef774faabbf7b289c073b40 - Path: Assets/Art/ChubbyAircraft/PorcelainRed_A380_800/Meshes/Part_15.asset' with importer (NativeFormatImporter)
Main Object Name 'PorcelainRed_A380_800_Part_15' does not match filename 'Part_15'
UnityEngine.Debug:ExtractStackTraceNoAlloc (byte*,int,string)
UnityEngine.StackTraceUtility:ExtractStackTrace () (at /Users/bokken/build/output/unity/unity/Runtime/Export/Scripting/StackTrace.cs:23)
ChubbyAircraftDelivery:SaveAndValidatePrefab (UnityEngine.GameObject,string,System.Text.StringBuilder) (at Assets/Editor/ChubbyAircraftDelivery.cs:250)
ChubbyAircraftDelivery:Run () (at Assets/Editor/ChubbyAircraftDelivery.cs:104)
ChubbyAircraftFinalCheck:Run () (at Assets/Editor/ChubbyAircraftFinalCheck.cs:5)

[Assets/Editor/ChubbyAircraftDelivery.cs line 104]

Imported 'GUID: 39cde12baef774faabbf7b289c073b40' -> (Import Result ID: 'f43262fb3becd9d987b9bd98cf27026e') in 0.000 seconds [static dependencies only]. Details - ImportResultOutputID=34d265d967c6ca8f833f0b3de7d33ae8 DependenciesID=ee40b48423024a3b5722276c9acd9157 StaticDependenciesID=2350571d8066d7b99e151a00490c80a0 
Importing 'GUID: ca3749e95b9a349a3acab834f23fdef0 - Path: Assets/Art/ChubbyAircraft/PorcelainRed_A380_800/Meshes/Part_06.asset' with importer (NativeFormatImporter)
Main Object Name 'PorcelainRed_A380_800_Part_06' does not match filename 'Part_06'
UnityEngine.Debug:ExtractStackTraceNoAlloc (byte*,int,string)
UnityEngine.StackTraceUtility:ExtractStackTrace () (at /Users/bokken/build/output/unity/unity/Runtime/Export/Scripting/StackTrace.cs:23)
ChubbyAircraftDelivery:SaveAndValidatePrefab (UnityEngine.GameObject,string,System.Text.StringBuilder) (at Assets/Editor/ChubbyAircraftDelivery.cs:250)
ChubbyAircraftDelivery:Run () (at Assets/Editor/ChubbyAircraftDelivery.cs:104)
ChubbyAircraftFinalCheck:Run () (at Assets/Editor/ChubbyAircraftFinalCheck.cs:5)

[Assets/Editor/ChubbyAircraftDelivery.cs line 104]

Imported 'GUID: ca3749e95b9a349a3acab834f23fdef0' -> (Import Result ID: '33a70e4c2f1ccc2dad902294515634eb') in 0.000 seconds [static dependencies only]. Details - ImportResultOutputID=d0f3b0567bf60a6aa10c1b72892e9fea DependenciesID=87bf63a926d7b77826423cd3f5e00da1 StaticDependenciesID=70d68bd566be84a1f8b18ec1418c6705 
Importing 'GUID: 1bd13bb6faf2c440e9cd345e54e2abab - Path: Assets/Art/ChubbyAircraft/PorcelainRed_A380_800/Meshes/Part_14.asset' with importer (NativeFormatImporter)
Main Object Name 'PorcelainRed_A380_800_Part_14' does not match filename 'Part_14'
UnityEngine.Debug:ExtractStackTraceNoAlloc (byte*,int,string)
UnityEngine.StackTraceUtility:ExtractStackTrace () (at /Users/bokken/build/output/unity/unity/Runtime/Export/Scripting/StackTrace.cs:23)
ChubbyAircraftDelivery:SaveAndValidatePrefab (UnityEngine.GameObject,string,System.Text.StringBuilder) (at Assets/Editor/ChubbyAircraftDelivery.cs:250)
ChubbyAircraftDelivery:Run () (at Assets/Editor/ChubbyAircraftDelivery.cs:104)
ChubbyAircraftFinalCheck:Run () (at Assets/Editor/ChubbyAircraftFinalCheck.cs:5)

[Assets/Editor/ChubbyAircraftDelivery.cs line 104]

Imported 'GUID: 1bd13bb6faf2c440e9cd345e54e2abab' -> (Import Result ID: 'b4c4a41b7136f0a12389b72f16e5b091') in 0.000 seconds [static dependencies only]. Details - ImportResultOutputID=49f83276a0677c019a5469d9e0282828 DependenciesID=1575c9a61dfff449932f608c11c58b5d StaticDependenciesID=6319623fc4119aa21457fc12d73bda7e 
Importing 'GUID: 4be0d7486b1fb49e0873c9dc615dd8f0 - Path: Assets/Art/ChubbyAircraft/PorcelainRed_A380_800/Meshes/Part_01.asset' with importer (NativeFormatImporter)
Main Object Name 'PorcelainRed_A380_800_Part_01' does not match filename 'Part_01'
UnityEngine.Debug:ExtractStackTraceNoAlloc (byte*,int,string)
UnityEngine.StackTraceUtility:ExtractStackTrace () (at /Users/bokken/build/output/unity/unity/Runtime/Export/Scripting/StackTrace.cs:23)
ChubbyAircraftDelivery:SaveAndValidatePrefab (UnityEngine.GameObject,string,System.Text.StringBuilder) (at Assets/Editor/ChubbyAircraftDelivery.cs:250)
ChubbyAircraftDelivery:Run () (at Assets/Editor/ChubbyAircraftDelivery.cs:104)
ChubbyAircraftFinalCheck:Run () (at Assets/Editor/ChubbyAircraftFinalCheck.cs:5)

[Assets/Editor/ChubbyAircraftDelivery.cs line 104]

Imported 'GUID: 4be0d7486b1fb49e0873c9dc615dd8f0' -> (Import Result ID: '37525a4c74fb5454892b0138e9332139') in 0.001 seconds [static dependencies only]. Details - ImportResultOutputID=e7c2e2b71d72eafc33351e1fb185c2c6 DependenciesID=15a293c24ba2d0f8381fb428d160ee26 StaticDependenciesID=a4ff2ddfb536196c4e4428cb96d69dc1 
Importing 'GUID: 0cbdc1649236d49f2a2a30fefbd82803 - Path: Assets/Art/ChubbyAircraft/PorcelainRed_A380_800/Meshes/Part_05.asset' with importer (NativeFormatImporter)
Main Object Name 'PorcelainRed_A380_800_Part_05' does not match filename 'Part_05'
UnityEngine.Debug:ExtractStackTraceNoAlloc (byte*,int,string)
UnityEngine.StackTraceUtility:ExtractStackTrace () (at /Users/bokken/build/output/unity/unity/Runtime/Export/Scripting/StackTrace.cs:23)
ChubbyAircraftDelivery:SaveAndValidatePrefab (UnityEngine.GameObject,string,System.Text.StringBuilder) (at Assets/Editor/ChubbyAircraftDelivery.cs:250)
ChubbyAircraftDelivery:Run () (at Assets/Editor/ChubbyAircraftDelivery.cs:104)
ChubbyAircraftFinalCheck:Run () (at Assets/Editor/ChubbyAircraftFinalCheck.cs:5)

[Assets/Editor/ChubbyAircraftDelivery.cs line 104]

Imported 'GUID: 0cbdc1649236d49f2a2a30fefbd82803' -> (Import Result ID: 'fc596c4a121e74dd07a93694ba8514bc') in 0.000 seconds [static dependencies only]. Details - ImportResultOutputID=44b4a3b83084d79ac19a6fcd2577f030 DependenciesID=e68489bf8d2cebb7f652fdee0e21a0c1 StaticDependenciesID=a71afdd71fee3d813a4401f3ea442b1b 
Importing 'GUID: 2cacc04a800944c64a2ef5047ba591ea - Path: Assets/Art/ChubbyAircraft/PorcelainRed_A380_800/Meshes/Part_00.asset' with importer (NativeFormatImporter)
Main Object Name 'PorcelainRed_A380_800_Part_00' does not match filename 'Part_00'
UnityEngine.Debug:ExtractStackTraceNoAlloc (byte*,int,string)
UnityEngine.StackTraceUtility:ExtractStackTrace () (at /Users/bokken/build/output/unity/unity/Runtime/Export/Scripting/StackTrace.cs:23)
ChubbyAircraftDelivery:SaveAndValidatePrefab (UnityEngine.GameObject,string,System.Text.StringBuilder) (at Assets/Editor/ChubbyAircraftDelivery.cs:250)
ChubbyAircraftDelivery:Run () (at Assets/Editor/ChubbyAircraftDelivery.cs:104)
ChubbyAircraftFinalCheck:Run () (at Assets/Editor/ChubbyAircraftFinalCheck.cs:5)

[Assets/Editor/ChubbyAircraftDelivery.cs line 104]

Imported 'GUID: 2cacc04a800944c64a2ef5047ba591ea' -> (Import Result ID: 'a14933f0bf3aca9f29b0cc28ac2e360c') in 0.001 seconds [static dependencies only]. Details - ImportResultOutputID=3d51b2015bef2ca82cb2a8680b3faac9 DependenciesID=7e2c4c0b04552053897cb6f2b01e3287 StaticDependenciesID=ad22198ba684410de31ba090d5e8653b 
Importing 'GUID: 1fa13d42b707943b884cc56a0db5b2b9 - Path: Assets/Art/ChubbyAircraft/PorcelainRed_A380_800/Meshes/Part_04.asset' with importer (NativeFormatImporter)
Main Object Name 'PorcelainRed_A380_800_Part_04' does not match filename 'Part_04'
UnityEngine.Debug:ExtractStackTraceNoAlloc (byte*,int,string)
UnityEngine.StackTraceUtility:ExtractStackTrace () (at /Users/bokken/build/output/unity/unity/Runtime/Export/Scripting/StackTrace.cs:23)
ChubbyAircraftDelivery:SaveAndValidatePrefab (UnityEngine.GameObject,string,System.Text.StringBuilder) (at Assets/Editor/ChubbyAircraftDelivery.cs:250)
ChubbyAircraftDelivery:Run () (at Assets/Editor/ChubbyAircraftDelivery.cs:104)
ChubbyAircraftFinalCheck:Run () (at Assets/Editor/ChubbyAircraftFinalCheck.cs:5)

[Assets/Editor/ChubbyAircraftDelivery.cs line 104]

Imported 'GUID: 1fa13d42b707943b884cc56a0db5b2b9' -> (Import Result ID: 'c5a04df363565b9c3a6b83287dce0446') in 0.000 seconds [static dependencies only]. Details - ImportResultOutputID=ecc6d8de7c111b516b2c577791d93ac9 DependenciesID=2d72ccdd476befe6cf6efa6726ea9651 StaticDependenciesID=079930ed776991732d7c9490cf2a62d0 
Asset Pipeline Refresh (id=15a62f609d2a64ddaa04a21a990892d4): Total: 0.028 seconds - Initiated by StopAssetImportingV2(NoUpdateAssetOptions)
Importing 'GUID: 61425b8552e9b48a8bc3b197d163c58a - Path: Assets/Art/ChubbyAircraft/PorcelainRed_A380_800/PorcelainRed_A380_800.prefab' with importer (PrefabImporter)
Imported 'GUID: 61425b8552e9b48a8bc3b197d163c58a' -> (Import Result ID: 'cc96ea29a78a18aab415972adc1e211f') in 0.001 seconds [static dependencies only]. Details - ImportResultOutputID=532a78c581aa498eec1e49bfb62275f6 DependenciesID=6b2a98abb3dccd208da19cbb4c338650 StaticDependenciesID=832468b022a106c7946c4d29e230a640 
Asset Pipeline Refresh (id=41bd1301000a946448385416d0d3cf8f): Total: 0.005 seconds - Initiated by StopAssetImportingV2(NoUpdateAssetOptions)
Loaded scene 'Library/Unused/3b6ab91ef38704f43b2c0add47fce8f4'
	Deserialize:            0.260 ms
	Integration:            0.106 ms
	Integration of assets:  0.001 ms
	Thread Wait Time:       0.004 ms
	Total Operation Time:   0.371 ms
Asset Pipeline Refresh (id=df1b4a0de72f54faa853c0c3ad4e74fc): Total: 0.002 seconds - Initiated by StopAssetImportingV2(NoUpdateAssetOptions)
Importing 'GUID: d0cf83e63d3d24a848b52e095554655f - Path: Assets/Art/ChubbyAircraft/PorcelainRed_Comet4/Materials/Part_13.mat' with importer (NativeFormatImporter)
Main Object Name 'PorcelainRed_Comet4_Part_13' does not match filename 'Part_13'
UnityEngine.Debug:ExtractStackTraceNoAlloc (byte*,int,string)
UnityEngine.StackTraceUtility:ExtractStackTrace () (at /Users/bokken/build/output/unity/unity/Runtime/Export/Scripting/StackTrace.cs:23)
ChubbyAircraftDelivery:SaveAndValidatePrefab (UnityEngine.GameObject,string,System.Text.StringBuilder) (at Assets/Editor/ChubbyAircraftDelivery.cs:250)
ChubbyAircraftDelivery:Run () (at Assets/Editor/ChubbyAircraftDelivery.cs:104)
ChubbyAircraftFinalCheck:Run () (at Assets/Editor/ChubbyAircraftFinalCheck.cs:5)

[Assets/Editor/ChubbyAircraftDelivery.cs line 104]

Imported 'GUID: d0cf83e63d3d24a848b52e095554655f' -> (Import Result ID: '2246c049315c43668b9692dc9dc0674d') in 0.001 seconds [static dependencies only]. Details - ImportResultOutputID=fa1ab1238bae618240659671c60dc016 DependenciesID=03e931066044a274c0e086fef287d7ab StaticDependenciesID=7a50e334d89cb910af2457fce3460acc 
Importing 'GUID: f0722be92dc1c4a3bb57931ae7a7cc8d - Path: Assets/Art/ChubbyAircraft/PorcelainRed_Comet4/Materials/Part_07.mat' with importer (NativeFormatImporter)
Main Object Name 'PorcelainRed_Comet4_Part_07' does not match filename 'Part_07'
UnityEngine.Debug:ExtractStackTraceNoAlloc (byte*,int,string)
UnityEngine.StackTraceUtility:ExtractStackTrace () (at /Users/bokken/build/output/unity/unity/Runtime/Export/Scripting/StackTrace.cs:23)
ChubbyAircraftDelivery:SaveAndValidatePrefab (UnityEngine.GameObject,string,System.Text.StringBuilder) (at Assets/Editor/ChubbyAircraftDelivery.cs:250)
ChubbyAircraftDelivery:Run () (at Assets/Editor/ChubbyAircraftDelivery.cs:104)
ChubbyAircraftFinalCheck:Run () (at Assets/Editor/ChubbyAircraftFinalCheck.cs:5)

[Assets/Editor/ChubbyAircraftDelivery.cs line 104]

Imported 'GUID: f0722be92dc1c4a3bb57931ae7a7cc8d' -> (Import Result ID: '2ad4b474cbb21a4011e4cecb475c6961') in 0.000 seconds [static dependencies only]. Details - ImportResultOutputID=565a9769f117b007d3d7e65a7be89b37 DependenciesID=62eeed402fc089b8fc229269aa63c629 StaticDependenciesID=21d2430fecb4504f51e0c302d045f0ba 
Importing 'GUID: a1a7933ca998d4f1188a900bfbb04bd0 - Path: Assets/Art/ChubbyAircraft/PorcelainRed_Comet4/Materials/Part_04.mat' with importer (NativeFormatImporter)
Main Object Name 'PorcelainRed_Comet4_Part_04' does not match filename 'Part_04'
UnityEngine.Debug:ExtractStackTraceNoAlloc (byte*,int,string)
UnityEngine.StackTraceUtility:ExtractStackTrace () (at /Users/bokken/build/output/unity/unity/Runtime/Export/Scripting/StackTrace.cs:23)
ChubbyAircraftDelivery:SaveAndValidatePrefab (UnityEngine.GameObject,string,System.Text.StringBuilder) (at Assets/Editor/ChubbyAircraftDelivery.cs:250)
ChubbyAircraftDelivery:Run () (at Assets/Editor/ChubbyAircraftDelivery.cs:104)
ChubbyAircraftFinalCheck:Run () (at Assets/Editor/ChubbyAircraftFinalCheck.cs:5)

[Assets/Editor/ChubbyAircraftDelivery.cs line 104]

Imported 'GUID: a1a7933ca998d4f1188a900bfbb04bd0' -> (Import Result ID: 'c3bb0020bc8ad82caec2c82b2c83a858') in 0.000 seconds [static dependencies only]. Details - ImportResultOutputID=9a504e49cb2caf7c9816e07c45837d8a DependenciesID=9057d89a00c6e43839d9a56495e589b8 StaticDependenciesID=b0190cca55f15b408a8dec531fa092eb 
Importing 'GUID: b4273fa7aa4b141d38be012b778c3d0e - Path: Assets/Art/ChubbyAircraft/PorcelainRed_Comet4/Materials/Part_08.mat' with importer (NativeFormatImporter)
Main Object Name 'PorcelainRed_Comet4_Part_08' does not match filename 'Part_08'
UnityEngine.Debug:ExtractStackTraceNoAlloc (byte*,int,string)
UnityEngine.StackTraceUtility:ExtractStackTrace () (at /Users/bokken/build/output/unity/unity/Runtime/Export/Scripting/StackTrace.cs:23)
ChubbyAircraftDelivery:SaveAndValidatePrefab (UnityEngine.GameObject,string,System.Text.StringBuilder) (at Assets/Editor/ChubbyAircraftDelivery.cs:250)
ChubbyAircraftDelivery:Run () (at Assets/Editor/ChubbyAircraftDelivery.cs:104)
ChubbyAircraftFinalCheck:Run () (at Assets/Editor/ChubbyAircraftFinalCheck.cs:5)

[Assets/Editor/ChubbyAircraftDelivery.cs line 104]

Imported 'GUID: b4273fa7aa4b141d38be012b778c3d0e' -> (Import Result ID: '2179a6d571b7252657fed1d84e6ae09a') in 0.000 seconds [static dependencies only]. Details - ImportResultOutputID=0545a6514f6f7985c50e926b4730033c DependenciesID=8779bab6b4fa0464e20f2b2a440a6f6f StaticDependenciesID=b4df95e86ed969073b6ee52e2f6c9853 
Importing 'GUID: 356381fb16ffa47b9b02ab2d2a109105 - Path: Assets/Art/ChubbyAircraft/PorcelainRed_Comet4/Materials/Part_14.mat' with importer (NativeFormatImporter)
Main Object Name 'PorcelainRed_Comet4_Part_14' does not match filename 'Part_14'
UnityEngine.Debug:ExtractStackTraceNoAlloc (byte*,int,string)
UnityEngine.StackTraceUtility:ExtractStackTrace () (at /Users/bokken/build/output/unity/unity/Runtime/Export/Scripting/StackTrace.cs:23)
ChubbyAircraftDelivery:SaveAndValidatePrefab (UnityEngine.GameObject,string,System.Text.StringBuilder) (at Assets/Editor/ChubbyAircraftDelivery.cs:250)
ChubbyAircraftDelivery:Run () (at Assets/Editor/ChubbyAircraftDelivery.cs:104)
ChubbyAircraftFinalCheck:Run () (at Assets/Editor/ChubbyAircraftFinalCheck.cs:5)

[Assets/Editor/ChubbyAircraftDelivery.cs line 104]

Imported 'GUID: 356381fb16ffa47b9b02ab2d2a109105' -> (Import Result ID: '94d003003f822c600d6a4a40c8c36bcc') in 0.000 seconds [static dependencies only]. Details - ImportResultOutputID=b4c73af5919f08222d1d2b51477fddf2 DependenciesID=815ca226d63a45cd2c57a84c7f130df9 StaticDependenciesID=f9b62733207260f1b0919fb209dde520 
Importing 'GUID: f5f2ee1f6123f4c3ab0fa2210164bc56 - Path: Assets/Art/ChubbyAircraft/PorcelainRed_Comet4/Materials/Part_10.mat' with importer (NativeFormatImporter)
Main Object Name 'PorcelainRed_Comet4_Part_10' does not match filename 'Part_10'
UnityEngine.Debug:ExtractStackTraceNoAlloc (byte*,int,string)
UnityEngine.StackTraceUtility:ExtractStackTrace () (at /Users/bokken/build/output/unity/unity/Runtime/Export/Scripting/StackTrace.cs:23)
ChubbyAircraftDelivery:SaveAndValidatePrefab (UnityEngine.GameObject,string,System.Text.StringBuilder) (at Assets/Editor/ChubbyAircraftDelivery.cs:250)
ChubbyAircraftDelivery:Run () (at Assets/Editor/ChubbyAircraftDelivery.cs:104)
ChubbyAircraftFinalCheck:Run () (at Assets/Editor/ChubbyAircraftFinalCheck.cs:5)

[Assets/Editor/ChubbyAircraftDelivery.cs line 104]

Imported 'GUID: f5f2ee1f6123f4c3ab0fa2210164bc56' -> (Import Result ID: '7647bf97121c85d398f1af6c41de6f1f') in 0.000 seconds [static dependencies only]. Details - ImportResultOutputID=a8f2d286d50b13e0399be147e0cbb7a9 DependenciesID=810fc8082073668926214a9913f3bce9 StaticDependenciesID=cc48248f87e859f1210482374ddabc17 
Importing 'GUID: 66e4c22959cfe4493932145d44c15c12 - Path: Assets/Art/ChubbyAircraft/PorcelainRed_Comet4/Materials/Part_15.mat' with importer (NativeFormatImporter)
Main Object Name 'PorcelainRed_Comet4_Part_15' does not match filename 'Part_15'
UnityEngine.Debug:ExtractStackTraceNoAlloc (byte*,int,string)
UnityEngine.StackTraceUtility:ExtractStackTrace () (at /Users/bokken/build/output/unity/unity/Runtime/Export/Scripting/StackTrace.cs:23)
ChubbyAircraftDelivery:SaveAndValidatePrefab (UnityEngine.GameObject,string,System.Text.StringBuilder) (at Assets/Editor/ChubbyAircraftDelivery.cs:250)
ChubbyAircraftDelivery:Run () (at Assets/Editor/ChubbyAircraftDelivery.cs:104)
ChubbyAircraftFinalCheck:Run () (at Assets/Editor/ChubbyAircraftFinalCheck.cs:5)

[Assets/Editor/ChubbyAircraftDelivery.cs line 104]

Imported 'GUID: 66e4c22959cfe4493932145d44c15c12' -> (Import Result ID: '8ec380dad02f7adacad5c36fc9bcc239') in 0.000 seconds [static dependencies only]. Details - ImportResultOutputID=2bdbedd1ddbd0d50b4e8f25b2175abb2 DependenciesID=9219fe52c13da87685f3c16721fadfef StaticDependenciesID=d8f6c16dc2c5729db052eb899d12b241 
Importing 'GUID: a74f64b4aeca443768d99b27771343ba - Path: Assets/Art/ChubbyAircraft/PorcelainRed_Comet4/Materials/Part_06.mat' with importer (NativeFormatImporter)
Main Object Name 'PorcelainRed_Comet4_Part_06' does not match filename 'Part_06'
UnityEngine.Debug:ExtractStackTraceNoAlloc (byte*,int,string)
UnityEngine.StackTraceUtility:ExtractStackTrace () (at /Users/bokken/build/output/unity/unity/Runtime/Export/Scripting/StackTrace.cs:23)
ChubbyAircraftDelivery:SaveAndValidatePrefab (UnityEngine.GameObject,string,System.Text.StringBuilder) (at Assets/Editor/ChubbyAircraftDelivery.cs:250)
ChubbyAircraftDelivery:Run () (at Assets/Editor/ChubbyAircraftDelivery.cs:104)
ChubbyAircraftFinalCheck:Run () (at Assets/Editor/ChubbyAircraftFinalCheck.cs:5)

[Assets/Editor/ChubbyAircraftDelivery.cs line 104]

Imported 'GUID: a74f64b4aeca443768d99b27771343ba' -> (Import Result ID: '0f9682917fa1631e80e25371c90b9c42') in 0.000 seconds [static dependencies only]. Details - ImportResultOutputID=f0249e344d9f83f5ea0af5430faae53b DependenciesID=667461144991532d860d84ca12aaf888 StaticDependenciesID=c5875b586dde84c7cb210185c9da953f 
Importing 'GUID: 581744b2e1dd44c9da3d8de14ce56849 - Path: Assets/Art/ChubbyAircraft/PorcelainRed_Comet4/Materials/Part_12.mat' with importer (NativeFormatImporter)
Main Object Name 'PorcelainRed_Comet4_Part_12' does not match filename 'Part_12'
UnityEngine.Debug:ExtractStackTraceNoAlloc (byte*,int,string)
UnityEngine.StackTraceUtility:ExtractStackTrace () (at /Users/bokken/build/output/unity/unity/Runtime/Export/Scripting/StackTrace.cs:23)
ChubbyAircraftDelivery:SaveAndValidatePrefab (UnityEngine.GameObject,string,System.Text.StringBuilder) (at Assets/Editor/ChubbyAircraftDelivery.cs:250)
ChubbyAircraftDelivery:Run () (at Assets/Editor/ChubbyAircraftDelivery.cs:104)
ChubbyAircraftFinalCheck:Run () (at Assets/Editor/ChubbyAircraftFinalCheck.cs:5)

[Assets/Editor/ChubbyAircraftDelivery.cs line 104]

Imported 'GUID: 581744b2e1dd44c9da3d8de14ce56849' -> (Import Result ID: '23b5e7eacd2bcf0d6d6eff4a8d4cb12d') in 0.000 seconds [static dependencies only]. Details - ImportResultOutputID=abd1ad17e871c72f57e2eb7a5fe947b6 DependenciesID=bb5a64257603471c54c630ac4fd4651b StaticDependenciesID=2b3394a37833a493f6c46617b33e70ed 
Importing 'GUID: 78340cd6dd7c840f885cc09e53399829 - Path: Assets/Art/ChubbyAircraft/PorcelainRed_Comet4/Materials/Part_02.mat' with importer (NativeFormatImporter)
Main Object Name 'PorcelainRed_Comet4_Part_02' does not match filename 'Part_02'
UnityEngine.Debug:ExtractStackTraceNoAlloc (byte*,int,string)
UnityEngine.StackTraceUtility:ExtractStackTrace () (at /Users/bokken/build/output/unity/unity/Runtime/Export/Scripting/StackTrace.cs:23)
ChubbyAircraftDelivery:SaveAndValidatePrefab (UnityEngine.GameObject,string,System.Text.StringBuilder) (at Assets/Editor/ChubbyAircraftDelivery.cs:250)
ChubbyAircraftDelivery:Run () (at Assets/Editor/ChubbyAircraftDelivery.cs:104)
ChubbyAircraftFinalCheck:Run () (at Assets/Editor/ChubbyAircraftFinalCheck.cs:5)

[Assets/Editor/ChubbyAircraftDelivery.cs line 104]

Imported 'GUID: 78340cd6dd7c840f885cc09e53399829' -> (Import Result ID: 'bf6fc3043e794ee4dd8df3a64b86e39b') in 0.000 seconds [static dependencies only]. Details - ImportResultOutputID=910211f7c135c743da7371cc7fb6f2f0 DependenciesID=2ef290bc58f34c9c7cce7c9b595545d0 StaticDependenciesID=92494ced8f7b46b47b3708b24e46bdc9 
Importing 'GUID: 88525af4c01494f0e8997471d3a7d958 - Path: Assets/Art/ChubbyAircraft/PorcelainRed_Comet4/Materials/Part_05.mat' with importer (NativeFormatImporter)
Main Object Name 'PorcelainRed_Comet4_Part_05' does not match filename 'Part_05'
UnityEngine.Debug:ExtractStackTraceNoAlloc (byte*,int,string)
UnityEngine.StackTraceUtility:ExtractStackTrace () (at /Users/bokken/build/output/unity/unity/Runtime/Export/Scripting/StackTrace.cs:23)
ChubbyAircraftDelivery:SaveAndValidatePrefab (UnityEngine.GameObject,string,System.Text.StringBuilder) (at Assets/Editor/ChubbyAircraftDelivery.cs:250)
ChubbyAircraftDelivery:Run () (at Assets/Editor/ChubbyAircraftDelivery.cs:104)
ChubbyAircraftFinalCheck:Run () (at Assets/Editor/ChubbyAircraftFinalCheck.cs:5)

[Assets/Editor/ChubbyAircraftDelivery.cs line 104]

Imported 'GUID: 88525af4c01494f0e8997471d3a7d958' -> (Import Result ID: '30cded89cd24811e0b4aa51cdb3ef6a1') in 0.000 seconds [static dependencies only]. Details - ImportResultOutputID=3d6ce7b3de2c282b6d09508aed139cb6 DependenciesID=256149b0b691cddaebbd9c221410b80c StaticDependenciesID=9876924ac848bdaa7992813a00b91896 
Importing 'GUID: f87bef421335c48268ad026a6646895e - Path: Assets/Art/ChubbyAircraft/PorcelainRed_Comet4/Materials/Part_11.mat' with importer (NativeFormatImporter)
Main Object Name 'PorcelainRed_Comet4_Part_11' does not match filename 'Part_11'
UnityEngine.Debug:ExtractStackTraceNoAlloc (byte*,int,string)
UnityEngine.StackTraceUtility:ExtractStackTrace () (at /Users/bokken/build/output/unity/unity/Runtime/Export/Scripting/StackTrace.cs:23)
ChubbyAircraftDelivery:SaveAndValidatePrefab (UnityEngine.GameObject,string,System.Text.StringBuilder) (at Assets/Editor/ChubbyAircraftDelivery.cs:250)
ChubbyAircraftDelivery:Run () (at Assets/Editor/ChubbyAircraftDelivery.cs:104)
ChubbyAircraftFinalCheck:Run () (at Assets/Editor/ChubbyAircraftFinalCheck.cs:5)

[Assets/Editor/ChubbyAircraftDelivery.cs line 104]

Imported 'GUID: f87bef421335c48268ad026a6646895e' -> (Import Result ID: '8fc08d27ae595e8e43709aaa3b114b72') in 0.000 seconds [static dependencies only]. Details - ImportResultOutputID=f25b03d084dd3b310f39a746f0e5607d DependenciesID=42c516c6a4c43537ba7e2a304d8b0931 StaticDependenciesID=289935f8822c970a3afc19da350ab229 
Importing 'GUID: 2b30c1a8a26ea458da9c723e8b35696f - Path: Assets/Art/ChubbyAircraft/PorcelainRed_Comet4/Materials/Part_03.mat' with importer (NativeFormatImporter)
Main Object Name 'PorcelainRed_Comet4_Part_03' does not match filename 'Part_03'
UnityEngine.Debug:ExtractStackTraceNoAlloc (byte*,int,string)
UnityEngine.StackTraceUtility:ExtractStackTrace () (at /Users/bokken/build/output/unity/unity/Runtime/Export/Scripting/StackTrace.cs:23)
ChubbyAircraftDelivery:SaveAndValidatePrefab (UnityEngine.GameObject,string,System.Text.StringBuilder) (at Assets/Editor/ChubbyAircraftDelivery.cs:250)
ChubbyAircraftDelivery:Run () (at Assets/Editor/ChubbyAircraftDelivery.cs:104)
ChubbyAircraftFinalCheck:Run () (at Assets/Editor/ChubbyAircraftFinalCheck.cs:5)

[Assets/Editor/ChubbyAircraftDelivery.cs line 104]

Imported 'GUID: 2b30c1a8a26ea458da9c723e8b35696f' -> (Import Result ID: 'c82d45c7711dce246456bd1708296ca0') in 0.000 seconds [static dependencies only]. Details - ImportResultOutputID=89acf68c0e5bc7e182d65c58c12cd14a DependenciesID=ddda58f374bdb93b181f0e1de24c227d StaticDependenciesID=bef336196449b5dd916db08162843904 
Importing 'GUID: 9ba333455ca8049b7af975f1d6fc4857 - Path: Assets/Art/ChubbyAircraft/PorcelainRed_Comet4/Materials/Part_01.mat' with importer (NativeFormatImporter)
Main Object Name 'PorcelainRed_Comet4_Part_01' does not match filename 'Part_01'
UnityEngine.Debug:ExtractStackTraceNoAlloc (byte*,int,string)
UnityEngine.StackTraceUtility:ExtractStackTrace () (at /Users/bokken/build/output/unity/unity/Runtime/Export/Scripting/StackTrace.cs:23)
ChubbyAircraftDelivery:SaveAndValidatePrefab (UnityEngine.GameObject,string,System.Text.StringBuilder) (at Assets/Editor/ChubbyAircraftDelivery.cs:250)
ChubbyAircraftDelivery:Run () (at Assets/Editor/ChubbyAircraftDelivery.cs:104)
ChubbyAircraftFinalCheck:Run () (at Assets/Editor/ChubbyAircraftFinalCheck.cs:5)

[Assets/Editor/ChubbyAircraftDelivery.cs line 104]

Imported 'GUID: 9ba333455ca8049b7af975f1d6fc4857' -> (Import Result ID: '2ace0565bdc205dbcec220071f825f28') in 0.000 seconds [static dependencies only]. Details - ImportResultOutputID=6d2db7a8e15ad8b0e905f39deb5535a9 DependenciesID=be9e36d0400c719301b899c8a3ed0d2c StaticDependenciesID=8a19f1efc2c290ad339306d277f6f190 
Importing 'GUID: cdd8afc4362e347ef8f9ea885a87729d - Path: Assets/Art/ChubbyAircraft/PorcelainRed_Comet4/Materials/Part_16.mat' with importer (NativeFormatImporter)
Main Object Name 'PorcelainRed_Comet4_Part_16' does not match filename 'Part_16'
UnityEngine.Debug:ExtractStackTraceNoAlloc (byte*,int,string)
UnityEngine.StackTraceUtility:ExtractStackTrace () (at /Users/bokken/build/output/unity/unity/Runtime/Export/Scripting/StackTrace.cs:23)
ChubbyAircraftDelivery:SaveAndValidatePrefab (UnityEngine.GameObject,string,System.Text.StringBuilder) (at Assets/Editor/ChubbyAircraftDelivery.cs:250)
ChubbyAircraftDelivery:Run () (at Assets/Editor/ChubbyAircraftDelivery.cs:104)
ChubbyAircraftFinalCheck:Run () (at Assets/Editor/ChubbyAircraftFinalCheck.cs:5)

[Assets/Editor/ChubbyAircraftDelivery.cs line 104]

Imported 'GUID: cdd8afc4362e347ef8f9ea885a87729d' -> (Import Result ID: 'c31632b7f7b2caeed4c97c2df95aae9c') in 0.000 seconds [static dependencies only]. Details - ImportResultOutputID=fefa51522a7137e28226da6f32fce506 DependenciesID=9db2b2cacd760e5f995bd6103b3cf458 StaticDependenciesID=154c3274ea1c64874629bda3644c6719 
Importing 'GUID: 7fd528730f3134e04848aac0bd5e0fd1 - Path: Assets/Art/ChubbyAircraft/PorcelainRed_Comet4/Materials/Part_00.mat' with importer (NativeFormatImporter)
Main Object Name 'PorcelainRed_Comet4_Part_00' does not match filename 'Part_00'
UnityEngine.Debug:ExtractStackTraceNoAlloc (byte*,int,string)
UnityEngine.StackTraceUtility:ExtractStackTrace () (at /Users/bokken/build/output/unity/unity/Runtime/Export/Scripting/StackTrace.cs:23)
ChubbyAircraftDelivery:SaveAndValidatePrefab (UnityEngine.GameObject,string,System.Text.StringBuilder) (at Assets/Editor/ChubbyAircraftDelivery.cs:250)
ChubbyAircraftDelivery:Run () (at Assets/Editor/ChubbyAircraftDelivery.cs:104)
ChubbyAircraftFinalCheck:Run () (at Assets/Editor/ChubbyAircraftFinalCheck.cs:5)

[Assets/Editor/ChubbyAircraftDelivery.cs line 104]

Imported 'GUID: 7fd528730f3134e04848aac0bd5e0fd1' -> (Import Result ID: '4b7776c9af05409131e50ba319d46494') in 0.000 seconds [static dependencies only]. Details - ImportResultOutputID=eb86ebd151a7e52b7ba1a1f303a675f3 DependenciesID=8297c474c31ef381ba603e247a78c8cf StaticDependenciesID=1400504cab48badbbefd8614945dbe91 
Importing 'GUID: ff848c59ae12e45f199ba5d391785a7d - Path: Assets/Art/ChubbyAircraft/PorcelainRed_Comet4/Materials/Part_09.mat' with importer (NativeFormatImporter)
Main Object Name 'PorcelainRed_Comet4_Part_09' does not match filename 'Part_09'
UnityEngine.Debug:ExtractStackTraceNoAlloc (byte*,int,string)
UnityEngine.StackTraceUtility:ExtractStackTrace () (at /Users/bokken/build/output/unity/unity/Runtime/Export/Scripting/StackTrace.cs:23)
ChubbyAircraftDelivery:SaveAndValidatePrefab (UnityEngine.GameObject,string,System.Text.StringBuilder) (at Assets/Editor/ChubbyAircraftDelivery.cs:250)
ChubbyAircraftDelivery:Run () (at Assets/Editor/ChubbyAircraftDelivery.cs:104)
ChubbyAircraftFinalCheck:Run () (at Assets/Editor/ChubbyAircraftFinalCheck.cs:5)

[Assets/Editor/ChubbyAircraftDelivery.cs line 104]

Imported 'GUID: ff848c59ae12e45f199ba5d391785a7d' -> (Import Result ID: 'a4e453c37b392d2f22964195e336675d') in 0.000 seconds [static dependencies only]. Details - ImportResultOutputID=e695b814749aa6322715b59a2716b79a DependenciesID=90397be9eb5471ae1fe37237ed0c2538 StaticDependenciesID=7996a6ddd1522de690539a698914294b 
Importing 'GUID: 0074387e1f8a34b3fbd0b30066e33eca - Path: Assets/Art/ChubbyAircraft/PorcelainRed_Comet4/Meshes/Part_13.asset' with importer (NativeFormatImporter)
Main Object Name 'PorcelainRed_Comet4_Part_13' does not match filename 'Part_13'
UnityEngine.Debug:ExtractStackTraceNoAlloc (byte*,int,string)
UnityEngine.StackTraceUtility:ExtractStackTrace () (at /Users/bokken/build/output/unity/unity/Runtime/Export/Scripting/StackTrace.cs:23)
ChubbyAircraftDelivery:SaveAndValidatePrefab (UnityEngine.GameObject,string,System.Text.StringBuilder) (at Assets/Editor/ChubbyAircraftDelivery.cs:250)
ChubbyAircraftDelivery:Run () (at Assets/Editor/ChubbyAircraftDelivery.cs:104)
ChubbyAircraftFinalCheck:Run () (at Assets/Editor/ChubbyAircraftFinalCheck.cs:5)

[Assets/Editor/ChubbyAircraftDelivery.cs line 104]

Imported 'GUID: 0074387e1f8a34b3fbd0b30066e33eca' -> (Import Result ID: 'fc6fa790522cec8472af238f784f89c4') in 0.000 seconds [static dependencies only]. Details - ImportResultOutputID=d5a924b46a2b9b254dbb2f6221cfd423 DependenciesID=a9181d3b2d9fa7145d1ae485a377eea5 StaticDependenciesID=53974c5073411cb23f4eeda3683a7e6e 
Importing 'GUID: a08922bc401bd4c4aa73f22dfe5c3d3c - Path: Assets/Art/ChubbyAircraft/PorcelainRed_Comet4/Meshes/Part_01.asset' with importer (NativeFormatImporter)
Main Object Name 'PorcelainRed_Comet4_Part_01' does not match filename 'Part_01'
UnityEngine.Debug:ExtractStackTraceNoAlloc (byte*,int,string)
UnityEngine.StackTraceUtility:ExtractStackTrace () (at /Users/bokken/build/output/unity/unity/Runtime/Export/Scripting/StackTrace.cs:23)
ChubbyAircraftDelivery:SaveAndValidatePrefab (UnityEngine.GameObject,string,System.Text.StringBuilder) (at Assets/Editor/ChubbyAircraftDelivery.cs:250)
ChubbyAircraftDelivery:Run () (at Assets/Editor/ChubbyAircraftDelivery.cs:104)
ChubbyAircraftFinalCheck:Run () (at Assets/Editor/ChubbyAircraftFinalCheck.cs:5)

[Assets/Editor/ChubbyAircraftDelivery.cs line 104]

Imported 'GUID: a08922bc401bd4c4aa73f22dfe5c3d3c' -> (Import Result ID: 'c55363715780e4b603a9d3747726a255') in 0.001 seconds [static dependencies only]. Details - ImportResultOutputID=ce538a3284a320745c623685787f4944 DependenciesID=0fa817c40358b76ada5293b57dbd9557 StaticDependenciesID=0de27d623414a7449c4e200a8b2e7387 
Importing 'GUID: 11c2986a9c4cd4b30a4a038791a4d64f - Path: Assets/Art/ChubbyAircraft/PorcelainRed_Comet4/Meshes/Part_07.asset' with importer (NativeFormatImporter)
Main Object Name 'PorcelainRed_Comet4_Part_07' does not match filename 'Part_07'
UnityEngine.Debug:ExtractStackTraceNoAlloc (byte*,int,string)
UnityEngine.StackTraceUtility:ExtractStackTrace () (at /Users/bokken/build/output/unity/unity/Runtime/Export/Scripting/StackTrace.cs:23)
ChubbyAircraftDelivery:SaveAndValidatePrefab (UnityEngine.GameObject,string,System.Text.StringBuilder) (at Assets/Editor/ChubbyAircraftDelivery.cs:250)
ChubbyAircraftDelivery:Run () (at Assets/Editor/ChubbyAircraftDelivery.cs:104)
ChubbyAircraftFinalCheck:Run () (at Assets/Editor/ChubbyAircraftFinalCheck.cs:5)

[Assets/Editor/ChubbyAircraftDelivery.cs line 104]

Imported 'GUID: 11c2986a9c4cd4b30a4a038791a4d64f' -> (Import Result ID: 'bf2cb3be0e9884e8d59f9ab38f568bdf') in 0.000 seconds [static dependencies only]. Details - ImportResultOutputID=98785547e8521e123dc8cfbd6ae1d712 DependenciesID=b859a1a05ac3b536f2d803bc3682adc3 StaticDependenciesID=40d4ce58d7790040572ee8108dd09d8f 
Importing 'GUID: d23e2c67ec7b9458582d81b45f49758f - Path: Assets/Art/ChubbyAircraft/PorcelainRed_Comet4/Meshes/Part_08.asset' with importer (NativeFormatImporter)
Main Object Name 'PorcelainRed_Comet4_Part_08' does not match filename 'Part_08'
UnityEngine.Debug:ExtractStackTraceNoAlloc (byte*,int,string)
UnityEngine.StackTraceUtility:ExtractStackTrace () (at /Users/bokken/build/output/unity/unity/Runtime/Export/Scripting/StackTrace.cs:23)
ChubbyAircraftDelivery:SaveAndValidatePrefab (UnityEngine.GameObject,string,System.Text.StringBuilder) (at Assets/Editor/ChubbyAircraftDelivery.cs:250)
ChubbyAircraftDelivery:Run () (at Assets/Editor/ChubbyAircraftDelivery.cs:104)
ChubbyAircraftFinalCheck:Run () (at Assets/Editor/ChubbyAircraftFinalCheck.cs:5)

[Assets/Editor/ChubbyAircraftDelivery.cs line 104]

Imported 'GUID: d23e2c67ec7b9458582d81b45f49758f' -> (Import Result ID: '867aa7b5d5f995312e8a6f9284dc12d0') in 0.000 seconds [static dependencies only]. Details - ImportResultOutputID=db0fbf24dc8b8f656c25d14fe7f68880 DependenciesID=1f1beb21906383f9d11ebbd4be1fd885 StaticDependenciesID=639ee175968f85b6cb02d53b32f50433 
Importing 'GUID: 230c7a80f8dac4b1897bd09382600dd8 - Path: Assets/Art/ChubbyAircraft/PorcelainRed_Comet4/Meshes/Part_14.asset' with importer (NativeFormatImporter)
Main Object Name 'PorcelainRed_Comet4_Part_14' does not match filename 'Part_14'
UnityEngine.Debug:ExtractStackTraceNoAlloc (byte*,int,string)
UnityEngine.StackTraceUtility:ExtractStackTrace () (at /Users/bokken/build/output/unity/unity/Runtime/Export/Scripting/StackTrace.cs:23)
ChubbyAircraftDelivery:SaveAndValidatePrefab (UnityEngine.GameObject,string,System.Text.StringBuilder) (at Assets/Editor/ChubbyAircraftDelivery.cs:250)
ChubbyAircraftDelivery:Run () (at Assets/Editor/ChubbyAircraftDelivery.cs:104)
ChubbyAircraftFinalCheck:Run () (at Assets/Editor/ChubbyAircraftFinalCheck.cs:5)

[Assets/Editor/ChubbyAircraftDelivery.cs line 104]

Imported 'GUID: 230c7a80f8dac4b1897bd09382600dd8' -> (Import Result ID: '472ff5aa0b8238e1e33c25ef5df0957b') in 0.000 seconds [static dependencies only]. Details - ImportResultOutputID=cce3f648dcf2036f998d5e03a30dfe39 DependenciesID=b3a6e698046d15d5249ab5a0f8eae1dc StaticDependenciesID=8bea14c46c6bb4b4ec970c097b93b975 
Importing 'GUID: 44f27cb4b7ad5491bbca8763f84a394f - Path: Assets/Art/ChubbyAircraft/PorcelainRed_Comet4/Meshes/Part_04.asset' with importer (NativeFormatImporter)
Main Object Name 'PorcelainRed_Comet4_Part_04' does not match filename 'Part_04'
UnityEngine.Debug:ExtractStackTraceNoAlloc (byte*,int,string)
UnityEngine.StackTraceUtility:ExtractStackTrace () (at /Users/bokken/build/output/unity/unity/Runtime/Export/Scripting/StackTrace.cs:23)
ChubbyAircraftDelivery:SaveAndValidatePrefab (UnityEngine.GameObject,string,System.Text.StringBuilder) (at Assets/Editor/ChubbyAircraftDelivery.cs:250)
ChubbyAircraftDelivery:Run () (at Assets/Editor/ChubbyAircraftDelivery.cs:104)
ChubbyAircraftFinalCheck:Run () (at Assets/Editor/ChubbyAircraftFinalCheck.cs:5)

[Assets/Editor/ChubbyAircraftDelivery.cs line 104]

Imported 'GUID: 44f27cb4b7ad5491bbca8763f84a394f' -> (Import Result ID: '9f7225714ad85acecc8816b295ca8483') in 0.000 seconds [static dependencies only]. Details - ImportResultOutputID=904014daaf819b4ae90cdb27a253c2ec DependenciesID=05442b6a9dedc99a5c366e114dac63ef StaticDependenciesID=740adf1625d7d50d9b9412118317ef05 
Importing 'GUID: 956acce0ae7e143389acf285f1cc43cf - Path: Assets/Art/ChubbyAircraft/PorcelainRed_Comet4/Meshes/Part_06.asset' with importer (NativeFormatImporter)
Main Object Name 'PorcelainRed_Comet4_Part_06' does not match filename 'Part_06'
UnityEngine.Debug:ExtractStackTraceNoAlloc (byte*,int,string)
UnityEngine.StackTraceUtility:ExtractStackTrace () (at /Users/bokken/build/output/unity/unity/Runtime/Export/Scripting/StackTrace.cs:23)
ChubbyAircraftDelivery:SaveAndValidatePrefab (UnityEngine.GameObject,string,System.Text.StringBuilder) (at Assets/Editor/ChubbyAircraftDelivery.cs:250)
ChubbyAircraftDelivery:Run () (at Assets/Editor/ChubbyAircraftDelivery.cs:104)
ChubbyAircraftFinalCheck:Run () (at Assets/Editor/ChubbyAircraftFinalCheck.cs:5)

[Assets/Editor/ChubbyAircraftDelivery.cs line 104]

Imported 'GUID: 956acce0ae7e143389acf285f1cc43cf' -> (Import Result ID: '4cf07ee73b774460cf21164749ac1de1') in 0.000 seconds [static dependencies only]. Details - ImportResultOutputID=acb01e10c25dfb804e6def3c62d0d1c3 DependenciesID=facc7ede60a38e842d1a2f7da04f863e StaticDependenciesID=998f954670e1df231677db2fbd850d4d 
Importing 'GUID: c57ad48686f124fe9864d807a830eae2 - Path: Assets/Art/ChubbyAircraft/PorcelainRed_Comet4/Meshes/Part_00.asset' with importer (NativeFormatImporter)
Main Object Name 'PorcelainRed_Comet4_Part_00' does not match filename 'Part_00'
UnityEngine.Debug:ExtractStackTraceNoAlloc (byte*,int,string)
UnityEngine.StackTraceUtility:ExtractStackTrace () (at /Users/bokken/build/output/unity/unity/Runtime/Export/Scripting/StackTrace.cs:23)
ChubbyAircraftDelivery:SaveAndValidatePrefab (UnityEngine.GameObject,string,System.Text.StringBuilder) (at Assets/Editor/ChubbyAircraftDelivery.cs:250)
ChubbyAircraftDelivery:Run () (at Assets/Editor/ChubbyAircraftDelivery.cs:104)
ChubbyAircraftFinalCheck:Run () (at Assets/Editor/ChubbyAircraftFinalCheck.cs:5)

[Assets/Editor/ChubbyAircraftDelivery.cs line 104]

Imported 'GUID: c57ad48686f124fe9864d807a830eae2' -> (Import Result ID: '9821c7afdef407c4b630b8f1ad5c765e') in 0.001 seconds [static dependencies only]. Details - ImportResultOutputID=06dd4718e164a576d2c988b531fa54d2 DependenciesID=cfaee46e3eddd4f295184dda68573123 StaticDependenciesID=e9764b34fc0d9e4b20679f34cc72ecf9 
Importing 'GUID: d66aae965f4804f8c8c062de7aa9154f - Path: Assets/Art/ChubbyAircraft/PorcelainRed_Comet4/Meshes/Part_16.asset' with importer (NativeFormatImporter)
Main Object Name 'PorcelainRed_Comet4_Part_16' does not match filename 'Part_16'
UnityEngine.Debug:ExtractStackTraceNoAlloc (byte*,int,string)
UnityEngine.StackTraceUtility:ExtractStackTrace () (at /Users/bokken/build/output/unity/unity/Runtime/Export/Scripting/StackTrace.cs:23)
ChubbyAircraftDelivery:SaveAndValidatePrefab (UnityEngine.GameObject,string,System.Text.StringBuilder) (at Assets/Editor/ChubbyAircraftDelivery.cs:250)
ChubbyAircraftDelivery:Run () (at Assets/Editor/ChubbyAircraftDelivery.cs:104)
ChubbyAircraftFinalCheck:Run () (at Assets/Editor/ChubbyAircraftFinalCheck.cs:5)

[Assets/Editor/ChubbyAircraftDelivery.cs line 104]

Imported 'GUID: d66aae965f4804f8c8c062de7aa9154f' -> (Import Result ID: '33f0e7893e42b5624d7b6224f3a764ea') in 0.001 seconds [static dependencies only]. Details - ImportResultOutputID=ff839184cf67b7e2c1cc6674550d82a4 DependenciesID=515f39337de5dcf836391489966fc156 StaticDependenciesID=503bf83ecb4e055ea0baeefa63c0f376 
Importing 'GUID: d73c512b996004706a47c83ee583cd1e - Path: Assets/Art/ChubbyAircraft/PorcelainRed_Comet4/Meshes/Part_10.asset' with importer (NativeFormatImporter)
Main Object Name 'PorcelainRed_Comet4_Part_10' does not match filename 'Part_10'
UnityEngine.Debug:ExtractStackTraceNoAlloc (byte*,int,string)
UnityEngine.StackTraceUtility:ExtractStackTrace () (at /Users/bokken/build/output/unity/unity/Runtime/Export/Scripting/StackTrace.cs:23)
ChubbyAircraftDelivery:SaveAndValidatePrefab (UnityEngine.GameObject,string,System.Text.StringBuilder) (at Assets/Editor/ChubbyAircraftDelivery.cs:250)
ChubbyAircraftDelivery:Run () (at Assets/Editor/ChubbyAircraftDelivery.cs:104)
ChubbyAircraftFinalCheck:Run () (at Assets/Editor/ChubbyAircraftFinalCheck.cs:5)

[Assets/Editor/ChubbyAircraftDelivery.cs line 104]

Imported 'GUID: d73c512b996004706a47c83ee583cd1e' -> (Import Result ID: 'a09a7d6d05e85357c6c25438cc837893') in 0.000 seconds [static dependencies only]. Details - ImportResultOutputID=779c29598859c12032711c316c78c76c DependenciesID=3d3e8676fdbf444eaf8c1106b4be2b65 StaticDependenciesID=b57f095be49a19dad21e1551b79aa3ba 
Importing 'GUID: 98f586b5bcdad4a3b86254fc5bae2f8f - Path: Assets/Art/ChubbyAircraft/PorcelainRed_Comet4/Meshes/Part_09.asset' with importer (NativeFormatImporter)
Main Object Name 'PorcelainRed_Comet4_Part_09' does not match filename 'Part_09'
UnityEngine.Debug:ExtractStackTraceNoAlloc (byte*,int,string)
UnityEngine.StackTraceUtility:ExtractStackTrace () (at /Users/bokken/build/output/unity/unity/Runtime/Export/Scripting/StackTrace.cs:23)
ChubbyAircraftDelivery:SaveAndValidatePrefab (UnityEngine.GameObject,string,System.Text.StringBuilder) (at Assets/Editor/ChubbyAircraftDelivery.cs:250)
ChubbyAircraftDelivery:Run () (at Assets/Editor/ChubbyAircraftDelivery.cs:104)
ChubbyAircraftFinalCheck:Run () (at Assets/Editor/ChubbyAircraftFinalCheck.cs:5)

[Assets/Editor/ChubbyAircraftDelivery.cs line 104]

Imported 'GUID: 98f586b5bcdad4a3b86254fc5bae2f8f' -> (Import Result ID: '0c6e7f59c1622d2a78bb0d94a2533bd1') in 0.000 seconds [static dependencies only]. Details - ImportResultOutputID=5ae94ef34abd8242885a5f293812c55f DependenciesID=4e2ad1271f1b513c9ce3588b29e143fd StaticDependenciesID=ba24df6f4f19efdededb1284f0043ca0 
Importing 'GUID: 98d8bcaf97f7d47598f4a7fb6135e8ef - Path: Assets/Art/ChubbyAircraft/PorcelainRed_Comet4/Meshes/Part_05.asset' with importer (NativeFormatImporter)
Main Object Name 'PorcelainRed_Comet4_Part_05' does not match filename 'Part_05'
UnityEngine.Debug:ExtractStackTraceNoAlloc (byte*,int,string)
UnityEngine.StackTraceUtility:ExtractStackTrace () (at /Users/bokken/build/output/unity/unity/Runtime/Export/Scripting/StackTrace.cs:23)
ChubbyAircraftDelivery:SaveAndValidatePrefab (UnityEngine.GameObject,string,System.Text.StringBuilder) (at Assets/Editor/ChubbyAircraftDelivery.cs:250)
ChubbyAircraftDelivery:Run () (at Assets/Editor/ChubbyAircraftDelivery.cs:104)
ChubbyAircraftFinalCheck:Run () (at Assets/Editor/ChubbyAircraftFinalCheck.cs:5)

[Assets/Editor/ChubbyAircraftDelivery.cs line 104]

Imported 'GUID: 98d8bcaf97f7d47598f4a7fb6135e8ef' -> (Import Result ID: 'aab8ae2e7b1afa034564ad46f7f92eab') in 0.000 seconds [static dependencies only]. Details - ImportResultOutputID=748f8b43568c7466cc1501528b653d60 DependenciesID=82e11391cad88584e05123e467263613 StaticDependenciesID=854a0b8862c4488ed5919c733c2cf581 
Importing 'GUID: 99e09c7cf5cae431b9d814a9da0d8d0c - Path: Assets/Art/ChubbyAircraft/PorcelainRed_Comet4/Meshes/Part_03.asset' with importer (NativeFormatImporter)
Main Object Name 'PorcelainRed_Comet4_Part_03' does not match filename 'Part_03'
UnityEngine.Debug:ExtractStackTraceNoAlloc (byte*,int,string)
UnityEngine.StackTraceUtility:ExtractStackTrace () (at /Users/bokken/build/output/unity/unity/Runtime/Export/Scripting/StackTrace.cs:23)
ChubbyAircraftDelivery:SaveAndValidatePrefab (UnityEngine.GameObject,string,System.Text.StringBuilder) (at Assets/Editor/ChubbyAircraftDelivery.cs:250)
ChubbyAircraftDelivery:Run () (at Assets/Editor/ChubbyAircraftDelivery.cs:104)
ChubbyAircraftFinalCheck:Run () (at Assets/Editor/ChubbyAircraftFinalCheck.cs:5)

[Assets/Editor/ChubbyAircraftDelivery.cs line 104]

Imported 'GUID: 99e09c7cf5cae431b9d814a9da0d8d0c' -> (Import Result ID: 'b73c65f93f42f953a150ea04668a774d') in 0.001 seconds [static dependencies only]. Details - ImportResultOutputID=e8189c59289c07a83230e5e9ca59f284 DependenciesID=a2424a570d677d131de519a54f8d0ed2 StaticDependenciesID=1c0f69ffcd87e01da7332958a083eb1c 
Importing 'GUID: 5a61cc781a7d443c8931d55db45972ae - Path: Assets/Art/ChubbyAircraft/PorcelainRed_Comet4/Meshes/Part_15.asset' with importer (NativeFormatImporter)
Main Object Name 'PorcelainRed_Comet4_Part_15' does not match filename 'Part_15'
UnityEngine.Debug:ExtractStackTraceNoAlloc (byte*,int,string)
UnityEngine.StackTraceUtility:ExtractStackTrace () (at /Users/bokken/build/output/unity/unity/Runtime/Export/Scripting/StackTrace.cs:23)
ChubbyAircraftDelivery:SaveAndValidatePrefab (UnityEngine.GameObject,string,System.Text.StringBuilder) (at Assets/Editor/ChubbyAircraftDelivery.cs:250)
ChubbyAircraftDelivery:Run () (at Assets/Editor/ChubbyAircraftDelivery.cs:104)
ChubbyAircraftFinalCheck:Run () (at Assets/Editor/ChubbyAircraftFinalCheck.cs:5)

[Assets/Editor/ChubbyAircraftDelivery.cs line 104]

Imported 'GUID: 5a61cc781a7d443c8931d55db45972ae' -> (Import Result ID: '4831bb5fdb4de94ed8990185deda7169') in 0.000 seconds [static dependencies only]. Details - ImportResultOutputID=9602665624dd657aa948bf4bbeaf4aea DependenciesID=9f37ab778dacd8111904238bcdcc8be4 StaticDependenciesID=a0a97488c6602662e3e60b557f9087ac 
Importing 'GUID: 8aefccec2d99c449b928cf6c8b847ab8 - Path: Assets/Art/ChubbyAircraft/PorcelainRed_Comet4/Meshes/Part_02.asset' with importer (NativeFormatImporter)
Main Object Name 'PorcelainRed_Comet4_Part_02' does not match filename 'Part_02'
UnityEngine.Debug:ExtractStackTraceNoAlloc (byte*,int,string)
UnityEngine.StackTraceUtility:ExtractStackTrace () (at /Users/bokken/build/output/unity/unity/Runtime/Export/Scripting/StackTrace.cs:23)
ChubbyAircraftDelivery:SaveAndValidatePrefab (UnityEngine.GameObject,string,System.Text.StringBuilder) (at Assets/Editor/ChubbyAircraftDelivery.cs:250)
ChubbyAircraftDelivery:Run () (at Assets/Editor/ChubbyAircraftDelivery.cs:104)
ChubbyAircraftFinalCheck:Run () (at Assets/Editor/ChubbyAircraftFinalCheck.cs:5)

[Assets/Editor/ChubbyAircraftDelivery.cs line 104]

Imported 'GUID: 8aefccec2d99c449b928cf6c8b847ab8' -> (Import Result ID: '7272e3a7fd0cc85ff38dab9f00273a98') in 0.001 seconds [static dependencies only]. Details - ImportResultOutputID=3ed181fdf6919b81779d65b7aa010e35 DependenciesID=fcdc62570f642faaf06c7e1cbd012c51 StaticDependenciesID=ac7ce3b73cc474043f8e097cbb0b1113 
Importing 'GUID: 8c630bf10c8914ff0a33873bb83accfa - Path: Assets/Art/ChubbyAircraft/PorcelainRed_Comet4/Meshes/Part_11.asset' with importer (NativeFormatImporter)
Main Object Name 'PorcelainRed_Comet4_Part_11' does not match filename 'Part_11'
UnityEngine.Debug:ExtractStackTraceNoAlloc (byte*,int,string)
UnityEngine.StackTraceUtility:ExtractStackTrace () (at /Users/bokken/build/output/unity/unity/Runtime/Export/Scripting/StackTrace.cs:23)
ChubbyAircraftDelivery:SaveAndValidatePrefab (UnityEngine.GameObject,string,System.Text.StringBuilder) (at Assets/Editor/ChubbyAircraftDelivery.cs:250)
ChubbyAircraftDelivery:Run () (at Assets/Editor/ChubbyAircraftDelivery.cs:104)
ChubbyAircraftFinalCheck:Run () (at Assets/Editor/ChubbyAircraftFinalCheck.cs:5)

[Assets/Editor/ChubbyAircraftDelivery.cs line 104]

Imported 'GUID: 8c630bf10c8914ff0a33873bb83accfa' -> (Import Result ID: '48ca64b2026c750913c03036ea5c1347') in 0.000 seconds [static dependencies only]. Details - ImportResultOutputID=0edc60195f23ada4767e98998f145be5 DependenciesID=a6a46394bcd53d294b5119305f56e35c StaticDependenciesID=de509fa254a17b0fd19b32fdb70f4cf2 
Importing 'GUID: dcf190560ca7445b683231719952993a - Path: Assets/Art/ChubbyAircraft/PorcelainRed_Comet4/Meshes/Part_12.asset' with importer (NativeFormatImporter)
Main Object Name 'PorcelainRed_Comet4_Part_12' does not match filename 'Part_12'
UnityEngine.Debug:ExtractStackTraceNoAlloc (byte*,int,string)
UnityEngine.StackTraceUtility:ExtractStackTrace () (at /Users/bokken/build/output/unity/unity/Runtime/Export/Scripting/StackTrace.cs:23)
ChubbyAircraftDelivery:SaveAndValidatePrefab (UnityEngine.GameObject,string,System.Text.StringBuilder) (at Assets/Editor/ChubbyAircraftDelivery.cs:250)
ChubbyAircraftDelivery:Run () (at Assets/Editor/ChubbyAircraftDelivery.cs:104)
ChubbyAircraftFinalCheck:Run () (at Assets/Editor/ChubbyAircraftFinalCheck.cs:5)

[Assets/Editor/ChubbyAircraftDelivery.cs line 104]

Imported 'GUID: dcf190560ca7445b683231719952993a' -> (Import Result ID: 'e2ace11b22c620a629fe8b2335fe54db') in 0.000 seconds [static dependencies only]. Details - ImportResultOutputID=89beaef24e216bba9c16e564ddb499a1 DependenciesID=82beef1e2fbf7df36143c2a8b3834f1b StaticDependenciesID=88d2d6c1307055191ae684517b10ddca 
Asset Pipeline Refresh (id=94b3b639f37504114a676630ad3122e2): Total: 0.026 seconds - Initiated by StopAssetImportingV2(NoUpdateAssetOptions)
Importing 'GUID: b8548a6f210a84d9296967d2dd5a0963 - Path: Assets/Art/ChubbyAircraft/PorcelainRed_Comet4/PorcelainRed_Comet4.prefab' with importer (PrefabImporter)
Imported 'GUID: b8548a6f210a84d9296967d2dd5a0963' -> (Import Result ID: '66f7bd9466cae6918ac92ac7178f9dfb') in 0.001 seconds [static dependencies only]. Details - ImportResultOutputID=a3b395b9e0297049b0137f16406d4b45 DependenciesID=45c8f05da20ce8dfa81063f99cd5ad7a StaticDependenciesID=451aa3293a2a6db009b78991dffaf392 
Asset Pipeline Refresh (id=70d1bb8e529404e6397d500db22d1882): Total: 0.005 seconds - Initiated by StopAssetImportingV2(NoUpdateAssetOptions)
Loaded scene 'Library/Unused/0bacaf3f93a0e4e84bbd8ffceae47863'
	Deserialize:            0.251 ms
	Integration:            0.086 ms
	Integration of assets:  0.001 ms
	Thread Wait Time:       0.003 ms
	Total Operation Time:   0.341 ms
Asset Pipeline Refresh (id=7b1d8a5caac3b4dd9b5cd01f524c0117): Total: 0.002 seconds - Initiated by StopAssetImportingV2(NoUpdateAssetOptions)
Importing 'GUID: 20fa7990508f04b72b28e0709bde9dab - Path: Assets/Art/ChubbyAircraft/JadeIvory_B737_800/Materials/Part_08.mat' with importer (NativeFormatImporter)
Main Object Name 'JadeIvory_B737_800_Part_08' does not match filename 'Part_08'
UnityEngine.Debug:ExtractStackTraceNoAlloc (byte*,int,string)
UnityEngine.StackTraceUtility:ExtractStackTrace () (at /Users/bokken/build/output/unity/unity/Runtime/Export/Scripting/StackTrace.cs:23)
ChubbyAircraftDelivery:SaveAndValidatePrefab (UnityEngine.GameObject,string,System.Text.StringBuilder) (at Assets/Editor/ChubbyAircraftDelivery.cs:250)
ChubbyAircraftDelivery:Run () (at Assets/Editor/ChubbyAircraftDelivery.cs:104)
ChubbyAircraftFinalCheck:Run () (at Assets/Editor/ChubbyAircraftFinalCheck.cs:5)

[Assets/Editor/ChubbyAircraftDelivery.cs line 104]

Imported 'GUID: 20fa7990508f04b72b28e0709bde9dab' -> (Import Result ID: '8a637dc416229027f2bdd0187f484bb3') in 0.001 seconds [static dependencies only]. Details - ImportResultOutputID=d1cab206400282014661fffd5f2198e8 DependenciesID=45d71a498262c20494717b6f184a1034 StaticDependenciesID=5bfd894cb051664981123c27a42110d7 
Importing 'GUID: 70f2179128fe844878b2c5fc62fe862f - Path: Assets/Art/ChubbyAircraft/JadeIvory_B737_800/Materials/Part_16.mat' with importer (NativeFormatImporter)
Main Object Name 'JadeIvory_B737_800_Part_16' does not match filename 'Part_16'
UnityEngine.Debug:ExtractStackTraceNoAlloc (byte*,int,string)
UnityEngine.StackTraceUtility:ExtractStackTrace () (at /Users/bokken/build/output/unity/unity/Runtime/Export/Scripting/StackTrace.cs:23)
ChubbyAircraftDelivery:SaveAndValidatePrefab (UnityEngine.GameObject,string,System.Text.StringBuilder) (at Assets/Editor/ChubbyAircraftDelivery.cs:250)
ChubbyAircraftDelivery:Run () (at Assets/Editor/ChubbyAircraftDelivery.cs:104)
ChubbyAircraftFinalCheck:Run () (at Assets/Editor/ChubbyAircraftFinalCheck.cs:5)

[Assets/Editor/ChubbyAircraftDelivery.cs line 104]

Imported 'GUID: 70f2179128fe844878b2c5fc62fe862f' -> (Import Result ID: 'be51304586e2571a3dc4c0696d4023c9') in 0.000 seconds [static dependencies only]. Details - ImportResultOutputID=41ae038207a985218ab060ce3ca7728f DependenciesID=aec10714e1cd74a9cdb60808cd7ee905 StaticDependenciesID=df07e2945a5832e0b8ab20fe7d2105a4 
Importing 'GUID: b19a04eddd4c346879b08e6d81a5f48f - Path: Assets/Art/ChubbyAircraft/JadeIvory_B737_800/Materials/Part_10.mat' with importer (NativeFormatImporter)
Main Object Name 'JadeIvory_B737_800_Part_10' does not match filename 'Part_10'
UnityEngine.Debug:ExtractStackTraceNoAlloc (byte*,int,string)
UnityEngine.StackTraceUtility:ExtractStackTrace () (at /Users/bokken/build/output/unity/unity/Runtime/Export/Scripting/StackTrace.cs:23)
ChubbyAircraftDelivery:SaveAndValidatePrefab (UnityEngine.GameObject,string,System.Text.StringBuilder) (at Assets/Editor/ChubbyAircraftDelivery.cs:250)
ChubbyAircraftDelivery:Run () (at Assets/Editor/ChubbyAircraftDelivery.cs:104)
ChubbyAircraftFinalCheck:Run () (at Assets/Editor/ChubbyAircraftFinalCheck.cs:5)

[Assets/Editor/ChubbyAircraftDelivery.cs line 104]

Imported 'GUID: b19a04eddd4c346879b08e6d81a5f48f' -> (Import Result ID: 'f5eec516a0fc514607befa7d4fbda1ff') in 0.000 seconds [static dependencies only]. Details - ImportResultOutputID=87158cea87026f900d7b46b8a60acd93 DependenciesID=675adda61ddce30d0edf15877b89f2ef StaticDependenciesID=bcce088cf7f7b7ae62452f0d2a4f8af1 
Importing 'GUID: b2bf95f2cba84472eb1af60acb467d76 - Path: Assets/Art/ChubbyAircraft/JadeIvory_B737_800/Materials/Part_05.mat' with importer (NativeFormatImporter)
Main Object Name 'JadeIvory_B737_800_Part_05' does not match filename 'Part_05'
UnityEngine.Debug:ExtractStackTraceNoAlloc (byte*,int,string)
UnityEngine.StackTraceUtility:ExtractStackTrace () (at /Users/bokken/build/output/unity/unity/Runtime/Export/Scripting/StackTrace.cs:23)
ChubbyAircraftDelivery:SaveAndValidatePrefab (UnityEngine.GameObject,string,System.Text.StringBuilder) (at Assets/Editor/ChubbyAircraftDelivery.cs:250)
ChubbyAircraftDelivery:Run () (at Assets/Editor/ChubbyAircraftDelivery.cs:104)
ChubbyAircraftFinalCheck:Run () (at Assets/Editor/ChubbyAircraftFinalCheck.cs:5)

[Assets/Editor/ChubbyAircraftDelivery.cs line 104]

Imported 'GUID: b2bf95f2cba84472eb1af60acb467d76' -> (Import Result ID: 'd431ffefad9ae7ef26eee5845060cc9d') in 0.000 seconds [static dependencies only]. Details - ImportResultOutputID=62e46102c77c6bb5c353dca3e63db8d7 DependenciesID=70f24f9059579b09f8f4cb479066931f StaticDependenciesID=fd0d759d0e90fedcf9d546b90bd0a533 
Importing 'GUID: f4d2b1a86f3b543cba23d4efb5720467 - Path: Assets/Art/ChubbyAircraft/JadeIvory_B737_800/Materials/Part_09.mat' with importer (NativeFormatImporter)
Main Object Name 'JadeIvory_B737_800_Part_09' does not match filename 'Part_09'
UnityEngine.Debug:ExtractStackTraceNoAlloc (byte*,int,string)
UnityEngine.StackTraceUtility:ExtractStackTrace () (at /Users/bokken/build/output/unity/unity/Runtime/Export/Scripting/StackTrace.cs:23)
ChubbyAircraftDelivery:SaveAndValidatePrefab (UnityEngine.GameObject,string,System.Text.StringBuilder) (at Assets/Editor/ChubbyAircraftDelivery.cs:250)
ChubbyAircraftDelivery:Run () (at Assets/Editor/ChubbyAircraftDelivery.cs:104)
ChubbyAircraftFinalCheck:Run () (at Assets/Editor/ChubbyAircraftFinalCheck.cs:5)

[Assets/Editor/ChubbyAircraftDelivery.cs line 104]

Imported 'GUID: f4d2b1a86f3b543cba23d4efb5720467' -> (Import Result ID: '14f4a7dcd91e28f11201c62cfcc73ccf') in 0.000 seconds [static dependencies only]. Details - ImportResultOutputID=c88976e4eca709dbd6d1ea0dacb494d0 DependenciesID=febaabcae4c094b26b9d52fa7e6d9865 StaticDependenciesID=60d6a3ac266c0e64d810db6b144eea0f 
Importing 'GUID: 25505c8804e604c9b8822b07aed0d46d - Path: Assets/Art/ChubbyAircraft/JadeIvory_B737_800/Materials/Part_17.mat' with importer (NativeFormatImporter)
Main Object Name 'JadeIvory_B737_800_Part_17' does not match filename 'Part_17'
UnityEngine.Debug:ExtractStackTraceNoAlloc (byte*,int,string)
UnityEngine.StackTraceUtility:ExtractStackTrace () (at /Users/bokken/build/output/unity/unity/Runtime/Export/Scripting/StackTrace.cs:23)
ChubbyAircraftDelivery:SaveAndValidatePrefab (UnityEngine.GameObject,string,System.Text.StringBuilder) (at Assets/Editor/ChubbyAircraftDelivery.cs:250)
ChubbyAircraftDelivery:Run () (at Assets/Editor/ChubbyAircraftDelivery.cs:104)
ChubbyAircraftFinalCheck:Run () (at Assets/Editor/ChubbyAircraftFinalCheck.cs:5)

[Assets/Editor/ChubbyAircraftDelivery.cs line 104]

Imported 'GUID: 25505c8804e604c9b8822b07aed0d46d' -> (Import Result ID: '87486b3ebda428c0379f0a8b9ea01f51') in 0.000 seconds [static dependencies only]. Details - ImportResultOutputID=7460138a059968e9dcb2e03487d8f8a7 DependenciesID=8ee989ab66d66401cdae13ef94473741 StaticDependenciesID=a1388db7edf5385c708fa975d4a368c7 
Importing 'GUID: b767d993f54b648deac26d5d4d3a5ce9 - Path: Assets/Art/ChubbyAircraft/JadeIvory_B737_800/Materials/Part_03.mat' with importer (NativeFormatImporter)
Main Object Name 'JadeIvory_B737_800_Part_03' does not match filename 'Part_03'
UnityEngine.Debug:ExtractStackTraceNoAlloc (byte*,int,string)
UnityEngine.StackTraceUtility:ExtractStackTrace () (at /Users/bokken/build/output/unity/unity/Runtime/Export/Scripting/StackTrace.cs:23)
ChubbyAircraftDelivery:SaveAndValidatePrefab (UnityEngine.GameObject,string,System.Text.StringBuilder) (at Assets/Editor/ChubbyAircraftDelivery.cs:250)
ChubbyAircraftDelivery:Run () (at Assets/Editor/ChubbyAircraftDelivery.cs:104)
ChubbyAircraftFinalCheck:Run () (at Assets/Editor/ChubbyAircraftFinalCheck.cs:5)

[Assets/Editor/ChubbyAircraftDelivery.cs line 104]

Imported 'GUID: b767d993f54b648deac26d5d4d3a5ce9' -> (Import Result ID: 'd3725ac3a47af1445221762afd1a144c') in 0.000 seconds [static dependencies only]. Details - ImportResultOutputID=fc2a941c999489d8c36f4c323ab78cfc DependenciesID=fe91e3ef84e1a535928697a9a2af9719 StaticDependenciesID=8d9b4338bf825c6cd55477eba322149c 
Importing 'GUID: f75f2baeadd4d4c08a33848fd3470e2c - Path: Assets/Art/ChubbyAircraft/JadeIvory_B737_800/Materials/Part_00.mat' with importer (NativeFormatImporter)
Main Object Name 'JadeIvory_B737_800_Part_00' does not match filename 'Part_00'
UnityEngine.Debug:ExtractStackTraceNoAlloc (byte*,int,string)
UnityEngine.StackTraceUtility:ExtractStackTrace () (at /Users/bokken/build/output/unity/unity/Runtime/Export/Scripting/StackTrace.cs:23)
ChubbyAircraftDelivery:SaveAndValidatePrefab (UnityEngine.GameObject,string,System.Text.StringBuilder) (at Assets/Editor/ChubbyAircraftDelivery.cs:250)
ChubbyAircraftDelivery:Run () (at Assets/Editor/ChubbyAircraftDelivery.cs:104)
ChubbyAircraftFinalCheck:Run () (at Assets/Editor/ChubbyAircraftFinalCheck.cs:5)

[Assets/Editor/ChubbyAircraftDelivery.cs line 104]

Imported 'GUID: f75f2baeadd4d4c08a33848fd3470e2c' -> (Import Result ID: 'c18edee1f334418b558ff261768bffca') in 0.000 seconds [static dependencies only]. Details - ImportResultOutputID=8717dd1f7283c40ac1c94394db1c65df DependenciesID=f11c1f8f02c0a95e2f950405ae3975a2 StaticDependenciesID=b90a2863c74b854c514c0018576b5bd6 
Importing 'GUID: 486bd1eac3bc9493d9704e7a0fd85b7f - Path: Assets/Art/ChubbyAircraft/JadeIvory_B737_800/Materials/Part_11.mat' with importer (NativeFormatImporter)
Main Object Name 'JadeIvory_B737_800_Part_11' does not match filename 'Part_11'
UnityEngine.Debug:ExtractStackTraceNoAlloc (byte*,int,string)
UnityEngine.StackTraceUtility:ExtractStackTrace () (at /Users/bokken/build/output/unity/unity/Runtime/Export/Scripting/StackTrace.cs:23)
ChubbyAircraftDelivery:SaveAndValidatePrefab (UnityEngine.GameObject,string,System.Text.StringBuilder) (at Assets/Editor/ChubbyAircraftDelivery.cs:250)
ChubbyAircraftDelivery:Run () (at Assets/Editor/ChubbyAircraftDelivery.cs:104)
ChubbyAircraftFinalCheck:Run () (at Assets/Editor/ChubbyAircraftFinalCheck.cs:5)

[Assets/Editor/ChubbyAircraftDelivery.cs line 104]

Imported 'GUID: 486bd1eac3bc9493d9704e7a0fd85b7f' -> (Import Result ID: '1217459e18bdc6a7d8d9231d85299d07') in 0.000 seconds [static dependencies only]. Details - ImportResultOutputID=4e57e5bef55acbdf5661d02ab112d418 DependenciesID=fe3cfb5cb88e2151e8ba59e92c1df58a StaticDependenciesID=c9a291e81e04884ee3a137b2e1acbe78 
Importing 'GUID: a807f571481754a718a7b312edf7e098 - Path: Assets/Art/ChubbyAircraft/JadeIvory_B737_800/Materials/Part_04.mat' with importer (NativeFormatImporter)
Main Object Name 'JadeIvory_B737_800_Part_04' does not match filename 'Part_04'
UnityEngine.Debug:ExtractStackTraceNoAlloc (byte*,int,string)
UnityEngine.StackTraceUtility:ExtractStackTrace () (at /Users/bokken/build/output/unity/unity/Runtime/Export/Scripting/StackTrace.cs:23)
ChubbyAircraftDelivery:SaveAndValidatePrefab (UnityEngine.GameObject,string,System.Text.StringBuilder) (at Assets/Editor/ChubbyAircraftDelivery.cs:250)
ChubbyAircraftDelivery:Run () (at Assets/Editor/ChubbyAircraftDelivery.cs:104)
ChubbyAircraftFinalCheck:Run () (at Assets/Editor/ChubbyAircraftFinalCheck.cs:5)

[Assets/Editor/ChubbyAircraftDelivery.cs line 104]

Imported 'GUID: a807f571481754a718a7b312edf7e098' -> (Import Result ID: '4643c6ce4bd6dc5eea3d007eef18ed41') in 0.000 seconds [static dependencies only]. Details - ImportResultOutputID=513dd82b9e5dd10e30609676aeb7128e DependenciesID=08a5296e86782c606eca396a5ee2d364 StaticDependenciesID=d2f080ce1c81f16b6b70f2a2fed118c3 
Importing 'GUID: e8a433a5300664343932de82bb1e2c62 - Path: Assets/Art/ChubbyAircraft/JadeIvory_B737_800/Materials/Part_06.mat' with importer (NativeFormatImporter)
Main Object Name 'JadeIvory_B737_800_Part_06' does not match filename 'Part_06'
UnityEngine.Debug:ExtractStackTraceNoAlloc (byte*,int,string)
UnityEngine.StackTraceUtility:ExtractStackTrace () (at /Users/bokken/build/output/unity/unity/Runtime/Export/Scripting/StackTrace.cs:23)
ChubbyAircraftDelivery:SaveAndValidatePrefab (UnityEngine.GameObject,string,System.Text.StringBuilder) (at Assets/Editor/ChubbyAircraftDelivery.cs:250)
ChubbyAircraftDelivery:Run () (at Assets/Editor/ChubbyAircraftDelivery.cs:104)
ChubbyAircraftFinalCheck:Run () (at Assets/Editor/ChubbyAircraftFinalCheck.cs:5)

[Assets/Editor/ChubbyAircraftDelivery.cs line 104]

Imported 'GUID: e8a433a5300664343932de82bb1e2c62' -> (Import Result ID: 'ad04fa365f4f5435abe3120e0612c201') in 0.000 seconds [static dependencies only]. Details - ImportResultOutputID=5a0f14f2258510b357cb6cc9e2ea92b2 DependenciesID=f8a1be7a471bfd63ad330233192398d9 StaticDependenciesID=f724cbc60a0becfa3ffbf12cf8eda8f9 
Importing 'GUID: aab7b51c4a79e4ee996b38b4165ca5e2 - Path: Assets/Art/ChubbyAircraft/JadeIvory_B737_800/Materials/Part_02.mat' with importer (NativeFormatImporter)
Main Object Name 'JadeIvory_B737_800_Part_02' does not match filename 'Part_02'
UnityEngine.Debug:ExtractStackTraceNoAlloc (byte*,int,string)
UnityEngine.StackTraceUtility:ExtractStackTrace () (at /Users/bokken/build/output/unity/unity/Runtime/Export/Scripting/StackTrace.cs:23)
ChubbyAircraftDelivery:SaveAndValidatePrefab (UnityEngine.GameObject,string,System.Text.StringBuilder) (at Assets/Editor/ChubbyAircraftDelivery.cs:250)
ChubbyAircraftDelivery:Run () (at Assets/Editor/ChubbyAircraftDelivery.cs:104)
ChubbyAircraftFinalCheck:Run () (at Assets/Editor/ChubbyAircraftFinalCheck.cs:5)

[Assets/Editor/ChubbyAircraftDelivery.cs line 104]

Imported 'GUID: aab7b51c4a79e4ee996b38b4165ca5e2' -> (Import Result ID: '0ed7394e37ad700e13e084915fa3960d') in 0.000 seconds [static dependencies only]. Details - ImportResultOutputID=7dd83fe3d86f2b37d99efb5b7eaedb02 DependenciesID=b5a76b63bb17de3256ed2f6e465b19bc StaticDependenciesID=936fc1d344495a926dac86c72ab5b166 
Importing 'GUID: 0c9d19b0425cb4830aaa78897abd7e58 - Path: Assets/Art/ChubbyAircraft/JadeIvory_B737_800/Materials/Part_13.mat' with importer (NativeFormatImporter)
Main Object Name 'JadeIvory_B737_800_Part_13' does not match filename 'Part_13'
UnityEngine.Debug:ExtractStackTraceNoAlloc (byte*,int,string)
UnityEngine.StackTraceUtility:ExtractStackTrace () (at /Users/bokken/build/output/unity/unity/Runtime/Export/Scripting/StackTrace.cs:23)
ChubbyAircraftDelivery:SaveAndValidatePrefab (UnityEngine.GameObject,string,System.Text.StringBuilder) (at Assets/Editor/ChubbyAircraftDelivery.cs:250)
ChubbyAircraftDelivery:Run () (at Assets/Editor/ChubbyAircraftDelivery.cs:104)
ChubbyAircraftFinalCheck:Run () (at Assets/Editor/ChubbyAircraftFinalCheck.cs:5)

[Assets/Editor/ChubbyAircraftDelivery.cs line 104]

Imported 'GUID: 0c9d19b0425cb4830aaa78897abd7e58' -> (Import Result ID: '9103321cfc39da851d3fc8acbd7d1550') in 0.000 seconds [static dependencies only]. Details - ImportResultOutputID=2d84d2a8e07e541b50709bbe7170c28c DependenciesID=b4dc3b90a962eba57a61cb7114a32486 StaticDependenciesID=f1432d6f3e696987808b9bcdea5c3efd 
Importing 'GUID: ec321c8faf0e244c49e90f0d8e34cf5e - Path: Assets/Art/ChubbyAircraft/JadeIvory_B737_800/Materials/Part_07.mat' with importer (NativeFormatImporter)
Main Object Name 'JadeIvory_B737_800_Part_07' does not match filename 'Part_07'
UnityEngine.Debug:ExtractStackTraceNoAlloc (byte*,int,string)
UnityEngine.StackTraceUtility:ExtractStackTrace () (at /Users/bokken/build/output/unity/unity/Runtime/Export/Scripting/StackTrace.cs:23)
ChubbyAircraftDelivery:SaveAndValidatePrefab (UnityEngine.GameObject,string,System.Text.StringBuilder) (at Assets/Editor/ChubbyAircraftDelivery.cs:250)
ChubbyAircraftDelivery:Run () (at Assets/Editor/ChubbyAircraftDelivery.cs:104)
ChubbyAircraftFinalCheck:Run () (at Assets/Editor/ChubbyAircraftFinalCheck.cs:5)

[Assets/Editor/ChubbyAircraftDelivery.cs line 104]

Imported 'GUID: ec321c8faf0e244c49e90f0d8e34cf5e' -> (Import Result ID: 'e758267929c806af086212dec512a4bf') in 0.000 seconds [static dependencies only]. Details - ImportResultOutputID=958dc6822919b7ab98e97bde1d15b377 DependenciesID=9033eadc1539c3a7574097bfe575e619 StaticDependenciesID=14a6548f5e2b401cce39c1bd820cb8a2 
Importing 'GUID: 2d5a5c11ae3f741fa85197ea110990a7 - Path: Assets/Art/ChubbyAircraft/JadeIvory_B737_800/Materials/Part_15.mat' with importer (NativeFormatImporter)
Main Object Name 'JadeIvory_B737_800_Part_15' does not match filename 'Part_15'
UnityEngine.Debug:ExtractStackTraceNoAlloc (byte*,int,string)
UnityEngine.StackTraceUtility:ExtractStackTrace () (at /Users/bokken/build/output/unity/unity/Runtime/Export/Scripting/StackTrace.cs:23)
ChubbyAircraftDelivery:SaveAndValidatePrefab (UnityEngine.GameObject,string,System.Text.StringBuilder) (at Assets/Editor/ChubbyAircraftDelivery.cs:250)
ChubbyAircraftDelivery:Run () (at Assets/Editor/ChubbyAircraftDelivery.cs:104)
ChubbyAircraftFinalCheck:Run () (at Assets/Editor/ChubbyAircraftFinalCheck.cs:5)

[Assets/Editor/ChubbyAircraftDelivery.cs line 104]

Imported 'GUID: 2d5a5c11ae3f741fa85197ea110990a7' -> (Import Result ID: '9644f6d71e40291cfe30bf2a66552f8b') in 0.000 seconds [static dependencies only]. Details - ImportResultOutputID=4607a402f7438e177c0d4467002791e9 DependenciesID=33e97cf0cae8cd1e3f1a9b4750c0bc8c StaticDependenciesID=e5a1d42ec9b1d3937b252a1a7ee2eb1c 
Importing 'GUID: 2d1c160e4bb314f98aa89f220d1abcb6 - Path: Assets/Art/ChubbyAircraft/JadeIvory_B737_800/Materials/Part_01.mat' with importer (NativeFormatImporter)
Main Object Name 'JadeIvory_B737_800_Part_01' does not match filename 'Part_01'
UnityEngine.Debug:ExtractStackTraceNoAlloc (byte*,int,string)
UnityEngine.StackTraceUtility:ExtractStackTrace () (at /Users/bokken/build/output/unity/unity/Runtime/Export/Scripting/StackTrace.cs:23)
ChubbyAircraftDelivery:SaveAndValidatePrefab (UnityEngine.GameObject,string,System.Text.StringBuilder) (at Assets/Editor/ChubbyAircraftDelivery.cs:250)
ChubbyAircraftDelivery:Run () (at Assets/Editor/ChubbyAircraftDelivery.cs:104)
ChubbyAircraftFinalCheck:Run () (at Assets/Editor/ChubbyAircraftFinalCheck.cs:5)

[Assets/Editor/ChubbyAircraftDelivery.cs line 104]

Imported 'GUID: 2d1c160e4bb314f98aa89f220d1abcb6' -> (Import Result ID: '57e4da9a38d7d590172c327578aaa265') in 0.000 seconds [static dependencies only]. Details - ImportResultOutputID=5ec7de516cb3d7acd459c126ef2b5290 DependenciesID=dca25e698867a656d4102824e4509133 StaticDependenciesID=8efd5336d36debe3d7cc977fab6ac728 
Importing 'GUID: 3e3b2f2356c82467ab890ae3a62ba5d2 - Path: Assets/Art/ChubbyAircraft/JadeIvory_B737_800/Materials/Part_14.mat' with importer (NativeFormatImporter)
Main Object Name 'JadeIvory_B737_800_Part_14' does not match filename 'Part_14'
UnityEngine.Debug:ExtractStackTraceNoAlloc (byte*,int,string)
UnityEngine.StackTraceUtility:ExtractStackTrace () (at /Users/bokken/build/output/unity/unity/Runtime/Export/Scripting/StackTrace.cs:23)
ChubbyAircraftDelivery:SaveAndValidatePrefab (UnityEngine.GameObject,string,System.Text.StringBuilder) (at Assets/Editor/ChubbyAircraftDelivery.cs:250)
ChubbyAircraftDelivery:Run () (at Assets/Editor/ChubbyAircraftDelivery.cs:104)
ChubbyAircraftFinalCheck:Run () (at Assets/Editor/ChubbyAircraftFinalCheck.cs:5)

[Assets/Editor/ChubbyAircraftDelivery.cs line 104]

Imported 'GUID: 3e3b2f2356c82467ab890ae3a62ba5d2' -> (Import Result ID: 'afdc61cd81a86d13fcf9539f9ca71a8e') in 0.000 seconds [static dependencies only]. Details - ImportResultOutputID=3b9de1679874dc78967ca5fd8f9a1745 DependenciesID=a9511b52bff19ae5357382142960aaef StaticDependenciesID=2a3542657c0bc6c69278f7fdfafb4e50 
Importing 'GUID: 9e4ba0c09241849c8b9f5eb10307cbb0 - Path: Assets/Art/ChubbyAircraft/JadeIvory_B737_800/Materials/Part_12.mat' with importer (NativeFormatImporter)
Main Object Name 'JadeIvory_B737_800_Part_12' does not match filename 'Part_12'
UnityEngine.Debug:ExtractStackTraceNoAlloc (byte*,int,string)
UnityEngine.StackTraceUtility:ExtractStackTrace () (at /Users/bokken/build/output/unity/unity/Runtime/Export/Scripting/StackTrace.cs:23)
ChubbyAircraftDelivery:SaveAndValidatePrefab (UnityEngine.GameObject,string,System.Text.StringBuilder) (at Assets/Editor/ChubbyAircraftDelivery.cs:250)
ChubbyAircraftDelivery:Run () (at Assets/Editor/ChubbyAircraftDelivery.cs:104)
ChubbyAircraftFinalCheck:Run () (at Assets/Editor/ChubbyAircraftFinalCheck.cs:5)

[Assets/Editor/ChubbyAircraftDelivery.cs line 104]

Imported 'GUID: 9e4ba0c09241849c8b9f5eb10307cbb0' -> (Import Result ID: '8326fd0498c40d27fcab18fb46bd5f3c') in 0.000 seconds [static dependencies only]. Details - ImportResultOutputID=f14e12098ec0b531609abb11666eaa88 DependenciesID=9a2d4aaffe39db1a9e8dc7859d874c51 StaticDependenciesID=15951652b977ed962947d8c577c8cf41 
Importing 'GUID: 50bbe774d18f440f7a61e3ed0a20fa04 - Path: Assets/Art/ChubbyAircraft/JadeIvory_B737_800/Meshes/Part_16.asset' with importer (NativeFormatImporter)
Main Object Name 'JadeIvory_B737_800_Part_16' does not match filename 'Part_16'
UnityEngine.Debug:ExtractStackTraceNoAlloc (byte*,int,string)
UnityEngine.StackTraceUtility:ExtractStackTrace () (at /Users/bokken/build/output/unity/unity/Runtime/Export/Scripting/StackTrace.cs:23)
ChubbyAircraftDelivery:SaveAndValidatePrefab (UnityEngine.GameObject,string,System.Text.StringBuilder) (at Assets/Editor/ChubbyAircraftDelivery.cs:250)
ChubbyAircraftDelivery:Run () (at Assets/Editor/ChubbyAircraftDelivery.cs:104)
ChubbyAircraftFinalCheck:Run () (at Assets/Editor/ChubbyAircraftFinalCheck.cs:5)

[Assets/Editor/ChubbyAircraftDelivery.cs line 104]

Imported 'GUID: 50bbe774d18f440f7a61e3ed0a20fa04' -> (Import Result ID: '4dc7c9124428a6a3af15e0efa4cf8c57') in 0.000 seconds [static dependencies only]. Details - ImportResultOutputID=8f640926f5732c8fb1e13bf3fdd3dddb DependenciesID=1ccea42991aeaa0cac5db4e705ad2b4d StaticDependenciesID=6a3b589a5029c50d0bec088f7c8698f1 
Importing 'GUID: 212e229517c144e9f81f487e4f355c36 - Path: Assets/Art/ChubbyAircraft/JadeIvory_B737_800/Meshes/Part_17.asset' with importer (NativeFormatImporter)
Main Object Name 'JadeIvory_B737_800_Part_17' does not match filename 'Part_17'
UnityEngine.Debug:ExtractStackTraceNoAlloc (byte*,int,string)
UnityEngine.StackTraceUtility:ExtractStackTrace () (at /Users/bokken/build/output/unity/unity/Runtime/Export/Scripting/StackTrace.cs:23)
ChubbyAircraftDelivery:SaveAndValidatePrefab (UnityEngine.GameObject,string,System.Text.StringBuilder) (at Assets/Editor/ChubbyAircraftDelivery.cs:250)
ChubbyAircraftDelivery:Run () (at Assets/Editor/ChubbyAircraftDelivery.cs:104)
ChubbyAircraftFinalCheck:Run () (at Assets/Editor/ChubbyAircraftFinalCheck.cs:5)

[Assets/Editor/ChubbyAircraftDelivery.cs line 104]

Imported 'GUID: 212e229517c144e9f81f487e4f355c36' -> (Import Result ID: '6a187ef690249fd4d8285236dab11d95') in 0.001 seconds [static dependencies only]. Details - ImportResultOutputID=bf505462dc5734ab23eff0d5494dcbe0 DependenciesID=ee04c78ea47ab67b6f4e17aea09ef61a StaticDependenciesID=69037d9e48da574360d83127c9b45759 
Importing 'GUID: 83bf34e1decae40f4b5492884b1270c7 - Path: Assets/Art/ChubbyAircraft/JadeIvory_B737_800/Meshes/Part_13.asset' with importer (NativeFormatImporter)
Main Object Name 'JadeIvory_B737_800_Part_13' does not match filename 'Part_13'
UnityEngine.Debug:ExtractStackTraceNoAlloc (byte*,int,string)
UnityEngine.StackTraceUtility:ExtractStackTrace () (at /Users/bokken/build/output/unity/unity/Runtime/Export/Scripting/StackTrace.cs:23)
ChubbyAircraftDelivery:SaveAndValidatePrefab (UnityEngine.GameObject,string,System.Text.StringBuilder) (at Assets/Editor/ChubbyAircraftDelivery.cs:250)
ChubbyAircraftDelivery:Run () (at Assets/Editor/ChubbyAircraftDelivery.cs:104)
ChubbyAircraftFinalCheck:Run () (at Assets/Editor/ChubbyAircraftFinalCheck.cs:5)

[Assets/Editor/ChubbyAircraftDelivery.cs line 104]

Imported 'GUID: 83bf34e1decae40f4b5492884b1270c7' -> (Import Result ID: 'd3e91894c4acf0b49d04d45077eec6e8') in 0.000 seconds [static dependencies only]. Details - ImportResultOutputID=c859d603c3f8d35f162fa4f24dfb817a DependenciesID=deaf659e56fe194a719739d9b950f2db StaticDependenciesID=43b965e020d2d92d1e3bc719839caad0 
Importing 'GUID: 348e07830251241189c405d3d489fbf8 - Path: Assets/Art/ChubbyAircraft/JadeIvory_B737_800/Meshes/Part_12.asset' with importer (NativeFormatImporter)
Main Object Name 'JadeIvory_B737_800_Part_12' does not match filename 'Part_12'
UnityEngine.Debug:ExtractStackTraceNoAlloc (byte*,int,string)
UnityEngine.StackTraceUtility:ExtractStackTrace () (at /Users/bokken/build/output/unity/unity/Runtime/Export/Scripting/StackTrace.cs:23)
ChubbyAircraftDelivery:SaveAndValidatePrefab (UnityEngine.GameObject,string,System.Text.StringBuilder) (at Assets/Editor/ChubbyAircraftDelivery.cs:250)
ChubbyAircraftDelivery:Run () (at Assets/Editor/ChubbyAircraftDelivery.cs:104)
ChubbyAircraftFinalCheck:Run () (at Assets/Editor/ChubbyAircraftFinalCheck.cs:5)

[Assets/Editor/ChubbyAircraftDelivery.cs line 104]

Imported 'GUID: 348e07830251241189c405d3d489fbf8' -> (Import Result ID: 'ac5e7239f9862d328b712053c47bc753') in 0.000 seconds [static dependencies only]. Details - ImportResultOutputID=a428539cbf5235aa02f3e36e279cf613 DependenciesID=11934911f33ec1702036fab859b85256 StaticDependenciesID=1d2f174e0690e2637421bd7afb529a4c 
Importing 'GUID: b46562a3a6b5b48889b46cf352cf4672 - Path: Assets/Art/ChubbyAircraft/JadeIvory_B737_800/Meshes/Part_06.asset' with importer (NativeFormatImporter)
Main Object Name 'JadeIvory_B737_800_Part_06' does not match filename 'Part_06'
UnityEngine.Debug:ExtractStackTraceNoAlloc (byte*,int,string)
UnityEngine.StackTraceUtility:ExtractStackTrace () (at /Users/bokken/build/output/unity/unity/Runtime/Export/Scripting/StackTrace.cs:23)
ChubbyAircraftDelivery:SaveAndValidatePrefab (UnityEngine.GameObject,string,System.Text.StringBuilder) (at Assets/Editor/ChubbyAircraftDelivery.cs:250)
ChubbyAircraftDelivery:Run () (at Assets/Editor/ChubbyAircraftDelivery.cs:104)
ChubbyAircraftFinalCheck:Run () (at Assets/Editor/ChubbyAircraftFinalCheck.cs:5)

[Assets/Editor/ChubbyAircraftDelivery.cs line 104]

Imported 'GUID: b46562a3a6b5b48889b46cf352cf4672' -> (Import Result ID: '0d6511682957273ba715c5a5181db3fd') in 0.000 seconds [static dependencies only]. Details - ImportResultOutputID=e559210096206f9699e1c60360e06afe DependenciesID=eee0982c63e1b5a6ed543a64eac74e7d StaticDependenciesID=a77717a3a0db21c0e15f29b49e26ea30 
Importing 'GUID: c5650111040c545ea94d103ddd5d7d80 - Path: Assets/Art/ChubbyAircraft/JadeIvory_B737_800/Meshes/Part_09.asset' with importer (NativeFormatImporter)
Main Object Name 'JadeIvory_B737_800_Part_09' does not match filename 'Part_09'
UnityEngine.Debug:ExtractStackTraceNoAlloc (byte*,int,string)
UnityEngine.StackTraceUtility:ExtractStackTrace () (at /Users/bokken/build/output/unity/unity/Runtime/Export/Scripting/StackTrace.cs:23)
ChubbyAircraftDelivery:SaveAndValidatePrefab (UnityEngine.GameObject,string,System.Text.StringBuilder) (at Assets/Editor/ChubbyAircraftDelivery.cs:250)
ChubbyAircraftDelivery:Run () (at Assets/Editor/ChubbyAircraftDelivery.cs:104)
ChubbyAircraftFinalCheck:Run () (at Assets/Editor/ChubbyAircraftFinalCheck.cs:5)

[Assets/Editor/ChubbyAircraftDelivery.cs line 104]

Imported 'GUID: c5650111040c545ea94d103ddd5d7d80' -> (Import Result ID: '7ad2914a15de25230761b2f716b1ab89') in 0.000 seconds [static dependencies only]. Details - ImportResultOutputID=10431c886d2cd802b45541eeca4e2b6c DependenciesID=7e66356d0c00d5c4418543b469efdc3e StaticDependenciesID=7f98ae9e9efa50a2572786b946113b5f 
Importing 'GUID: 9783064ea9b44444f92ff11d2e66ae65 - Path: Assets/Art/ChubbyAircraft/JadeIvory_B737_800/Meshes/Part_03.asset' with importer (NativeFormatImporter)
Main Object Name 'JadeIvory_B737_800_Part_03' does not match filename 'Part_03'
UnityEngine.Debug:ExtractStackTraceNoAlloc (byte*,int,string)
UnityEngine.StackTraceUtility:ExtractStackTrace () (at /Users/bokken/build/output/unity/unity/Runtime/Export/Scripting/StackTrace.cs:23)
ChubbyAircraftDelivery:SaveAndValidatePrefab (UnityEngine.GameObject,string,System.Text.StringBuilder) (at Assets/Editor/ChubbyAircraftDelivery.cs:250)
ChubbyAircraftDelivery:Run () (at Assets/Editor/ChubbyAircraftDelivery.cs:104)
ChubbyAircraftFinalCheck:Run () (at Assets/Editor/ChubbyAircraftFinalCheck.cs:5)

[Assets/Editor/ChubbyAircraftDelivery.cs line 104]

Imported 'GUID: 9783064ea9b44444f92ff11d2e66ae65' -> (Import Result ID: 'b582d308c971f4547920fec1f860ef33') in 0.001 seconds [static dependencies only]. Details - ImportResultOutputID=c80e593d429d1527cb6871461da24c8a DependenciesID=2bd62a3de8e73276a7b866ac73e38c88 StaticDependenciesID=ca97cced7f4f520bc7dfde9772391b70 
Importing 'GUID: b78c998e238e34dd2bf4a0345c953004 - Path: Assets/Art/ChubbyAircraft/JadeIvory_B737_800/Meshes/Part_11.asset' with importer (NativeFormatImporter)
Main Object Name 'JadeIvory_B737_800_Part_11' does not match filename 'Part_11'
UnityEngine.Debug:ExtractStackTraceNoAlloc (byte*,int,string)
UnityEngine.StackTraceUtility:ExtractStackTrace () (at /Users/bokken/build/output/unity/unity/Runtime/Export/Scripting/StackTrace.cs:23)
ChubbyAircraftDelivery:SaveAndValidatePrefab (UnityEngine.GameObject,string,System.Text.StringBuilder) (at Assets/Editor/ChubbyAircraftDelivery.cs:250)
ChubbyAircraftDelivery:Run () (at Assets/Editor/ChubbyAircraftDelivery.cs:104)
ChubbyAircraftFinalCheck:Run () (at Assets/Editor/ChubbyAircraftFinalCheck.cs:5)

[Assets/Editor/ChubbyAircraftDelivery.cs line 104]

Imported 'GUID: b78c998e238e34dd2bf4a0345c953004' -> (Import Result ID: 'a80de9227a4af620a13700af717d6974') in 0.000 seconds [static dependencies only]. Details - ImportResultOutputID=33bb8853f5f978bc2d390dd54b79455b DependenciesID=08b02cd9f261230cafa3bc0ca37943d3 StaticDependenciesID=b88b2df2f7398c65ddfaf7a60783b31f 
Importing 'GUID: c72a8b1a94f6c42df9c3b20cdb812e22 - Path: Assets/Art/ChubbyAircraft/JadeIvory_B737_800/Meshes/Part_00.asset' with importer (NativeFormatImporter)
Main Object Name 'JadeIvory_B737_800_Part_00' does not match filename 'Part_00'
UnityEngine.Debug:ExtractStackTraceNoAlloc (byte*,int,string)
UnityEngine.StackTraceUtility:ExtractStackTrace () (at /Users/bokken/build/output/unity/unity/Runtime/Export/Scripting/StackTrace.cs:23)
ChubbyAircraftDelivery:SaveAndValidatePrefab (UnityEngine.GameObject,string,System.Text.StringBuilder) (at Assets/Editor/ChubbyAircraftDelivery.cs:250)
ChubbyAircraftDelivery:Run () (at Assets/Editor/ChubbyAircraftDelivery.cs:104)
ChubbyAircraftFinalCheck:Run () (at Assets/Editor/ChubbyAircraftFinalCheck.cs:5)

[Assets/Editor/ChubbyAircraftDelivery.cs line 104]

Imported 'GUID: c72a8b1a94f6c42df9c3b20cdb812e22' -> (Import Result ID: 'a614b4ecc55634aebe1fb8a4d80b4d6c') in 0.001 seconds [static dependencies only]. Details - ImportResultOutputID=f5bec9592c3caa4fd148b50d0658e9d8 DependenciesID=00f60a97420c6e6a93efe60573df33e0 StaticDependenciesID=be6884d6bb8723e591526d9798d9dd9c 
Importing 'GUID: b8ec487b7bc3e467cbd1580596f2d2a0 - Path: Assets/Art/ChubbyAircraft/JadeIvory_B737_800/Meshes/Part_08.asset' with importer (NativeFormatImporter)
Main Object Name 'JadeIvory_B737_800_Part_08' does not match filename 'Part_08'
UnityEngine.Debug:ExtractStackTraceNoAlloc (byte*,int,string)
UnityEngine.StackTraceUtility:ExtractStackTrace () (at /Users/bokken/build/output/unity/unity/Runtime/Export/Scripting/StackTrace.cs:23)
ChubbyAircraftDelivery:SaveAndValidatePrefab (UnityEngine.GameObject,string,System.Text.StringBuilder) (at Assets/Editor/ChubbyAircraftDelivery.cs:250)
ChubbyAircraftDelivery:Run () (at Assets/Editor/ChubbyAircraftDelivery.cs:104)
ChubbyAircraftFinalCheck:Run () (at Assets/Editor/ChubbyAircraftFinalCheck.cs:5)

[Assets/Editor/ChubbyAircraftDelivery.cs line 104]

Imported 'GUID: b8ec487b7bc3e467cbd1580596f2d2a0' -> (Import Result ID: '2c733248beeb10c930bbacb46be82ad5') in 0.000 seconds [static dependencies only]. Details - ImportResultOutputID=d1c8bdd2af8c7bf974bece510f39cebb DependenciesID=dc15670a8a8141f1f1e2ce73dcf9374a StaticDependenciesID=e0fee5a15bf713ece2725dd7b9a1d3b0 
Importing 'GUID: 59f0a4f820dd04de48c9d0a3fcc75d6b - Path: Assets/Art/ChubbyAircraft/JadeIvory_B737_800/Meshes/Part_14.asset' with importer (NativeFormatImporter)
Main Object Name 'JadeIvory_B737_800_Part_14' does not match filename 'Part_14'
UnityEngine.Debug:ExtractStackTraceNoAlloc (byte*,int,string)
UnityEngine.StackTraceUtility:ExtractStackTrace () (at /Users/bokken/build/output/unity/unity/Runtime/Export/Scripting/StackTrace.cs:23)
ChubbyAircraftDelivery:SaveAndValidatePrefab (UnityEngine.GameObject,string,System.Text.StringBuilder) (at Assets/Editor/ChubbyAircraftDelivery.cs:250)
ChubbyAircraftDelivery:Run () (at Assets/Editor/ChubbyAircraftDelivery.cs:104)
ChubbyAircraftFinalCheck:Run () (at Assets/Editor/ChubbyAircraftFinalCheck.cs:5)

[Assets/Editor/ChubbyAircraftDelivery.cs line 104]

Imported 'GUID: 59f0a4f820dd04de48c9d0a3fcc75d6b' -> (Import Result ID: '5ccb328b4e7b48f2401c526a13220833') in 0.000 seconds [static dependencies only]. Details - ImportResultOutputID=be5704eea8564e57cb7591fe083695dd DependenciesID=091d1eafc8b179f7fe7f930c8084f979 StaticDependenciesID=57c8f9b6fcb97f9028514d60b012e170 
Importing 'GUID: 2abefc8f2f4e64b14bb2a2a79568dcff - Path: Assets/Art/ChubbyAircraft/JadeIvory_B737_800/Meshes/Part_15.asset' with importer (NativeFormatImporter)
Main Object Name 'JadeIvory_B737_800_Part_15' does not match filename 'Part_15'
UnityEngine.Debug:ExtractStackTraceNoAlloc (byte*,int,string)
UnityEngine.StackTraceUtility:ExtractStackTrace () (at /Users/bokken/build/output/unity/unity/Runtime/Export/Scripting/StackTrace.cs:23)
ChubbyAircraftDelivery:SaveAndValidatePrefab (UnityEngine.GameObject,string,System.Text.StringBuilder) (at Assets/Editor/ChubbyAircraftDelivery.cs:250)
ChubbyAircraftDelivery:Run () (at Assets/Editor/ChubbyAircraftDelivery.cs:104)
ChubbyAircraftFinalCheck:Run () (at Assets/Editor/ChubbyAircraftFinalCheck.cs:5)

[Assets/Editor/ChubbyAircraftDelivery.cs line 104]

Imported 'GUID: 2abefc8f2f4e64b14bb2a2a79568dcff' -> (Import Result ID: '1900330bff33a31b91cd61743205158d') in 0.000 seconds [static dependencies only]. Details - ImportResultOutputID=2bdd9a482e683d1a916ddb118e1b9b4d DependenciesID=809115640e89e827b8c9729e077852b6 StaticDependenciesID=e13f42a07616f2d615a06f267befec77 
Importing 'GUID: eae9605c726524c0b8033a98905b80d7 - Path: Assets/Art/ChubbyAircraft/JadeIvory_B737_800/Meshes/Part_07.asset' with importer (NativeFormatImporter)
Main Object Name 'JadeIvory_B737_800_Part_07' does not match filename 'Part_07'
UnityEngine.Debug:ExtractStackTraceNoAlloc (byte*,int,string)
UnityEngine.StackTraceUtility:ExtractStackTrace () (at /Users/bokken/build/output/unity/unity/Runtime/Export/Scripting/StackTrace.cs:23)
ChubbyAircraftDelivery:SaveAndValidatePrefab (UnityEngine.GameObject,string,System.Text.StringBuilder) (at Assets/Editor/ChubbyAircraftDelivery.cs:250)
ChubbyAircraftDelivery:Run () (at Assets/Editor/ChubbyAircraftDelivery.cs:104)
ChubbyAircraftFinalCheck:Run () (at Assets/Editor/ChubbyAircraftFinalCheck.cs:5)

[Assets/Editor/ChubbyAircraftDelivery.cs line 104]

Imported 'GUID: eae9605c726524c0b8033a98905b80d7' -> (Import Result ID: '09e386d3f46c65c58f1b7c433c53932f') in 0.000 seconds [static dependencies only]. Details - ImportResultOutputID=40984fe205635e8f0ff3c5cd133f9402 DependenciesID=bd4f2995ba0606fb56535031575800c7 StaticDependenciesID=db4ffbe908c2e2c6e66b153a641bfb6b 
Importing 'GUID: bc7b4db93d34146359a0ac984bbac189 - Path: Assets/Art/ChubbyAircraft/JadeIvory_B737_800/Meshes/Part_01.asset' with importer (NativeFormatImporter)
Main Object Name 'JadeIvory_B737_800_Part_01' does not match filename 'Part_01'
UnityEngine.Debug:ExtractStackTraceNoAlloc (byte*,int,string)
UnityEngine.StackTraceUtility:ExtractStackTrace () (at /Users/bokken/build/output/unity/unity/Runtime/Export/Scripting/StackTrace.cs:23)
ChubbyAircraftDelivery:SaveAndValidatePrefab (UnityEngine.GameObject,string,System.Text.StringBuilder) (at Assets/Editor/ChubbyAircraftDelivery.cs:250)
ChubbyAircraftDelivery:Run () (at Assets/Editor/ChubbyAircraftDelivery.cs:104)
ChubbyAircraftFinalCheck:Run () (at Assets/Editor/ChubbyAircraftFinalCheck.cs:5)

[Assets/Editor/ChubbyAircraftDelivery.cs line 104]

Imported 'GUID: bc7b4db93d34146359a0ac984bbac189' -> (Import Result ID: 'd8cdcaa597d2c8cdea935bea05810272') in 0.001 seconds [static dependencies only]. Details - ImportResultOutputID=af137ad28254d38da94756887675e7e1 DependenciesID=bf5c0d1d7fcd83c89689fcc933afcea1 StaticDependenciesID=dbf3c82b7f815ca2aeb76ed9ec371b39 
Importing 'GUID: 5d14eaa011ed245c5bc9022fcfc275d0 - Path: Assets/Art/ChubbyAircraft/JadeIvory_B737_800/Meshes/Part_02.asset' with importer (NativeFormatImporter)
Main Object Name 'JadeIvory_B737_800_Part_02' does not match filename 'Part_02'
UnityEngine.Debug:ExtractStackTraceNoAlloc (byte*,int,string)
UnityEngine.StackTraceUtility:ExtractStackTrace () (at /Users/bokken/build/output/unity/unity/Runtime/Export/Scripting/StackTrace.cs:23)
ChubbyAircraftDelivery:SaveAndValidatePrefab (UnityEngine.GameObject,string,System.Text.StringBuilder) (at Assets/Editor/ChubbyAircraftDelivery.cs:250)
ChubbyAircraftDelivery:Run () (at Assets/Editor/ChubbyAircraftDelivery.cs:104)
ChubbyAircraftFinalCheck:Run () (at Assets/Editor/ChubbyAircraftFinalCheck.cs:5)

[Assets/Editor/ChubbyAircraftDelivery.cs line 104]

Imported 'GUID: 5d14eaa011ed245c5bc9022fcfc275d0' -> (Import Result ID: '2268ea9872b8877ac4a814bbd4bc7517') in 0.001 seconds [static dependencies only]. Details - ImportResultOutputID=52bb86607d9163c3efb2d930f58fd7bb DependenciesID=fad6dcf0484fadc9353291572592b713 StaticDependenciesID=8c38c3c746bc07e9f6fd63b2d47b1bff 
Importing 'GUID: be283a4cb867c468bb6bd426985703f8 - Path: Assets/Art/ChubbyAircraft/JadeIvory_B737_800/Meshes/Part_04.asset' with importer (NativeFormatImporter)
Main Object Name 'JadeIvory_B737_800_Part_04' does not match filename 'Part_04'
UnityEngine.Debug:ExtractStackTraceNoAlloc (byte*,int,string)
UnityEngine.StackTraceUtility:ExtractStackTrace () (at /Users/bokken/build/output/unity/unity/Runtime/Export/Scripting/StackTrace.cs:23)
ChubbyAircraftDelivery:SaveAndValidatePrefab (UnityEngine.GameObject,string,System.Text.StringBuilder) (at Assets/Editor/ChubbyAircraftDelivery.cs:250)
ChubbyAircraftDelivery:Run () (at Assets/Editor/ChubbyAircraftDelivery.cs:104)
ChubbyAircraftFinalCheck:Run () (at Assets/Editor/ChubbyAircraftFinalCheck.cs:5)

[Assets/Editor/ChubbyAircraftDelivery.cs line 104]

Imported 'GUID: be283a4cb867c468bb6bd426985703f8' -> (Import Result ID: 'c5d1ee0ff208ce92b200aba8469e0f43') in 0.001 seconds [static dependencies only]. Details - ImportResultOutputID=3ea5d52e3567bb90c5bbf9a6a33417e8 DependenciesID=7c273165d7e49041f05e08ae122fb714 StaticDependenciesID=b747abcf73ff12acc62ceaadd865c49c 
Importing 'GUID: fea97788a030e40b9be166f024245a7f - Path: Assets/Art/ChubbyAircraft/JadeIvory_B737_800/Meshes/Part_05.asset' with importer (NativeFormatImporter)
Main Object Name 'JadeIvory_B737_800_Part_05' does not match filename 'Part_05'
UnityEngine.Debug:ExtractStackTraceNoAlloc (byte*,int,string)
UnityEngine.StackTraceUtility:ExtractStackTrace () (at /Users/bokken/build/output/unity/unity/Runtime/Export/Scripting/StackTrace.cs:23)
ChubbyAircraftDelivery:SaveAndValidatePrefab (UnityEngine.GameObject,string,System.Text.StringBuilder) (at Assets/Editor/ChubbyAircraftDelivery.cs:250)
ChubbyAircraftDelivery:Run () (at Assets/Editor/ChubbyAircraftDelivery.cs:104)
ChubbyAircraftFinalCheck:Run () (at Assets/Editor/ChubbyAircraftFinalCheck.cs:5)

[Assets/Editor/ChubbyAircraftDelivery.cs line 104]

Imported 'GUID: fea97788a030e40b9be166f024245a7f' -> (Import Result ID: '0ffaff0e30dee2e6128f86b6e420a6ae') in 0.000 seconds [static dependencies only]. Details - ImportResultOutputID=2996b61db5186b20e32dbf5557588a63 DependenciesID=e54a23a8c05159d1a73f05ce9a12a03d StaticDependenciesID=57d3ee0b54e092cf7f0f1277d230c935 
Importing 'GUID: 4fabe50f47d3b4922a496fbd3c81a2f6 - Path: Assets/Art/ChubbyAircraft/JadeIvory_B737_800/Meshes/Part_10.asset' with importer (NativeFormatImporter)
Main Object Name 'JadeIvory_B737_800_Part_10' does not match filename 'Part_10'
UnityEngine.Debug:ExtractStackTraceNoAlloc (byte*,int,string)
UnityEngine.StackTraceUtility:ExtractStackTrace () (at /Users/bokken/build/output/unity/unity/Runtime/Export/Scripting/StackTrace.cs:23)
ChubbyAircraftDelivery:SaveAndValidatePrefab (UnityEngine.GameObject,string,System.Text.StringBuilder) (at Assets/Editor/ChubbyAircraftDelivery.cs:250)
ChubbyAircraftDelivery:Run () (at Assets/Editor/ChubbyAircraftDelivery.cs:104)
ChubbyAircraftFinalCheck:Run () (at Assets/Editor/ChubbyAircraftFinalCheck.cs:5)

[Assets/Editor/ChubbyAircraftDelivery.cs line 104]

Imported 'GUID: 4fabe50f47d3b4922a496fbd3c81a2f6' -> (Import Result ID: '350b6ef7bb661045e5cc6a04a62463d6') in 0.000 seconds [static dependencies only]. Details - ImportResultOutputID=97925f8f4fbf4f557a361c3baea56cd4 DependenciesID=ebe944c36169eac33ab8fc0584d1fa9f StaticDependenciesID=e575a1319b6150bff0750b3e7ac86e8c 
Asset Pipeline Refresh (id=5d621b6d2b04c48bdbe8673b964357ed): Total: 0.025 seconds - Initiated by StopAssetImportingV2(NoUpdateAssetOptions)
Importing 'GUID: 7669faee0bbcf4130bca5072e244103f - Path: Assets/Art/ChubbyAircraft/JadeIvory_B737_800/JadeIvory_B737_800.prefab' with importer (PrefabImporter)
Imported 'GUID: 7669faee0bbcf4130bca5072e244103f' -> (Import Result ID: '07e1d2434d6c69e1b844201009296980') in 0.001 seconds [static dependencies only]. Details - ImportResultOutputID=e785277f0f5827b08ee5711b2253595c DependenciesID=3eb43b2e19125c3757c14ce2beb72c35 StaticDependenciesID=fb242f3213aabed133002286aff57b0e 
Asset Pipeline Refresh (id=689cb1ecaebde42528150532b4e95fe3): Total: 0.006 seconds - Initiated by StopAssetImportingV2(NoUpdateAssetOptions)
Loaded scene 'Library/Unused/4f48af8b85ee54041a438d7c14ca4fb1'
	Deserialize:            0.254 ms
	Integration:            0.099 ms
	Integration of assets:  0.001 ms
	Thread Wait Time:       0.004 ms
	Total Operation Time:   0.358 ms
Asset Pipeline Refresh (id=8352ac60c484d4f77af63e470a2645e6): Total: 0.002 seconds - Initiated by StopAssetImportingV2(NoUpdateAssetOptions)
Importing 'GUID: c066230ccdf9048ca81dc9642927e0dd - Path: Assets/Art/ChubbyAircraft/JadeIvory_A380_800/Materials/Part_07.mat' with importer (NativeFormatImporter)
Main Object Name 'JadeIvory_A380_800_Part_07' does not match filename 'Part_07'
UnityEngine.Debug:ExtractStackTraceNoAlloc (byte*,int,string)
UnityEngine.StackTraceUtility:ExtractStackTrace () (at /Users/bokken/build/output/unity/unity/Runtime/Export/Scripting/StackTrace.cs:23)
ChubbyAircraftDelivery:SaveAndValidatePrefab (UnityEngine.GameObject,string,System.Text.StringBuilder) (at Assets/Editor/ChubbyAircraftDelivery.cs:250)
ChubbyAircraftDelivery:Run () (at Assets/Editor/ChubbyAircraftDelivery.cs:104)
ChubbyAircraftFinalCheck:Run () (at Assets/Editor/ChubbyAircraftFinalCheck.cs:5)

[Assets/Editor/ChubbyAircraftDelivery.cs line 104]

Imported 'GUID: c066230ccdf9048ca81dc9642927e0dd' -> (Import Result ID: '58b8916ffebf1d4d150059a4184c23a2') in 0.001 seconds [static dependencies only]. Details - ImportResultOutputID=9606cdf5e2d340142170ef5980d9d531 DependenciesID=eeb6e3a62b6aa3d3736824dcb1c40b28 StaticDependenciesID=42f81469995dd88590ac217bbafd55bb 
Importing 'GUID: c0bcebe3c54dc4898baced3499b813a4 - Path: Assets/Art/ChubbyAircraft/JadeIvory_A380_800/Materials/Part_02.mat' with importer (NativeFormatImporter)
Main Object Name 'JadeIvory_A380_800_Part_02' does not match filename 'Part_02'
UnityEngine.Debug:ExtractStackTraceNoAlloc (byte*,int,string)
UnityEngine.StackTraceUtility:ExtractStackTrace () (at /Users/bokken/build/output/unity/unity/Runtime/Export/Scripting/StackTrace.cs:23)
ChubbyAircraftDelivery:SaveAndValidatePrefab (UnityEngine.GameObject,string,System.Text.StringBuilder) (at Assets/Editor/ChubbyAircraftDelivery.cs:250)
ChubbyAircraftDelivery:Run () (at Assets/Editor/ChubbyAircraftDelivery.cs:104)
ChubbyAircraftFinalCheck:Run () (at Assets/Editor/ChubbyAircraftFinalCheck.cs:5)

[Assets/Editor/ChubbyAircraftDelivery.cs line 104]

Imported 'GUID: c0bcebe3c54dc4898baced3499b813a4' -> (Import Result ID: 'ff97f8d5cb599512742b3aa61b56e99c') in 0.000 seconds [static dependencies only]. Details - ImportResultOutputID=f43a79e0f54a02d541c40f92a468185d DependenciesID=227c8a8afeacef9b50c706bb0a8026a6 StaticDependenciesID=24ad869505493df5dbc48e6b8319410e 
Importing 'GUID: 211708c09993e42f990ab6885f5536ed - Path: Assets/Art/ChubbyAircraft/JadeIvory_A380_800/Materials/Part_12.mat' with importer (NativeFormatImporter)
Main Object Name 'JadeIvory_A380_800_Part_12' does not match filename 'Part_12'
UnityEngine.Debug:ExtractStackTraceNoAlloc (byte*,int,string)
UnityEngine.StackTraceUtility:ExtractStackTrace () (at /Users/bokken/build/output/unity/unity/Runtime/Export/Scripting/StackTrace.cs:23)
ChubbyAircraftDelivery:SaveAndValidatePrefab (UnityEngine.GameObject,string,System.Text.StringBuilder) (at Assets/Editor/ChubbyAircraftDelivery.cs:250)
ChubbyAircraftDelivery:Run () (at Assets/Editor/ChubbyAircraftDelivery.cs:104)
ChubbyAircraftFinalCheck:Run () (at Assets/Editor/ChubbyAircraftFinalCheck.cs:5)

[Assets/Editor/ChubbyAircraftDelivery.cs line 104]

Imported 'GUID: 211708c09993e42f990ab6885f5536ed' -> (Import Result ID: 'c1d070eab36c1e159b27fe7b02ce9048') in 0.000 seconds [static dependencies only]. Details - ImportResultOutputID=abadfd15484752f0fcf2066e61d46b8f DependenciesID=a90ffcc87344253472299caa9bf20c92 StaticDependenciesID=6a9af8af5c45f5f18b04e9494ba2d629 
Importing 'GUID: 32149e1a1dd114c98a2d1d29aef4c404 - Path: Assets/Art/ChubbyAircraft/JadeIvory_A380_800/Materials/Part_14.mat' with importer (NativeFormatImporter)
Main Object Name 'JadeIvory_A380_800_Part_14' does not match filename 'Part_14'
UnityEngine.Debug:ExtractStackTraceNoAlloc (byte*,int,string)
UnityEngine.StackTraceUtility:ExtractStackTrace () (at /Users/bokken/build/output/unity/unity/Runtime/Export/Scripting/StackTrace.cs:23)
ChubbyAircraftDelivery:SaveAndValidatePrefab (UnityEngine.GameObject,string,System.Text.StringBuilder) (at Assets/Editor/ChubbyAircraftDelivery.cs:250)
ChubbyAircraftDelivery:Run () (at Assets/Editor/ChubbyAircraftDelivery.cs:104)
ChubbyAircraftFinalCheck:Run () (at Assets/Editor/ChubbyAircraftFinalCheck.cs:5)

[Assets/Editor/ChubbyAircraftDelivery.cs line 104]

Imported 'GUID: 32149e1a1dd114c98a2d1d29aef4c404' -> (Import Result ID: '3fb8c7d68622cda06ae84c3245b0445d') in 0.000 seconds [static dependencies only]. Details - ImportResultOutputID=c35636d7f96eb702f6d3c64a2f81d3ed DependenciesID=c4840751bca4c0b55b87b9b7a6e52f67 StaticDependenciesID=6abbd89a95920db5675040cb61f02eef 
Importing 'GUID: d28b777e9a7d34ea3bfc0063262c3bcb - Path: Assets/Art/ChubbyAircraft/JadeIvory_A380_800/Materials/Part_10.mat' with importer (NativeFormatImporter)
Main Object Name 'JadeIvory_A380_800_Part_10' does not match filename 'Part_10'
UnityEngine.Debug:ExtractStackTraceNoAlloc (byte*,int,string)
UnityEngine.StackTraceUtility:ExtractStackTrace () (at /Users/bokken/build/output/unity/unity/Runtime/Export/Scripting/StackTrace.cs:23)
ChubbyAircraftDelivery:SaveAndValidatePrefab (UnityEngine.GameObject,string,System.Text.StringBuilder) (at Assets/Editor/ChubbyAircraftDelivery.cs:250)
ChubbyAircraftDelivery:Run () (at Assets/Editor/ChubbyAircraftDelivery.cs:104)
ChubbyAircraftFinalCheck:Run () (at Assets/Editor/ChubbyAircraftFinalCheck.cs:5)

[Assets/Editor/ChubbyAircraftDelivery.cs line 104]

Imported 'GUID: d28b777e9a7d34ea3bfc0063262c3bcb' -> (Import Result ID: 'c7d3737c20bfbcd12a9ac3226c19dc2b') in 0.000 seconds [static dependencies only]. Details - ImportResultOutputID=4716a6e0b660149dc6649b535d2677f1 DependenciesID=f25d2ba35abc43d3247cb4739a3d72f6 StaticDependenciesID=0ecb34acb63a4bd511cea8aaa4311610 
Importing 'GUID: f2182703ccffa4526b1b185416b1a01a - Path: Assets/Art/ChubbyAircraft/JadeIvory_A380_800/Materials/Part_11.mat' with importer (NativeFormatImporter)
Main Object Name 'JadeIvory_A380_800_Part_11' does not match filename 'Part_11'
UnityEngine.Debug:ExtractStackTraceNoAlloc (byte*,int,string)
UnityEngine.StackTraceUtility:ExtractStackTrace () (at /Users/bokken/build/output/unity/unity/Runtime/Export/Scripting/StackTrace.cs:23)
ChubbyAircraftDelivery:SaveAndValidatePrefab (UnityEngine.GameObject,string,System.Text.StringBuilder) (at Assets/Editor/ChubbyAircraftDelivery.cs:250)
ChubbyAircraftDelivery:Run () (at Assets/Editor/ChubbyAircraftDelivery.cs:104)
ChubbyAircraftFinalCheck:Run () (at Assets/Editor/ChubbyAircraftFinalCheck.cs:5)

[Assets/Editor/ChubbyAircraftDelivery.cs line 104]

Imported 'GUID: f2182703ccffa4526b1b185416b1a01a' -> (Import Result ID: '0e84220113e46292da03ed16956bb020') in 0.000 seconds [static dependencies only]. Details - ImportResultOutputID=0069ad6b52d9a71f735b0f77bd09afd9 DependenciesID=0bf8e0fa13a6e3015c3d17c5938931dc StaticDependenciesID=5072c707939fe13802763908edd15634 
Importing 'GUID: 83d4bb151f9dd49e5abeee598e2dc787 - Path: Assets/Art/ChubbyAircraft/JadeIvory_A380_800/Materials/Part_01.mat' with importer (NativeFormatImporter)
Main Object Name 'JadeIvory_A380_800_Part_01' does not match filename 'Part_01'
UnityEngine.Debug:ExtractStackTraceNoAlloc (byte*,int,string)
UnityEngine.StackTraceUtility:ExtractStackTrace () (at /Users/bokken/build/output/unity/unity/Runtime/Export/Scripting/StackTrace.cs:23)
ChubbyAircraftDelivery:SaveAndValidatePrefab (UnityEngine.GameObject,string,System.Text.StringBuilder) (at Assets/Editor/ChubbyAircraftDelivery.cs:250)
ChubbyAircraftDelivery:Run () (at Assets/Editor/ChubbyAircraftDelivery.cs:104)
ChubbyAircraftFinalCheck:Run () (at Assets/Editor/ChubbyAircraftFinalCheck.cs:5)

[Assets/Editor/ChubbyAircraftDelivery.cs line 104]

Imported 'GUID: 83d4bb151f9dd49e5abeee598e2dc787' -> (Import Result ID: '07ba5bd5857b6bce8e89be3faabedb9f') in 0.000 seconds [static dependencies only]. Details - ImportResultOutputID=713f8bcb4eaeaef53a786659d7d3251d DependenciesID=219adb3f9725b4954be21482cff14f4d StaticDependenciesID=51c176ebbcf3de27bd0cdbac3419203c 
Importing 'GUID: 04d1251e0f6624d3ea8b657f5a7e45af - Path: Assets/Art/ChubbyAircraft/JadeIvory_A380_800/Materials/Part_13.mat' with importer (NativeFormatImporter)
Main Object Name 'JadeIvory_A380_800_Part_13' does not match filename 'Part_13'
UnityEngine.Debug:ExtractStackTraceNoAlloc (byte*,int,string)
UnityEngine.StackTraceUtility:ExtractStackTrace () (at /Users/bokken/build/output/unity/unity/Runtime/Export/Scripting/StackTrace.cs:23)
ChubbyAircraftDelivery:SaveAndValidatePrefab (UnityEngine.GameObject,string,System.Text.StringBuilder) (at Assets/Editor/ChubbyAircraftDelivery.cs:250)
ChubbyAircraftDelivery:Run () (at Assets/Editor/ChubbyAircraftDelivery.cs:104)
ChubbyAircraftFinalCheck:Run () (at Assets/Editor/ChubbyAircraftFinalCheck.cs:5)

[Assets/Editor/ChubbyAircraftDelivery.cs line 104]

Imported 'GUID: 04d1251e0f6624d3ea8b657f5a7e45af' -> (Import Result ID: '91e781bdb8260f183545a35956eb3c0b') in 0.000 seconds [static dependencies only]. Details - ImportResultOutputID=54d71f920cf7c6c264f1e41faa73ecd4 DependenciesID=d0f92ea2b5f57d1f06c680e2cd148e06 StaticDependenciesID=9dd84f801058de1cf6d13964eed40b87 
Importing 'GUID: e5fb81bf66c8a48e4a082fd956be3fbb - Path: Assets/Art/ChubbyAircraft/JadeIvory_A380_800/Materials/Part_06.mat' with importer (NativeFormatImporter)
Main Object Name 'JadeIvory_A380_800_Part_06' does not match filename 'Part_06'
UnityEngine.Debug:ExtractStackTraceNoAlloc (byte*,int,string)
UnityEngine.StackTraceUtility:ExtractStackTrace () (at /Users/bokken/build/output/unity/unity/Runtime/Export/Scripting/StackTrace.cs:23)
ChubbyAircraftDelivery:SaveAndValidatePrefab (UnityEngine.GameObject,string,System.Text.StringBuilder) (at Assets/Editor/ChubbyAircraftDelivery.cs:250)
ChubbyAircraftDelivery:Run () (at Assets/Editor/ChubbyAircraftDelivery.cs:104)
ChubbyAircraftFinalCheck:Run () (at Assets/Editor/ChubbyAircraftFinalCheck.cs:5)

[Assets/Editor/ChubbyAircraftDelivery.cs line 104]

Imported 'GUID: e5fb81bf66c8a48e4a082fd956be3fbb' -> (Import Result ID: 'e1005a5563d78629e0731f0cc09e37d8') in 0.000 seconds [static dependencies only]. Details - ImportResultOutputID=3d58ab15a984dcfe64352b8d3b65a294 DependenciesID=fe22478e64f055805dd7f86306d12167 StaticDependenciesID=3b460c49d18d99f28cd67a9b58082a70 
Importing 'GUID: 862a4caae6c9049339ce95f473ad4811 - Path: Assets/Art/ChubbyAircraft/JadeIvory_A380_800/Materials/Part_05.mat' with importer (NativeFormatImporter)
Main Object Name 'JadeIvory_A380_800_Part_05' does not match filename 'Part_05'
UnityEngine.Debug:ExtractStackTraceNoAlloc (byte*,int,string)
UnityEngine.StackTraceUtility:ExtractStackTrace () (at /Users/bokken/build/output/unity/unity/Runtime/Export/Scripting/StackTrace.cs:23)
ChubbyAircraftDelivery:SaveAndValidatePrefab (UnityEngine.GameObject,string,System.Text.StringBuilder) (at Assets/Editor/ChubbyAircraftDelivery.cs:250)
ChubbyAircraftDelivery:Run () (at Assets/Editor/ChubbyAircraftDelivery.cs:104)
ChubbyAircraftFinalCheck:Run () (at Assets/Editor/ChubbyAircraftFinalCheck.cs:5)

[Assets/Editor/ChubbyAircraftDelivery.cs line 104]

Imported 'GUID: 862a4caae6c9049339ce95f473ad4811' -> (Import Result ID: 'f26d288855ae69347c23dd10370a871c') in 0.000 seconds [static dependencies only]. Details - ImportResultOutputID=bc788dc367ce54ff7ad37215356845a9 DependenciesID=587c17ed864bcf85e1c5bcdb1f4e9ff4 StaticDependenciesID=1caca8bff0b81247516a1668b6aa0a38 
Importing 'GUID: b6dac43bf5e6246e098f4c7b5fa45ed4 - Path: Assets/Art/ChubbyAircraft/JadeIvory_A380_800/Materials/Part_15.mat' with importer (NativeFormatImporter)
Main Object Name 'JadeIvory_A380_800_Part_15' does not match filename 'Part_15'
UnityEngine.Debug:ExtractStackTraceNoAlloc (byte*,int,string)
UnityEngine.StackTraceUtility:ExtractStackTrace () (at /Users/bokken/build/output/unity/unity/Runtime/Export/Scripting/StackTrace.cs:23)
ChubbyAircraftDelivery:SaveAndValidatePrefab (UnityEngine.GameObject,string,System.Text.StringBuilder) (at Assets/Editor/ChubbyAircraftDelivery.cs:250)
ChubbyAircraftDelivery:Run () (at Assets/Editor/ChubbyAircraftDelivery.cs:104)
ChubbyAircraftFinalCheck:Run () (at Assets/Editor/ChubbyAircraftFinalCheck.cs:5)

[Assets/Editor/ChubbyAircraftDelivery.cs line 104]

Imported 'GUID: b6dac43bf5e6246e098f4c7b5fa45ed4' -> (Import Result ID: '09f9fc039aa7e7065bda8b517f7fd31c') in 0.000 seconds [static dependencies only]. Details - ImportResultOutputID=d6cb54bf0b9107753d79ae20beeacc82 DependenciesID=617bbe6227e8492b58b697a92f203b7b StaticDependenciesID=c50754c2ea4ab3fcb46b5f26193e1fbd 
Importing 'GUID: 67b2466e1e0a54f1c9a12a8e29b80790 - Path: Assets/Art/ChubbyAircraft/JadeIvory_A380_800/Materials/Part_16.mat' with importer (NativeFormatImporter)
Main Object Name 'JadeIvory_A380_800_Part_16' does not match filename 'Part_16'
UnityEngine.Debug:ExtractStackTraceNoAlloc (byte*,int,string)
UnityEngine.StackTraceUtility:ExtractStackTrace () (at /Users/bokken/build/output/unity/unity/Runtime/Export/Scripting/StackTrace.cs:23)
ChubbyAircraftDelivery:SaveAndValidatePrefab (UnityEngine.GameObject,string,System.Text.StringBuilder) (at Assets/Editor/ChubbyAircraftDelivery.cs:250)
ChubbyAircraftDelivery:Run () (at Assets/Editor/ChubbyAircraftDelivery.cs:104)
ChubbyAircraftFinalCheck:Run () (at Assets/Editor/ChubbyAircraftFinalCheck.cs:5)

[Assets/Editor/ChubbyAircraftDelivery.cs line 104]

Imported 'GUID: 67b2466e1e0a54f1c9a12a8e29b80790' -> (Import Result ID: 'e5de73147298c73fff1d15588f7ad0b4') in 0.000 seconds [static dependencies only]. Details - ImportResultOutputID=0df5c2574d1e8976d500b87973961d87 DependenciesID=26c4adfe9409727ee302bba4001734b0 StaticDependenciesID=61d569066f4018c868f4e823923596ae 
Importing 'GUID: 694019de8c12d4ed1a20d155dcb910dd - Path: Assets/Art/ChubbyAircraft/JadeIvory_A380_800/Materials/Part_03.mat' with importer (NativeFormatImporter)
Main Object Name 'JadeIvory_A380_800_Part_03' does not match filename 'Part_03'
UnityEngine.Debug:ExtractStackTraceNoAlloc (byte*,int,string)
UnityEngine.StackTraceUtility:ExtractStackTrace () (at /Users/bokken/build/output/unity/unity/Runtime/Export/Scripting/StackTrace.cs:23)
ChubbyAircraftDelivery:SaveAndValidatePrefab (UnityEngine.GameObject,string,System.Text.StringBuilder) (at Assets/Editor/ChubbyAircraftDelivery.cs:250)
ChubbyAircraftDelivery:Run () (at Assets/Editor/ChubbyAircraftDelivery.cs:104)
ChubbyAircraftFinalCheck:Run () (at Assets/Editor/ChubbyAircraftFinalCheck.cs:5)

[Assets/Editor/ChubbyAircraftDelivery.cs line 104]

Imported 'GUID: 694019de8c12d4ed1a20d155dcb910dd' -> (Import Result ID: '7b85c3aaffd7bfd95e3ccf85adbd1eae') in 0.000 seconds [static dependencies only]. Details - ImportResultOutputID=1451b2373135a3e2699b5db725880b8c DependenciesID=ce89b3b3ce3f9b7906455355a17eb332 StaticDependenciesID=78ac683c1c359bf67162e2665fd37f9e 
Importing 'GUID: 1a9dd280ddfa74092bb84ca8e2d785e5 - Path: Assets/Art/ChubbyAircraft/JadeIvory_A380_800/Materials/Part_09.mat' with importer (NativeFormatImporter)
Main Object Name 'JadeIvory_A380_800_Part_09' does not match filename 'Part_09'
UnityEngine.Debug:ExtractStackTraceNoAlloc (byte*,int,string)
UnityEngine.StackTraceUtility:ExtractStackTrace () (at /Users/bokken/build/output/unity/unity/Runtime/Export/Scripting/StackTrace.cs:23)
ChubbyAircraftDelivery:SaveAndValidatePrefab (UnityEngine.GameObject,string,System.Text.StringBuilder) (at Assets/Editor/ChubbyAircraftDelivery.cs:250)
ChubbyAircraftDelivery:Run () (at Assets/Editor/ChubbyAircraftDelivery.cs:104)
ChubbyAircraftFinalCheck:Run () (at Assets/Editor/ChubbyAircraftFinalCheck.cs:5)

[Assets/Editor/ChubbyAircraftDelivery.cs line 104]

Imported 'GUID: 1a9dd280ddfa74092bb84ca8e2d785e5' -> (Import Result ID: 'f5ab30a634fe4e6424b3fe4700366cec') in 0.000 seconds [static dependencies only]. Details - ImportResultOutputID=aacf2f97700f1f14423f36f8d56bf2c6 DependenciesID=e0998badd04da799ea373ff9153aa808 StaticDependenciesID=cd6e7ee1e19d59d358afbc25ac5dc13b 
Importing 'GUID: dab62aeb49cc14fe9ae466e1d478a99f - Path: Assets/Art/ChubbyAircraft/JadeIvory_A380_800/Materials/Part_08.mat' with importer (NativeFormatImporter)
Main Object Name 'JadeIvory_A380_800_Part_08' does not match filename 'Part_08'
UnityEngine.Debug:ExtractStackTraceNoAlloc (byte*,int,string)
UnityEngine.StackTraceUtility:ExtractStackTrace () (at /Users/bokken/build/output/unity/unity/Runtime/Export/Scripting/StackTrace.cs:23)
ChubbyAircraftDelivery:SaveAndValidatePrefab (UnityEngine.GameObject,string,System.Text.StringBuilder) (at Assets/Editor/ChubbyAircraftDelivery.cs:250)
ChubbyAircraftDelivery:Run () (at Assets/Editor/ChubbyAircraftDelivery.cs:104)
ChubbyAircraftFinalCheck:Run () (at Assets/Editor/ChubbyAircraftFinalCheck.cs:5)

[Assets/Editor/ChubbyAircraftDelivery.cs line 104]

Imported 'GUID: dab62aeb49cc14fe9ae466e1d478a99f' -> (Import Result ID: '1f70efa652369284e4fe203eefa3c4be') in 0.000 seconds [static dependencies only]. Details - ImportResultOutputID=55fa5e66b9694b0c0f9f0155a17880c1 DependenciesID=92e053b1822174990f9b050ccb5c531d StaticDependenciesID=62d6b278d828f73e17038cf26cdd33ca 
Importing 'GUID: 4dcc66f4aa9ab4118b5f99098b405f0a - Path: Assets/Art/ChubbyAircraft/JadeIvory_A380_800/Materials/Part_04.mat' with importer (NativeFormatImporter)
Main Object Name 'JadeIvory_A380_800_Part_04' does not match filename 'Part_04'
UnityEngine.Debug:ExtractStackTraceNoAlloc (byte*,int,string)
UnityEngine.StackTraceUtility:ExtractStackTrace () (at /Users/bokken/build/output/unity/unity/Runtime/Export/Scripting/StackTrace.cs:23)
ChubbyAircraftDelivery:SaveAndValidatePrefab (UnityEngine.GameObject,string,System.Text.StringBuilder) (at Assets/Editor/ChubbyAircraftDelivery.cs:250)
ChubbyAircraftDelivery:Run () (at Assets/Editor/ChubbyAircraftDelivery.cs:104)
ChubbyAircraftFinalCheck:Run () (at Assets/Editor/ChubbyAircraftFinalCheck.cs:5)

[Assets/Editor/ChubbyAircraftDelivery.cs line 104]

Imported 'GUID: 4dcc66f4aa9ab4118b5f99098b405f0a' -> (Import Result ID: 'c94d4bb6a9f909099d09983a98eb89c4') in 0.000 seconds [static dependencies only]. Details - ImportResultOutputID=406ab71e6b71386473b6076f0632e77d DependenciesID=d05e888fc6a03ef9e40ac6c4c776292c StaticDependenciesID=f63b7f8e35774d505d5e793231f2fbd1 
Importing 'GUID: 5d5bac4ad867c43f580526703511d70a - Path: Assets/Art/ChubbyAircraft/JadeIvory_A380_800/Materials/Part_00.mat' with importer (NativeFormatImporter)
Main Object Name 'JadeIvory_A380_800_Part_00' does not match filename 'Part_00'
UnityEngine.Debug:ExtractStackTraceNoAlloc (byte*,int,string)
UnityEngine.StackTraceUtility:ExtractStackTrace () (at /Users/bokken/build/output/unity/unity/Runtime/Export/Scripting/StackTrace.cs:23)
ChubbyAircraftDelivery:SaveAndValidatePrefab (UnityEngine.GameObject,string,System.Text.StringBuilder) (at Assets/Editor/ChubbyAircraftDelivery.cs:250)
ChubbyAircraftDelivery:Run () (at Assets/Editor/ChubbyAircraftDelivery.cs:104)
ChubbyAircraftFinalCheck:Run () (at Assets/Editor/ChubbyAircraftFinalCheck.cs:5)

[Assets/Editor/ChubbyAircraftDelivery.cs line 104]

Imported 'GUID: 5d5bac4ad867c43f580526703511d70a' -> (Import Result ID: '29fdaeb0d895e6d99bf0446844ca17e6') in 0.000 seconds [static dependencies only]. Details - ImportResultOutputID=04b03a972813a602537a7eb7cc23876e DependenciesID=126809bc1abcf0468067a58c6ca53c01 StaticDependenciesID=862e675e456a98b61eb3008965a8708f 
Importing 'GUID: efb8ed038a0ac4cfb81b54cc1317f374 - Path: Assets/Art/ChubbyAircraft/JadeIvory_A380_800/Materials/Part_17.mat' with importer (NativeFormatImporter)
Main Object Name 'JadeIvory_A380_800_Part_17' does not match filename 'Part_17'
UnityEngine.Debug:ExtractStackTraceNoAlloc (byte*,int,string)
UnityEngine.StackTraceUtility:ExtractStackTrace () (at /Users/bokken/build/output/unity/unity/Runtime/Export/Scripting/StackTrace.cs:23)
ChubbyAircraftDelivery:SaveAndValidatePrefab (UnityEngine.GameObject,string,System.Text.StringBuilder) (at Assets/Editor/ChubbyAircraftDelivery.cs:250)
ChubbyAircraftDelivery:Run () (at Assets/Editor/ChubbyAircraftDelivery.cs:104)
ChubbyAircraftFinalCheck:Run () (at Assets/Editor/ChubbyAircraftFinalCheck.cs:5)

[Assets/Editor/ChubbyAircraftDelivery.cs line 104]

Imported 'GUID: efb8ed038a0ac4cfb81b54cc1317f374' -> (Import Result ID: '6001b76573c8a591fa221a186b2495a9') in 0.000 seconds [static dependencies only]. Details - ImportResultOutputID=36a016e307ae2f4167836e240427a915 DependenciesID=5b41d257a9311b6ccc9c450fa672eb4f StaticDependenciesID=f3b998c982738016a6327d8ed0a59662 
Importing 'GUID: a0c707ae617db461a8d2bed944d5aab9 - Path: Assets/Art/ChubbyAircraft/JadeIvory_A380_800/Meshes/Part_12.asset' with importer (NativeFormatImporter)
Main Object Name 'JadeIvory_A380_800_Part_12' does not match filename 'Part_12'
UnityEngine.Debug:ExtractStackTraceNoAlloc (byte*,int,string)
UnityEngine.StackTraceUtility:ExtractStackTrace () (at /Users/bokken/build/output/unity/unity/Runtime/Export/Scripting/StackTrace.cs:23)
ChubbyAircraftDelivery:SaveAndValidatePrefab (UnityEngine.GameObject,string,System.Text.StringBuilder) (at Assets/Editor/ChubbyAircraftDelivery.cs:250)
ChubbyAircraftDelivery:Run () (at Assets/Editor/ChubbyAircraftDelivery.cs:104)
ChubbyAircraftFinalCheck:Run () (at Assets/Editor/ChubbyAircraftFinalCheck.cs:5)

[Assets/Editor/ChubbyAircraftDelivery.cs line 104]

Imported 'GUID: a0c707ae617db461a8d2bed944d5aab9' -> (Import Result ID: 'db25acd12d3404765b8320f9ad0e4c0b') in 0.000 seconds [static dependencies only]. Details - ImportResultOutputID=d6c010af33cdde90583ea62841251047 DependenciesID=a0b89c0317c4c793df665245b602fc49 StaticDependenciesID=f004785fb44b8d674ae10e456662cfae 
Importing 'GUID: e05c3fd7b4f064cbaa1e10250b4458be - Path: Assets/Art/ChubbyAircraft/JadeIvory_A380_800/Meshes/Part_08.asset' with importer (NativeFormatImporter)
Main Object Name 'JadeIvory_A380_800_Part_08' does not match filename 'Part_08'
UnityEngine.Debug:ExtractStackTraceNoAlloc (byte*,int,string)
UnityEngine.StackTraceUtility:ExtractStackTrace () (at /Users/bokken/build/output/unity/unity/Runtime/Export/Scripting/StackTrace.cs:23)
ChubbyAircraftDelivery:SaveAndValidatePrefab (UnityEngine.GameObject,string,System.Text.StringBuilder) (at Assets/Editor/ChubbyAircraftDelivery.cs:250)
ChubbyAircraftDelivery:Run () (at Assets/Editor/ChubbyAircraftDelivery.cs:104)
ChubbyAircraftFinalCheck:Run () (at Assets/Editor/ChubbyAircraftFinalCheck.cs:5)

[Assets/Editor/ChubbyAircraftDelivery.cs line 104]

Imported 'GUID: e05c3fd7b4f064cbaa1e10250b4458be' -> (Import Result ID: 'ecb91d89beec5818f07f7df15c7b019c') in 0.000 seconds [static dependencies only]. Details - ImportResultOutputID=461ac98714a51763ac16e4bed4aca31f DependenciesID=0ecefab8aebd5971eb65245d66dd26b1 StaticDependenciesID=ca74e905e43c01fd26e5c1a17fcb9ee7 
Importing 'GUID: 01075b6e8b1964e198528be53b3a0608 - Path: Assets/Art/ChubbyAircraft/JadeIvory_A380_800/Meshes/Part_15.asset' with importer (NativeFormatImporter)
Main Object Name 'JadeIvory_A380_800_Part_15' does not match filename 'Part_15'
UnityEngine.Debug:ExtractStackTraceNoAlloc (byte*,int,string)
UnityEngine.StackTraceUtility:ExtractStackTrace () (at /Users/bokken/build/output/unity/unity/Runtime/Export/Scripting/StackTrace.cs:23)
ChubbyAircraftDelivery:SaveAndValidatePrefab (UnityEngine.GameObject,string,System.Text.StringBuilder) (at Assets/Editor/ChubbyAircraftDelivery.cs:250)
ChubbyAircraftDelivery:Run () (at Assets/Editor/ChubbyAircraftDelivery.cs:104)
ChubbyAircraftFinalCheck:Run () (at Assets/Editor/ChubbyAircraftFinalCheck.cs:5)

[Assets/Editor/ChubbyAircraftDelivery.cs line 104]

Imported 'GUID: 01075b6e8b1964e198528be53b3a0608' -> (Import Result ID: '04a700ce3faf7809b0241c54074c7061') in 0.000 seconds [static dependencies only]. Details - ImportResultOutputID=4aec03dc14a9ae1e2c0d39abb3464096 DependenciesID=4534abc8d1103e0573fd760f307a01d6 StaticDependenciesID=88f7ff0ab0d39982511ba85470df095e 
Importing 'GUID: a1dfdeeeed6f145dda11104fe4fa0860 - Path: Assets/Art/ChubbyAircraft/JadeIvory_A380_800/Meshes/Part_01.asset' with importer (NativeFormatImporter)
Main Object Name 'JadeIvory_A380_800_Part_01' does not match filename 'Part_01'
UnityEngine.Debug:ExtractStackTraceNoAlloc (byte*,int,string)
UnityEngine.StackTraceUtility:ExtractStackTrace () (at /Users/bokken/build/output/unity/unity/Runtime/Export/Scripting/StackTrace.cs:23)
ChubbyAircraftDelivery:SaveAndValidatePrefab (UnityEngine.GameObject,string,System.Text.StringBuilder) (at Assets/Editor/ChubbyAircraftDelivery.cs:250)
ChubbyAircraftDelivery:Run () (at Assets/Editor/ChubbyAircraftDelivery.cs:104)
ChubbyAircraftFinalCheck:Run () (at Assets/Editor/ChubbyAircraftFinalCheck.cs:5)

[Assets/Editor/ChubbyAircraftDelivery.cs line 104]

Imported 'GUID: a1dfdeeeed6f145dda11104fe4fa0860' -> (Import Result ID: '25a89d741a3eb9a8260dd636c29edd9a') in 0.001 seconds [static dependencies only]. Details - ImportResultOutputID=5946c5bb5f7779ba8a70cdff8b0c3e6e DependenciesID=a93b0668a8f382132951eb2c21e911ff StaticDependenciesID=17be6086d3bf92194589ff57a8e6957b 
Importing 'GUID: e1f91562d271e4e14a3d4a2ef654bbd6 - Path: Assets/Art/ChubbyAircraft/JadeIvory_A380_800/Meshes/Part_13.asset' with importer (NativeFormatImporter)
Main Object Name 'JadeIvory_A380_800_Part_13' does not match filename 'Part_13'
UnityEngine.Debug:ExtractStackTraceNoAlloc (byte*,int,string)
UnityEngine.StackTraceUtility:ExtractStackTrace () (at /Users/bokken/build/output/unity/unity/Runtime/Export/Scripting/StackTrace.cs:23)
ChubbyAircraftDelivery:SaveAndValidatePrefab (UnityEngine.GameObject,string,System.Text.StringBuilder) (at Assets/Editor/ChubbyAircraftDelivery.cs:250)
ChubbyAircraftDelivery:Run () (at Assets/Editor/ChubbyAircraftDelivery.cs:104)
ChubbyAircraftFinalCheck:Run () (at Assets/Editor/ChubbyAircraftFinalCheck.cs:5)

[Assets/Editor/ChubbyAircraftDelivery.cs line 104]

Imported 'GUID: e1f91562d271e4e14a3d4a2ef654bbd6' -> (Import Result ID: '7fb00d27a6ebc5669ed5294504ca6c94') in 0.000 seconds [static dependencies only]. Details - ImportResultOutputID=10954c4aa24a73d2cc4d5f07c1f3f1cc DependenciesID=11b7dd6919a926dbff525dc0deba557a StaticDependenciesID=0790bc56c6d714476fc572086a4eb1c2 
Importing 'GUID: 348055ad30f8b4dbb9963c8ac62d234c - Path: Assets/Art/ChubbyAircraft/JadeIvory_A380_800/Meshes/Part_03.asset' with importer (NativeFormatImporter)
Main Object Name 'JadeIvory_A380_800_Part_03' does not match filename 'Part_03'
UnityEngine.Debug:ExtractStackTraceNoAlloc (byte*,int,string)
UnityEngine.StackTraceUtility:ExtractStackTrace () (at /Users/bokken/build/output/unity/unity/Runtime/Export/Scripting/StackTrace.cs:23)
ChubbyAircraftDelivery:SaveAndValidatePrefab (UnityEngine.GameObject,string,System.Text.StringBuilder) (at Assets/Editor/ChubbyAircraftDelivery.cs:250)
ChubbyAircraftDelivery:Run () (at Assets/Editor/ChubbyAircraftDelivery.cs:104)
ChubbyAircraftFinalCheck:Run () (at Assets/Editor/ChubbyAircraftFinalCheck.cs:5)

[Assets/Editor/ChubbyAircraftDelivery.cs line 104]

Imported 'GUID: 348055ad30f8b4dbb9963c8ac62d234c' -> (Import Result ID: '252134c50a8b0588da95711184862682') in 0.001 seconds [static dependencies only]. Details - ImportResultOutputID=e7d63045caeb0ffec88895bd8b5c9453 DependenciesID=2d299075fd57fae067e835efc2e32c28 StaticDependenciesID=5e2cdaf60b8e06f9f40c7a2645c6057a 
Importing 'GUID: 4663724256c9c4c5e8f7d96625b95eac - Path: Assets/Art/ChubbyAircraft/JadeIvory_A380_800/Meshes/Part_05.asset' with importer (NativeFormatImporter)
Main Object Name 'JadeIvory_A380_800_Part_05' does not match filename 'Part_05'
UnityEngine.Debug:ExtractStackTraceNoAlloc (byte*,int,string)
UnityEngine.StackTraceUtility:ExtractStackTrace () (at /Users/bokken/build/output/unity/unity/Runtime/Export/Scripting/StackTrace.cs:23)
ChubbyAircraftDelivery:SaveAndValidatePrefab (UnityEngine.GameObject,string,System.Text.StringBuilder) (at Assets/Editor/ChubbyAircraftDelivery.cs:250)
ChubbyAircraftDelivery:Run () (at Assets/Editor/ChubbyAircraftDelivery.cs:104)
ChubbyAircraftFinalCheck:Run () (at Assets/Editor/ChubbyAircraftFinalCheck.cs:5)

[Assets/Editor/ChubbyAircraftDelivery.cs line 104]

Imported 'GUID: 4663724256c9c4c5e8f7d96625b95eac' -> (Import Result ID: '6ddfe41b5554882fcf8b88166def6f3f') in 0.000 seconds [static dependencies only]. Details - ImportResultOutputID=6b53784d447c81ee5d795ee1c8ebbdb6 DependenciesID=dfc3ea121b28fd72981fc069db8a8873 StaticDependenciesID=25828136431bc62be446b036a7857db4 
Importing 'GUID: a8890ec9c3a904a6bbdba68d32ba483a - Path: Assets/Art/ChubbyAircraft/JadeIvory_A380_800/Meshes/Part_11.asset' with importer (NativeFormatImporter)
Main Object Name 'JadeIvory_A380_800_Part_11' does not match filename 'Part_11'
UnityEngine.Debug:ExtractStackTraceNoAlloc (byte*,int,string)
UnityEngine.StackTraceUtility:ExtractStackTrace () (at /Users/bokken/build/output/unity/unity/Runtime/Export/Scripting/StackTrace.cs:23)
ChubbyAircraftDelivery:SaveAndValidatePrefab (UnityEngine.GameObject,string,System.Text.StringBuilder) (at Assets/Editor/ChubbyAircraftDelivery.cs:250)
ChubbyAircraftDelivery:Run () (at Assets/Editor/ChubbyAircraftDelivery.cs:104)
ChubbyAircraftFinalCheck:Run () (at Assets/Editor/ChubbyAircraftFinalCheck.cs:5)

[Assets/Editor/ChubbyAircraftDelivery.cs line 104]

Imported 'GUID: a8890ec9c3a904a6bbdba68d32ba483a' -> (Import Result ID: '0f1422be4f3acfa6ff1029d18fa23d1b') in 0.000 seconds [static dependencies only]. Details - ImportResultOutputID=372ecfe3c5262550ebb7d83157ec7393 DependenciesID=4c1d52d92a683edcd66b421e0a4069ef StaticDependenciesID=f944073f222c516cc3d4a295a3750df4 
Importing 'GUID: 0af9e96c5bb044fcd99270eee844701d - Path: Assets/Art/ChubbyAircraft/JadeIvory_A380_800/Meshes/Part_16.asset' with importer (NativeFormatImporter)
Main Object Name 'JadeIvory_A380_800_Part_16' does not match filename 'Part_16'
UnityEngine.Debug:ExtractStackTraceNoAlloc (byte*,int,string)
UnityEngine.StackTraceUtility:ExtractStackTrace () (at /Users/bokken/build/output/unity/unity/Runtime/Export/Scripting/StackTrace.cs:23)
ChubbyAircraftDelivery:SaveAndValidatePrefab (UnityEngine.GameObject,string,System.Text.StringBuilder) (at Assets/Editor/ChubbyAircraftDelivery.cs:250)
ChubbyAircraftDelivery:Run () (at Assets/Editor/ChubbyAircraftDelivery.cs:104)
ChubbyAircraftFinalCheck:Run () (at Assets/Editor/ChubbyAircraftFinalCheck.cs:5)

[Assets/Editor/ChubbyAircraftDelivery.cs line 104]

Imported 'GUID: 0af9e96c5bb044fcd99270eee844701d' -> (Import Result ID: 'c6e622f4007871bf32abc2e98128b184') in 0.000 seconds [static dependencies only]. Details - ImportResultOutputID=57ba8fd7e3285cf14445be0bb61560af DependenciesID=9515bc9b070953f1ea5093a010613704 StaticDependenciesID=a4219ba0e443f9aeacb515e65298c066 
Importing 'GUID: ea1b6898ad55e42078d2102fc6e39b77 - Path: Assets/Art/ChubbyAircraft/JadeIvory_A380_800/Meshes/Part_06.asset' with importer (NativeFormatImporter)
Main Object Name 'JadeIvory_A380_800_Part_06' does not match filename 'Part_06'
UnityEngine.Debug:ExtractStackTraceNoAlloc (byte*,int,string)
UnityEngine.StackTraceUtility:ExtractStackTrace () (at /Users/bokken/build/output/unity/unity/Runtime/Export/Scripting/StackTrace.cs:23)
ChubbyAircraftDelivery:SaveAndValidatePrefab (UnityEngine.GameObject,string,System.Text.StringBuilder) (at Assets/Editor/ChubbyAircraftDelivery.cs:250)
ChubbyAircraftDelivery:Run () (at Assets/Editor/ChubbyAircraftDelivery.cs:104)
ChubbyAircraftFinalCheck:Run () (at Assets/Editor/ChubbyAircraftFinalCheck.cs:5)

[Assets/Editor/ChubbyAircraftDelivery.cs line 104]

Imported 'GUID: ea1b6898ad55e42078d2102fc6e39b77' -> (Import Result ID: '28c855565ced90c620a5eb3ecc59b897') in 0.000 seconds [static dependencies only]. Details - ImportResultOutputID=192eeab24a0e853672a3210c357c5c8a DependenciesID=41052e824e359171474a8fc6d27c9a3c StaticDependenciesID=cfcf8de2ccd3a943d3fa5bfc7864cfd4 
Importing 'GUID: 6b178341e130549829dead8cc3708a5b - Path: Assets/Art/ChubbyAircraft/JadeIvory_A380_800/Meshes/Part_04.asset' with importer (NativeFormatImporter)
Main Object Name 'JadeIvory_A380_800_Part_04' does not match filename 'Part_04'
UnityEngine.Debug:ExtractStackTraceNoAlloc (byte*,int,string)
UnityEngine.StackTraceUtility:ExtractStackTrace () (at /Users/bokken/build/output/unity/unity/Runtime/Export/Scripting/StackTrace.cs:23)
ChubbyAircraftDelivery:SaveAndValidatePrefab (UnityEngine.GameObject,string,System.Text.StringBuilder) (at Assets/Editor/ChubbyAircraftDelivery.cs:250)
ChubbyAircraftDelivery:Run () (at Assets/Editor/ChubbyAircraftDelivery.cs:104)
ChubbyAircraftFinalCheck:Run () (at Assets/Editor/ChubbyAircraftFinalCheck.cs:5)

[Assets/Editor/ChubbyAircraftDelivery.cs line 104]

Imported 'GUID: 6b178341e130549829dead8cc3708a5b' -> (Import Result ID: '21dac1c807c0ce1a05637c6ac3f0f88d') in 0.001 seconds [static dependencies only]. Details - ImportResultOutputID=2ad74d4b9a4c9d9c5afab6886f8d9cbe DependenciesID=36d5b4471fd18991fb3f2fb417725d51 StaticDependenciesID=44af4c72e5e85bd9818355a2ca808eb4 
Importing 'GUID: 1c75d0501d7be40f3a9813bd9d1a7ba3 - Path: Assets/Art/ChubbyAircraft/JadeIvory_A380_800/Meshes/Part_07.asset' with importer (NativeFormatImporter)
Main Object Name 'JadeIvory_A380_800_Part_07' does not match filename 'Part_07'
UnityEngine.Debug:ExtractStackTraceNoAlloc (byte*,int,string)
UnityEngine.StackTraceUtility:ExtractStackTrace () (at /Users/bokken/build/output/unity/unity/Runtime/Export/Scripting/StackTrace.cs:23)
ChubbyAircraftDelivery:SaveAndValidatePrefab (UnityEngine.GameObject,string,System.Text.StringBuilder) (at Assets/Editor/ChubbyAircraftDelivery.cs:250)
ChubbyAircraftDelivery:Run () (at Assets/Editor/ChubbyAircraftDelivery.cs:104)
ChubbyAircraftFinalCheck:Run () (at Assets/Editor/ChubbyAircraftFinalCheck.cs:5)

[Assets/Editor/ChubbyAircraftDelivery.cs line 104]

Imported 'GUID: 1c75d0501d7be40f3a9813bd9d1a7ba3' -> (Import Result ID: 'd4e91832980d41947536cfebef8a93bb') in 0.000 seconds [static dependencies only]. Details - ImportResultOutputID=c046753d333b5cf9a967b0bd0f23477c DependenciesID=4f42caf3e2bd67af9355dc61bc05ecd3 StaticDependenciesID=c200b19527239a989ba27ac2b5385aa4 
Importing 'GUID: 6cd3f38d4b2854807991b24526361a93 - Path: Assets/Art/ChubbyAircraft/JadeIvory_A380_800/Meshes/Part_09.asset' with importer (NativeFormatImporter)
Main Object Name 'JadeIvory_A380_800_Part_09' does not match filename 'Part_09'
UnityEngine.Debug:ExtractStackTraceNoAlloc (byte*,int,string)
UnityEngine.StackTraceUtility:ExtractStackTrace () (at /Users/bokken/build/output/unity/unity/Runtime/Export/Scripting/StackTrace.cs:23)
ChubbyAircraftDelivery:SaveAndValidatePrefab (UnityEngine.GameObject,string,System.Text.StringBuilder) (at Assets/Editor/ChubbyAircraftDelivery.cs:250)
ChubbyAircraftDelivery:Run () (at Assets/Editor/ChubbyAircraftDelivery.cs:104)
ChubbyAircraftFinalCheck:Run () (at Assets/Editor/ChubbyAircraftFinalCheck.cs:5)

[Assets/Editor/ChubbyAircraftDelivery.cs line 104]

Imported 'GUID: 6cd3f38d4b2854807991b24526361a93' -> (Import Result ID: '3e1f883ed208682896175994d4f7e283') in 0.000 seconds [static dependencies only]. Details - ImportResultOutputID=384c75fa6e06bd44827a2ff530d776e3 DependenciesID=efbdbc63469befef7f03d7bda2c11bf0 StaticDependenciesID=9dfe05702b4837a93a3d835807ee2c91 
Importing 'GUID: dc6dabf59e4a04d639a6ea33d1564f6e - Path: Assets/Art/ChubbyAircraft/JadeIvory_A380_800/Meshes/Part_02.asset' with importer (NativeFormatImporter)
Main Object Name 'JadeIvory_A380_800_Part_02' does not match filename 'Part_02'
UnityEngine.Debug:ExtractStackTraceNoAlloc (byte*,int,string)
UnityEngine.StackTraceUtility:ExtractStackTrace () (at /Users/bokken/build/output/unity/unity/Runtime/Export/Scripting/StackTrace.cs:23)
ChubbyAircraftDelivery:SaveAndValidatePrefab (UnityEngine.GameObject,string,System.Text.StringBuilder) (at Assets/Editor/ChubbyAircraftDelivery.cs:250)
ChubbyAircraftDelivery:Run () (at Assets/Editor/ChubbyAircraftDelivery.cs:104)
ChubbyAircraftFinalCheck:Run () (at Assets/Editor/ChubbyAircraftFinalCheck.cs:5)

[Assets/Editor/ChubbyAircraftDelivery.cs line 104]

Imported 'GUID: dc6dabf59e4a04d639a6ea33d1564f6e' -> (Import Result ID: '96716e7dbefcef17ed1ae6fe7fc1e52e') in 0.001 seconds [static dependencies only]. Details - ImportResultOutputID=55afa08ab23685dbfbcedebb95709330 DependenciesID=79b65e6b3daf7fca60de1234fd79ecee StaticDependenciesID=8a409b9430071446c33304b1b6110267 
Importing 'GUID: 8dda6c623a3fc49fab67400e2888fdc0 - Path: Assets/Art/ChubbyAircraft/JadeIvory_A380_800/Meshes/Part_10.asset' with importer (NativeFormatImporter)
Main Object Name 'JadeIvory_A380_800_Part_10' does not match filename 'Part_10'
UnityEngine.Debug:ExtractStackTraceNoAlloc (byte*,int,string)
UnityEngine.StackTraceUtility:ExtractStackTrace () (at /Users/bokken/build/output/unity/unity/Runtime/Export/Scripting/StackTrace.cs:23)
ChubbyAircraftDelivery:SaveAndValidatePrefab (UnityEngine.GameObject,string,System.Text.StringBuilder) (at Assets/Editor/ChubbyAircraftDelivery.cs:250)
ChubbyAircraftDelivery:Run () (at Assets/Editor/ChubbyAircraftDelivery.cs:104)
ChubbyAircraftFinalCheck:Run () (at Assets/Editor/ChubbyAircraftFinalCheck.cs:5)

[Assets/Editor/ChubbyAircraftDelivery.cs line 104]

Imported 'GUID: 8dda6c623a3fc49fab67400e2888fdc0' -> (Import Result ID: '796c1c8ea120da3b83959aa1a9db0f1e') in 0.000 seconds [static dependencies only]. Details - ImportResultOutputID=91ef391014af3aeba61b3c685c97e592 DependenciesID=9cc66c43beea78b3cbc9c27340ccfdd3 StaticDependenciesID=1b2ae532a5d81d378a74078b690e91ff 
Importing 'GUID: dd045991023ca4a1b8c0de87c917f24e - Path: Assets/Art/ChubbyAircraft/JadeIvory_A380_800/Meshes/Part_17.asset' with importer (NativeFormatImporter)
Main Object Name 'JadeIvory_A380_800_Part_17' does not match filename 'Part_17'
UnityEngine.Debug:ExtractStackTraceNoAlloc (byte*,int,string)
UnityEngine.StackTraceUtility:ExtractStackTrace () (at /Users/bokken/build/output/unity/unity/Runtime/Export/Scripting/StackTrace.cs:23)
ChubbyAircraftDelivery:SaveAndValidatePrefab (UnityEngine.GameObject,string,System.Text.StringBuilder) (at Assets/Editor/ChubbyAircraftDelivery.cs:250)
ChubbyAircraftDelivery:Run () (at Assets/Editor/ChubbyAircraftDelivery.cs:104)
ChubbyAircraftFinalCheck:Run () (at Assets/Editor/ChubbyAircraftFinalCheck.cs:5)

[Assets/Editor/ChubbyAircraftDelivery.cs line 104]

Imported 'GUID: dd045991023ca4a1b8c0de87c917f24e' -> (Import Result ID: '8e495b87380819966e6e4ff7081f58b4') in 0.001 seconds [static dependencies only]. Details - ImportResultOutputID=92cdd9b79caf64c5c726cf2065b60590 DependenciesID=29e9cd8ec4ef59dff44c9ca2778aa264 StaticDependenciesID=6ce2e9986738ff14898841bff9ed5173 
Importing 'GUID: 2e078b98413c54c078de49e5a15f40d2 - Path: Assets/Art/ChubbyAircraft/JadeIvory_A380_800/Meshes/Part_14.asset' with importer (NativeFormatImporter)
Main Object Name 'JadeIvory_A380_800_Part_14' does not match filename 'Part_14'
UnityEngine.Debug:ExtractStackTraceNoAlloc (byte*,int,string)
UnityEngine.StackTraceUtility:ExtractStackTrace () (at /Users/bokken/build/output/unity/unity/Runtime/Export/Scripting/StackTrace.cs:23)
ChubbyAircraftDelivery:SaveAndValidatePrefab (UnityEngine.GameObject,string,System.Text.StringBuilder) (at Assets/Editor/ChubbyAircraftDelivery.cs:250)
ChubbyAircraftDelivery:Run () (at Assets/Editor/ChubbyAircraftDelivery.cs:104)
ChubbyAircraftFinalCheck:Run () (at Assets/Editor/ChubbyAircraftFinalCheck.cs:5)

[Assets/Editor/ChubbyAircraftDelivery.cs line 104]

Imported 'GUID: 2e078b98413c54c078de49e5a15f40d2' -> (Import Result ID: 'a789a7f45b6b742fd33519cd34c3ec31') in 0.000 seconds [static dependencies only]. Details - ImportResultOutputID=26cbabd14519a55643ecd17d8d5c4af6 DependenciesID=518dc2a2eb468a391423e817e69b538b StaticDependenciesID=5d1c7bda82ab4c76943dac41e73f46e9 
Importing 'GUID: 7f531ce52a1d649f48ca599b65435bf6 - Path: Assets/Art/ChubbyAircraft/JadeIvory_A380_800/Meshes/Part_00.asset' with importer (NativeFormatImporter)
Main Object Name 'JadeIvory_A380_800_Part_00' does not match filename 'Part_00'
UnityEngine.Debug:ExtractStackTraceNoAlloc (byte*,int,string)
UnityEngine.StackTraceUtility:ExtractStackTrace () (at /Users/bokken/build/output/unity/unity/Runtime/Export/Scripting/StackTrace.cs:23)
ChubbyAircraftDelivery:SaveAndValidatePrefab (UnityEngine.GameObject,string,System.Text.StringBuilder) (at Assets/Editor/ChubbyAircraftDelivery.cs:250)
ChubbyAircraftDelivery:Run () (at Assets/Editor/ChubbyAircraftDelivery.cs:104)
ChubbyAircraftFinalCheck:Run () (at Assets/Editor/ChubbyAircraftFinalCheck.cs:5)

[Assets/Editor/ChubbyAircraftDelivery.cs line 104]

Imported 'GUID: 7f531ce52a1d649f48ca599b65435bf6' -> (Import Result ID: 'de58f18fe03287fd4067f2a50d72fff4') in 0.001 seconds [static dependencies only]. Details - ImportResultOutputID=79b8381bef65d991e3ec3c5608cab9ef DependenciesID=72428e51ab6d5cdc037ccdf64d479127 StaticDependenciesID=2d503dafd7fba4240037fe8abaf37b3a 
Asset Pipeline Refresh (id=0d9353073d95345f6b943518f5fb678a): Total: 0.027 seconds - Initiated by StopAssetImportingV2(NoUpdateAssetOptions)
Importing 'GUID: b7d061b0377a048e3a1433ea14b045de - Path: Assets/Art/ChubbyAircraft/JadeIvory_A380_800/JadeIvory_A380_800.prefab' with importer (PrefabImporter)
Imported 'GUID: b7d061b0377a048e3a1433ea14b045de' -> (Import Result ID: '412ec4e9e0965fd8108ab2404d8321ab') in 0.001 seconds [static dependencies only]. Details - ImportResultOutputID=7242b4fda282157fc44e2739a2f91e7f DependenciesID=49ad0de09d7a1a2d07377dc82a69dd3e StaticDependenciesID=8f1dc26d909724560f67855a6f07bb23 
Asset Pipeline Refresh (id=550a51de8767048eeb65ba8a3dbca260): Total: 0.005 seconds - Initiated by StopAssetImportingV2(NoUpdateAssetOptions)
Loaded scene 'Library/Unused/85ceab3bf530b4ad18a70a51b230184e'
	Deserialize:            0.237 ms
	Integration:            0.098 ms
	Integration of assets:  0.001 ms
	Thread Wait Time:       0.004 ms
	Total Operation Time:   0.339 ms
Asset Pipeline Refresh (id=2f5588800275a46dcb0bdfab476d238d): Total: 0.002 seconds - Initiated by StopAssetImportingV2(NoUpdateAssetOptions)
Importing 'GUID: 80d119ab965c54ac48297a78d816fbbd - Path: Assets/Art/ChubbyAircraft/JadeIvory_Comet4/Materials/Part_17.mat' with importer (NativeFormatImporter)
Main Object Name 'JadeIvory_Comet4_Part_17' does not match filename 'Part_17'
UnityEngine.Debug:ExtractStackTraceNoAlloc (byte*,int,string)
UnityEngine.StackTraceUtility:ExtractStackTrace () (at /Users/bokken/build/output/unity/unity/Runtime/Export/Scripting/StackTrace.cs:23)
ChubbyAircraftDelivery:SaveAndValidatePrefab (UnityEngine.GameObject,string,System.Text.StringBuilder) (at Assets/Editor/ChubbyAircraftDelivery.cs:250)
ChubbyAircraftDelivery:Run () (at Assets/Editor/ChubbyAircraftDelivery.cs:104)
ChubbyAircraftFinalCheck:Run () (at Assets/Editor/ChubbyAircraftFinalCheck.cs:5)

[Assets/Editor/ChubbyAircraftDelivery.cs line 104]

Imported 'GUID: 80d119ab965c54ac48297a78d816fbbd' -> (Import Result ID: '674dc1765f2f4a3062432a958432ecae') in 0.001 seconds [static dependencies only]. Details - ImportResultOutputID=8f6abd68db8191b2e9db42d44f9e295f DependenciesID=75ced4b44e0582eb91cc2b176856d7b9 StaticDependenciesID=fcb5f636d9a94b1558651e1ab72f64dd 
Importing 'GUID: 111f0948774b342beaa55d2f21113545 - Path: Assets/Art/ChubbyAircraft/JadeIvory_Comet4/Materials/Part_16.mat' with importer (NativeFormatImporter)
Main Object Name 'JadeIvory_Comet4_Part_16' does not match filename 'Part_16'
UnityEngine.Debug:ExtractStackTraceNoAlloc (byte*,int,string)
UnityEngine.StackTraceUtility:ExtractStackTrace () (at /Users/bokken/build/output/unity/unity/Runtime/Export/Scripting/StackTrace.cs:23)
ChubbyAircraftDelivery:SaveAndValidatePrefab (UnityEngine.GameObject,string,System.Text.StringBuilder) (at Assets/Editor/ChubbyAircraftDelivery.cs:250)
ChubbyAircraftDelivery:Run () (at Assets/Editor/ChubbyAircraftDelivery.cs:104)
ChubbyAircraftFinalCheck:Run () (at Assets/Editor/ChubbyAircraftFinalCheck.cs:5)

[Assets/Editor/ChubbyAircraftDelivery.cs line 104]

Imported 'GUID: 111f0948774b342beaa55d2f21113545' -> (Import Result ID: 'a5a7d9984756dc4ad7245a9ef33bbbba') in 0.000 seconds [static dependencies only]. Details - ImportResultOutputID=65b3c8fff05eb06b55fe87de8e09e3a2 DependenciesID=e3469f52841c39037e2b20099ab5a532 StaticDependenciesID=08739353ac799b50f1d3763f38bcc1c9 
Importing 'GUID: d10e00e2764034dac8ec9e69fa2963cd - Path: Assets/Art/ChubbyAircraft/JadeIvory_Comet4/Materials/Part_14.mat' with importer (NativeFormatImporter)
Main Object Name 'JadeIvory_Comet4_Part_14' does not match filename 'Part_14'
UnityEngine.Debug:ExtractStackTraceNoAlloc (byte*,int,string)
UnityEngine.StackTraceUtility:ExtractStackTrace () (at /Users/bokken/build/output/unity/unity/Runtime/Export/Scripting/StackTrace.cs:23)
ChubbyAircraftDelivery:SaveAndValidatePrefab (UnityEngine.GameObject,string,System.Text.StringBuilder) (at Assets/Editor/ChubbyAircraftDelivery.cs:250)
ChubbyAircraftDelivery:Run () (at Assets/Editor/ChubbyAircraftDelivery.cs:104)
ChubbyAircraftFinalCheck:Run () (at Assets/Editor/ChubbyAircraftFinalCheck.cs:5)

[Assets/Editor/ChubbyAircraftDelivery.cs line 104]

Imported 'GUID: d10e00e2764034dac8ec9e69fa2963cd' -> (Import Result ID: 'd854b0ebe3160050de2613d50dc6ec49') in 0.000 seconds [static dependencies only]. Details - ImportResultOutputID=671d5ebecd989f6ee7e538a4dd8496dc DependenciesID=de930e55bbd20057d5c15a2cd132aa7e StaticDependenciesID=fd800d37e2eb792432d6e997850bcd2a 
Importing 'GUID: 938b34956c362418cb25b4231f85fe71 - Path: Assets/Art/ChubbyAircraft/JadeIvory_Comet4/Materials/Part_10.mat' with importer (NativeFormatImporter)
Main Object Name 'JadeIvory_Comet4_Part_10' does not match filename 'Part_10'
UnityEngine.Debug:ExtractStackTraceNoAlloc (byte*,int,string)
UnityEngine.StackTraceUtility:ExtractStackTrace () (at /Users/bokken/build/output/unity/unity/Runtime/Export/Scripting/StackTrace.cs:23)
ChubbyAircraftDelivery:SaveAndValidatePrefab (UnityEngine.GameObject,string,System.Text.StringBuilder) (at Assets/Editor/ChubbyAircraftDelivery.cs:250)
ChubbyAircraftDelivery:Run () (at Assets/Editor/ChubbyAircraftDelivery.cs:104)
ChubbyAircraftFinalCheck:Run () (at Assets/Editor/ChubbyAircraftFinalCheck.cs:5)

[Assets/Editor/ChubbyAircraftDelivery.cs line 104]

Imported 'GUID: 938b34956c362418cb25b4231f85fe71' -> (Import Result ID: '9d924e6c62f7e8e3433febacb07ba8b8') in 0.000 seconds [static dependencies only]. Details - ImportResultOutputID=61d1da41bac80eb5e2af16669da0760e DependenciesID=60b95589ce9c47a5c944688a0254552c StaticDependenciesID=8fa7bb33eb091fb1cf25f9d0fe714660 
Importing 'GUID: 04179c414fab246f3b967cf7442b066d - Path: Assets/Art/ChubbyAircraft/JadeIvory_Comet4/Materials/Part_08.mat' with importer (NativeFormatImporter)
Main Object Name 'JadeIvory_Comet4_Part_08' does not match filename 'Part_08'
UnityEngine.Debug:ExtractStackTraceNoAlloc (byte*,int,string)
UnityEngine.StackTraceUtility:ExtractStackTrace () (at /Users/bokken/build/output/unity/unity/Runtime/Export/Scripting/StackTrace.cs:23)
ChubbyAircraftDelivery:SaveAndValidatePrefab (UnityEngine.GameObject,string,System.Text.StringBuilder) (at Assets/Editor/ChubbyAircraftDelivery.cs:250)
ChubbyAircraftDelivery:Run () (at Assets/Editor/ChubbyAircraftDelivery.cs:104)
ChubbyAircraftFinalCheck:Run () (at Assets/Editor/ChubbyAircraftFinalCheck.cs:5)

[Assets/Editor/ChubbyAircraftDelivery.cs line 104]

Imported 'GUID: 04179c414fab246f3b967cf7442b066d' -> (Import Result ID: 'b620e233f2602a66ba7c0bed61288f75') in 0.000 seconds [static dependencies only]. Details - ImportResultOutputID=b71033a91a8147bbd1ba70ae13f27753 DependenciesID=9b5cb162d49e7f06c437b66caccd2b3b StaticDependenciesID=e94ca553b71390010ac8cfe6bf9f1977 
Importing 'GUID: 64c9a6dc10da2449299147623197f6ca - Path: Assets/Art/ChubbyAircraft/JadeIvory_Comet4/Materials/Part_13.mat' with importer (NativeFormatImporter)
Main Object Name 'JadeIvory_Comet4_Part_13' does not match filename 'Part_13'
UnityEngine.Debug:ExtractStackTraceNoAlloc (byte*,int,string)
UnityEngine.StackTraceUtility:ExtractStackTrace () (at /Users/bokken/build/output/unity/unity/Runtime/Export/Scripting/StackTrace.cs:23)
ChubbyAircraftDelivery:SaveAndValidatePrefab (UnityEngine.GameObject,string,System.Text.StringBuilder) (at Assets/Editor/ChubbyAircraftDelivery.cs:250)
ChubbyAircraftDelivery:Run () (at Assets/Editor/ChubbyAircraftDelivery.cs:104)
ChubbyAircraftFinalCheck:Run () (at Assets/Editor/ChubbyAircraftFinalCheck.cs:5)

[Assets/Editor/ChubbyAircraftDelivery.cs line 104]

Imported 'GUID: 64c9a6dc10da2449299147623197f6ca' -> (Import Result ID: 'a1c4d82b5526c61764b830448f15709a') in 0.000 seconds [static dependencies only]. Details - ImportResultOutputID=cddeb63a834bb51be7d4230a74ce9b18 DependenciesID=320bbb11706d399d6d19e7d01455d0e0 StaticDependenciesID=f966074a8e64d6d191f936c3a7689379 
Importing 'GUID: d5add64724b214b4ea810fb0da86692a - Path: Assets/Art/ChubbyAircraft/JadeIvory_Comet4/Materials/Part_00.mat' with importer (NativeFormatImporter)
Main Object Name 'JadeIvory_Comet4_Part_00' does not match filename 'Part_00'
UnityEngine.Debug:ExtractStackTraceNoAlloc (byte*,int,string)
UnityEngine.StackTraceUtility:ExtractStackTrace () (at /Users/bokken/build/output/unity/unity/Runtime/Export/Scripting/StackTrace.cs:23)
ChubbyAircraftDelivery:SaveAndValidatePrefab (UnityEngine.GameObject,string,System.Text.StringBuilder) (at Assets/Editor/ChubbyAircraftDelivery.cs:250)
ChubbyAircraftDelivery:Run () (at Assets/Editor/ChubbyAircraftDelivery.cs:104)
ChubbyAircraftFinalCheck:Run () (at Assets/Editor/ChubbyAircraftFinalCheck.cs:5)

[Assets/Editor/ChubbyAircraftDelivery.cs line 104]

Imported 'GUID: d5add64724b214b4ea810fb0da86692a' -> (Import Result ID: '44dde5306f4e11b114d952ad39231bd3') in 0.000 seconds [static dependencies only]. Details - ImportResultOutputID=26fec31849fdc61830e5011b510026b3 DependenciesID=11b04df8abbf0c6fbad52acb78708b47 StaticDependenciesID=835e7c479f9a28de678b5268f9727065 
Importing 'GUID: 660824d9408c74463b39807ffb574149 - Path: Assets/Art/ChubbyAircraft/JadeIvory_Comet4/Materials/Part_09.mat' with importer (NativeFormatImporter)
Main Object Name 'JadeIvory_Comet4_Part_09' does not match filename 'Part_09'
UnityEngine.Debug:ExtractStackTraceNoAlloc (byte*,int,string)
UnityEngine.StackTraceUtility:ExtractStackTrace () (at /Users/bokken/build/output/unity/unity/Runtime/Export/Scripting/StackTrace.cs:23)
ChubbyAircraftDelivery:SaveAndValidatePrefab (UnityEngine.GameObject,string,System.Text.StringBuilder) (at Assets/Editor/ChubbyAircraftDelivery.cs:250)
ChubbyAircraftDelivery:Run () (at Assets/Editor/ChubbyAircraftDelivery.cs:104)
ChubbyAircraftFinalCheck:Run () (at Assets/Editor/ChubbyAircraftFinalCheck.cs:5)

[Assets/Editor/ChubbyAircraftDelivery.cs line 104]

Imported 'GUID: 660824d9408c74463b39807ffb574149' -> (Import Result ID: '383b142ccd51e4b66e5d6cdf193741a4') in 0.000 seconds [static dependencies only]. Details - ImportResultOutputID=1c6a0fa3206aeccbd1aaea318ab044b2 DependenciesID=44cba286ea41f67948ea307347ca3d12 StaticDependenciesID=28768f008f46b869c1a5ca7801e8dd93 
Importing 'GUID: b6cdb2921daca4a789fef29e4253b2df - Path: Assets/Art/ChubbyAircraft/JadeIvory_Comet4/Materials/Part_03.mat' with importer (NativeFormatImporter)
Main Object Name 'JadeIvory_Comet4_Part_03' does not match filename 'Part_03'
UnityEngine.Debug:ExtractStackTraceNoAlloc (byte*,int,string)
UnityEngine.StackTraceUtility:ExtractStackTrace () (at /Users/bokken/build/output/unity/unity/Runtime/Export/Scripting/StackTrace.cs:23)
ChubbyAircraftDelivery:SaveAndValidatePrefab (UnityEngine.GameObject,string,System.Text.StringBuilder) (at Assets/Editor/ChubbyAircraftDelivery.cs:250)
ChubbyAircraftDelivery:Run () (at Assets/Editor/ChubbyAircraftDelivery.cs:104)
ChubbyAircraftFinalCheck:Run () (at Assets/Editor/ChubbyAircraftFinalCheck.cs:5)

[Assets/Editor/ChubbyAircraftDelivery.cs line 104]

Imported 'GUID: b6cdb2921daca4a789fef29e4253b2df' -> (Import Result ID: '273fca0f3a8aacf053472334ada9f1d7') in 0.000 seconds [static dependencies only]. Details - ImportResultOutputID=389124ff846f03c309fb5f1ff09102f1 DependenciesID=471807d5dd7f8ac570a4df736a39435c StaticDependenciesID=df199b55a880a13aa46d14d96bbc0441 
Importing 'GUID: a88f91658e0a74ed4aa531ab5385bb6c - Path: Assets/Art/ChubbyAircraft/JadeIvory_Comet4/Materials/Part_02.mat' with importer (NativeFormatImporter)
Main Object Name 'JadeIvory_Comet4_Part_02' does not match filename 'Part_02'
UnityEngine.Debug:ExtractStackTraceNoAlloc (byte*,int,string)
UnityEngine.StackTraceUtility:ExtractStackTrace () (at /Users/bokken/build/output/unity/unity/Runtime/Export/Scripting/StackTrace.cs:23)
ChubbyAircraftDelivery:SaveAndValidatePrefab (UnityEngine.GameObject,string,System.Text.StringBuilder) (at Assets/Editor/ChubbyAircraftDelivery.cs:250)
ChubbyAircraftDelivery:Run () (at Assets/Editor/ChubbyAircraftDelivery.cs:104)
ChubbyAircraftFinalCheck:Run () (at Assets/Editor/ChubbyAircraftFinalCheck.cs:5)

[Assets/Editor/ChubbyAircraftDelivery.cs line 104]

Imported 'GUID: a88f91658e0a74ed4aa531ab5385bb6c' -> (Import Result ID: '0cca16a4de681b2c07a2fcdf41dd6cf6') in 0.000 seconds [static dependencies only]. Details - ImportResultOutputID=8fa451a05355bdc8d21670d23c646e60 DependenciesID=20082492d4f38121b5b08ac9036410e4 StaticDependenciesID=47d541323e62e82612dc3ceb56b55bd3 
Importing 'GUID: e8a4ddbf1320a46bc86573ae5f98242f - Path: Assets/Art/ChubbyAircraft/JadeIvory_Comet4/Materials/Part_06.mat' with importer (NativeFormatImporter)
Main Object Name 'JadeIvory_Comet4_Part_06' does not match filename 'Part_06'
UnityEngine.Debug:ExtractStackTraceNoAlloc (byte*,int,string)
UnityEngine.StackTraceUtility:ExtractStackTrace () (at /Users/bokken/build/output/unity/unity/Runtime/Export/Scripting/StackTrace.cs:23)
ChubbyAircraftDelivery:SaveAndValidatePrefab (UnityEngine.GameObject,string,System.Text.StringBuilder) (at Assets/Editor/ChubbyAircraftDelivery.cs:250)
ChubbyAircraftDelivery:Run () (at Assets/Editor/ChubbyAircraftDelivery.cs:104)
ChubbyAircraftFinalCheck:Run () (at Assets/Editor/ChubbyAircraftFinalCheck.cs:5)

[Assets/Editor/ChubbyAircraftDelivery.cs line 104]

Imported 'GUID: e8a4ddbf1320a46bc86573ae5f98242f' -> (Import Result ID: 'f36c4209f344756360ea987cf0679f93') in 0.000 seconds [static dependencies only]. Details - ImportResultOutputID=6ae070778ab1a0643d28660804012b12 DependenciesID=160b330c1b5e4cb045ef8b51cfb545fc StaticDependenciesID=1221f936ffa1db5fc1fb2e18ea76dcbb 
Importing 'GUID: 5971534cce3614901b048b75c91d3520 - Path: Assets/Art/ChubbyAircraft/JadeIvory_Comet4/Materials/Part_12.mat' with importer (NativeFormatImporter)
Main Object Name 'JadeIvory_Comet4_Part_12' does not match filename 'Part_12'
UnityEngine.Debug:ExtractStackTraceNoAlloc (byte*,int,string)
UnityEngine.StackTraceUtility:ExtractStackTrace () (at /Users/bokken/build/output/unity/unity/Runtime/Export/Scripting/StackTrace.cs:23)
ChubbyAircraftDelivery:SaveAndValidatePrefab (UnityEngine.GameObject,string,System.Text.StringBuilder) (at Assets/Editor/ChubbyAircraftDelivery.cs:250)
ChubbyAircraftDelivery:Run () (at Assets/Editor/ChubbyAircraftDelivery.cs:104)
ChubbyAircraftFinalCheck:Run () (at Assets/Editor/ChubbyAircraftFinalCheck.cs:5)

[Assets/Editor/ChubbyAircraftDelivery.cs line 104]

Imported 'GUID: 5971534cce3614901b048b75c91d3520' -> (Import Result ID: 'e3201b204f4729a51fe62a3076b4f68a') in 0.000 seconds [static dependencies only]. Details - ImportResultOutputID=5f6799186c98ddedaef12b2025342547 DependenciesID=6bf490a30ef61e4c0da3cf3bf62fed15 StaticDependenciesID=087d4b79a6e8c0c3ce9122f54b1b848a 
Importing 'GUID: ba513b935e95c421e9343d3bbe0eb95f - Path: Assets/Art/ChubbyAircraft/JadeIvory_Comet4/Materials/Part_01.mat' with importer (NativeFormatImporter)
Main Object Name 'JadeIvory_Comet4_Part_01' does not match filename 'Part_01'
UnityEngine.Debug:ExtractStackTraceNoAlloc (byte*,int,string)
UnityEngine.StackTraceUtility:ExtractStackTrace () (at /Users/bokken/build/output/unity/unity/Runtime/Export/Scripting/StackTrace.cs:23)
ChubbyAircraftDelivery:SaveAndValidatePrefab (UnityEngine.GameObject,string,System.Text.StringBuilder) (at Assets/Editor/ChubbyAircraftDelivery.cs:250)
ChubbyAircraftDelivery:Run () (at Assets/Editor/ChubbyAircraftDelivery.cs:104)
ChubbyAircraftFinalCheck:Run () (at Assets/Editor/ChubbyAircraftFinalCheck.cs:5)

[Assets/Editor/ChubbyAircraftDelivery.cs line 104]

Imported 'GUID: ba513b935e95c421e9343d3bbe0eb95f' -> (Import Result ID: '98b0a45d0ef0e682d7e69a7770a374b1') in 0.000 seconds [static dependencies only]. Details - ImportResultOutputID=7e3418ee1898bef1c28d3b43e55be42b DependenciesID=4d94f74b38d62aaa971cc9946b8750fe StaticDependenciesID=349bed956e593b3010b38569e3182d1c 
Importing 'GUID: 5b083d85616cb4916a72c494f627e27d - Path: Assets/Art/ChubbyAircraft/JadeIvory_Comet4/Materials/Part_07.mat' with importer (NativeFormatImporter)
Main Object Name 'JadeIvory_Comet4_Part_07' does not match filename 'Part_07'
UnityEngine.Debug:ExtractStackTraceNoAlloc (byte*,int,string)
UnityEngine.StackTraceUtility:ExtractStackTrace () (at /Users/bokken/build/output/unity/unity/Runtime/Export/Scripting/StackTrace.cs:23)
ChubbyAircraftDelivery:SaveAndValidatePrefab (UnityEngine.GameObject,string,System.Text.StringBuilder) (at Assets/Editor/ChubbyAircraftDelivery.cs:250)
ChubbyAircraftDelivery:Run () (at Assets/Editor/ChubbyAircraftDelivery.cs:104)
ChubbyAircraftFinalCheck:Run () (at Assets/Editor/ChubbyAircraftFinalCheck.cs:5)

[Assets/Editor/ChubbyAircraftDelivery.cs line 104]

Imported 'GUID: 5b083d85616cb4916a72c494f627e27d' -> (Import Result ID: '76345cfbacfa988447a72c3562436e08') in 0.000 seconds [static dependencies only]. Details - ImportResultOutputID=63e98bce6983c14b5fdb871bb5456480 DependenciesID=0b61a9ec130d4d78bc55343bca6abaa0 StaticDependenciesID=e1c98d9f23dc54a22d608fe34b65d923 
Importing 'GUID: bd5e6a841478a469eb4e1febb0e8543e - Path: Assets/Art/ChubbyAircraft/JadeIvory_Comet4/Materials/Part_15.mat' with importer (NativeFormatImporter)
Main Object Name 'JadeIvory_Comet4_Part_15' does not match filename 'Part_15'
UnityEngine.Debug:ExtractStackTraceNoAlloc (byte*,int,string)
UnityEngine.StackTraceUtility:ExtractStackTrace () (at /Users/bokken/build/output/unity/unity/Runtime/Export/Scripting/StackTrace.cs:23)
ChubbyAircraftDelivery:SaveAndValidatePrefab (UnityEngine.GameObject,string,System.Text.StringBuilder) (at Assets/Editor/ChubbyAircraftDelivery.cs:250)
ChubbyAircraftDelivery:Run () (at Assets/Editor/ChubbyAircraftDelivery.cs:104)
ChubbyAircraftFinalCheck:Run () (at Assets/Editor/ChubbyAircraftFinalCheck.cs:5)

[Assets/Editor/ChubbyAircraftDelivery.cs line 104]

Imported 'GUID: bd5e6a841478a469eb4e1febb0e8543e' -> (Import Result ID: '5cf27b71a3795dd9a3092b579e062ae9') in 0.000 seconds [static dependencies only]. Details - ImportResultOutputID=c7d3b0b926f380613bd4a30f64acb07e DependenciesID=177fc964f817533ae9897127dcd44fed StaticDependenciesID=6fe89d520ef465cfd90f36d55acc9b93 
Importing 'GUID: 8e6fdb84c925340d28db8cdca8c2a9ee - Path: Assets/Art/ChubbyAircraft/JadeIvory_Comet4/Materials/Part_11.mat' with importer (NativeFormatImporter)
Main Object Name 'JadeIvory_Comet4_Part_11' does not match filename 'Part_11'
UnityEngine.Debug:ExtractStackTraceNoAlloc (byte*,int,string)
UnityEngine.StackTraceUtility:ExtractStackTrace () (at /Users/bokken/build/output/unity/unity/Runtime/Export/Scripting/StackTrace.cs:23)
ChubbyAircraftDelivery:SaveAndValidatePrefab (UnityEngine.GameObject,string,System.Text.StringBuilder) (at Assets/Editor/ChubbyAircraftDelivery.cs:250)
ChubbyAircraftDelivery:Run () (at Assets/Editor/ChubbyAircraftDelivery.cs:104)
ChubbyAircraftFinalCheck:Run () (at Assets/Editor/ChubbyAircraftFinalCheck.cs:5)

[Assets/Editor/ChubbyAircraftDelivery.cs line 104]

Imported 'GUID: 8e6fdb84c925340d28db8cdca8c2a9ee' -> (Import Result ID: '89f5b1d0ef2319fc0643e556351533f8') in 0.000 seconds [static dependencies only]. Details - ImportResultOutputID=e8bd862450e7496ca468e141172597a6 DependenciesID=2094724fbbae773dd792b7b949ed6594 StaticDependenciesID=fcf21fbdd6b4a0e2522faef70597aaa9 
Importing 'GUID: 4f96d38fa4cb943a6aa0bcf2588b107b - Path: Assets/Art/ChubbyAircraft/JadeIvory_Comet4/Materials/Part_04.mat' with importer (NativeFormatImporter)
Main Object Name 'JadeIvory_Comet4_Part_04' does not match filename 'Part_04'
UnityEngine.Debug:ExtractStackTraceNoAlloc (byte*,int,string)
UnityEngine.StackTraceUtility:ExtractStackTrace () (at /Users/bokken/build/output/unity/unity/Runtime/Export/Scripting/StackTrace.cs:23)
ChubbyAircraftDelivery:SaveAndValidatePrefab (UnityEngine.GameObject,string,System.Text.StringBuilder) (at Assets/Editor/ChubbyAircraftDelivery.cs:250)
ChubbyAircraftDelivery:Run () (at Assets/Editor/ChubbyAircraftDelivery.cs:104)
ChubbyAircraftFinalCheck:Run () (at Assets/Editor/ChubbyAircraftFinalCheck.cs:5)

[Assets/Editor/ChubbyAircraftDelivery.cs line 104]

Imported 'GUID: 4f96d38fa4cb943a6aa0bcf2588b107b' -> (Import Result ID: '3130fe3940965251188cc046ecc94383') in 0.000 seconds [static dependencies only]. Details - ImportResultOutputID=9357b933d949c6a824e325623a896088 DependenciesID=a3e58f8642d2a066603355c628efcea1 StaticDependenciesID=c1ab9409481c6d473d040c92b925b103 
Importing 'GUID: fff2c56c1983b41b3b530a0126d9852e - Path: Assets/Art/ChubbyAircraft/JadeIvory_Comet4/Materials/Part_05.mat' with importer (NativeFormatImporter)
Main Object Name 'JadeIvory_Comet4_Part_05' does not match filename 'Part_05'
UnityEngine.Debug:ExtractStackTraceNoAlloc (byte*,int,string)
UnityEngine.StackTraceUtility:ExtractStackTrace () (at /Users/bokken/build/output/unity/unity/Runtime/Export/Scripting/StackTrace.cs:23)
ChubbyAircraftDelivery:SaveAndValidatePrefab (UnityEngine.GameObject,string,System.Text.StringBuilder) (at Assets/Editor/ChubbyAircraftDelivery.cs:250)
ChubbyAircraftDelivery:Run () (at Assets/Editor/ChubbyAircraftDelivery.cs:104)
ChubbyAircraftFinalCheck:Run () (at Assets/Editor/ChubbyAircraftFinalCheck.cs:5)

[Assets/Editor/ChubbyAircraftDelivery.cs line 104]

Imported 'GUID: fff2c56c1983b41b3b530a0126d9852e' -> (Import Result ID: '7e14aec2b74b3eef881ae027be6e5841') in 0.000 seconds [static dependencies only]. Details - ImportResultOutputID=7e8ad9c8811fc72cc8725bd48baccfec DependenciesID=46fc551bb046d2ce3dd6d5da47496eb6 StaticDependenciesID=ce0a1694a856a35084cbbeb568ea77e9 
Importing 'GUID: 50e2e810bb945471a886a1442f9451ab - Path: Assets/Art/ChubbyAircraft/JadeIvory_Comet4/Meshes/Part_10.asset' with importer (NativeFormatImporter)
Main Object Name 'JadeIvory_Comet4_Part_10' does not match filename 'Part_10'
UnityEngine.Debug:ExtractStackTraceNoAlloc (byte*,int,string)
UnityEngine.StackTraceUtility:ExtractStackTrace () (at /Users/bokken/build/output/unity/unity/Runtime/Export/Scripting/StackTrace.cs:23)
ChubbyAircraftDelivery:SaveAndValidatePrefab (UnityEngine.GameObject,string,System.Text.StringBuilder) (at Assets/Editor/ChubbyAircraftDelivery.cs:250)
ChubbyAircraftDelivery:Run () (at Assets/Editor/ChubbyAircraftDelivery.cs:104)
ChubbyAircraftFinalCheck:Run () (at Assets/Editor/ChubbyAircraftFinalCheck.cs:5)

[Assets/Editor/ChubbyAircraftDelivery.cs line 104]

Imported 'GUID: 50e2e810bb945471a886a1442f9451ab' -> (Import Result ID: '90aec1c954558f0ea168b06a78a31756') in 0.000 seconds [static dependencies only]. Details - ImportResultOutputID=5de477771784b10a32bae493063b8f0e DependenciesID=8a10910044c52023254799034fefcb47 StaticDependenciesID=00b175079808bc3289733c324b73539b 
Importing 'GUID: 704ee80dafa634b6fa5c865b1633f39d - Path: Assets/Art/ChubbyAircraft/JadeIvory_Comet4/Meshes/Part_16.asset' with importer (NativeFormatImporter)
Main Object Name 'JadeIvory_Comet4_Part_16' does not match filename 'Part_16'
UnityEngine.Debug:ExtractStackTraceNoAlloc (byte*,int,string)
UnityEngine.StackTraceUtility:ExtractStackTrace () (at /Users/bokken/build/output/unity/unity/Runtime/Export/Scripting/StackTrace.cs:23)
ChubbyAircraftDelivery:SaveAndValidatePrefab (UnityEngine.GameObject,string,System.Text.StringBuilder) (at Assets/Editor/ChubbyAircraftDelivery.cs:250)
ChubbyAircraftDelivery:Run () (at Assets/Editor/ChubbyAircraftDelivery.cs:104)
ChubbyAircraftFinalCheck:Run () (at Assets/Editor/ChubbyAircraftFinalCheck.cs:5)

[Assets/Editor/ChubbyAircraftDelivery.cs line 104]

Imported 'GUID: 704ee80dafa634b6fa5c865b1633f39d' -> (Import Result ID: '8aed6913ee27a3f51a5d1d289f73bc35') in 0.000 seconds [static dependencies only]. Details - ImportResultOutputID=4fc039adc675ed056baaa351f7a5c5b9 DependenciesID=bc58f736ac21abb89b8e13a790f762a6 StaticDependenciesID=5ba978eebc3500a112099cb0482d6536 
Importing 'GUID: 53507177d8bf148a9b0b0c4c1519b405 - Path: Assets/Art/ChubbyAircraft/JadeIvory_Comet4/Meshes/Part_07.asset' with importer (NativeFormatImporter)
Main Object Name 'JadeIvory_Comet4_Part_07' does not match filename 'Part_07'
UnityEngine.Debug:ExtractStackTraceNoAlloc (byte*,int,string)
UnityEngine.StackTraceUtility:ExtractStackTrace () (at /Users/bokken/build/output/unity/unity/Runtime/Export/Scripting/StackTrace.cs:23)
ChubbyAircraftDelivery:SaveAndValidatePrefab (UnityEngine.GameObject,string,System.Text.StringBuilder) (at Assets/Editor/ChubbyAircraftDelivery.cs:250)
ChubbyAircraftDelivery:Run () (at Assets/Editor/ChubbyAircraftDelivery.cs:104)
ChubbyAircraftFinalCheck:Run () (at Assets/Editor/ChubbyAircraftFinalCheck.cs:5)

[Assets/Editor/ChubbyAircraftDelivery.cs line 104]

Imported 'GUID: 53507177d8bf148a9b0b0c4c1519b405' -> (Import Result ID: 'a7b843c32aa27d93a646c9093e176ac4') in 0.000 seconds [static dependencies only]. Details - ImportResultOutputID=6f1f8a486b78a5518cc51c4caaadee2f DependenciesID=01d1f84a6bb11e48e8f6cf39ccf1ba2f StaticDependenciesID=8abbbf63ec66c9302f19744e9cce4d02 
Importing 'GUID: 53c37312f71a84f0fbfbc1f795aff44f - Path: Assets/Art/ChubbyAircraft/JadeIvory_Comet4/Meshes/Part_05.asset' with importer (NativeFormatImporter)
Main Object Name 'JadeIvory_Comet4_Part_05' does not match filename 'Part_05'
UnityEngine.Debug:ExtractStackTraceNoAlloc (byte*,int,string)
UnityEngine.StackTraceUtility:ExtractStackTrace () (at /Users/bokken/build/output/unity/unity/Runtime/Export/Scripting/StackTrace.cs:23)
ChubbyAircraftDelivery:SaveAndValidatePrefab (UnityEngine.GameObject,string,System.Text.StringBuilder) (at Assets/Editor/ChubbyAircraftDelivery.cs:250)
ChubbyAircraftDelivery:Run () (at Assets/Editor/ChubbyAircraftDelivery.cs:104)
ChubbyAircraftFinalCheck:Run () (at Assets/Editor/ChubbyAircraftFinalCheck.cs:5)

[Assets/Editor/ChubbyAircraftDelivery.cs line 104]

Imported 'GUID: 53c37312f71a84f0fbfbc1f795aff44f' -> (Import Result ID: '9dc08807a39e28c12b3b6aeb28b93734') in 0.000 seconds [static dependencies only]. Details - ImportResultOutputID=c26b6e26930da34f717888a9d7138e3e DependenciesID=bfa631ffc154180493b64117404a7f6a StaticDependenciesID=213aea235bc7b61d680091d101c12174 
Importing 'GUID: 530aba62e0e064ed6a6bdecc2b347fed - Path: Assets/Art/ChubbyAircraft/JadeIvory_Comet4/Meshes/Part_00.asset' with importer (NativeFormatImporter)
Main Object Name 'JadeIvory_Comet4_Part_00' does not match filename 'Part_00'
UnityEngine.Debug:ExtractStackTraceNoAlloc (byte*,int,string)
UnityEngine.StackTraceUtility:ExtractStackTrace () (at /Users/bokken/build/output/unity/unity/Runtime/Export/Scripting/StackTrace.cs:23)
ChubbyAircraftDelivery:SaveAndValidatePrefab (UnityEngine.GameObject,string,System.Text.StringBuilder) (at Assets/Editor/ChubbyAircraftDelivery.cs:250)
ChubbyAircraftDelivery:Run () (at Assets/Editor/ChubbyAircraftDelivery.cs:104)
ChubbyAircraftFinalCheck:Run () (at Assets/Editor/ChubbyAircraftFinalCheck.cs:5)

[Assets/Editor/ChubbyAircraftDelivery.cs line 104]

Imported 'GUID: 530aba62e0e064ed6a6bdecc2b347fed' -> (Import Result ID: '46840962eb02bf3c54460634a883b322') in 0.001 seconds [static dependencies only]. Details - ImportResultOutputID=48d394ec44e30278fa5889b02f3db485 DependenciesID=93e7ef1ff1fdb31c8e2138224a814f0d StaticDependenciesID=11ea5fc0df8806128a8ea4c2ba247d51 
Importing 'GUID: d480155c690554e69bdffa259de8eba1 - Path: Assets/Art/ChubbyAircraft/JadeIvory_Comet4/Meshes/Part_01.asset' with importer (NativeFormatImporter)
Main Object Name 'JadeIvory_Comet4_Part_01' does not match filename 'Part_01'
UnityEngine.Debug:ExtractStackTraceNoAlloc (byte*,int,string)
UnityEngine.StackTraceUtility:ExtractStackTrace () (at /Users/bokken/build/output/unity/unity/Runtime/Export/Scripting/StackTrace.cs:23)
ChubbyAircraftDelivery:SaveAndValidatePrefab (UnityEngine.GameObject,string,System.Text.StringBuilder) (at Assets/Editor/ChubbyAircraftDelivery.cs:250)
ChubbyAircraftDelivery:Run () (at Assets/Editor/ChubbyAircraftDelivery.cs:104)
ChubbyAircraftFinalCheck:Run () (at Assets/Editor/ChubbyAircraftFinalCheck.cs:5)

[Assets/Editor/ChubbyAircraftDelivery.cs line 104]

Imported 'GUID: d480155c690554e69bdffa259de8eba1' -> (Import Result ID: 'c3104924106232d60542dc7cf4d8a21a') in 0.001 seconds [static dependencies only]. Details - ImportResultOutputID=8d2119fa26a802550a927d1d39048a05 DependenciesID=5357565b9754b077918e14195c74abf0 StaticDependenciesID=9c37dfa20c4d98133f3c70ef81dc448f 
Importing 'GUID: 754467d7dd7b04f018ee88134f5b35c4 - Path: Assets/Art/ChubbyAircraft/JadeIvory_Comet4/Meshes/Part_08.asset' with importer (NativeFormatImporter)
Main Object Name 'JadeIvory_Comet4_Part_08' does not match filename 'Part_08'
UnityEngine.Debug:ExtractStackTraceNoAlloc (byte*,int,string)
UnityEngine.StackTraceUtility:ExtractStackTrace () (at /Users/bokken/build/output/unity/unity/Runtime/Export/Scripting/StackTrace.cs:23)
ChubbyAircraftDelivery:SaveAndValidatePrefab (UnityEngine.GameObject,string,System.Text.StringBuilder) (at Assets/Editor/ChubbyAircraftDelivery.cs:250)
ChubbyAircraftDelivery:Run () (at Assets/Editor/ChubbyAircraftDelivery.cs:104)
ChubbyAircraftFinalCheck:Run () (at Assets/Editor/ChubbyAircraftFinalCheck.cs:5)

[Assets/Editor/ChubbyAircraftDelivery.cs line 104]

Imported 'GUID: 754467d7dd7b04f018ee88134f5b35c4' -> (Import Result ID: '60a4222151b7e104690aac410158977e') in 0.001 seconds [static dependencies only]. Details - ImportResultOutputID=90da71cca84a0d5c398ba16f628cc768 DependenciesID=bf925ab1f232754e5a750bd3037e0cc5 StaticDependenciesID=8a0208c61331e9d77d3e8f202adb093a 
Importing 'GUID: b55c1fd38392a4273aa5b9ad4c47fef1 - Path: Assets/Art/ChubbyAircraft/JadeIvory_Comet4/Meshes/Part_14.asset' with importer (NativeFormatImporter)
Main Object Name 'JadeIvory_Comet4_Part_14' does not match filename 'Part_14'
UnityEngine.Debug:ExtractStackTraceNoAlloc (byte*,int,string)
UnityEngine.StackTraceUtility:ExtractStackTrace () (at /Users/bokken/build/output/unity/unity/Runtime/Export/Scripting/StackTrace.cs:23)
ChubbyAircraftDelivery:SaveAndValidatePrefab (UnityEngine.GameObject,string,System.Text.StringBuilder) (at Assets/Editor/ChubbyAircraftDelivery.cs:250)
ChubbyAircraftDelivery:Run () (at Assets/Editor/ChubbyAircraftDelivery.cs:104)
ChubbyAircraftFinalCheck:Run () (at Assets/Editor/ChubbyAircraftFinalCheck.cs:5)

[Assets/Editor/ChubbyAircraftDelivery.cs line 104]

Imported 'GUID: b55c1fd38392a4273aa5b9ad4c47fef1' -> (Import Result ID: '4b325c3792dd4c589f44482992e8c710') in 0.000 seconds [static dependencies only]. Details - ImportResultOutputID=7922fda8bf394927d7510dac0987b16a DependenciesID=51dd8c91205de541506589fafad34e62 StaticDependenciesID=25e32c8f62f0bd8d03ac7fd9cb3ea0e6 
Importing 'GUID: c5ef3cd3f36ef48d0bf53a020eb113ee - Path: Assets/Art/ChubbyAircraft/JadeIvory_Comet4/Meshes/Part_12.asset' with importer (NativeFormatImporter)
Main Object Name 'JadeIvory_Comet4_Part_12' does not match filename 'Part_12'
UnityEngine.Debug:ExtractStackTraceNoAlloc (byte*,int,string)
UnityEngine.StackTraceUtility:ExtractStackTrace () (at /Users/bokken/build/output/unity/unity/Runtime/Export/Scripting/StackTrace.cs:23)
ChubbyAircraftDelivery:SaveAndValidatePrefab (UnityEngine.GameObject,string,System.Text.StringBuilder) (at Assets/Editor/ChubbyAircraftDelivery.cs:250)
ChubbyAircraftDelivery:Run () (at Assets/Editor/ChubbyAircraftDelivery.cs:104)
ChubbyAircraftFinalCheck:Run () (at Assets/Editor/ChubbyAircraftFinalCheck.cs:5)

[Assets/Editor/ChubbyAircraftDelivery.cs line 104]

Imported 'GUID: c5ef3cd3f36ef48d0bf53a020eb113ee' -> (Import Result ID: '07948b6d51ba0f27150f2015f036e0b3') in 0.000 seconds [static dependencies only]. Details - ImportResultOutputID=28a28cb6e3b676ed1e0c0d31cadbed0b DependenciesID=2ad3172a06d66238e53ace1405c5317a StaticDependenciesID=4ca87ac2ce27907d29531bcd3a99708a 
Importing 'GUID: 67f1fa320c36e4ca7a53f16a77738357 - Path: Assets/Art/ChubbyAircraft/JadeIvory_Comet4/Meshes/Part_11.asset' with importer (NativeFormatImporter)
Main Object Name 'JadeIvory_Comet4_Part_11' does not match filename 'Part_11'
UnityEngine.Debug:ExtractStackTraceNoAlloc (byte*,int,string)
UnityEngine.StackTraceUtility:ExtractStackTrace () (at /Users/bokken/build/output/unity/unity/Runtime/Export/Scripting/StackTrace.cs:23)
ChubbyAircraftDelivery:SaveAndValidatePrefab (UnityEngine.GameObject,string,System.Text.StringBuilder) (at Assets/Editor/ChubbyAircraftDelivery.cs:250)
ChubbyAircraftDelivery:Run () (at Assets/Editor/ChubbyAircraftDelivery.cs:104)
ChubbyAircraftFinalCheck:Run () (at Assets/Editor/ChubbyAircraftFinalCheck.cs:5)

[Assets/Editor/ChubbyAircraftDelivery.cs line 104]

Imported 'GUID: 67f1fa320c36e4ca7a53f16a77738357' -> (Import Result ID: '02ce223812c0391db5db15bd87ec6b80') in 0.000 seconds [static dependencies only]. Details - ImportResultOutputID=a85cd2a1ceebf3c5617046358024eddf DependenciesID=a659dfc215895d558dd53e3b71f7833e StaticDependenciesID=c5ee8acb9f40d2f610a859916d21217c 
Importing 'GUID: 99fb3a5f40bff47bd8559e03b1894a77 - Path: Assets/Art/ChubbyAircraft/JadeIvory_Comet4/Meshes/Part_09.asset' with importer (NativeFormatImporter)
Main Object Name 'JadeIvory_Comet4_Part_09' does not match filename 'Part_09'
UnityEngine.Debug:ExtractStackTraceNoAlloc (byte*,int,string)
UnityEngine.StackTraceUtility:ExtractStackTrace () (at /Users/bokken/build/output/unity/unity/Runtime/Export/Scripting/StackTrace.cs:23)
ChubbyAircraftDelivery:SaveAndValidatePrefab (UnityEngine.GameObject,string,System.Text.StringBuilder) (at Assets/Editor/ChubbyAircraftDelivery.cs:250)
ChubbyAircraftDelivery:Run () (at Assets/Editor/ChubbyAircraftDelivery.cs:104)
ChubbyAircraftFinalCheck:Run () (at Assets/Editor/ChubbyAircraftFinalCheck.cs:5)

[Assets/Editor/ChubbyAircraftDelivery.cs line 104]

Imported 'GUID: 99fb3a5f40bff47bd8559e03b1894a77' -> (Import Result ID: '85a1078a188f5618265474183028c897') in 0.000 seconds [static dependencies only]. Details - ImportResultOutputID=9ad90fd746b64410c459bbce07e02cce DependenciesID=0e205badc627b1121df852dcd6b63af9 StaticDependenciesID=51f7357525262c467d5413c5806705e0 
Importing 'GUID: 99cce70905eb246b48c2996b47e984e6 - Path: Assets/Art/ChubbyAircraft/JadeIvory_Comet4/Meshes/Part_17.asset' with importer (NativeFormatImporter)
Main Object Name 'JadeIvory_Comet4_Part_17' does not match filename 'Part_17'
UnityEngine.Debug:ExtractStackTraceNoAlloc (byte*,int,string)
UnityEngine.StackTraceUtility:ExtractStackTrace () (at /Users/bokken/build/output/unity/unity/Runtime/Export/Scripting/StackTrace.cs:23)
ChubbyAircraftDelivery:SaveAndValidatePrefab (UnityEngine.GameObject,string,System.Text.StringBuilder) (at Assets/Editor/ChubbyAircraftDelivery.cs:250)
ChubbyAircraftDelivery:Run () (at Assets/Editor/ChubbyAircraftDelivery.cs:104)
ChubbyAircraftFinalCheck:Run () (at Assets/Editor/ChubbyAircraftFinalCheck.cs:5)

[Assets/Editor/ChubbyAircraftDelivery.cs line 104]

Imported 'GUID: 99cce70905eb246b48c2996b47e984e6' -> (Import Result ID: 'c7f4869d8a1797aec2952105fa7e1b10') in 0.001 seconds [static dependencies only]. Details - ImportResultOutputID=856a0223700d5b975c0693d5dcb1d834 DependenciesID=27f9a487c0a6f5fc1bceae526884c3c4 StaticDependenciesID=87afab6bcae96a6ff17961bda36ee973 
Importing 'GUID: 0d74dd65a51474c358e3eff633e3b486 - Path: Assets/Art/ChubbyAircraft/JadeIvory_Comet4/Meshes/Part_06.asset' with importer (NativeFormatImporter)
Main Object Name 'JadeIvory_Comet4_Part_06' does not match filename 'Part_06'
UnityEngine.Debug:ExtractStackTraceNoAlloc (byte*,int,string)
UnityEngine.StackTraceUtility:ExtractStackTrace () (at /Users/bokken/build/output/unity/unity/Runtime/Export/Scripting/StackTrace.cs:23)
ChubbyAircraftDelivery:SaveAndValidatePrefab (UnityEngine.GameObject,string,System.Text.StringBuilder) (at Assets/Editor/ChubbyAircraftDelivery.cs:250)
ChubbyAircraftDelivery:Run () (at Assets/Editor/ChubbyAircraftDelivery.cs:104)
ChubbyAircraftFinalCheck:Run () (at Assets/Editor/ChubbyAircraftFinalCheck.cs:5)

[Assets/Editor/ChubbyAircraftDelivery.cs line 104]

Imported 'GUID: 0d74dd65a51474c358e3eff633e3b486' -> (Import Result ID: '0a8eddd631c322eed5dacf3e921b16f3') in 0.000 seconds [static dependencies only]. Details - ImportResultOutputID=a09885a48e0bde1b408813775f5261ba DependenciesID=34efc56ea68197fece137755569586cf StaticDependenciesID=ed271544915cb873a41ad66521727921 
Importing 'GUID: 1deec1ce9a6c5426c8eb788c33824dbb - Path: Assets/Art/ChubbyAircraft/JadeIvory_Comet4/Meshes/Part_13.asset' with importer (NativeFormatImporter)
Main Object Name 'JadeIvory_Comet4_Part_13' does not match filename 'Part_13'
UnityEngine.Debug:ExtractStackTraceNoAlloc (byte*,int,string)
UnityEngine.StackTraceUtility:ExtractStackTrace () (at /Users/bokken/build/output/unity/unity/Runtime/Export/Scripting/StackTrace.cs:23)
ChubbyAircraftDelivery:SaveAndValidatePrefab (UnityEngine.GameObject,string,System.Text.StringBuilder) (at Assets/Editor/ChubbyAircraftDelivery.cs:250)
ChubbyAircraftDelivery:Run () (at Assets/Editor/ChubbyAircraftDelivery.cs:104)
ChubbyAircraftFinalCheck:Run () (at Assets/Editor/ChubbyAircraftFinalCheck.cs:5)

[Assets/Editor/ChubbyAircraftDelivery.cs line 104]

Imported 'GUID: 1deec1ce9a6c5426c8eb788c33824dbb' -> (Import Result ID: 'ef18a71303a2f4d1d22cab1d5450ed45') in 0.000 seconds [static dependencies only]. Details - ImportResultOutputID=64aa6f49d436f5c05ab2af80ddbf406f DependenciesID=f1e78e619a48d3c785fa52746e73a005 StaticDependenciesID=a9c110678f52b83052f1fce24256fcce 
Importing 'GUID: 9de54e8af61da4983abde952c41c556f - Path: Assets/Art/ChubbyAircraft/JadeIvory_Comet4/Meshes/Part_15.asset' with importer (NativeFormatImporter)
Main Object Name 'JadeIvory_Comet4_Part_15' does not match filename 'Part_15'
UnityEngine.Debug:ExtractStackTraceNoAlloc (byte*,int,string)
UnityEngine.StackTraceUtility:ExtractStackTrace () (at /Users/bokken/build/output/unity/unity/Runtime/Export/Scripting/StackTrace.cs:23)
ChubbyAircraftDelivery:SaveAndValidatePrefab (UnityEngine.GameObject,string,System.Text.StringBuilder) (at Assets/Editor/ChubbyAircraftDelivery.cs:250)
ChubbyAircraftDelivery:Run () (at Assets/Editor/ChubbyAircraftDelivery.cs:104)
ChubbyAircraftFinalCheck:Run () (at Assets/Editor/ChubbyAircraftFinalCheck.cs:5)

[Assets/Editor/ChubbyAircraftDelivery.cs line 104]

Imported 'GUID: 9de54e8af61da4983abde952c41c556f' -> (Import Result ID: '86d352ec9cd0526135b4127ddc57a49f') in 0.000 seconds [static dependencies only]. Details - ImportResultOutputID=1cc07fc85cd220da3ca178f9c63b7379 DependenciesID=5c4745b34f1912492342de520ef0a2e6 StaticDependenciesID=eac966176022f7dfb6b40ea189573bd9 
Importing 'GUID: 1f143ed6ac3834cf890e741913b16635 - Path: Assets/Art/ChubbyAircraft/JadeIvory_Comet4/Meshes/Part_03.asset' with importer (NativeFormatImporter)
Main Object Name 'JadeIvory_Comet4_Part_03' does not match filename 'Part_03'
UnityEngine.Debug:ExtractStackTraceNoAlloc (byte*,int,string)
UnityEngine.StackTraceUtility:ExtractStackTrace () (at /Users/bokken/build/output/unity/unity/Runtime/Export/Scripting/StackTrace.cs:23)
ChubbyAircraftDelivery:SaveAndValidatePrefab (UnityEngine.GameObject,string,System.Text.StringBuilder) (at Assets/Editor/ChubbyAircraftDelivery.cs:250)
ChubbyAircraftDelivery:Run () (at Assets/Editor/ChubbyAircraftDelivery.cs:104)
ChubbyAircraftFinalCheck:Run () (at Assets/Editor/ChubbyAircraftFinalCheck.cs:5)

[Assets/Editor/ChubbyAircraftDelivery.cs line 104]

Imported 'GUID: 1f143ed6ac3834cf890e741913b16635' -> (Import Result ID: 'ffee1cec233d88f69e3242ebd1f3cb29') in 0.001 seconds [static dependencies only]. Details - ImportResultOutputID=cc80b64735b21610b1f79a9e811c09ad DependenciesID=e3ffc2a38ab974d01edcb7f86cc89170 StaticDependenciesID=cdf26d5ac9fe858efe2786a8078d7a3e 
Importing 'GUID: 3fff1d8a1a4bd4d4da7a803292bfedd6 - Path: Assets/Art/ChubbyAircraft/JadeIvory_Comet4/Meshes/Part_04.asset' with importer (NativeFormatImporter)
Main Object Name 'JadeIvory_Comet4_Part_04' does not match filename 'Part_04'
UnityEngine.Debug:ExtractStackTraceNoAlloc (byte*,int,string)
UnityEngine.StackTraceUtility:ExtractStackTrace () (at /Users/bokken/build/output/unity/unity/Runtime/Export/Scripting/StackTrace.cs:23)
ChubbyAircraftDelivery:SaveAndValidatePrefab (UnityEngine.GameObject,string,System.Text.StringBuilder) (at Assets/Editor/ChubbyAircraftDelivery.cs:250)
ChubbyAircraftDelivery:Run () (at Assets/Editor/ChubbyAircraftDelivery.cs:104)
ChubbyAircraftFinalCheck:Run () (at Assets/Editor/ChubbyAircraftFinalCheck.cs:5)

[Assets/Editor/ChubbyAircraftDelivery.cs line 104]

Imported 'GUID: 3fff1d8a1a4bd4d4da7a803292bfedd6' -> (Import Result ID: 'da89450472d0ec782d70b8a23378000b') in 0.001 seconds [static dependencies only]. Details - ImportResultOutputID=7ff4c6b4fa23c1e2dc98f9974bfbc89c DependenciesID=af42b3918f698afbdc3f2a15146adde0 StaticDependenciesID=5b42d968457d06e6afc3694f4f7519f5 
Importing 'GUID: 8fb9a04e6fa91456291a3f10590865e1 - Path: Assets/Art/ChubbyAircraft/JadeIvory_Comet4/Meshes/Part_02.asset' with importer (NativeFormatImporter)
Main Object Name 'JadeIvory_Comet4_Part_02' does not match filename 'Part_02'
UnityEngine.Debug:ExtractStackTraceNoAlloc (byte*,int,string)
UnityEngine.StackTraceUtility:ExtractStackTrace () (at /Users/bokken/build/output/unity/unity/Runtime/Export/Scripting/StackTrace.cs:23)
ChubbyAircraftDelivery:SaveAndValidatePrefab (UnityEngine.GameObject,string,System.Text.StringBuilder) (at Assets/Editor/ChubbyAircraftDelivery.cs:250)
ChubbyAircraftDelivery:Run () (at Assets/Editor/ChubbyAircraftDelivery.cs:104)
ChubbyAircraftFinalCheck:Run () (at Assets/Editor/ChubbyAircraftFinalCheck.cs:5)

[Assets/Editor/ChubbyAircraftDelivery.cs line 104]

Imported 'GUID: 8fb9a04e6fa91456291a3f10590865e1' -> (Import Result ID: '59547498b4f1d9601f9d87b128fb56be') in 0.001 seconds [static dependencies only]. Details - ImportResultOutputID=2608b79f64a10042c822fb89fd51f3d1 DependenciesID=6d6039a9a15b2592b72c48cf825cc152 StaticDependenciesID=375b7071d56b64054022f77a68deaf1f 
Asset Pipeline Refresh (id=772b689c143614cd29daafb4d331ae98): Total: 0.025 seconds - Initiated by StopAssetImportingV2(NoUpdateAssetOptions)
Importing 'GUID: 45755193a73fc4edc9a64c1cb0124ea9 - Path: Assets/Art/ChubbyAircraft/JadeIvory_Comet4/JadeIvory_Comet4.prefab' with importer (PrefabImporter)
Imported 'GUID: 45755193a73fc4edc9a64c1cb0124ea9' -> (Import Result ID: '4e8bacf331b981c81f46f48b183e9eb2') in 0.001 seconds [static dependencies only]. Details - ImportResultOutputID=1a8dd6a1e1f02c43a7a6a39948adb2d8 DependenciesID=47656e6ff01eccb463ee56e250c6e506 StaticDependenciesID=80db8de49eb4c45d59d15fc833032d14 
Asset Pipeline Refresh (id=c7f0594b7082f43fd8404a685e4e1cca): Total: 0.004 seconds - Initiated by StopAssetImportingV2(NoUpdateAssetOptions)
Loaded scene 'Library/Unused/ef9dacc2b07ca4aef9966d5ee05efa49'
	Deserialize:            0.231 ms
	Integration:            0.084 ms
	Integration of assets:  0.001 ms
	Thread Wait Time:       0.003 ms
	Total Operation Time:   0.319 ms
Asset Pipeline Refresh (id=1549a9507439448bbaff43e3f01f7dc0): Total: 0.003 seconds - Initiated by StopAssetImportingV2(NoUpdateAssetOptions)
Importing 'GUID: 8031aed3c265e47b08d35e8d018e52a1 - Path: Assets/Art/ChubbyAircraft/BurgundySilver_B737_800/Materials/Part_08.mat' with importer (NativeFormatImporter)
Main Object Name 'BurgundySilver_B737_800_Part_08' does not match filename 'Part_08'
UnityEngine.Debug:ExtractStackTraceNoAlloc (byte*,int,string)
UnityEngine.StackTraceUtility:ExtractStackTrace () (at /Users/bokken/build/output/unity/unity/Runtime/Export/Scripting/StackTrace.cs:23)
ChubbyAircraftDelivery:SaveAndValidatePrefab (UnityEngine.GameObject,string,System.Text.StringBuilder) (at Assets/Editor/ChubbyAircraftDelivery.cs:250)
ChubbyAircraftDelivery:Run () (at Assets/Editor/ChubbyAircraftDelivery.cs:104)
ChubbyAircraftFinalCheck:Run () (at Assets/Editor/ChubbyAircraftFinalCheck.cs:5)

[Assets/Editor/ChubbyAircraftDelivery.cs line 104]

Imported 'GUID: 8031aed3c265e47b08d35e8d018e52a1' -> (Import Result ID: 'a04f8576c529cbcadde35bc2c3a4feff') in 0.001 seconds [static dependencies only]. Details - ImportResultOutputID=803a52ea0a1be83244561a6952fb2b9c DependenciesID=5a963025d44e96eeadad90c1ed2e4335 StaticDependenciesID=534e2fcb09edd39308dec1f2c1aab967 
Importing 'GUID: f1744ff2ac94e492cb8a0eb0c347f30d - Path: Assets/Art/ChubbyAircraft/BurgundySilver_B737_800/Materials/Part_01.mat' with importer (NativeFormatImporter)
Main Object Name 'BurgundySilver_B737_800_Part_01' does not match filename 'Part_01'
UnityEngine.Debug:ExtractStackTraceNoAlloc (byte*,int,string)
UnityEngine.StackTraceUtility:ExtractStackTrace () (at /Users/bokken/build/output/unity/unity/Runtime/Export/Scripting/StackTrace.cs:23)
ChubbyAircraftDelivery:SaveAndValidatePrefab (UnityEngine.GameObject,string,System.Text.StringBuilder) (at Assets/Editor/ChubbyAircraftDelivery.cs:250)
ChubbyAircraftDelivery:Run () (at Assets/Editor/ChubbyAircraftDelivery.cs:104)
ChubbyAircraftFinalCheck:Run () (at Assets/Editor/ChubbyAircraftFinalCheck.cs:5)

[Assets/Editor/ChubbyAircraftDelivery.cs line 104]

Imported 'GUID: f1744ff2ac94e492cb8a0eb0c347f30d' -> (Import Result ID: '36e4fcb3bd1cb5e38f0fb4076a76b499') in 0.000 seconds [static dependencies only]. Details - ImportResultOutputID=61d6bdc5c90446a9038ffa0d4b6794af DependenciesID=2651a1f17b3371064151eac9b9c1da75 StaticDependenciesID=27a70009821c4fb24e2437603c416f5a 
Importing 'GUID: d24b0aa5ff04a4a0790c7670b9fe52eb - Path: Assets/Art/ChubbyAircraft/BurgundySilver_B737_800/Materials/Part_06.mat' with importer (NativeFormatImporter)
Main Object Name 'BurgundySilver_B737_800_Part_06' does not match filename 'Part_06'
UnityEngine.Debug:ExtractStackTraceNoAlloc (byte*,int,string)
UnityEngine.StackTraceUtility:ExtractStackTrace () (at /Users/bokken/build/output/unity/unity/Runtime/Export/Scripting/StackTrace.cs:23)
ChubbyAircraftDelivery:SaveAndValidatePrefab (UnityEngine.GameObject,string,System.Text.StringBuilder) (at Assets/Editor/ChubbyAircraftDelivery.cs:250)
ChubbyAircraftDelivery:Run () (at Assets/Editor/ChubbyAircraftDelivery.cs:104)
ChubbyAircraftFinalCheck:Run () (at Assets/Editor/ChubbyAircraftFinalCheck.cs:5)

[Assets/Editor/ChubbyAircraftDelivery.cs line 104]

Imported 'GUID: d24b0aa5ff04a4a0790c7670b9fe52eb' -> (Import Result ID: '90831370d8cb7580fdf77f1c3d7f3ffd') in 0.000 seconds [static dependencies only]. Details - ImportResultOutputID=6274c6e821b6ddf5af428b57bc4e7330 DependenciesID=6c60d4853d50214c634759b2c2341954 StaticDependenciesID=e942ae769ae8ba78362a3492c8c38477 
Importing 'GUID: a752ac7036bc846f4b997fa0f1914e67 - Path: Assets/Art/ChubbyAircraft/BurgundySilver_B737_800/Materials/Part_11.mat' with importer (NativeFormatImporter)
Main Object Name 'BurgundySilver_B737_800_Part_11' does not match filename 'Part_11'
UnityEngine.Debug:ExtractStackTraceNoAlloc (byte*,int,string)
UnityEngine.StackTraceUtility:ExtractStackTrace () (at /Users/bokken/build/output/unity/unity/Runtime/Export/Scripting/StackTrace.cs:23)
ChubbyAircraftDelivery:SaveAndValidatePrefab (UnityEngine.GameObject,string,System.Text.StringBuilder) (at Assets/Editor/ChubbyAircraftDelivery.cs:250)
ChubbyAircraftDelivery:Run () (at Assets/Editor/ChubbyAircraftDelivery.cs:104)
ChubbyAircraftFinalCheck:Run () (at Assets/Editor/ChubbyAircraftFinalCheck.cs:5)

[Assets/Editor/ChubbyAircraftDelivery.cs line 104]

Imported 'GUID: a752ac7036bc846f4b997fa0f1914e67' -> (Import Result ID: '9a599f58d5f0607176e51e1f123130db') in 0.000 seconds [static dependencies only]. Details - ImportResultOutputID=072dffd8426395dad407a23b4c0ed2da DependenciesID=c08684b0579346ee6b13dc609c987649 StaticDependenciesID=7e6b8820c356f35a2dc64a942533cbc0 
Importing 'GUID: 88dfaf95b88af4d969a4c2a6a40e78fb - Path: Assets/Art/ChubbyAircraft/BurgundySilver_B737_800/Materials/Part_09.mat' with importer (NativeFormatImporter)
Main Object Name 'BurgundySilver_B737_800_Part_09' does not match filename 'Part_09'
UnityEngine.Debug:ExtractStackTraceNoAlloc (byte*,int,string)
UnityEngine.StackTraceUtility:ExtractStackTrace () (at /Users/bokken/build/output/unity/unity/Runtime/Export/Scripting/StackTrace.cs:23)
ChubbyAircraftDelivery:SaveAndValidatePrefab (UnityEngine.GameObject,string,System.Text.StringBuilder) (at Assets/Editor/ChubbyAircraftDelivery.cs:250)
ChubbyAircraftDelivery:Run () (at Assets/Editor/ChubbyAircraftDelivery.cs:104)
ChubbyAircraftFinalCheck:Run () (at Assets/Editor/ChubbyAircraftFinalCheck.cs:5)

[Assets/Editor/ChubbyAircraftDelivery.cs line 104]

Imported 'GUID: 88dfaf95b88af4d969a4c2a6a40e78fb' -> (Import Result ID: '24034a437f42592d9b9d5bdaba45724e') in 0.000 seconds [static dependencies only]. Details - ImportResultOutputID=78af7ed545e70af3907e15995f61e74a DependenciesID=233b9e4dd487ceea8966051404b57426 StaticDependenciesID=80f13af44e0b7dab5bbf88ffd18a2456 
Importing 'GUID: 9976604c277cb4e7f926c307f8546580 - Path: Assets/Art/ChubbyAircraft/BurgundySilver_B737_800/Materials/Part_15.mat' with importer (NativeFormatImporter)
Main Object Name 'BurgundySilver_B737_800_Part_15' does not match filename 'Part_15'
UnityEngine.Debug:ExtractStackTraceNoAlloc (byte*,int,string)
UnityEngine.StackTraceUtility:ExtractStackTrace () (at /Users/bokken/build/output/unity/unity/Runtime/Export/Scripting/StackTrace.cs:23)
ChubbyAircraftDelivery:SaveAndValidatePrefab (UnityEngine.GameObject,string,System.Text.StringBuilder) (at Assets/Editor/ChubbyAircraftDelivery.cs:250)
ChubbyAircraftDelivery:Run () (at Assets/Editor/ChubbyAircraftDelivery.cs:104)
ChubbyAircraftFinalCheck:Run () (at Assets/Editor/ChubbyAircraftFinalCheck.cs:5)

[Assets/Editor/ChubbyAircraftDelivery.cs line 104]

Imported 'GUID: 9976604c277cb4e7f926c307f8546580' -> (Import Result ID: 'baef7333710b3f4f6b2affad1545af90') in 0.000 seconds [static dependencies only]. Details - ImportResultOutputID=07e523b7a6fbbcb3d036b9d7825aad8f DependenciesID=b231eb0fbeef3549531df70bfd7a4470 StaticDependenciesID=b33ef35deda4545d9e34523c2b69e14e 
Importing 'GUID: 4ae501e8fc8884e0e89d0123ba06d1ae - Path: Assets/Art/ChubbyAircraft/BurgundySilver_B737_800/Materials/Part_16.mat' with importer (NativeFormatImporter)
Main Object Name 'BurgundySilver_B737_800_Part_16' does not match filename 'Part_16'
UnityEngine.Debug:ExtractStackTraceNoAlloc (byte*,int,string)
UnityEngine.StackTraceUtility:ExtractStackTrace () (at /Users/bokken/build/output/unity/unity/Runtime/Export/Scripting/StackTrace.cs:23)
ChubbyAircraftDelivery:SaveAndValidatePrefab (UnityEngine.GameObject,string,System.Text.StringBuilder) (at Assets/Editor/ChubbyAircraftDelivery.cs:250)
ChubbyAircraftDelivery:Run () (at Assets/Editor/ChubbyAircraftDelivery.cs:104)
ChubbyAircraftFinalCheck:Run () (at Assets/Editor/ChubbyAircraftFinalCheck.cs:5)

[Assets/Editor/ChubbyAircraftDelivery.cs line 104]

Imported 'GUID: 4ae501e8fc8884e0e89d0123ba06d1ae' -> (Import Result ID: 'f1f38edc396942994107389bbd149081') in 0.000 seconds [static dependencies only]. Details - ImportResultOutputID=63eb3b9f8178bc9692e2e87cca6ba18d DependenciesID=b48ba05f927da1d7299e0d904ffde45f StaticDependenciesID=83fc7abea4716ef8c0b09e54ef78f1d8 
Importing 'GUID: ba5671538f1d14f6b8a78fde4118a088 - Path: Assets/Art/ChubbyAircraft/BurgundySilver_B737_800/Materials/Part_04.mat' with importer (NativeFormatImporter)
Main Object Name 'BurgundySilver_B737_800_Part_04' does not match filename 'Part_04'
UnityEngine.Debug:ExtractStackTraceNoAlloc (byte*,int,string)
UnityEngine.StackTraceUtility:ExtractStackTrace () (at /Users/bokken/build/output/unity/unity/Runtime/Export/Scripting/StackTrace.cs:23)
ChubbyAircraftDelivery:SaveAndValidatePrefab (UnityEngine.GameObject,string,System.Text.StringBuilder) (at Assets/Editor/ChubbyAircraftDelivery.cs:250)
ChubbyAircraftDelivery:Run () (at Assets/Editor/ChubbyAircraftDelivery.cs:104)
ChubbyAircraftFinalCheck:Run () (at Assets/Editor/ChubbyAircraftFinalCheck.cs:5)

[Assets/Editor/ChubbyAircraftDelivery.cs line 104]

Imported 'GUID: ba5671538f1d14f6b8a78fde4118a088' -> (Import Result ID: 'd47fe0ab19c369f570ce37522e3b2d30') in 0.000 seconds [static dependencies only]. Details - ImportResultOutputID=4e38082d1837d674af4755c4d5b82266 DependenciesID=fe260f575a70dd506008b16e2f97d84a StaticDependenciesID=e5808f043b7a73c9ec03320fe1852466 
Importing 'GUID: 5bc71b88b899b4c11921955d5706a961 - Path: Assets/Art/ChubbyAircraft/BurgundySilver_B737_800/Materials/Part_07.mat' with importer (NativeFormatImporter)
Main Object Name 'BurgundySilver_B737_800_Part_07' does not match filename 'Part_07'
UnityEngine.Debug:ExtractStackTraceNoAlloc (byte*,int,string)
UnityEngine.StackTraceUtility:ExtractStackTrace () (at /Users/bokken/build/output/unity/unity/Runtime/Export/Scripting/StackTrace.cs:23)
ChubbyAircraftDelivery:SaveAndValidatePrefab (UnityEngine.GameObject,string,System.Text.StringBuilder) (at Assets/Editor/ChubbyAircraftDelivery.cs:250)
ChubbyAircraftDelivery:Run () (at Assets/Editor/ChubbyAircraftDelivery.cs:104)
ChubbyAircraftFinalCheck:Run () (at Assets/Editor/ChubbyAircraftFinalCheck.cs:5)

[Assets/Editor/ChubbyAircraftDelivery.cs line 104]

Imported 'GUID: 5bc71b88b899b4c11921955d5706a961' -> (Import Result ID: 'fd6fe6f670e9482e5fd5b3c4f6336668') in 0.000 seconds [static dependencies only]. Details - ImportResultOutputID=a0c8c0b132a631f40ec48be13e2cca52 DependenciesID=121cf87725470263dbe0249927182cde StaticDependenciesID=1a3eefab3e9ea21c9d0f4edf9a4190a2 
Importing 'GUID: 8b33d2c55928c42abb72f85dd3c4be97 - Path: Assets/Art/ChubbyAircraft/BurgundySilver_B737_800/Materials/Part_03.mat' with importer (NativeFormatImporter)
Main Object Name 'BurgundySilver_B737_800_Part_03' does not match filename 'Part_03'
UnityEngine.Debug:ExtractStackTraceNoAlloc (byte*,int,string)
UnityEngine.StackTraceUtility:ExtractStackTrace () (at /Users/bokken/build/output/unity/unity/Runtime/Export/Scripting/StackTrace.cs:23)
ChubbyAircraftDelivery:SaveAndValidatePrefab (UnityEngine.GameObject,string,System.Text.StringBuilder) (at Assets/Editor/ChubbyAircraftDelivery.cs:250)
ChubbyAircraftDelivery:Run () (at Assets/Editor/ChubbyAircraftDelivery.cs:104)
ChubbyAircraftFinalCheck:Run () (at Assets/Editor/ChubbyAircraftFinalCheck.cs:5)

[Assets/Editor/ChubbyAircraftDelivery.cs line 104]

Imported 'GUID: 8b33d2c55928c42abb72f85dd3c4be97' -> (Import Result ID: 'b5693ee7b982d6be9940fb2ff74fc9e4') in 0.000 seconds [static dependencies only]. Details - ImportResultOutputID=2c9fa63b5f1bbffe92972e038b150378 DependenciesID=cf71f1106a62f80f89fb5af808cf7501 StaticDependenciesID=1da9d024c3a4526756d3d3ad8fbfeeb2 
Importing 'GUID: db058a85e95454c6abaff52d0194ec54 - Path: Assets/Art/ChubbyAircraft/BurgundySilver_B737_800/Materials/Part_12.mat' with importer (NativeFormatImporter)
Main Object Name 'BurgundySilver_B737_800_Part_12' does not match filename 'Part_12'
UnityEngine.Debug:ExtractStackTraceNoAlloc (byte*,int,string)
UnityEngine.StackTraceUtility:ExtractStackTrace () (at /Users/bokken/build/output/unity/unity/Runtime/Export/Scripting/StackTrace.cs:23)
ChubbyAircraftDelivery:SaveAndValidatePrefab (UnityEngine.GameObject,string,System.Text.StringBuilder) (at Assets/Editor/ChubbyAircraftDelivery.cs:250)
ChubbyAircraftDelivery:Run () (at Assets/Editor/ChubbyAircraftDelivery.cs:104)
ChubbyAircraftFinalCheck:Run () (at Assets/Editor/ChubbyAircraftFinalCheck.cs:5)

[Assets/Editor/ChubbyAircraftDelivery.cs line 104]

Imported 'GUID: db058a85e95454c6abaff52d0194ec54' -> (Import Result ID: '28f58373e3bfe33b3444c804de953f1d') in 0.000 seconds [static dependencies only]. Details - ImportResultOutputID=e62630657e8376a2873faca613f3196e DependenciesID=3e2481c05c207c3ec0a3507d1691dcf9 StaticDependenciesID=347b6f9b6d8bd45170a3976dfc0b8470 
Importing 'GUID: dd547f127aaf546cca8a6df2438816e8 - Path: Assets/Art/ChubbyAircraft/BurgundySilver_B737_800/Materials/Part_13.mat' with importer (NativeFormatImporter)
Main Object Name 'BurgundySilver_B737_800_Part_13' does not match filename 'Part_13'
UnityEngine.Debug:ExtractStackTraceNoAlloc (byte*,int,string)
UnityEngine.StackTraceUtility:ExtractStackTrace () (at /Users/bokken/build/output/unity/unity/Runtime/Export/Scripting/StackTrace.cs:23)
ChubbyAircraftDelivery:SaveAndValidatePrefab (UnityEngine.GameObject,string,System.Text.StringBuilder) (at Assets/Editor/ChubbyAircraftDelivery.cs:250)
ChubbyAircraftDelivery:Run () (at Assets/Editor/ChubbyAircraftDelivery.cs:104)
ChubbyAircraftFinalCheck:Run () (at Assets/Editor/ChubbyAircraftFinalCheck.cs:5)

[Assets/Editor/ChubbyAircraftDelivery.cs line 104]

Imported 'GUID: dd547f127aaf546cca8a6df2438816e8' -> (Import Result ID: '4509b72847a487551da32b5691ee2cdf') in 0.000 seconds [static dependencies only]. Details - ImportResultOutputID=d1c8e0ff1535a419d443e8d79a6d0ead DependenciesID=c0a7552b7db0d8d08a3c0cf3e470d992 StaticDependenciesID=b965a7c4e5ca3044265c7ced55ca5d3a 
Importing 'GUID: 7e4444739951b4449b6aec1dff25724f - Path: Assets/Art/ChubbyAircraft/BurgundySilver_B737_800/Materials/Part_14.mat' with importer (NativeFormatImporter)
Main Object Name 'BurgundySilver_B737_800_Part_14' does not match filename 'Part_14'
UnityEngine.Debug:ExtractStackTraceNoAlloc (byte*,int,string)
UnityEngine.StackTraceUtility:ExtractStackTrace () (at /Users/bokken/build/output/unity/unity/Runtime/Export/Scripting/StackTrace.cs:23)
ChubbyAircraftDelivery:SaveAndValidatePrefab (UnityEngine.GameObject,string,System.Text.StringBuilder) (at Assets/Editor/ChubbyAircraftDelivery.cs:250)
ChubbyAircraftDelivery:Run () (at Assets/Editor/ChubbyAircraftDelivery.cs:104)
ChubbyAircraftFinalCheck:Run () (at Assets/Editor/ChubbyAircraftFinalCheck.cs:5)

[Assets/Editor/ChubbyAircraftDelivery.cs line 104]

Imported 'GUID: 7e4444739951b4449b6aec1dff25724f' -> (Import Result ID: '97d3fb8d1c7e9acbe20ddd799dbf3f0f') in 0.000 seconds [static dependencies only]. Details - ImportResultOutputID=0f6b634a9dfd3307f02ecb2be34bad29 DependenciesID=e124ee0d4d86e2ea6e3e2188a85e36f0 StaticDependenciesID=50ea3f11b80125f66a5f0e49bb5e5b85 
Importing 'GUID: be5297aae458a40f8831bd72bd293e86 - Path: Assets/Art/ChubbyAircraft/BurgundySilver_B737_800/Materials/Part_00.mat' with importer (NativeFormatImporter)
Main Object Name 'BurgundySilver_B737_800_Part_00' does not match filename 'Part_00'
UnityEngine.Debug:ExtractStackTraceNoAlloc (byte*,int,string)
UnityEngine.StackTraceUtility:ExtractStackTrace () (at /Users/bokken/build/output/unity/unity/Runtime/Export/Scripting/StackTrace.cs:23)
ChubbyAircraftDelivery:SaveAndValidatePrefab (UnityEngine.GameObject,string,System.Text.StringBuilder) (at Assets/Editor/ChubbyAircraftDelivery.cs:250)
ChubbyAircraftDelivery:Run () (at Assets/Editor/ChubbyAircraftDelivery.cs:104)
ChubbyAircraftFinalCheck:Run () (at Assets/Editor/ChubbyAircraftFinalCheck.cs:5)

[Assets/Editor/ChubbyAircraftDelivery.cs line 104]

Imported 'GUID: be5297aae458a40f8831bd72bd293e86' -> (Import Result ID: '38017c23106bd580ad48016ff7be3ac9') in 0.000 seconds [static dependencies only]. Details - ImportResultOutputID=51383c1ee64f42a6046dd8d6d20c5766 DependenciesID=9d4d2083c276443d64acbc19e6134ffb StaticDependenciesID=b91b95fe203332959480871feadf6390 
Importing 'GUID: 1f7056f22463f4cbfbabab0d987702be - Path: Assets/Art/ChubbyAircraft/BurgundySilver_B737_800/Materials/Part_05.mat' with importer (NativeFormatImporter)
Main Object Name 'BurgundySilver_B737_800_Part_05' does not match filename 'Part_05'
UnityEngine.Debug:ExtractStackTraceNoAlloc (byte*,int,string)
UnityEngine.StackTraceUtility:ExtractStackTrace () (at /Users/bokken/build/output/unity/unity/Runtime/Export/Scripting/StackTrace.cs:23)
ChubbyAircraftDelivery:SaveAndValidatePrefab (UnityEngine.GameObject,string,System.Text.StringBuilder) (at Assets/Editor/ChubbyAircraftDelivery.cs:250)
ChubbyAircraftDelivery:Run () (at Assets/Editor/ChubbyAircraftDelivery.cs:104)
ChubbyAircraftFinalCheck:Run () (at Assets/Editor/ChubbyAircraftFinalCheck.cs:5)

[Assets/Editor/ChubbyAircraftDelivery.cs line 104]

Imported 'GUID: 1f7056f22463f4cbfbabab0d987702be' -> (Import Result ID: '4219eb94ea97e6fdb9fc081835a98d97') in 0.000 seconds [static dependencies only]. Details - ImportResultOutputID=b2a04ce1048b3ed369fb8d6d04dabf09 DependenciesID=a011e624674be2b70bbb63d0af95da8d StaticDependenciesID=a898c7c396a2a39b96861b2a93906ba0 
Importing 'GUID: af869828482fa4cbeab9ad58730b2ba8 - Path: Assets/Art/ChubbyAircraft/BurgundySilver_B737_800/Materials/Part_02.mat' with importer (NativeFormatImporter)
Main Object Name 'BurgundySilver_B737_800_Part_02' does not match filename 'Part_02'
UnityEngine.Debug:ExtractStackTraceNoAlloc (byte*,int,string)
UnityEngine.StackTraceUtility:ExtractStackTrace () (at /Users/bokken/build/output/unity/unity/Runtime/Export/Scripting/StackTrace.cs:23)
ChubbyAircraftDelivery:SaveAndValidatePrefab (UnityEngine.GameObject,string,System.Text.StringBuilder) (at Assets/Editor/ChubbyAircraftDelivery.cs:250)
ChubbyAircraftDelivery:Run () (at Assets/Editor/ChubbyAircraftDelivery.cs:104)
ChubbyAircraftFinalCheck:Run () (at Assets/Editor/ChubbyAircraftFinalCheck.cs:5)

[Assets/Editor/ChubbyAircraftDelivery.cs line 104]

Imported 'GUID: af869828482fa4cbeab9ad58730b2ba8' -> (Import Result ID: '35a5e1dc7231e971d5f2385413e0bcbe') in 0.000 seconds [static dependencies only]. Details - ImportResultOutputID=88dae61dfcbcbd89e76feb599022c2d0 DependenciesID=14dd9bed419af28b6f055848de6e3431 StaticDependenciesID=9c6787b72b20a17a92bb5b21f079d5b9 
Importing 'GUID: ff93572ac8dd94ec38626a0d8e3a4851 - Path: Assets/Art/ChubbyAircraft/BurgundySilver_B737_800/Materials/Part_10.mat' with importer (NativeFormatImporter)
Main Object Name 'BurgundySilver_B737_800_Part_10' does not match filename 'Part_10'
UnityEngine.Debug:ExtractStackTraceNoAlloc (byte*,int,string)
UnityEngine.StackTraceUtility:ExtractStackTrace () (at /Users/bokken/build/output/unity/unity/Runtime/Export/Scripting/StackTrace.cs:23)
ChubbyAircraftDelivery:SaveAndValidatePrefab (UnityEngine.GameObject,string,System.Text.StringBuilder) (at Assets/Editor/ChubbyAircraftDelivery.cs:250)
ChubbyAircraftDelivery:Run () (at Assets/Editor/ChubbyAircraftDelivery.cs:104)
ChubbyAircraftFinalCheck:Run () (at Assets/Editor/ChubbyAircraftFinalCheck.cs:5)

[Assets/Editor/ChubbyAircraftDelivery.cs line 104]

Imported 'GUID: ff93572ac8dd94ec38626a0d8e3a4851' -> (Import Result ID: '2d9e34afec3f7750724d06f5b41e6815') in 0.000 seconds [static dependencies only]. Details - ImportResultOutputID=9bea76e4424870c29ce44b0004ee1883 DependenciesID=d9d352f6e6a29c598549b6612ae5dc3d StaticDependenciesID=9b89196a541f369a975f0cbe7708d960 
Importing 'GUID: d0106ad5514f94093bc25763367f98ed - Path: Assets/Art/ChubbyAircraft/BurgundySilver_B737_800/Meshes/Part_16.asset' with importer (NativeFormatImporter)
Main Object Name 'BurgundySilver_B737_800_Part_16' does not match filename 'Part_16'
UnityEngine.Debug:ExtractStackTraceNoAlloc (byte*,int,string)
UnityEngine.StackTraceUtility:ExtractStackTrace () (at /Users/bokken/build/output/unity/unity/Runtime/Export/Scripting/StackTrace.cs:23)
ChubbyAircraftDelivery:SaveAndValidatePrefab (UnityEngine.GameObject,string,System.Text.StringBuilder) (at Assets/Editor/ChubbyAircraftDelivery.cs:250)
ChubbyAircraftDelivery:Run () (at Assets/Editor/ChubbyAircraftDelivery.cs:104)
ChubbyAircraftFinalCheck:Run () (at Assets/Editor/ChubbyAircraftFinalCheck.cs:5)

[Assets/Editor/ChubbyAircraftDelivery.cs line 104]

Imported 'GUID: d0106ad5514f94093bc25763367f98ed' -> (Import Result ID: 'd33b577db44d24689904822ebefd6bfe') in 0.001 seconds [static dependencies only]. Details - ImportResultOutputID=8c4e35b77d011c77e823cfa716844f48 DependenciesID=b2977cc3c43b878f45a3a85796468b31 StaticDependenciesID=40d174a93c9829196ba9c18082769922 
Importing 'GUID: 15d5a5920b84140d6aca2f558832d0e6 - Path: Assets/Art/ChubbyAircraft/BurgundySilver_B737_800/Meshes/Part_03.asset' with importer (NativeFormatImporter)
Main Object Name 'BurgundySilver_B737_800_Part_03' does not match filename 'Part_03'
UnityEngine.Debug:ExtractStackTraceNoAlloc (byte*,int,string)
UnityEngine.StackTraceUtility:ExtractStackTrace () (at /Users/bokken/build/output/unity/unity/Runtime/Export/Scripting/StackTrace.cs:23)
ChubbyAircraftDelivery:SaveAndValidatePrefab (UnityEngine.GameObject,string,System.Text.StringBuilder) (at Assets/Editor/ChubbyAircraftDelivery.cs:250)
ChubbyAircraftDelivery:Run () (at Assets/Editor/ChubbyAircraftDelivery.cs:104)
ChubbyAircraftFinalCheck:Run () (at Assets/Editor/ChubbyAircraftFinalCheck.cs:5)

[Assets/Editor/ChubbyAircraftDelivery.cs line 104]

Imported 'GUID: 15d5a5920b84140d6aca2f558832d0e6' -> (Import Result ID: '7f386ffbe4836b13aad43e3af6a5a513') in 0.001 seconds [static dependencies only]. Details - ImportResultOutputID=63ea45e8a2966ff52c07bc16a7e51e02 DependenciesID=d3a60f31e7e9ac4850db1f3a2c100129 StaticDependenciesID=5c9042930b3c184f38867d1c5c499583 
Importing 'GUID: 556e24cc0a2e04e719c83c56765c1337 - Path: Assets/Art/ChubbyAircraft/BurgundySilver_B737_800/Meshes/Part_09.asset' with importer (NativeFormatImporter)
Main Object Name 'BurgundySilver_B737_800_Part_09' does not match filename 'Part_09'
UnityEngine.Debug:ExtractStackTraceNoAlloc (byte*,int,string)
UnityEngine.StackTraceUtility:ExtractStackTrace () (at /Users/bokken/build/output/unity/unity/Runtime/Export/Scripting/StackTrace.cs:23)
ChubbyAircraftDelivery:SaveAndValidatePrefab (UnityEngine.GameObject,string,System.Text.StringBuilder) (at Assets/Editor/ChubbyAircraftDelivery.cs:250)
ChubbyAircraftDelivery:Run () (at Assets/Editor/ChubbyAircraftDelivery.cs:104)
ChubbyAircraftFinalCheck:Run () (at Assets/Editor/ChubbyAircraftFinalCheck.cs:5)

[Assets/Editor/ChubbyAircraftDelivery.cs line 104]

Imported 'GUID: 556e24cc0a2e04e719c83c56765c1337' -> (Import Result ID: '8375209b4afdfa289aa88b3dec8e23eb') in 0.000 seconds [static dependencies only]. Details - ImportResultOutputID=b901d0197c7c73d755835b2f04f21fb2 DependenciesID=01d64ab04a7ce0bb6eb84bdd0b0e93aa StaticDependenciesID=dfbb10def3b8a55a1e2b5240c26b7ab0 
Importing 'GUID: 85c324a1b68984bf9b04ca749a11044d - Path: Assets/Art/ChubbyAircraft/BurgundySilver_B737_800/Meshes/Part_01.asset' with importer (NativeFormatImporter)
Main Object Name 'BurgundySilver_B737_800_Part_01' does not match filename 'Part_01'
UnityEngine.Debug:ExtractStackTraceNoAlloc (byte*,int,string)
UnityEngine.StackTraceUtility:ExtractStackTrace () (at /Users/bokken/build/output/unity/unity/Runtime/Export/Scripting/StackTrace.cs:23)
ChubbyAircraftDelivery:SaveAndValidatePrefab (UnityEngine.GameObject,string,System.Text.StringBuilder) (at Assets/Editor/ChubbyAircraftDelivery.cs:250)
ChubbyAircraftDelivery:Run () (at Assets/Editor/ChubbyAircraftDelivery.cs:104)
ChubbyAircraftFinalCheck:Run () (at Assets/Editor/ChubbyAircraftFinalCheck.cs:5)

[Assets/Editor/ChubbyAircraftDelivery.cs line 104]

Imported 'GUID: 85c324a1b68984bf9b04ca749a11044d' -> (Import Result ID: 'cf179f5d06c3ebb0c5b07ad0a9c06686') in 0.001 seconds [static dependencies only]. Details - ImportResultOutputID=b665cc009b746a68fbfea4751c63b59e DependenciesID=d34058c77c32e1081e42ce2796ba5eb1 StaticDependenciesID=ec3a20adc86933040a7971fdf8367af4 
Importing 'GUID: f5ad7d42c5df348348e00187cf0d2dad - Path: Assets/Art/ChubbyAircraft/BurgundySilver_B737_800/Meshes/Part_11.asset' with importer (NativeFormatImporter)
Main Object Name 'BurgundySilver_B737_800_Part_11' does not match filename 'Part_11'
UnityEngine.Debug:ExtractStackTraceNoAlloc (byte*,int,string)
UnityEngine.StackTraceUtility:ExtractStackTrace () (at /Users/bokken/build/output/unity/unity/Runtime/Export/Scripting/StackTrace.cs:23)
ChubbyAircraftDelivery:SaveAndValidatePrefab (UnityEngine.GameObject,string,System.Text.StringBuilder) (at Assets/Editor/ChubbyAircraftDelivery.cs:250)
ChubbyAircraftDelivery:Run () (at Assets/Editor/ChubbyAircraftDelivery.cs:104)
ChubbyAircraftFinalCheck:Run () (at Assets/Editor/ChubbyAircraftFinalCheck.cs:5)

[Assets/Editor/ChubbyAircraftDelivery.cs line 104]

Imported 'GUID: f5ad7d42c5df348348e00187cf0d2dad' -> (Import Result ID: '22c7e20e97a0dd94ab80f16a4c6ffdf8') in 0.000 seconds [static dependencies only]. Details - ImportResultOutputID=77df0a019fd757b7215c4caf8659a2ef DependenciesID=e0a1d3f232e690a757651dde0d851785 StaticDependenciesID=bb9aa8044fdfa6fb1263bd05304e7c32 
Importing 'GUID: 56eff26bd815949d4a11c61db650c991 - Path: Assets/Art/ChubbyAircraft/BurgundySilver_B737_800/Meshes/Part_05.asset' with importer (NativeFormatImporter)
Main Object Name 'BurgundySilver_B737_800_Part_05' does not match filename 'Part_05'
UnityEngine.Debug:ExtractStackTraceNoAlloc (byte*,int,string)
UnityEngine.StackTraceUtility:ExtractStackTrace () (at /Users/bokken/build/output/unity/unity/Runtime/Export/Scripting/StackTrace.cs:23)
ChubbyAircraftDelivery:SaveAndValidatePrefab (UnityEngine.GameObject,string,System.Text.StringBuilder) (at Assets/Editor/ChubbyAircraftDelivery.cs:250)
ChubbyAircraftDelivery:Run () (at Assets/Editor/ChubbyAircraftDelivery.cs:104)
ChubbyAircraftFinalCheck:Run () (at Assets/Editor/ChubbyAircraftFinalCheck.cs:5)

[Assets/Editor/ChubbyAircraftDelivery.cs line 104]

Imported 'GUID: 56eff26bd815949d4a11c61db650c991' -> (Import Result ID: 'bc2bb827a4e26a1aa99acf4f666e04e2') in 0.000 seconds [static dependencies only]. Details - ImportResultOutputID=adae073ad8a629446c6accd0fa987fe2 DependenciesID=f5ad21c3d5c1a028cc436751bfb5b463 StaticDependenciesID=03afb76a6759b9c5287643d712149304 
Importing 'GUID: 96ed4c1e76b0f435188be2aad593449f - Path: Assets/Art/ChubbyAircraft/BurgundySilver_B737_800/Meshes/Part_14.asset' with importer (NativeFormatImporter)
Main Object Name 'BurgundySilver_B737_800_Part_14' does not match filename 'Part_14'
UnityEngine.Debug:ExtractStackTraceNoAlloc (byte*,int,string)
UnityEngine.StackTraceUtility:ExtractStackTrace () (at /Users/bokken/build/output/unity/unity/Runtime/Export/Scripting/StackTrace.cs:23)
ChubbyAircraftDelivery:SaveAndValidatePrefab (UnityEngine.GameObject,string,System.Text.StringBuilder) (at Assets/Editor/ChubbyAircraftDelivery.cs:250)
ChubbyAircraftDelivery:Run () (at Assets/Editor/ChubbyAircraftDelivery.cs:104)
ChubbyAircraftFinalCheck:Run () (at Assets/Editor/ChubbyAircraftFinalCheck.cs:5)

[Assets/Editor/ChubbyAircraftDelivery.cs line 104]

Imported 'GUID: 96ed4c1e76b0f435188be2aad593449f' -> (Import Result ID: 'ac5813952b8e4bc40acfbdfcbaa1b325') in 0.000 seconds [static dependencies only]. Details - ImportResultOutputID=b999fb427f6c0e32a1eb308997d3e2e8 DependenciesID=773009fd28a1005ffa64abfb9f544e21 StaticDependenciesID=0e638f8edd49f528dc6d353958f59209 
Importing 'GUID: 27a2e917176924059bea5c712cd67020 - Path: Assets/Art/ChubbyAircraft/BurgundySilver_B737_800/Meshes/Part_00.asset' with importer (NativeFormatImporter)
Main Object Name 'BurgundySilver_B737_800_Part_00' does not match filename 'Part_00'
UnityEngine.Debug:ExtractStackTraceNoAlloc (byte*,int,string)
UnityEngine.StackTraceUtility:ExtractStackTrace () (at /Users/bokken/build/output/unity/unity/Runtime/Export/Scripting/StackTrace.cs:23)
ChubbyAircraftDelivery:SaveAndValidatePrefab (UnityEngine.GameObject,string,System.Text.StringBuilder) (at Assets/Editor/ChubbyAircraftDelivery.cs:250)
ChubbyAircraftDelivery:Run () (at Assets/Editor/ChubbyAircraftDelivery.cs:104)
ChubbyAircraftFinalCheck:Run () (at Assets/Editor/ChubbyAircraftFinalCheck.cs:5)

[Assets/Editor/ChubbyAircraftDelivery.cs line 104]

Imported 'GUID: 27a2e917176924059bea5c712cd67020' -> (Import Result ID: 'f5d498a93ac92601e7bcbe18fc18c79e') in 0.001 seconds [static dependencies only]. Details - ImportResultOutputID=0101b1aad05d4eafef6b00e311d009eb DependenciesID=4b76720ed0211a658b15a056fe4030b9 StaticDependenciesID=7cddfd6245b1dff96f1bff5f02e53e44 
Importing 'GUID: 5865b5c8eecbb4f14a26d1697d2603bc - Path: Assets/Art/ChubbyAircraft/BurgundySilver_B737_800/Meshes/Part_10.asset' with importer (NativeFormatImporter)
Main Object Name 'BurgundySilver_B737_800_Part_10' does not match filename 'Part_10'
UnityEngine.Debug:ExtractStackTraceNoAlloc (byte*,int,string)
UnityEngine.StackTraceUtility:ExtractStackTrace () (at /Users/bokken/build/output/unity/unity/Runtime/Export/Scripting/StackTrace.cs:23)
ChubbyAircraftDelivery:SaveAndValidatePrefab (UnityEngine.GameObject,string,System.Text.StringBuilder) (at Assets/Editor/ChubbyAircraftDelivery.cs:250)
ChubbyAircraftDelivery:Run () (at Assets/Editor/ChubbyAircraftDelivery.cs:104)
ChubbyAircraftFinalCheck:Run () (at Assets/Editor/ChubbyAircraftFinalCheck.cs:5)

[Assets/Editor/ChubbyAircraftDelivery.cs line 104]

Imported 'GUID: 5865b5c8eecbb4f14a26d1697d2603bc' -> (Import Result ID: 'b2a3efb399ade7ddd81621c2d0e56302') in 0.000 seconds [static dependencies only]. Details - ImportResultOutputID=7ba51adbd5559968ddf64dc060547fb7 DependenciesID=adba6fefb0677bad4a235bee176d7821 StaticDependenciesID=91e610ec36d5b121af27061647db8045 
Importing 'GUID: 78b4609e90fb44ae7bc8ddaba23eac95 - Path: Assets/Art/ChubbyAircraft/BurgundySilver_B737_800/Meshes/Part_15.asset' with importer (NativeFormatImporter)
Main Object Name 'BurgundySilver_B737_800_Part_15' does not match filename 'Part_15'
UnityEngine.Debug:ExtractStackTraceNoAlloc (byte*,int,string)
UnityEngine.StackTraceUtility:ExtractStackTrace () (at /Users/bokken/build/output/unity/unity/Runtime/Export/Scripting/StackTrace.cs:23)
ChubbyAircraftDelivery:SaveAndValidatePrefab (UnityEngine.GameObject,string,System.Text.StringBuilder) (at Assets/Editor/ChubbyAircraftDelivery.cs:250)
ChubbyAircraftDelivery:Run () (at Assets/Editor/ChubbyAircraftDelivery.cs:104)
ChubbyAircraftFinalCheck:Run () (at Assets/Editor/ChubbyAircraftFinalCheck.cs:5)

[Assets/Editor/ChubbyAircraftDelivery.cs line 104]

Imported 'GUID: 78b4609e90fb44ae7bc8ddaba23eac95' -> (Import Result ID: '2d22a2d2eb3a8e8f89a634782889fc4f') in 0.000 seconds [static dependencies only]. Details - ImportResultOutputID=2d3d352dc1a8a169ff2265c0f6da5f77 DependenciesID=922f89974e3dda064aa994f3c9933209 StaticDependenciesID=8845e56443f3319a6a1142fc70ca5a13 
Importing 'GUID: aa186e50bc9614258be91778bdc65508 - Path: Assets/Art/ChubbyAircraft/BurgundySilver_B737_800/Meshes/Part_06.asset' with importer (NativeFormatImporter)
Main Object Name 'BurgundySilver_B737_800_Part_06' does not match filename 'Part_06'
UnityEngine.Debug:ExtractStackTraceNoAlloc (byte*,int,string)
UnityEngine.StackTraceUtility:ExtractStackTrace () (at /Users/bokken/build/output/unity/unity/Runtime/Export/Scripting/StackTrace.cs:23)
ChubbyAircraftDelivery:SaveAndValidatePrefab (UnityEngine.GameObject,string,System.Text.StringBuilder) (at Assets/Editor/ChubbyAircraftDelivery.cs:250)
ChubbyAircraftDelivery:Run () (at Assets/Editor/ChubbyAircraftDelivery.cs:104)
ChubbyAircraftFinalCheck:Run () (at Assets/Editor/ChubbyAircraftFinalCheck.cs:5)

[Assets/Editor/ChubbyAircraftDelivery.cs line 104]

Imported 'GUID: aa186e50bc9614258be91778bdc65508' -> (Import Result ID: '20a9db83099df635c6de37094bd4721b') in 0.000 seconds [static dependencies only]. Details - ImportResultOutputID=8c8ec15d239b3e8fbef71c98312afd1d DependenciesID=db4b9684c7f85f2762cb7a1f487a2940 StaticDependenciesID=8169517feddbe6660d505b162443047c 
Importing 'GUID: faf0111f504ca40a38d081ee12267e94 - Path: Assets/Art/ChubbyAircraft/BurgundySilver_B737_800/Meshes/Part_13.asset' with importer (NativeFormatImporter)
Main Object Name 'BurgundySilver_B737_800_Part_13' does not match filename 'Part_13'
UnityEngine.Debug:ExtractStackTraceNoAlloc (byte*,int,string)
UnityEngine.StackTraceUtility:ExtractStackTrace () (at /Users/bokken/build/output/unity/unity/Runtime/Export/Scripting/StackTrace.cs:23)
ChubbyAircraftDelivery:SaveAndValidatePrefab (UnityEngine.GameObject,string,System.Text.StringBuilder) (at Assets/Editor/ChubbyAircraftDelivery.cs:250)
ChubbyAircraftDelivery:Run () (at Assets/Editor/ChubbyAircraftDelivery.cs:104)
ChubbyAircraftFinalCheck:Run () (at Assets/Editor/ChubbyAircraftFinalCheck.cs:5)

[Assets/Editor/ChubbyAircraftDelivery.cs line 104]

Imported 'GUID: faf0111f504ca40a38d081ee12267e94' -> (Import Result ID: 'b5936053199fa3b16647ad7d50e87cf6') in 0.000 seconds [static dependencies only]. Details - ImportResultOutputID=8961a943a3097c85cfe1d4cdf6a80199 DependenciesID=cd9b21bfec33979548c2ed675e5e3c82 StaticDependenciesID=88a85baa96704877bb9f17670fe68d72 
Importing 'GUID: 3b95b0f3e48654476b6b5d12cabde26e - Path: Assets/Art/ChubbyAircraft/BurgundySilver_B737_800/Meshes/Part_04.asset' with importer (NativeFormatImporter)
Main Object Name 'BurgundySilver_B737_800_Part_04' does not match filename 'Part_04'
UnityEngine.Debug:ExtractStackTraceNoAlloc (byte*,int,string)
UnityEngine.StackTraceUtility:ExtractStackTrace () (at /Users/bokken/build/output/unity/unity/Runtime/Export/Scripting/StackTrace.cs:23)
ChubbyAircraftDelivery:SaveAndValidatePrefab (UnityEngine.GameObject,string,System.Text.StringBuilder) (at Assets/Editor/ChubbyAircraftDelivery.cs:250)
ChubbyAircraftDelivery:Run () (at Assets/Editor/ChubbyAircraftDelivery.cs:104)
ChubbyAircraftFinalCheck:Run () (at Assets/Editor/ChubbyAircraftFinalCheck.cs:5)

[Assets/Editor/ChubbyAircraftDelivery.cs line 104]

Imported 'GUID: 3b95b0f3e48654476b6b5d12cabde26e' -> (Import Result ID: 'e807e27936576bdc57ee632a14e1b3f3') in 0.000 seconds [static dependencies only]. Details - ImportResultOutputID=bf35b74934aedf82351ef6e2c7ddfd3f DependenciesID=21bd4e1fa38dcef818d6d9daed56d7f1 StaticDependenciesID=e3199dc08b37cce0ee22ae93477aa576 
Importing 'GUID: 7b7fa2d6bf4d44d4792246ca77588901 - Path: Assets/Art/ChubbyAircraft/BurgundySilver_B737_800/Meshes/Part_08.asset' with importer (NativeFormatImporter)
Main Object Name 'BurgundySilver_B737_800_Part_08' does not match filename 'Part_08'
UnityEngine.Debug:ExtractStackTraceNoAlloc (byte*,int,string)
UnityEngine.StackTraceUtility:ExtractStackTrace () (at /Users/bokken/build/output/unity/unity/Runtime/Export/Scripting/StackTrace.cs:23)
ChubbyAircraftDelivery:SaveAndValidatePrefab (UnityEngine.GameObject,string,System.Text.StringBuilder) (at Assets/Editor/ChubbyAircraftDelivery.cs:250)
ChubbyAircraftDelivery:Run () (at Assets/Editor/ChubbyAircraftDelivery.cs:104)
ChubbyAircraftFinalCheck:Run () (at Assets/Editor/ChubbyAircraftFinalCheck.cs:5)

[Assets/Editor/ChubbyAircraftDelivery.cs line 104]

Imported 'GUID: 7b7fa2d6bf4d44d4792246ca77588901' -> (Import Result ID: 'b027cda4997ab22183237eb419661723') in 0.000 seconds [static dependencies only]. Details - ImportResultOutputID=f2bfaced786e75748cc928ac468f7655 DependenciesID=16cd4e08343e159a4c2a621876271892 StaticDependenciesID=3e1f0d53fc651e98a2a96a426dc5772e 
Importing 'GUID: 8eeb783c69738432cad4bbd2890f3bd2 - Path: Assets/Art/ChubbyAircraft/BurgundySilver_B737_800/Meshes/Part_02.asset' with importer (NativeFormatImporter)
Main Object Name 'BurgundySilver_B737_800_Part_02' does not match filename 'Part_02'
UnityEngine.Debug:ExtractStackTraceNoAlloc (byte*,int,string)
UnityEngine.StackTraceUtility:ExtractStackTrace () (at /Users/bokken/build/output/unity/unity/Runtime/Export/Scripting/StackTrace.cs:23)
ChubbyAircraftDelivery:SaveAndValidatePrefab (UnityEngine.GameObject,string,System.Text.StringBuilder) (at Assets/Editor/ChubbyAircraftDelivery.cs:250)
ChubbyAircraftDelivery:Run () (at Assets/Editor/ChubbyAircraftDelivery.cs:104)
ChubbyAircraftFinalCheck:Run () (at Assets/Editor/ChubbyAircraftFinalCheck.cs:5)

[Assets/Editor/ChubbyAircraftDelivery.cs line 104]

Imported 'GUID: 8eeb783c69738432cad4bbd2890f3bd2' -> (Import Result ID: '3a4ce1246318c8fdf3f30f3acd097674') in 0.001 seconds [static dependencies only]. Details - ImportResultOutputID=df4882476de81f77d8bd7fbaf4466632 DependenciesID=113f9826d8e067939f36ddb89c75b98e StaticDependenciesID=3f78e9dc03826bad752c1c8d481442c1 
Importing 'GUID: af44006418e374869ab24998ae3da73e - Path: Assets/Art/ChubbyAircraft/BurgundySilver_B737_800/Meshes/Part_07.asset' with importer (NativeFormatImporter)
Main Object Name 'BurgundySilver_B737_800_Part_07' does not match filename 'Part_07'
UnityEngine.Debug:ExtractStackTraceNoAlloc (byte*,int,string)
UnityEngine.StackTraceUtility:ExtractStackTrace () (at /Users/bokken/build/output/unity/unity/Runtime/Export/Scripting/StackTrace.cs:23)
ChubbyAircraftDelivery:SaveAndValidatePrefab (UnityEngine.GameObject,string,System.Text.StringBuilder) (at Assets/Editor/ChubbyAircraftDelivery.cs:250)
ChubbyAircraftDelivery:Run () (at Assets/Editor/ChubbyAircraftDelivery.cs:104)
ChubbyAircraftFinalCheck:Run () (at Assets/Editor/ChubbyAircraftFinalCheck.cs:5)

[Assets/Editor/ChubbyAircraftDelivery.cs line 104]

Imported 'GUID: af44006418e374869ab24998ae3da73e' -> (Import Result ID: '430ae4105d77a90c77f899cfc3879896') in 0.000 seconds [static dependencies only]. Details - ImportResultOutputID=29305451f6b76b646a1451b942138646 DependenciesID=731b4cdf040553b825d07f199ab6bf1b StaticDependenciesID=a73d1fe5f4e184b197e4de048dd37923 
Importing 'GUID: bf81856b6b08f4453b71582efd864413 - Path: Assets/Art/ChubbyAircraft/BurgundySilver_B737_800/Meshes/Part_12.asset' with importer (NativeFormatImporter)
Main Object Name 'BurgundySilver_B737_800_Part_12' does not match filename 'Part_12'
UnityEngine.Debug:ExtractStackTraceNoAlloc (byte*,int,string)
UnityEngine.StackTraceUtility:ExtractStackTrace () (at /Users/bokken/build/output/unity/unity/Runtime/Export/Scripting/StackTrace.cs:23)
ChubbyAircraftDelivery:SaveAndValidatePrefab (UnityEngine.GameObject,string,System.Text.StringBuilder) (at Assets/Editor/ChubbyAircraftDelivery.cs:250)
ChubbyAircraftDelivery:Run () (at Assets/Editor/ChubbyAircraftDelivery.cs:104)
ChubbyAircraftFinalCheck:Run () (at Assets/Editor/ChubbyAircraftFinalCheck.cs:5)

[Assets/Editor/ChubbyAircraftDelivery.cs line 104]

Imported 'GUID: bf81856b6b08f4453b71582efd864413' -> (Import Result ID: 'c2016a19de7355bdd875978e440126ce') in 0.000 seconds [static dependencies only]. Details - ImportResultOutputID=a4d041b6a7a9c42af8825c6d7b5eed1b DependenciesID=8a4cfaf9b6f6be44702af6a0db23d580 StaticDependenciesID=51088aa9bd406090ba5ceac7eddb0036 
Asset Pipeline Refresh (id=0c61abef2c4ed4a3997292f966284f5a): Total: 0.026 seconds - Initiated by StopAssetImportingV2(NoUpdateAssetOptions)
Importing 'GUID: 474dfbeb11480441c87d02cf6d1ae90e - Path: Assets/Art/ChubbyAircraft/BurgundySilver_B737_800/BurgundySilver_B737_800.prefab' with importer (PrefabImporter)
Imported 'GUID: 474dfbeb11480441c87d02cf6d1ae90e' -> (Import Result ID: '1475f8050f58d55935ae1257a45fca72') in 0.001 seconds [static dependencies only]. Details - ImportResultOutputID=865aa5e7153166433fc2c72fc8548f7d DependenciesID=fac25fce2ffe783c3f583754b4c7a718 StaticDependenciesID=135190dc61b5488f54720e81cc9ccb43 
Asset Pipeline Refresh (id=10eaea6402fac4ae9b1ecd0c079a06d7): Total: 0.005 seconds - Initiated by StopAssetImportingV2(NoUpdateAssetOptions)
Loaded scene 'Library/Unused/24892964a0bf74616a60af8db86d04c1'
	Deserialize:            0.236 ms
	Integration:            0.087 ms
	Integration of assets:  0.001 ms
	Thread Wait Time:       0.003 ms
	Total Operation Time:   0.327 ms
Asset Pipeline Refresh (id=6ed3a8026de484ccd8468da339b3729d): Total: 0.002 seconds - Initiated by StopAssetImportingV2(NoUpdateAssetOptions)
Importing 'GUID: 00cbc300931f24a45a740206c63b9260 - Path: Assets/Art/ChubbyAircraft/BurgundySilver_A380_800/Materials/Part_08.mat' with importer (NativeFormatImporter)
Main Object Name 'BurgundySilver_A380_800_Part_08' does not match filename 'Part_08'
UnityEngine.Debug:ExtractStackTraceNoAlloc (byte*,int,string)
UnityEngine.StackTraceUtility:ExtractStackTrace () (at /Users/bokken/build/output/unity/unity/Runtime/Export/Scripting/StackTrace.cs:23)
ChubbyAircraftDelivery:SaveAndValidatePrefab (UnityEngine.GameObject,string,System.Text.StringBuilder) (at Assets/Editor/ChubbyAircraftDelivery.cs:250)
ChubbyAircraftDelivery:Run () (at Assets/Editor/ChubbyAircraftDelivery.cs:104)
ChubbyAircraftFinalCheck:Run () (at Assets/Editor/ChubbyAircraftFinalCheck.cs:5)

[Assets/Editor/ChubbyAircraftDelivery.cs line 104]

Imported 'GUID: 00cbc300931f24a45a740206c63b9260' -> (Import Result ID: '300ddf0f01b961516db21145ba1fc4fe') in 0.001 seconds [static dependencies only]. Details - ImportResultOutputID=2faefa35d84d9717f8f6b18164f5ed7d DependenciesID=ddf10827dc389b6ca6fe2a5b91156d42 StaticDependenciesID=9a918264f54ae1b09b14979f67dca084 
Importing 'GUID: 50eef2ee2740045e9b029a88bc367c93 - Path: Assets/Art/ChubbyAircraft/BurgundySilver_A380_800/Materials/Part_14.mat' with importer (NativeFormatImporter)
Main Object Name 'BurgundySilver_A380_800_Part_14' does not match filename 'Part_14'
UnityEngine.Debug:ExtractStackTraceNoAlloc (byte*,int,string)
UnityEngine.StackTraceUtility:ExtractStackTrace () (at /Users/bokken/build/output/unity/unity/Runtime/Export/Scripting/StackTrace.cs:23)
ChubbyAircraftDelivery:SaveAndValidatePrefab (UnityEngine.GameObject,string,System.Text.StringBuilder) (at Assets/Editor/ChubbyAircraftDelivery.cs:250)
ChubbyAircraftDelivery:Run () (at Assets/Editor/ChubbyAircraftDelivery.cs:104)
ChubbyAircraftFinalCheck:Run () (at Assets/Editor/ChubbyAircraftFinalCheck.cs:5)

[Assets/Editor/ChubbyAircraftDelivery.cs line 104]

Imported 'GUID: 50eef2ee2740045e9b029a88bc367c93' -> (Import Result ID: '81986630dc4bfd73ec68d12d1235f61f') in 0.000 seconds [static dependencies only]. Details - ImportResultOutputID=1629978f815cf4ee8d96189a7d5f0aa5 DependenciesID=8d7282d9699c258ea4f9912bc283d07f StaticDependenciesID=ca4d446272bc7b722dcdd204340c014f 
Importing 'GUID: c1c86cc1755524950a237b599cdf9de5 - Path: Assets/Art/ChubbyAircraft/BurgundySilver_A380_800/Materials/Part_06.mat' with importer (NativeFormatImporter)
Main Object Name 'BurgundySilver_A380_800_Part_06' does not match filename 'Part_06'
UnityEngine.Debug:ExtractStackTraceNoAlloc (byte*,int,string)
UnityEngine.StackTraceUtility:ExtractStackTrace () (at /Users/bokken/build/output/unity/unity/Runtime/Export/Scripting/StackTrace.cs:23)
ChubbyAircraftDelivery:SaveAndValidatePrefab (UnityEngine.GameObject,string,System.Text.StringBuilder) (at Assets/Editor/ChubbyAircraftDelivery.cs:250)
ChubbyAircraftDelivery:Run () (at Assets/Editor/ChubbyAircraftDelivery.cs:104)
ChubbyAircraftFinalCheck:Run () (at Assets/Editor/ChubbyAircraftFinalCheck.cs:5)

[Assets/Editor/ChubbyAircraftDelivery.cs line 104]

Imported 'GUID: c1c86cc1755524950a237b599cdf9de5' -> (Import Result ID: '5f67cf19dcef6093738a6aa3aa3b9dc2') in 0.000 seconds [static dependencies only]. Details - ImportResultOutputID=c815fd6f3c388f9fecdc3232e5a078ce DependenciesID=62b94d677a5519a41db0059518f52ac4 StaticDependenciesID=0c4547bf40dc1d67318016f072e490cd 
Importing 'GUID: 928bf64e124a9407c945d906cfb84e96 - Path: Assets/Art/ChubbyAircraft/BurgundySilver_A380_800/Materials/Part_12.mat' with importer (NativeFormatImporter)
Main Object Name 'BurgundySilver_A380_800_Part_12' does not match filename 'Part_12'
UnityEngine.Debug:ExtractStackTraceNoAlloc (byte*,int,string)
UnityEngine.StackTraceUtility:ExtractStackTrace () (at /Users/bokken/build/output/unity/unity/Runtime/Export/Scripting/StackTrace.cs:23)
ChubbyAircraftDelivery:SaveAndValidatePrefab (UnityEngine.GameObject,string,System.Text.StringBuilder) (at Assets/Editor/ChubbyAircraftDelivery.cs:250)
ChubbyAircraftDelivery:Run () (at Assets/Editor/ChubbyAircraftDelivery.cs:104)
ChubbyAircraftFinalCheck:Run () (at Assets/Editor/ChubbyAircraftFinalCheck.cs:5)

[Assets/Editor/ChubbyAircraftDelivery.cs line 104]

Imported 'GUID: 928bf64e124a9407c945d906cfb84e96' -> (Import Result ID: '8391f58315979423ebfaedd6678c5b6a') in 0.000 seconds [static dependencies only]. Details - ImportResultOutputID=fef18ad00c5b1e266bedac7b31a764f6 DependenciesID=62bacbf6bd3723ed036c3725a0a137b1 StaticDependenciesID=66486a3cfb13fef8f2a5252b00f0ba94 
Importing 'GUID: 230d348929d4d4a009c7f566c630a028 - Path: Assets/Art/ChubbyAircraft/BurgundySilver_A380_800/Materials/Part_00.mat' with importer (NativeFormatImporter)
Main Object Name 'BurgundySilver_A380_800_Part_00' does not match filename 'Part_00'
UnityEngine.Debug:ExtractStackTraceNoAlloc (byte*,int,string)
UnityEngine.StackTraceUtility:ExtractStackTrace () (at /Users/bokken/build/output/unity/unity/Runtime/Export/Scripting/StackTrace.cs:23)
ChubbyAircraftDelivery:SaveAndValidatePrefab (UnityEngine.GameObject,string,System.Text.StringBuilder) (at Assets/Editor/ChubbyAircraftDelivery.cs:250)
ChubbyAircraftDelivery:Run () (at Assets/Editor/ChubbyAircraftDelivery.cs:104)
ChubbyAircraftFinalCheck:Run () (at Assets/Editor/ChubbyAircraftFinalCheck.cs:5)

[Assets/Editor/ChubbyAircraftDelivery.cs line 104]

Imported 'GUID: 230d348929d4d4a009c7f566c630a028' -> (Import Result ID: '63751344f5f4b1d47881fde2f976ed60') in 0.000 seconds [static dependencies only]. Details - ImportResultOutputID=4a2f65d45dea16d060058c2553533144 DependenciesID=190726c44f57b50e325b81d2b19c9ff5 StaticDependenciesID=27886d67b2e1cbe4604872acaa0fd309 
Importing 'GUID: 74b3bfe1bca234f39aa0f506b2e90f8d - Path: Assets/Art/ChubbyAircraft/BurgundySilver_A380_800/Materials/Part_02.mat' with importer (NativeFormatImporter)
Main Object Name 'BurgundySilver_A380_800_Part_02' does not match filename 'Part_02'
UnityEngine.Debug:ExtractStackTraceNoAlloc (byte*,int,string)
UnityEngine.StackTraceUtility:ExtractStackTrace () (at /Users/bokken/build/output/unity/unity/Runtime/Export/Scripting/StackTrace.cs:23)
ChubbyAircraftDelivery:SaveAndValidatePrefab (UnityEngine.GameObject,string,System.Text.StringBuilder) (at Assets/Editor/ChubbyAircraftDelivery.cs:250)
ChubbyAircraftDelivery:Run () (at Assets/Editor/ChubbyAircraftDelivery.cs:104)
ChubbyAircraftFinalCheck:Run () (at Assets/Editor/ChubbyAircraftFinalCheck.cs:5)

[Assets/Editor/ChubbyAircraftDelivery.cs line 104]

Imported 'GUID: 74b3bfe1bca234f39aa0f506b2e90f8d' -> (Import Result ID: '1a9b1576d76c4df6bf343627b0953457') in 0.000 seconds [static dependencies only]. Details - ImportResultOutputID=6c7a96c2dccab84e08e0d397a75678c7 DependenciesID=38eb7af8a1636ac829469ce6f11521b2 StaticDependenciesID=2df8a04c6b9dc8f2e588f3130cb9570b 
Importing 'GUID: d431c0dc54785456f9b29237dd0adb59 - Path: Assets/Art/ChubbyAircraft/BurgundySilver_A380_800/Materials/Part_10.mat' with importer (NativeFormatImporter)
Main Object Name 'BurgundySilver_A380_800_Part_10' does not match filename 'Part_10'
UnityEngine.Debug:ExtractStackTraceNoAlloc (byte*,int,string)
UnityEngine.StackTraceUtility:ExtractStackTrace () (at /Users/bokken/build/output/unity/unity/Runtime/Export/Scripting/StackTrace.cs:23)
ChubbyAircraftDelivery:SaveAndValidatePrefab (UnityEngine.GameObject,string,System.Text.StringBuilder) (at Assets/Editor/ChubbyAircraftDelivery.cs:250)
ChubbyAircraftDelivery:Run () (at Assets/Editor/ChubbyAircraftDelivery.cs:104)
ChubbyAircraftFinalCheck:Run () (at Assets/Editor/ChubbyAircraftFinalCheck.cs:5)

[Assets/Editor/ChubbyAircraftDelivery.cs line 104]

Imported 'GUID: d431c0dc54785456f9b29237dd0adb59' -> (Import Result ID: 'df768cca0aa573fc6c32f1e24884cee0') in 0.000 seconds [static dependencies only]. Details - ImportResultOutputID=9eacef5dc418be59bc59c5a4867768c1 DependenciesID=f08526696e6cde437e49d5b429a1fd81 StaticDependenciesID=201ba48c5d6dccfad35d831e45fe7668 
Importing 'GUID: e4760c2e4949d4b578bf255664ad29b6 - Path: Assets/Art/ChubbyAircraft/BurgundySilver_A380_800/Materials/Part_04.mat' with importer (NativeFormatImporter)
Main Object Name 'BurgundySilver_A380_800_Part_04' does not match filename 'Part_04'
UnityEngine.Debug:ExtractStackTraceNoAlloc (byte*,int,string)
UnityEngine.StackTraceUtility:ExtractStackTrace () (at /Users/bokken/build/output/unity/unity/Runtime/Export/Scripting/StackTrace.cs:23)
ChubbyAircraftDelivery:SaveAndValidatePrefab (UnityEngine.GameObject,string,System.Text.StringBuilder) (at Assets/Editor/ChubbyAircraftDelivery.cs:250)
ChubbyAircraftDelivery:Run () (at Assets/Editor/ChubbyAircraftDelivery.cs:104)
ChubbyAircraftFinalCheck:Run () (at Assets/Editor/ChubbyAircraftFinalCheck.cs:5)

[Assets/Editor/ChubbyAircraftDelivery.cs line 104]

Imported 'GUID: e4760c2e4949d4b578bf255664ad29b6' -> (Import Result ID: '9a753dbfb5209e123851d36c4165ac62') in 0.000 seconds [static dependencies only]. Details - ImportResultOutputID=aaa72cfc467de122e4df8db9b94bcf6c DependenciesID=f8d65340bb2499e718c465fe6b012da9 StaticDependenciesID=52064a320858b2dc748aa900fd7e892f 
Importing 'GUID: e6421b18cefa149a5a62c1489de7ec1e - Path: Assets/Art/ChubbyAircraft/BurgundySilver_A380_800/Materials/Part_11.mat' with importer (NativeFormatImporter)
Main Object Name 'BurgundySilver_A380_800_Part_11' does not match filename 'Part_11'
UnityEngine.Debug:ExtractStackTraceNoAlloc (byte*,int,string)
UnityEngine.StackTraceUtility:ExtractStackTrace () (at /Users/bokken/build/output/unity/unity/Runtime/Export/Scripting/StackTrace.cs:23)
ChubbyAircraftDelivery:SaveAndValidatePrefab (UnityEngine.GameObject,string,System.Text.StringBuilder) (at Assets/Editor/ChubbyAircraftDelivery.cs:250)
ChubbyAircraftDelivery:Run () (at Assets/Editor/ChubbyAircraftDelivery.cs:104)
ChubbyAircraftFinalCheck:Run () (at Assets/Editor/ChubbyAircraftFinalCheck.cs:5)

[Assets/Editor/ChubbyAircraftDelivery.cs line 104]

Imported 'GUID: e6421b18cefa149a5a62c1489de7ec1e' -> (Import Result ID: '73541c49cd028a331249c71280ade591') in 0.000 seconds [static dependencies only]. Details - ImportResultOutputID=527377dcb094553d53459fd20f53ba1d DependenciesID=7b14dfc7bcc9702f0e805cac02c60ede StaticDependenciesID=1a48eb289bfda2d57acb8811c527d0c4 
Importing 'GUID: f7c0641bda4574addaa80d76d9a1ffe9 - Path: Assets/Art/ChubbyAircraft/BurgundySilver_A380_800/Materials/Part_16.mat' with importer (NativeFormatImporter)
Main Object Name 'BurgundySilver_A380_800_Part_16' does not match filename 'Part_16'
UnityEngine.Debug:ExtractStackTraceNoAlloc (byte*,int,string)
UnityEngine.StackTraceUtility:ExtractStackTrace () (at /Users/bokken/build/output/unity/unity/Runtime/Export/Scripting/StackTrace.cs:23)
ChubbyAircraftDelivery:SaveAndValidatePrefab (UnityEngine.GameObject,string,System.Text.StringBuilder) (at Assets/Editor/ChubbyAircraftDelivery.cs:250)
ChubbyAircraftDelivery:Run () (at Assets/Editor/ChubbyAircraftDelivery.cs:104)
ChubbyAircraftFinalCheck:Run () (at Assets/Editor/ChubbyAircraftFinalCheck.cs:5)

[Assets/Editor/ChubbyAircraftDelivery.cs line 104]

Imported 'GUID: f7c0641bda4574addaa80d76d9a1ffe9' -> (Import Result ID: 'f136c35e9309d76c9a2f49741ad81112') in 0.000 seconds [static dependencies only]. Details - ImportResultOutputID=373ec896804e44b89511a048d6353d4d DependenciesID=1ed10cadafd67f97a3b1c598df48e810 StaticDependenciesID=c00849d5fede46686efddda026c981d3 
Importing 'GUID: 59a95f801be2f4a2fae4e2d49c763e76 - Path: Assets/Art/ChubbyAircraft/BurgundySilver_A380_800/Materials/Part_15.mat' with importer (NativeFormatImporter)
Main Object Name 'BurgundySilver_A380_800_Part_15' does not match filename 'Part_15'
UnityEngine.Debug:ExtractStackTraceNoAlloc (byte*,int,string)
UnityEngine.StackTraceUtility:ExtractStackTrace () (at /Users/bokken/build/output/unity/unity/Runtime/Export/Scripting/StackTrace.cs:23)
ChubbyAircraftDelivery:SaveAndValidatePrefab (UnityEngine.GameObject,string,System.Text.StringBuilder) (at Assets/Editor/ChubbyAircraftDelivery.cs:250)
ChubbyAircraftDelivery:Run () (at Assets/Editor/ChubbyAircraftDelivery.cs:104)
ChubbyAircraftFinalCheck:Run () (at Assets/Editor/ChubbyAircraftFinalCheck.cs:5)

[Assets/Editor/ChubbyAircraftDelivery.cs line 104]

Imported 'GUID: 59a95f801be2f4a2fae4e2d49c763e76' -> (Import Result ID: 'b8aafd1d45a3e6adda8212be2bff7272') in 0.000 seconds [static dependencies only]. Details - ImportResultOutputID=f78677d7720a319839a54b97921dd9ee DependenciesID=85bfcf8732feb56b1d0a21fb33efd9ee StaticDependenciesID=c8fc0096bdaea6fb2dd63f5a69f7bf12 
Importing 'GUID: 2df403d60ec204f508c8385304c4920e - Path: Assets/Art/ChubbyAircraft/BurgundySilver_A380_800/Materials/Part_07.mat' with importer (NativeFormatImporter)
Main Object Name 'BurgundySilver_A380_800_Part_07' does not match filename 'Part_07'
UnityEngine.Debug:ExtractStackTraceNoAlloc (byte*,int,string)
UnityEngine.StackTraceUtility:ExtractStackTrace () (at /Users/bokken/build/output/unity/unity/Runtime/Export/Scripting/StackTrace.cs:23)
ChubbyAircraftDelivery:SaveAndValidatePrefab (UnityEngine.GameObject,string,System.Text.StringBuilder) (at Assets/Editor/ChubbyAircraftDelivery.cs:250)
ChubbyAircraftDelivery:Run () (at Assets/Editor/ChubbyAircraftDelivery.cs:104)
ChubbyAircraftFinalCheck:Run () (at Assets/Editor/ChubbyAircraftFinalCheck.cs:5)

[Assets/Editor/ChubbyAircraftDelivery.cs line 104]

Imported 'GUID: 2df403d60ec204f508c8385304c4920e' -> (Import Result ID: '5400db08c172e4abe60adb541e1fc018') in 0.000 seconds [static dependencies only]. Details - ImportResultOutputID=cdc702ac7b908b92f9fd77d085d27a06 DependenciesID=8e1305d8220699db3b26088677dd0da7 StaticDependenciesID=b700ebe850924041e1743fda31813a6e 
Importing 'GUID: bd1cc0c03eeab46a58d0ea869699a017 - Path: Assets/Art/ChubbyAircraft/BurgundySilver_A380_800/Materials/Part_01.mat' with importer (NativeFormatImporter)
Main Object Name 'BurgundySilver_A380_800_Part_01' does not match filename 'Part_01'
UnityEngine.Debug:ExtractStackTraceNoAlloc (byte*,int,string)
UnityEngine.StackTraceUtility:ExtractStackTrace () (at /Users/bokken/build/output/unity/unity/Runtime/Export/Scripting/StackTrace.cs:23)
ChubbyAircraftDelivery:SaveAndValidatePrefab (UnityEngine.GameObject,string,System.Text.StringBuilder) (at Assets/Editor/ChubbyAircraftDelivery.cs:250)
ChubbyAircraftDelivery:Run () (at Assets/Editor/ChubbyAircraftDelivery.cs:104)
ChubbyAircraftFinalCheck:Run () (at Assets/Editor/ChubbyAircraftFinalCheck.cs:5)

[Assets/Editor/ChubbyAircraftDelivery.cs line 104]

Imported 'GUID: bd1cc0c03eeab46a58d0ea869699a017' -> (Import Result ID: '1349a9f086d25ac7f14eedbadfa6f914') in 0.000 seconds [static dependencies only]. Details - ImportResultOutputID=a11f5ad5c1414d0955200224d41ceb41 DependenciesID=b1b7fa626ee06913e85a283127c736fd StaticDependenciesID=896029e9515102f935059f0b1f26d2e5 
Importing 'GUID: fdc1d8e57de2a4eb0a6780feb8f017f4 - Path: Assets/Art/ChubbyAircraft/BurgundySilver_A380_800/Materials/Part_13.mat' with importer (NativeFormatImporter)
Main Object Name 'BurgundySilver_A380_800_Part_13' does not match filename 'Part_13'
UnityEngine.Debug:ExtractStackTraceNoAlloc (byte*,int,string)
UnityEngine.StackTraceUtility:ExtractStackTrace () (at /Users/bokken/build/output/unity/unity/Runtime/Export/Scripting/StackTrace.cs:23)
ChubbyAircraftDelivery:SaveAndValidatePrefab (UnityEngine.GameObject,string,System.Text.StringBuilder) (at Assets/Editor/ChubbyAircraftDelivery.cs:250)
ChubbyAircraftDelivery:Run () (at Assets/Editor/ChubbyAircraftDelivery.cs:104)
ChubbyAircraftFinalCheck:Run () (at Assets/Editor/ChubbyAircraftFinalCheck.cs:5)

[Assets/Editor/ChubbyAircraftDelivery.cs line 104]

Imported 'GUID: fdc1d8e57de2a4eb0a6780feb8f017f4' -> (Import Result ID: 'bc3c2b607581b69a44a5190acc1fc8b3') in 0.000 seconds [static dependencies only]. Details - ImportResultOutputID=0549e29e054900dc61dee75cd7fcc282 DependenciesID=20c397ef6810f173aa26bdfb17485c51 StaticDependenciesID=e81eadc9c74b23354c6ec999533ddc8b 
Importing 'GUID: 2e2d5e7b98223499698d8bb8537a4e9a - Path: Assets/Art/ChubbyAircraft/BurgundySilver_A380_800/Materials/Part_05.mat' with importer (NativeFormatImporter)
Main Object Name 'BurgundySilver_A380_800_Part_05' does not match filename 'Part_05'
UnityEngine.Debug:ExtractStackTraceNoAlloc (byte*,int,string)
UnityEngine.StackTraceUtility:ExtractStackTrace () (at /Users/bokken/build/output/unity/unity/Runtime/Export/Scripting/StackTrace.cs:23)
ChubbyAircraftDelivery:SaveAndValidatePrefab (UnityEngine.GameObject,string,System.Text.StringBuilder) (at Assets/Editor/ChubbyAircraftDelivery.cs:250)
ChubbyAircraftDelivery:Run () (at Assets/Editor/ChubbyAircraftDelivery.cs:104)
ChubbyAircraftFinalCheck:Run () (at Assets/Editor/ChubbyAircraftFinalCheck.cs:5)

[Assets/Editor/ChubbyAircraftDelivery.cs line 104]

Imported 'GUID: 2e2d5e7b98223499698d8bb8537a4e9a' -> (Import Result ID: 'c7699e4c74cdc11c93c5824277c34b71') in 0.000 seconds [static dependencies only]. Details - ImportResultOutputID=21c9cc7d3bc85e1dbcbcae94b147d5f9 DependenciesID=e082df642faa73baf43619e71b2c4542 StaticDependenciesID=4447a2faddada8989646a6bbb786b6ce 
Importing 'GUID: 4eff0be55215440598be40a39d6b3d62 - Path: Assets/Art/ChubbyAircraft/BurgundySilver_A380_800/Materials/Part_03.mat' with importer (NativeFormatImporter)
Main Object Name 'BurgundySilver_A380_800_Part_03' does not match filename 'Part_03'
UnityEngine.Debug:ExtractStackTraceNoAlloc (byte*,int,string)
UnityEngine.StackTraceUtility:ExtractStackTrace () (at /Users/bokken/build/output/unity/unity/Runtime/Export/Scripting/StackTrace.cs:23)
ChubbyAircraftDelivery:SaveAndValidatePrefab (UnityEngine.GameObject,string,System.Text.StringBuilder) (at Assets/Editor/ChubbyAircraftDelivery.cs:250)
ChubbyAircraftDelivery:Run () (at Assets/Editor/ChubbyAircraftDelivery.cs:104)
ChubbyAircraftFinalCheck:Run () (at Assets/Editor/ChubbyAircraftFinalCheck.cs:5)

[Assets/Editor/ChubbyAircraftDelivery.cs line 104]

Imported 'GUID: 4eff0be55215440598be40a39d6b3d62' -> (Import Result ID: '7fefc59efcb808cdaa787821f498a725') in 0.000 seconds [static dependencies only]. Details - ImportResultOutputID=4a3f3d73570f1d3273f094b3d66a0792 DependenciesID=6859a0468dd51b6d4c70e4452d67ac0e StaticDependenciesID=f7f36b07aebb98aad209e83a50526ca9 
Importing 'GUID: 9fd77542955eb48c38ff7b47307f9f31 - Path: Assets/Art/ChubbyAircraft/BurgundySilver_A380_800/Materials/Part_09.mat' with importer (NativeFormatImporter)
Main Object Name 'BurgundySilver_A380_800_Part_09' does not match filename 'Part_09'
UnityEngine.Debug:ExtractStackTraceNoAlloc (byte*,int,string)
UnityEngine.StackTraceUtility:ExtractStackTrace () (at /Users/bokken/build/output/unity/unity/Runtime/Export/Scripting/StackTrace.cs:23)
ChubbyAircraftDelivery:SaveAndValidatePrefab (UnityEngine.GameObject,string,System.Text.StringBuilder) (at Assets/Editor/ChubbyAircraftDelivery.cs:250)
ChubbyAircraftDelivery:Run () (at Assets/Editor/ChubbyAircraftDelivery.cs:104)
ChubbyAircraftFinalCheck:Run () (at Assets/Editor/ChubbyAircraftFinalCheck.cs:5)

[Assets/Editor/ChubbyAircraftDelivery.cs line 104]

Imported 'GUID: 9fd77542955eb48c38ff7b47307f9f31' -> (Import Result ID: '317b4863a8f09bb65aa822119a8501fa') in 0.000 seconds [static dependencies only]. Details - ImportResultOutputID=828360ee92a21096b82b4db9fdd064b5 DependenciesID=89d8a80f2ad9bd5b97a15a8f517bb544 StaticDependenciesID=27c436229c72d0c1fb92757a61bb18da 
Importing 'GUID: 61e77540a436047759150338d4c62754 - Path: Assets/Art/ChubbyAircraft/BurgundySilver_A380_800/Meshes/Part_09.asset' with importer (NativeFormatImporter)
Main Object Name 'BurgundySilver_A380_800_Part_09' does not match filename 'Part_09'
UnityEngine.Debug:ExtractStackTraceNoAlloc (byte*,int,string)
UnityEngine.StackTraceUtility:ExtractStackTrace () (at /Users/bokken/build/output/unity/unity/Runtime/Export/Scripting/StackTrace.cs:23)
ChubbyAircraftDelivery:SaveAndValidatePrefab (UnityEngine.GameObject,string,System.Text.StringBuilder) (at Assets/Editor/ChubbyAircraftDelivery.cs:250)
ChubbyAircraftDelivery:Run () (at Assets/Editor/ChubbyAircraftDelivery.cs:104)
ChubbyAircraftFinalCheck:Run () (at Assets/Editor/ChubbyAircraftFinalCheck.cs:5)

[Assets/Editor/ChubbyAircraftDelivery.cs line 104]

Imported 'GUID: 61e77540a436047759150338d4c62754' -> (Import Result ID: '2349982ba1c4c1206ce32849973603b5') in 0.000 seconds [static dependencies only]. Details - ImportResultOutputID=e5e956610cf2e5a0acd2c44313ae00b1 DependenciesID=777c7e4bc29d665b064d75fe4db3f9c8 StaticDependenciesID=3226d7503866c21fd3f39971a03eeebf 
Importing 'GUID: f109d295ea77247bd9e53099e8bb619b - Path: Assets/Art/ChubbyAircraft/BurgundySilver_A380_800/Meshes/Part_14.asset' with importer (NativeFormatImporter)
Main Object Name 'BurgundySilver_A380_800_Part_14' does not match filename 'Part_14'
UnityEngine.Debug:ExtractStackTraceNoAlloc (byte*,int,string)
UnityEngine.StackTraceUtility:ExtractStackTrace () (at /Users/bokken/build/output/unity/unity/Runtime/Export/Scripting/StackTrace.cs:23)
ChubbyAircraftDelivery:SaveAndValidatePrefab (UnityEngine.GameObject,string,System.Text.StringBuilder) (at Assets/Editor/ChubbyAircraftDelivery.cs:250)
ChubbyAircraftDelivery:Run () (at Assets/Editor/ChubbyAircraftDelivery.cs:104)
ChubbyAircraftFinalCheck:Run () (at Assets/Editor/ChubbyAircraftFinalCheck.cs:5)

[Assets/Editor/ChubbyAircraftDelivery.cs line 104]

Imported 'GUID: f109d295ea77247bd9e53099e8bb619b' -> (Import Result ID: '4c1e4378f85d3042fb15f0035c0d018f') in 0.000 seconds [static dependencies only]. Details - ImportResultOutputID=e96fa7fd56c46593114c1c718407187d DependenciesID=1532c0e48e20ceb0f0b24b2af115883e StaticDependenciesID=23c70807e8e790bef839682184b31997 
Importing 'GUID: 7396791d940074700b10d7bf25cbc422 - Path: Assets/Art/ChubbyAircraft/BurgundySilver_A380_800/Meshes/Part_02.asset' with importer (NativeFormatImporter)
Main Object Name 'BurgundySilver_A380_800_Part_02' does not match filename 'Part_02'
UnityEngine.Debug:ExtractStackTraceNoAlloc (byte*,int,string)
UnityEngine.StackTraceUtility:ExtractStackTrace () (at /Users/bokken/build/output/unity/unity/Runtime/Export/Scripting/StackTrace.cs:23)
ChubbyAircraftDelivery:SaveAndValidatePrefab (UnityEngine.GameObject,string,System.Text.StringBuilder) (at Assets/Editor/ChubbyAircraftDelivery.cs:250)
ChubbyAircraftDelivery:Run () (at Assets/Editor/ChubbyAircraftDelivery.cs:104)
ChubbyAircraftFinalCheck:Run () (at Assets/Editor/ChubbyAircraftFinalCheck.cs:5)

[Assets/Editor/ChubbyAircraftDelivery.cs line 104]

Imported 'GUID: 7396791d940074700b10d7bf25cbc422' -> (Import Result ID: '0f73e3bd779d5bd4e944aa23e7ca9e95') in 0.001 seconds [static dependencies only]. Details - ImportResultOutputID=d50bb4046b5234703a3baffa069de411 DependenciesID=1aa4970ef3d990b259e8dd20247d2e30 StaticDependenciesID=1ec31cda1a686618f559ac7c2f4f8921 
Importing 'GUID: 9388b5e89f91e41a59411715b9cb3808 - Path: Assets/Art/ChubbyAircraft/BurgundySilver_A380_800/Meshes/Part_15.asset' with importer (NativeFormatImporter)
Main Object Name 'BurgundySilver_A380_800_Part_15' does not match filename 'Part_15'
UnityEngine.Debug:ExtractStackTraceNoAlloc (byte*,int,string)
UnityEngine.StackTraceUtility:ExtractStackTrace () (at /Users/bokken/build/output/unity/unity/Runtime/Export/Scripting/StackTrace.cs:23)
ChubbyAircraftDelivery:SaveAndValidatePrefab (UnityEngine.GameObject,string,System.Text.StringBuilder) (at Assets/Editor/ChubbyAircraftDelivery.cs:250)
ChubbyAircraftDelivery:Run () (at Assets/Editor/ChubbyAircraftDelivery.cs:104)
ChubbyAircraftFinalCheck:Run () (at Assets/Editor/ChubbyAircraftFinalCheck.cs:5)

[Assets/Editor/ChubbyAircraftDelivery.cs line 104]

Imported 'GUID: 9388b5e89f91e41a59411715b9cb3808' -> (Import Result ID: 'b117651dedf8f9d79672cedff4409d8e') in 0.000 seconds [static dependencies only]. Details - ImportResultOutputID=8cf73e6290f1344cabc0d40fe1f668c0 DependenciesID=65ac3e4eba0fc537b190c77ca6cb30cb StaticDependenciesID=7a711293a1a63a6ba5655fdfb95ab47f 
Importing 'GUID: d3be71a4e9872495f9bea1ec5a76a1cf - Path: Assets/Art/ChubbyAircraft/BurgundySilver_A380_800/Meshes/Part_16.asset' with importer (NativeFormatImporter)
Main Object Name 'BurgundySilver_A380_800_Part_16' does not match filename 'Part_16'
UnityEngine.Debug:ExtractStackTraceNoAlloc (byte*,int,string)
UnityEngine.StackTraceUtility:ExtractStackTrace () (at /Users/bokken/build/output/unity/unity/Runtime/Export/Scripting/StackTrace.cs:23)
ChubbyAircraftDelivery:SaveAndValidatePrefab (UnityEngine.GameObject,string,System.Text.StringBuilder) (at Assets/Editor/ChubbyAircraftDelivery.cs:250)
ChubbyAircraftDelivery:Run () (at Assets/Editor/ChubbyAircraftDelivery.cs:104)
ChubbyAircraftFinalCheck:Run () (at Assets/Editor/ChubbyAircraftFinalCheck.cs:5)

[Assets/Editor/ChubbyAircraftDelivery.cs line 104]

Imported 'GUID: d3be71a4e9872495f9bea1ec5a76a1cf' -> (Import Result ID: '43c5c49938c9e4076ea84b6198ef7db2') in 0.001 seconds [static dependencies only]. Details - ImportResultOutputID=b51a5f92f80b9e7156f34c1e13936d1a DependenciesID=94651ee092ddbaf74bf173759c6d59a5 StaticDependenciesID=bc5f11bdd5b00c0ecf660671ee2b2ae3 
Importing 'GUID: d4229e08e5de14a75a4f9797b145ba79 - Path: Assets/Art/ChubbyAircraft/BurgundySilver_A380_800/Meshes/Part_10.asset' with importer (NativeFormatImporter)
Main Object Name 'BurgundySilver_A380_800_Part_10' does not match filename 'Part_10'
UnityEngine.Debug:ExtractStackTraceNoAlloc (byte*,int,string)
UnityEngine.StackTraceUtility:ExtractStackTrace () (at /Users/bokken/build/output/unity/unity/Runtime/Export/Scripting/StackTrace.cs:23)
ChubbyAircraftDelivery:SaveAndValidatePrefab (UnityEngine.GameObject,string,System.Text.StringBuilder) (at Assets/Editor/ChubbyAircraftDelivery.cs:250)
ChubbyAircraftDelivery:Run () (at Assets/Editor/ChubbyAircraftDelivery.cs:104)
ChubbyAircraftFinalCheck:Run () (at Assets/Editor/ChubbyAircraftFinalCheck.cs:5)

[Assets/Editor/ChubbyAircraftDelivery.cs line 104]

Imported 'GUID: d4229e08e5de14a75a4f9797b145ba79' -> (Import Result ID: 'c422879ef961af00076886c0b9a367df') in 0.000 seconds [static dependencies only]. Details - ImportResultOutputID=f6b6f751b3eba07b25f1305c250ff10e DependenciesID=630282824f2382b6e22f33487950f843 StaticDependenciesID=b91f96ee3e0ec16db1b09a46f94f0adc 
Importing 'GUID: 75479c57ef521490881572b14cdbb121 - Path: Assets/Art/ChubbyAircraft/BurgundySilver_A380_800/Meshes/Part_13.asset' with importer (NativeFormatImporter)
Main Object Name 'BurgundySilver_A380_800_Part_13' does not match filename 'Part_13'
UnityEngine.Debug:ExtractStackTraceNoAlloc (byte*,int,string)
UnityEngine.StackTraceUtility:ExtractStackTrace () (at /Users/bokken/build/output/unity/unity/Runtime/Export/Scripting/StackTrace.cs:23)
ChubbyAircraftDelivery:SaveAndValidatePrefab (UnityEngine.GameObject,string,System.Text.StringBuilder) (at Assets/Editor/ChubbyAircraftDelivery.cs:250)
ChubbyAircraftDelivery:Run () (at Assets/Editor/ChubbyAircraftDelivery.cs:104)
ChubbyAircraftFinalCheck:Run () (at Assets/Editor/ChubbyAircraftFinalCheck.cs:5)

[Assets/Editor/ChubbyAircraftDelivery.cs line 104]

Imported 'GUID: 75479c57ef521490881572b14cdbb121' -> (Import Result ID: '71407ba758e9f5391ced290e225202c3') in 0.000 seconds [static dependencies only]. Details - ImportResultOutputID=db980c51d20f39ec59137b8b0ba9f45e DependenciesID=fa3238a30ecbc00f5459aeff0e1043d5 StaticDependenciesID=0883ed1c16413ae6b533dea8de28779e 
Importing 'GUID: c6ce3c2efa99043259f0241da35e81f3 - Path: Assets/Art/ChubbyAircraft/BurgundySilver_A380_800/Meshes/Part_05.asset' with importer (NativeFormatImporter)
Main Object Name 'BurgundySilver_A380_800_Part_05' does not match filename 'Part_05'
UnityEngine.Debug:ExtractStackTraceNoAlloc (byte*,int,string)
UnityEngine.StackTraceUtility:ExtractStackTrace () (at /Users/bokken/build/output/unity/unity/Runtime/Export/Scripting/StackTrace.cs:23)
ChubbyAircraftDelivery:SaveAndValidatePrefab (UnityEngine.GameObject,string,System.Text.StringBuilder) (at Assets/Editor/ChubbyAircraftDelivery.cs:250)
ChubbyAircraftDelivery:Run () (at Assets/Editor/ChubbyAircraftDelivery.cs:104)
ChubbyAircraftFinalCheck:Run () (at Assets/Editor/ChubbyAircraftFinalCheck.cs:5)

[Assets/Editor/ChubbyAircraftDelivery.cs line 104]

Imported 'GUID: c6ce3c2efa99043259f0241da35e81f3' -> (Import Result ID: 'c80472eeca52301ea9f65fd2b8b5b44e') in 0.000 seconds [static dependencies only]. Details - ImportResultOutputID=efa1fc624b82192d397b278693aeaed4 DependenciesID=ce30198715d6406b51b7609f78dde2e1 StaticDependenciesID=e5496cfd9b2c21fd932e0c4ff36e87ce 
Importing 'GUID: 17278bf07fc574e1183e29812f7e95ca - Path: Assets/Art/ChubbyAircraft/BurgundySilver_A380_800/Meshes/Part_01.asset' with importer (NativeFormatImporter)
Main Object Name 'BurgundySilver_A380_800_Part_01' does not match filename 'Part_01'
UnityEngine.Debug:ExtractStackTraceNoAlloc (byte*,int,string)
UnityEngine.StackTraceUtility:ExtractStackTrace () (at /Users/bokken/build/output/unity/unity/Runtime/Export/Scripting/StackTrace.cs:23)
ChubbyAircraftDelivery:SaveAndValidatePrefab (UnityEngine.GameObject,string,System.Text.StringBuilder) (at Assets/Editor/ChubbyAircraftDelivery.cs:250)
ChubbyAircraftDelivery:Run () (at Assets/Editor/ChubbyAircraftDelivery.cs:104)
ChubbyAircraftFinalCheck:Run () (at Assets/Editor/ChubbyAircraftFinalCheck.cs:5)

[Assets/Editor/ChubbyAircraftDelivery.cs line 104]

Imported 'GUID: 17278bf07fc574e1183e29812f7e95ca' -> (Import Result ID: '1479ba925cd7214ea3efe8018749582e') in 0.001 seconds [static dependencies only]. Details - ImportResultOutputID=6fa610b1bd7c6bea9f5ebb80f9082884 DependenciesID=e8f280bfa58899ae62a10e5a67bede5b StaticDependenciesID=dc19ad9e0ea6af430fef608ba3a4a265 
Importing 'GUID: 397ff8146402a4c0fae20d2dc09d96ad - Path: Assets/Art/ChubbyAircraft/BurgundySilver_A380_800/Meshes/Part_00.asset' with importer (NativeFormatImporter)
Main Object Name 'BurgundySilver_A380_800_Part_00' does not match filename 'Part_00'
UnityEngine.Debug:ExtractStackTraceNoAlloc (byte*,int,string)
UnityEngine.StackTraceUtility:ExtractStackTrace () (at /Users/bokken/build/output/unity/unity/Runtime/Export/Scripting/StackTrace.cs:23)
ChubbyAircraftDelivery:SaveAndValidatePrefab (UnityEngine.GameObject,string,System.Text.StringBuilder) (at Assets/Editor/ChubbyAircraftDelivery.cs:250)
ChubbyAircraftDelivery:Run () (at Assets/Editor/ChubbyAircraftDelivery.cs:104)
ChubbyAircraftFinalCheck:Run () (at Assets/Editor/ChubbyAircraftFinalCheck.cs:5)

[Assets/Editor/ChubbyAircraftDelivery.cs line 104]

Imported 'GUID: 397ff8146402a4c0fae20d2dc09d96ad' -> (Import Result ID: '6f46ee0e5d335f09b698ced1f473d38f') in 0.001 seconds [static dependencies only]. Details - ImportResultOutputID=40e5ca3ac79142ba20f4493ddc98df84 DependenciesID=f7a0e0228ef14f33e1da0f7eece289a8 StaticDependenciesID=a39b403d165414f6722040529cbc1e2a 
Importing 'GUID: aaf700fed327d42a3a2ec97edab29a2e - Path: Assets/Art/ChubbyAircraft/BurgundySilver_A380_800/Meshes/Part_07.asset' with importer (NativeFormatImporter)
Main Object Name 'BurgundySilver_A380_800_Part_07' does not match filename 'Part_07'
UnityEngine.Debug:ExtractStackTraceNoAlloc (byte*,int,string)
UnityEngine.StackTraceUtility:ExtractStackTrace () (at /Users/bokken/build/output/unity/unity/Runtime/Export/Scripting/StackTrace.cs:23)
ChubbyAircraftDelivery:SaveAndValidatePrefab (UnityEngine.GameObject,string,System.Text.StringBuilder) (at Assets/Editor/ChubbyAircraftDelivery.cs:250)
ChubbyAircraftDelivery:Run () (at Assets/Editor/ChubbyAircraftDelivery.cs:104)
ChubbyAircraftFinalCheck:Run () (at Assets/Editor/ChubbyAircraftFinalCheck.cs:5)

[Assets/Editor/ChubbyAircraftDelivery.cs line 104]

Imported 'GUID: aaf700fed327d42a3a2ec97edab29a2e' -> (Import Result ID: 'c03106e37bbfe0633b209d6261df4ab1') in 0.000 seconds [static dependencies only]. Details - ImportResultOutputID=39c0633899a380d279a964dd8e0b5773 DependenciesID=63c519c6ea63eec5bdf345565143ad51 StaticDependenciesID=b1976ea4e65ca3236e0ecae957a7ec20 
Importing 'GUID: 0b985cebf38da4be3b7cb98657cfe5c1 - Path: Assets/Art/ChubbyAircraft/BurgundySilver_A380_800/Meshes/Part_08.asset' with importer (NativeFormatImporter)
Main Object Name 'BurgundySilver_A380_800_Part_08' does not match filename 'Part_08'
UnityEngine.Debug:ExtractStackTraceNoAlloc (byte*,int,string)
UnityEngine.StackTraceUtility:ExtractStackTrace () (at /Users/bokken/build/output/unity/unity/Runtime/Export/Scripting/StackTrace.cs:23)
ChubbyAircraftDelivery:SaveAndValidatePrefab (UnityEngine.GameObject,string,System.Text.StringBuilder) (at Assets/Editor/ChubbyAircraftDelivery.cs:250)
ChubbyAircraftDelivery:Run () (at Assets/Editor/ChubbyAircraftDelivery.cs:104)
ChubbyAircraftFinalCheck:Run () (at Assets/Editor/ChubbyAircraftFinalCheck.cs:5)

[Assets/Editor/ChubbyAircraftDelivery.cs line 104]

Imported 'GUID: 0b985cebf38da4be3b7cb98657cfe5c1' -> (Import Result ID: '1ddc510791c0820851e0023471dd4020') in 0.000 seconds [static dependencies only]. Details - ImportResultOutputID=45fbbadf75f459ad33e09541efba86cf DependenciesID=ea4d73c08e6a06d369cf16cd0d0f5921 StaticDependenciesID=9a33f0aa4bcb2489a1bd0a8d0b152ed6 
Importing 'GUID: 8dc669a927cce4322a84638666bb2a90 - Path: Assets/Art/ChubbyAircraft/BurgundySilver_A380_800/Meshes/Part_03.asset' with importer (NativeFormatImporter)
Main Object Name 'BurgundySilver_A380_800_Part_03' does not match filename 'Part_03'
UnityEngine.Debug:ExtractStackTraceNoAlloc (byte*,int,string)
UnityEngine.StackTraceUtility:ExtractStackTrace () (at /Users/bokken/build/output/unity/unity/Runtime/Export/Scripting/StackTrace.cs:23)
ChubbyAircraftDelivery:SaveAndValidatePrefab (UnityEngine.GameObject,string,System.Text.StringBuilder) (at Assets/Editor/ChubbyAircraftDelivery.cs:250)
ChubbyAircraftDelivery:Run () (at Assets/Editor/ChubbyAircraftDelivery.cs:104)
ChubbyAircraftFinalCheck:Run () (at Assets/Editor/ChubbyAircraftFinalCheck.cs:5)

[Assets/Editor/ChubbyAircraftDelivery.cs line 104]

Imported 'GUID: 8dc669a927cce4322a84638666bb2a90' -> (Import Result ID: '0d3780b46f25f42bec9ee8ebe4c7dfa2') in 0.001 seconds [static dependencies only]. Details - ImportResultOutputID=ef9b753aba86faf4f153a36bd1eafa37 DependenciesID=a3a819b85b1ea6c630a841371c7884c5 StaticDependenciesID=c34be4e33acaf94430e80e50405f073f 
Importing 'GUID: 4eb46e4cdaf724b608d743fdc696eb1b - Path: Assets/Art/ChubbyAircraft/BurgundySilver_A380_800/Meshes/Part_04.asset' with importer (NativeFormatImporter)
Main Object Name 'BurgundySilver_A380_800_Part_04' does not match filename 'Part_04'
UnityEngine.Debug:ExtractStackTraceNoAlloc (byte*,int,string)
UnityEngine.StackTraceUtility:ExtractStackTrace () (at /Users/bokken/build/output/unity/unity/Runtime/Export/Scripting/StackTrace.cs:23)
ChubbyAircraftDelivery:SaveAndValidatePrefab (UnityEngine.GameObject,string,System.Text.StringBuilder) (at Assets/Editor/ChubbyAircraftDelivery.cs:250)
ChubbyAircraftDelivery:Run () (at Assets/Editor/ChubbyAircraftDelivery.cs:104)
ChubbyAircraftFinalCheck:Run () (at Assets/Editor/ChubbyAircraftFinalCheck.cs:5)

[Assets/Editor/ChubbyAircraftDelivery.cs line 104]

Imported 'GUID: 4eb46e4cdaf724b608d743fdc696eb1b' -> (Import Result ID: '1c8f882e4755887ba1c66eed725b2b3c') in 0.000 seconds [static dependencies only]. Details - ImportResultOutputID=862ce20abcdf712857b30e9fa7b336e6 DependenciesID=ce325cfec2b1c8fe8ba5c0b54a6c6eb7 StaticDependenciesID=e46532160fa1391907e77874c5d7b232 
Importing 'GUID: 7e6e42a4e30764223bd5a47eb8cb8144 - Path: Assets/Art/ChubbyAircraft/BurgundySilver_A380_800/Meshes/Part_11.asset' with importer (NativeFormatImporter)
Main Object Name 'BurgundySilver_A380_800_Part_11' does not match filename 'Part_11'
UnityEngine.Debug:ExtractStackTraceNoAlloc (byte*,int,string)
UnityEngine.StackTraceUtility:ExtractStackTrace () (at /Users/bokken/build/output/unity/unity/Runtime/Export/Scripting/StackTrace.cs:23)
ChubbyAircraftDelivery:SaveAndValidatePrefab (UnityEngine.GameObject,string,System.Text.StringBuilder) (at Assets/Editor/ChubbyAircraftDelivery.cs:250)
ChubbyAircraftDelivery:Run () (at Assets/Editor/ChubbyAircraftDelivery.cs:104)
ChubbyAircraftFinalCheck:Run () (at Assets/Editor/ChubbyAircraftFinalCheck.cs:5)

[Assets/Editor/ChubbyAircraftDelivery.cs line 104]

Imported 'GUID: 7e6e42a4e30764223bd5a47eb8cb8144' -> (Import Result ID: '88c7335124f77fcf14805f11aa395ddf') in 0.000 seconds [static dependencies only]. Details - ImportResultOutputID=6edf1e55e268e3796ba277ac5d3127c3 DependenciesID=87590dce378888db9f6d364ec43aa1f7 StaticDependenciesID=e1c56fff1558f53e91f972622e53e31b 
Importing 'GUID: 4f91ae5af369f4ec69d3ab6cdeef773f - Path: Assets/Art/ChubbyAircraft/BurgundySilver_A380_800/Meshes/Part_06.asset' with importer (NativeFormatImporter)
Main Object Name 'BurgundySilver_A380_800_Part_06' does not match filename 'Part_06'
UnityEngine.Debug:ExtractStackTraceNoAlloc (byte*,int,string)
UnityEngine.StackTraceUtility:ExtractStackTrace () (at /Users/bokken/build/output/unity/unity/Runtime/Export/Scripting/StackTrace.cs:23)
ChubbyAircraftDelivery:SaveAndValidatePrefab (UnityEngine.GameObject,string,System.Text.StringBuilder) (at Assets/Editor/ChubbyAircraftDelivery.cs:250)
ChubbyAircraftDelivery:Run () (at Assets/Editor/ChubbyAircraftDelivery.cs:104)
ChubbyAircraftFinalCheck:Run () (at Assets/Editor/ChubbyAircraftFinalCheck.cs:5)

[Assets/Editor/ChubbyAircraftDelivery.cs line 104]

Imported 'GUID: 4f91ae5af369f4ec69d3ab6cdeef773f' -> (Import Result ID: '0e9ff8db37a45a41db427a9a2b95b6b6') in 0.000 seconds [static dependencies only]. Details - ImportResultOutputID=0948149a6839991f19de2c3fe4910cb6 DependenciesID=8c4b505fabf2ed119aa69b842e1a321c StaticDependenciesID=394bcaa20e51f4d81534c7a1c03e8802 
Importing 'GUID: cf09d115f9a0341a8a210c700d66a51a - Path: Assets/Art/ChubbyAircraft/BurgundySilver_A380_800/Meshes/Part_12.asset' with importer (NativeFormatImporter)
Main Object Name 'BurgundySilver_A380_800_Part_12' does not match filename 'Part_12'
UnityEngine.Debug:ExtractStackTraceNoAlloc (byte*,int,string)
UnityEngine.StackTraceUtility:ExtractStackTrace () (at /Users/bokken/build/output/unity/unity/Runtime/Export/Scripting/StackTrace.cs:23)
ChubbyAircraftDelivery:SaveAndValidatePrefab (UnityEngine.GameObject,string,System.Text.StringBuilder) (at Assets/Editor/ChubbyAircraftDelivery.cs:250)
ChubbyAircraftDelivery:Run () (at Assets/Editor/ChubbyAircraftDelivery.cs:104)
ChubbyAircraftFinalCheck:Run () (at Assets/Editor/ChubbyAircraftFinalCheck.cs:5)

[Assets/Editor/ChubbyAircraftDelivery.cs line 104]

Imported 'GUID: cf09d115f9a0341a8a210c700d66a51a' -> (Import Result ID: '8a0978184e1b0a8e7cac71ffbfe669bd') in 0.000 seconds [static dependencies only]. Details - ImportResultOutputID=29da3a2a870b900327d12b47c8c8e91c DependenciesID=64d444741054a86000fb62f835314778 StaticDependenciesID=c19ff76183799f409f6aec494bbf7155 
Asset Pipeline Refresh (id=f425fd5de647e43db915449e9c708d39): Total: 0.026 seconds - Initiated by StopAssetImportingV2(NoUpdateAssetOptions)
Importing 'GUID: 43eb8a09426654196a1c5fe173fd47b6 - Path: Assets/Art/ChubbyAircraft/BurgundySilver_A380_800/BurgundySilver_A380_800.prefab' with importer (PrefabImporter)
Imported 'GUID: 43eb8a09426654196a1c5fe173fd47b6' -> (Import Result ID: '6c14672f234c057d81a29b98b31b444b') in 0.001 seconds [static dependencies only]. Details - ImportResultOutputID=285552800cc1d0a940c7354d57f4df76 DependenciesID=1c5854ff8208b37e4f1fb52196833301 StaticDependenciesID=8911d72edc4c7b1684c512115bf070af 
Asset Pipeline Refresh (id=c17a6a8ec31e54039bfed790d8372270): Total: 0.004 seconds - Initiated by StopAssetImportingV2(NoUpdateAssetOptions)
Loaded scene 'Library/Unused/59e65be91f6d748a7aa87dd418a8e080'
	Deserialize:            0.258 ms
	Integration:            0.093 ms
	Integration of assets:  0.001 ms
	Thread Wait Time:       0.003 ms
	Total Operation Time:   0.355 ms
Asset Pipeline Refresh (id=156b6c9eafefb48c7b6d1d29dcbf1873): Total: 0.002 seconds - Initiated by StopAssetImportingV2(NoUpdateAssetOptions)
Importing 'GUID: 00c3554a3eb0d4a98b848baaaf9ac4e2 - Path: Assets/Art/ChubbyAircraft/BurgundySilver_Comet4/Materials/Part_10.mat' with importer (NativeFormatImporter)
Main Object Name 'BurgundySilver_Comet4_Part_10' does not match filename 'Part_10'
UnityEngine.Debug:ExtractStackTraceNoAlloc (byte*,int,string)
UnityEngine.StackTraceUtility:ExtractStackTrace () (at /Users/bokken/build/output/unity/unity/Runtime/Export/Scripting/StackTrace.cs:23)
ChubbyAircraftDelivery:SaveAndValidatePrefab (UnityEngine.GameObject,string,System.Text.StringBuilder) (at Assets/Editor/ChubbyAircraftDelivery.cs:250)
ChubbyAircraftDelivery:Run () (at Assets/Editor/ChubbyAircraftDelivery.cs:104)
ChubbyAircraftFinalCheck:Run () (at Assets/Editor/ChubbyAircraftFinalCheck.cs:5)

[Assets/Editor/ChubbyAircraftDelivery.cs line 104]

Imported 'GUID: 00c3554a3eb0d4a98b848baaaf9ac4e2' -> (Import Result ID: 'f1152864e5876d625297ed18c6e2e132') in 0.001 seconds [static dependencies only]. Details - ImportResultOutputID=d2ab107bb404ea756dc69bd24b0201a9 DependenciesID=8c7bbe188c20dec89366972274e45b55 StaticDependenciesID=2fd8649f5e8051352691b9a34e326b55 
Importing 'GUID: 20197c559299a4ff4888bdae3c2e6b2d - Path: Assets/Art/ChubbyAircraft/BurgundySilver_Comet4/Materials/Part_03.mat' with importer (NativeFormatImporter)
Main Object Name 'BurgundySilver_Comet4_Part_03' does not match filename 'Part_03'
UnityEngine.Debug:ExtractStackTraceNoAlloc (byte*,int,string)
UnityEngine.StackTraceUtility:ExtractStackTrace () (at /Users/bokken/build/output/unity/unity/Runtime/Export/Scripting/StackTrace.cs:23)
ChubbyAircraftDelivery:SaveAndValidatePrefab (UnityEngine.GameObject,string,System.Text.StringBuilder) (at Assets/Editor/ChubbyAircraftDelivery.cs:250)
ChubbyAircraftDelivery:Run () (at Assets/Editor/ChubbyAircraftDelivery.cs:104)
ChubbyAircraftFinalCheck:Run () (at Assets/Editor/ChubbyAircraftFinalCheck.cs:5)

[Assets/Editor/ChubbyAircraftDelivery.cs line 104]

Imported 'GUID: 20197c559299a4ff4888bdae3c2e6b2d' -> (Import Result ID: 'b7ce91d51d6c563e000ccfe27a806016') in 0.000 seconds [static dependencies only]. Details - ImportResultOutputID=265c110a350bbb8dfb4a9291592fe02d DependenciesID=b2d3a3b757ec0177934d2a7cb51aa34d StaticDependenciesID=b7f6a43886262956177bba19ab4042db 
Importing 'GUID: c016ea39402c64bbfaa7a268bbbd28c1 - Path: Assets/Art/ChubbyAircraft/BurgundySilver_Comet4/Materials/Part_12.mat' with importer (NativeFormatImporter)
Main Object Name 'BurgundySilver_Comet4_Part_12' does not match filename 'Part_12'
UnityEngine.Debug:ExtractStackTraceNoAlloc (byte*,int,string)
UnityEngine.StackTraceUtility:ExtractStackTrace () (at /Users/bokken/build/output/unity/unity/Runtime/Export/Scripting/StackTrace.cs:23)
ChubbyAircraftDelivery:SaveAndValidatePrefab (UnityEngine.GameObject,string,System.Text.StringBuilder) (at Assets/Editor/ChubbyAircraftDelivery.cs:250)
ChubbyAircraftDelivery:Run () (at Assets/Editor/ChubbyAircraftDelivery.cs:104)
ChubbyAircraftFinalCheck:Run () (at Assets/Editor/ChubbyAircraftFinalCheck.cs:5)

[Assets/Editor/ChubbyAircraftDelivery.cs line 104]

Imported 'GUID: c016ea39402c64bbfaa7a268bbbd28c1' -> (Import Result ID: '3ddaed9871959249c35f48ccfc515da4') in 0.000 seconds [static dependencies only]. Details - ImportResultOutputID=036639b59fba00430a9ec87b090d79db DependenciesID=09f11ae98fb54e669f55e810e66b5d92 StaticDependenciesID=ab1998e70a8682ebc52a4be9fc32cd49 
Importing 'GUID: 91726a611505845acad6ee038411a38a - Path: Assets/Art/ChubbyAircraft/BurgundySilver_Comet4/Materials/Part_11.mat' with importer (NativeFormatImporter)
Main Object Name 'BurgundySilver_Comet4_Part_11' does not match filename 'Part_11'
UnityEngine.Debug:ExtractStackTraceNoAlloc (byte*,int,string)
UnityEngine.StackTraceUtility:ExtractStackTrace () (at /Users/bokken/build/output/unity/unity/Runtime/Export/Scripting/StackTrace.cs:23)
ChubbyAircraftDelivery:SaveAndValidatePrefab (UnityEngine.GameObject,string,System.Text.StringBuilder) (at Assets/Editor/ChubbyAircraftDelivery.cs:250)
ChubbyAircraftDelivery:Run () (at Assets/Editor/ChubbyAircraftDelivery.cs:104)
ChubbyAircraftFinalCheck:Run () (at Assets/Editor/ChubbyAircraftFinalCheck.cs:5)

[Assets/Editor/ChubbyAircraftDelivery.cs line 104]

Imported 'GUID: 91726a611505845acad6ee038411a38a' -> (Import Result ID: '9d6afa8a891fff372bffbe4d2cca2e3c') in 0.000 seconds [static dependencies only]. Details - ImportResultOutputID=f93f6a04918ec29e28fdcacd5a5558a3 DependenciesID=1c310e1ef115caecdcd868268dec3301 StaticDependenciesID=ec816331532fcd6fce79d6ca02baec87 
Importing 'GUID: 02033b7607bff4004815a8cf143543bf - Path: Assets/Art/ChubbyAircraft/BurgundySilver_Comet4/Materials/Part_05.mat' with importer (NativeFormatImporter)
Main Object Name 'BurgundySilver_Comet4_Part_05' does not match filename 'Part_05'
UnityEngine.Debug:ExtractStackTraceNoAlloc (byte*,int,string)
UnityEngine.StackTraceUtility:ExtractStackTrace () (at /Users/bokken/build/output/unity/unity/Runtime/Export/Scripting/StackTrace.cs:23)
ChubbyAircraftDelivery:SaveAndValidatePrefab (UnityEngine.GameObject,string,System.Text.StringBuilder) (at Assets/Editor/ChubbyAircraftDelivery.cs:250)
ChubbyAircraftDelivery:Run () (at Assets/Editor/ChubbyAircraftDelivery.cs:104)
ChubbyAircraftFinalCheck:Run () (at Assets/Editor/ChubbyAircraftFinalCheck.cs:5)

[Assets/Editor/ChubbyAircraftDelivery.cs line 104]

Imported 'GUID: 02033b7607bff4004815a8cf143543bf' -> (Import Result ID: '42321cbb50a94c82fdfcf3af1c1bab75') in 0.000 seconds [static dependencies only]. Details - ImportResultOutputID=dc4e3bc958138b2ad03a7d4816fa5584 DependenciesID=577cff5c63e3fe606c59aa4d67a769cd StaticDependenciesID=15f9c8129d46075a0c618975780c4690 
Importing 'GUID: 03d5232a4ce67448093108805c8e19d6 - Path: Assets/Art/ChubbyAircraft/BurgundySilver_Comet4/Materials/Part_15.mat' with importer (NativeFormatImporter)
Main Object Name 'BurgundySilver_Comet4_Part_15' does not match filename 'Part_15'
UnityEngine.Debug:ExtractStackTraceNoAlloc (byte*,int,string)
UnityEngine.StackTraceUtility:ExtractStackTrace () (at /Users/bokken/build/output/unity/unity/Runtime/Export/Scripting/StackTrace.cs:23)
ChubbyAircraftDelivery:SaveAndValidatePrefab (UnityEngine.GameObject,string,System.Text.StringBuilder) (at Assets/Editor/ChubbyAircraftDelivery.cs:250)
ChubbyAircraftDelivery:Run () (at Assets/Editor/ChubbyAircraftDelivery.cs:104)
ChubbyAircraftFinalCheck:Run () (at Assets/Editor/ChubbyAircraftFinalCheck.cs:5)

[Assets/Editor/ChubbyAircraftDelivery.cs line 104]

Imported 'GUID: 03d5232a4ce67448093108805c8e19d6' -> (Import Result ID: 'd471d0d7058b0deb901142419278ba08') in 0.000 seconds [static dependencies only]. Details - ImportResultOutputID=1f31ec4d9abd5af96bf03a074008cc3e DependenciesID=ab5c2cd70e5bc1d17f6e882bad08bafe StaticDependenciesID=918f0a08d527fe6177ead9cf66b15ad3 
Importing 'GUID: b34e6d223e62a449b84fd7a64140548e - Path: Assets/Art/ChubbyAircraft/BurgundySilver_Comet4/Materials/Part_16.mat' with importer (NativeFormatImporter)
Main Object Name 'BurgundySilver_Comet4_Part_16' does not match filename 'Part_16'
UnityEngine.Debug:ExtractStackTraceNoAlloc (byte*,int,string)
UnityEngine.StackTraceUtility:ExtractStackTrace () (at /Users/bokken/build/output/unity/unity/Runtime/Export/Scripting/StackTrace.cs:23)
ChubbyAircraftDelivery:SaveAndValidatePrefab (UnityEngine.GameObject,string,System.Text.StringBuilder) (at Assets/Editor/ChubbyAircraftDelivery.cs:250)
ChubbyAircraftDelivery:Run () (at Assets/Editor/ChubbyAircraftDelivery.cs:104)
ChubbyAircraftFinalCheck:Run () (at Assets/Editor/ChubbyAircraftFinalCheck.cs:5)

[Assets/Editor/ChubbyAircraftDelivery.cs line 104]

Imported 'GUID: b34e6d223e62a449b84fd7a64140548e' -> (Import Result ID: 'f80224df9a3dd1c11111e2f6730e4320') in 0.000 seconds [static dependencies only]. Details - ImportResultOutputID=4b9a7b39a749cad52fba9785c9741aaa DependenciesID=ebc2a1cbf1f56ea95d57d78e1e361863 StaticDependenciesID=07168280ce6073e82dab2e930cd7449e 
Importing 'GUID: 24927b50350ad46c18dd0d81973708c4 - Path: Assets/Art/ChubbyAircraft/BurgundySilver_Comet4/Materials/Part_01.mat' with importer (NativeFormatImporter)
Main Object Name 'BurgundySilver_Comet4_Part_01' does not match filename 'Part_01'
UnityEngine.Debug:ExtractStackTraceNoAlloc (byte*,int,string)
UnityEngine.StackTraceUtility:ExtractStackTrace () (at /Users/bokken/build/output/unity/unity/Runtime/Export/Scripting/StackTrace.cs:23)
ChubbyAircraftDelivery:SaveAndValidatePrefab (UnityEngine.GameObject,string,System.Text.StringBuilder) (at Assets/Editor/ChubbyAircraftDelivery.cs:250)
ChubbyAircraftDelivery:Run () (at Assets/Editor/ChubbyAircraftDelivery.cs:104)
ChubbyAircraftFinalCheck:Run () (at Assets/Editor/ChubbyAircraftFinalCheck.cs:5)

[Assets/Editor/ChubbyAircraftDelivery.cs line 104]

Imported 'GUID: 24927b50350ad46c18dd0d81973708c4' -> (Import Result ID: 'a8a95a1ce6d7691c1a42fd24ea78f8d4') in 0.000 seconds [static dependencies only]. Details - ImportResultOutputID=d120f0445da05edf8492ac2f576c95a9 DependenciesID=b4f227b403775011232aa95f9d58f796 StaticDependenciesID=cf3ed06081b9a9645d9e44325d0b3b1a 
Importing 'GUID: f40503a6aa1004853aa5e7e792e34714 - Path: Assets/Art/ChubbyAircraft/BurgundySilver_Comet4/Materials/Part_00.mat' with importer (NativeFormatImporter)
Main Object Name 'BurgundySilver_Comet4_Part_00' does not match filename 'Part_00'
UnityEngine.Debug:ExtractStackTraceNoAlloc (byte*,int,string)
UnityEngine.StackTraceUtility:ExtractStackTrace () (at /Users/bokken/build/output/unity/unity/Runtime/Export/Scripting/StackTrace.cs:23)
ChubbyAircraftDelivery:SaveAndValidatePrefab (UnityEngine.GameObject,string,System.Text.StringBuilder) (at Assets/Editor/ChubbyAircraftDelivery.cs:250)
ChubbyAircraftDelivery:Run () (at Assets/Editor/ChubbyAircraftDelivery.cs:104)
ChubbyAircraftFinalCheck:Run () (at Assets/Editor/ChubbyAircraftFinalCheck.cs:5)

[Assets/Editor/ChubbyAircraftDelivery.cs line 104]

Imported 'GUID: f40503a6aa1004853aa5e7e792e34714' -> (Import Result ID: '6b16282311a899f3cc34182bc8e7e0b4') in 0.000 seconds [static dependencies only]. Details - ImportResultOutputID=1fd937532658ac6c50f7a0773eec608d DependenciesID=da3d846365675aa86fb43e3644007a8a StaticDependenciesID=fafb680499a59a1be4a6fb4624710d64 
Importing 'GUID: 055bf98bfe75a4fc09dd94d53a9f1edc - Path: Assets/Art/ChubbyAircraft/BurgundySilver_Comet4/Materials/Part_04.mat' with importer (NativeFormatImporter)
Main Object Name 'BurgundySilver_Comet4_Part_04' does not match filename 'Part_04'
UnityEngine.Debug:ExtractStackTraceNoAlloc (byte*,int,string)
UnityEngine.StackTraceUtility:ExtractStackTrace () (at /Users/bokken/build/output/unity/unity/Runtime/Export/Scripting/StackTrace.cs:23)
ChubbyAircraftDelivery:SaveAndValidatePrefab (UnityEngine.GameObject,string,System.Text.StringBuilder) (at Assets/Editor/ChubbyAircraftDelivery.cs:250)
ChubbyAircraftDelivery:Run () (at Assets/Editor/ChubbyAircraftDelivery.cs:104)
ChubbyAircraftFinalCheck:Run () (at Assets/Editor/ChubbyAircraftFinalCheck.cs:5)

[Assets/Editor/ChubbyAircraftDelivery.cs line 104]

Imported 'GUID: 055bf98bfe75a4fc09dd94d53a9f1edc' -> (Import Result ID: '80f18a265e9dc1f1e656c762a508d1f2') in 0.000 seconds [static dependencies only]. Details - ImportResultOutputID=03567560861680e78b4a6a0279ec4a7b DependenciesID=f10f1513cbebdc850fc99bf034302f28 StaticDependenciesID=ae19e13dae983042db1a6976501dbaf6 
Importing 'GUID: 7643e5c24f0ab4f0ea14d892ff3c1bf9 - Path: Assets/Art/ChubbyAircraft/BurgundySilver_Comet4/Materials/Part_08.mat' with importer (NativeFormatImporter)
Main Object Name 'BurgundySilver_Comet4_Part_08' does not match filename 'Part_08'
UnityEngine.Debug:ExtractStackTraceNoAlloc (byte*,int,string)
UnityEngine.StackTraceUtility:ExtractStackTrace () (at /Users/bokken/build/output/unity/unity/Runtime/Export/Scripting/StackTrace.cs:23)
ChubbyAircraftDelivery:SaveAndValidatePrefab (UnityEngine.GameObject,string,System.Text.StringBuilder) (at Assets/Editor/ChubbyAircraftDelivery.cs:250)
ChubbyAircraftDelivery:Run () (at Assets/Editor/ChubbyAircraftDelivery.cs:104)
ChubbyAircraftFinalCheck:Run () (at Assets/Editor/ChubbyAircraftFinalCheck.cs:5)

[Assets/Editor/ChubbyAircraftDelivery.cs line 104]

Imported 'GUID: 7643e5c24f0ab4f0ea14d892ff3c1bf9' -> (Import Result ID: 'ee5fc1201468968437626523499ef118') in 0.000 seconds [static dependencies only]. Details - ImportResultOutputID=35804e118637998b60f8d60bfb88ddfd DependenciesID=84e1f1f4301e866c2d9a4b4c63cbdda8 StaticDependenciesID=3b08803612b1fb4f0c0dad450784383f 
Importing 'GUID: 294be668877b24b0da482578f80c6933 - Path: Assets/Art/ChubbyAircraft/BurgundySilver_Comet4/Materials/Part_06.mat' with importer (NativeFormatImporter)
Main Object Name 'BurgundySilver_Comet4_Part_06' does not match filename 'Part_06'
UnityEngine.Debug:ExtractStackTraceNoAlloc (byte*,int,string)
UnityEngine.StackTraceUtility:ExtractStackTrace () (at /Users/bokken/build/output/unity/unity/Runtime/Export/Scripting/StackTrace.cs:23)
ChubbyAircraftDelivery:SaveAndValidatePrefab (UnityEngine.GameObject,string,System.Text.StringBuilder) (at Assets/Editor/ChubbyAircraftDelivery.cs:250)
ChubbyAircraftDelivery:Run () (at Assets/Editor/ChubbyAircraftDelivery.cs:104)
ChubbyAircraftFinalCheck:Run () (at Assets/Editor/ChubbyAircraftFinalCheck.cs:5)

[Assets/Editor/ChubbyAircraftDelivery.cs line 104]

Imported 'GUID: 294be668877b24b0da482578f80c6933' -> (Import Result ID: '3597570605f59b4617670e3d777e686a') in 0.000 seconds [static dependencies only]. Details - ImportResultOutputID=f4d8bc1960d761cd00f5ad1044efc36d DependenciesID=d7f4691eb2b1a6199a7a657c6ee45368 StaticDependenciesID=b413571f514db0a4e29d29bb74560f7a 
Importing 'GUID: a9d4101616f394c57b154a0eea52cb15 - Path: Assets/Art/ChubbyAircraft/BurgundySilver_Comet4/Materials/Part_07.mat' with importer (NativeFormatImporter)
Main Object Name 'BurgundySilver_Comet4_Part_07' does not match filename 'Part_07'
UnityEngine.Debug:ExtractStackTraceNoAlloc (byte*,int,string)
UnityEngine.StackTraceUtility:ExtractStackTrace () (at /Users/bokken/build/output/unity/unity/Runtime/Export/Scripting/StackTrace.cs:23)
ChubbyAircraftDelivery:SaveAndValidatePrefab (UnityEngine.GameObject,string,System.Text.StringBuilder) (at Assets/Editor/ChubbyAircraftDelivery.cs:250)
ChubbyAircraftDelivery:Run () (at Assets/Editor/ChubbyAircraftDelivery.cs:104)
ChubbyAircraftFinalCheck:Run () (at Assets/Editor/ChubbyAircraftFinalCheck.cs:5)

[Assets/Editor/ChubbyAircraftDelivery.cs line 104]

Imported 'GUID: a9d4101616f394c57b154a0eea52cb15' -> (Import Result ID: 'c766f4eecb115a2611fc386afa4af3c1') in 0.000 seconds [static dependencies only]. Details - ImportResultOutputID=c43181833aacd262bbcae9300db08b06 DependenciesID=68d1fa9afbb3dd4c627fe1c84899dc7a StaticDependenciesID=c9e45ff55d8413c6adc5f8372bdb0c42 
Importing 'GUID: d91eeb1d151a94da2ba168cfafe2b4e6 - Path: Assets/Art/ChubbyAircraft/BurgundySilver_Comet4/Materials/Part_14.mat' with importer (NativeFormatImporter)
Main Object Name 'BurgundySilver_Comet4_Part_14' does not match filename 'Part_14'
UnityEngine.Debug:ExtractStackTraceNoAlloc (byte*,int,string)
UnityEngine.StackTraceUtility:ExtractStackTrace () (at /Users/bokken/build/output/unity/unity/Runtime/Export/Scripting/StackTrace.cs:23)
ChubbyAircraftDelivery:SaveAndValidatePrefab (UnityEngine.GameObject,string,System.Text.StringBuilder) (at Assets/Editor/ChubbyAircraftDelivery.cs:250)
ChubbyAircraftDelivery:Run () (at Assets/Editor/ChubbyAircraftDelivery.cs:104)
ChubbyAircraftFinalCheck:Run () (at Assets/Editor/ChubbyAircraftFinalCheck.cs:5)

[Assets/Editor/ChubbyAircraftDelivery.cs line 104]

Imported 'GUID: d91eeb1d151a94da2ba168cfafe2b4e6' -> (Import Result ID: '6d3008d5cf7ab3db932f9b4fee02bd63') in 0.000 seconds [static dependencies only]. Details - ImportResultOutputID=48737cc54726dd6f269363e749bd5ad5 DependenciesID=d619ecf685edbdd2370ad40e2f93bcbd StaticDependenciesID=4d46a38717e2dea19b1606338d773c19 
Importing 'GUID: aad4d65c178a44211a7e5fae89a627a6 - Path: Assets/Art/ChubbyAircraft/BurgundySilver_Comet4/Materials/Part_09.mat' with importer (NativeFormatImporter)
Main Object Name 'BurgundySilver_Comet4_Part_09' does not match filename 'Part_09'
UnityEngine.Debug:ExtractStackTraceNoAlloc (byte*,int,string)
UnityEngine.StackTraceUtility:ExtractStackTrace () (at /Users/bokken/build/output/unity/unity/Runtime/Export/Scripting/StackTrace.cs:23)
ChubbyAircraftDelivery:SaveAndValidatePrefab (UnityEngine.GameObject,string,System.Text.StringBuilder) (at Assets/Editor/ChubbyAircraftDelivery.cs:250)
ChubbyAircraftDelivery:Run () (at Assets/Editor/ChubbyAircraftDelivery.cs:104)
ChubbyAircraftFinalCheck:Run () (at Assets/Editor/ChubbyAircraftFinalCheck.cs:5)

[Assets/Editor/ChubbyAircraftDelivery.cs line 104]

Imported 'GUID: aad4d65c178a44211a7e5fae89a627a6' -> (Import Result ID: 'c9c2462c231eedac05702ab72afc1cd8') in 0.000 seconds [static dependencies only]. Details - ImportResultOutputID=6e29ab88dae0a9223018b665b11ee3f6 DependenciesID=4927ef14ee33d8d8e8954b40b73e9c80 StaticDependenciesID=6b2a16fb85b10b9e724b5dba9ab70d54 
Importing 'GUID: 8de517a235f694043a26f4325a433452 - Path: Assets/Art/ChubbyAircraft/BurgundySilver_Comet4/Materials/Part_02.mat' with importer (NativeFormatImporter)
Main Object Name 'BurgundySilver_Comet4_Part_02' does not match filename 'Part_02'
UnityEngine.Debug:ExtractStackTraceNoAlloc (byte*,int,string)
UnityEngine.StackTraceUtility:ExtractStackTrace () (at /Users/bokken/build/output/unity/unity/Runtime/Export/Scripting/StackTrace.cs:23)
ChubbyAircraftDelivery:SaveAndValidatePrefab (UnityEngine.GameObject,string,System.Text.StringBuilder) (at Assets/Editor/ChubbyAircraftDelivery.cs:250)
ChubbyAircraftDelivery:Run () (at Assets/Editor/ChubbyAircraftDelivery.cs:104)
ChubbyAircraftFinalCheck:Run () (at Assets/Editor/ChubbyAircraftFinalCheck.cs:5)

[Assets/Editor/ChubbyAircraftDelivery.cs line 104]

Imported 'GUID: 8de517a235f694043a26f4325a433452' -> (Import Result ID: '169eb73e05ad7cccbdde55366788f853') in 0.000 seconds [static dependencies only]. Details - ImportResultOutputID=8e6b3b5de3d2f5c5870ea86fedb0499e DependenciesID=b4d18ffdf890acfc907ac1f214953f72 StaticDependenciesID=c7184ef66085c9d29330613434ce7185 
Importing 'GUID: 5ec8e40bee0ea43aa81653d1f0873648 - Path: Assets/Art/ChubbyAircraft/BurgundySilver_Comet4/Materials/Part_13.mat' with importer (NativeFormatImporter)
Main Object Name 'BurgundySilver_Comet4_Part_13' does not match filename 'Part_13'
UnityEngine.Debug:ExtractStackTraceNoAlloc (byte*,int,string)
UnityEngine.StackTraceUtility:ExtractStackTrace () (at /Users/bokken/build/output/unity/unity/Runtime/Export/Scripting/StackTrace.cs:23)
ChubbyAircraftDelivery:SaveAndValidatePrefab (UnityEngine.GameObject,string,System.Text.StringBuilder) (at Assets/Editor/ChubbyAircraftDelivery.cs:250)
ChubbyAircraftDelivery:Run () (at Assets/Editor/ChubbyAircraftDelivery.cs:104)
ChubbyAircraftFinalCheck:Run () (at Assets/Editor/ChubbyAircraftFinalCheck.cs:5)

[Assets/Editor/ChubbyAircraftDelivery.cs line 104]

Imported 'GUID: 5ec8e40bee0ea43aa81653d1f0873648' -> (Import Result ID: '33f601dd7074a22fa7f97478b49812d4') in 0.000 seconds [static dependencies only]. Details - ImportResultOutputID=72b7fc4586c13710c06fe4b9d959d357 DependenciesID=d37eb5ecbe365aad235458e4979af4a5 StaticDependenciesID=d26242168cd69e268a4513ed9063602e 
Importing 'GUID: 80dbcb256e3eb452cb1da45f5ec8ee26 - Path: Assets/Art/ChubbyAircraft/BurgundySilver_Comet4/Meshes/Part_13.asset' with importer (NativeFormatImporter)
Main Object Name 'BurgundySilver_Comet4_Part_13' does not match filename 'Part_13'
UnityEngine.Debug:ExtractStackTraceNoAlloc (byte*,int,string)
UnityEngine.StackTraceUtility:ExtractStackTrace () (at /Users/bokken/build/output/unity/unity/Runtime/Export/Scripting/StackTrace.cs:23)
ChubbyAircraftDelivery:SaveAndValidatePrefab (UnityEngine.GameObject,string,System.Text.StringBuilder) (at Assets/Editor/ChubbyAircraftDelivery.cs:250)
ChubbyAircraftDelivery:Run () (at Assets/Editor/ChubbyAircraftDelivery.cs:104)
ChubbyAircraftFinalCheck:Run () (at Assets/Editor/ChubbyAircraftFinalCheck.cs:5)

[Assets/Editor/ChubbyAircraftDelivery.cs line 104]

Imported 'GUID: 80dbcb256e3eb452cb1da45f5ec8ee26' -> (Import Result ID: '67ed6dfd996f572d223c1f06872b8da4') in 0.000 seconds [static dependencies only]. Details - ImportResultOutputID=0ef07994fa10faf1c10a755331f0e187 DependenciesID=976be7fdf13a729d9cfc14fdb34bd8a5 StaticDependenciesID=12f83b591d0103d0f73f64cc1482c617 
Importing 'GUID: e2c9e43bf99934462bc12fe23f94ec95 - Path: Assets/Art/ChubbyAircraft/BurgundySilver_Comet4/Meshes/Part_14.asset' with importer (NativeFormatImporter)
Main Object Name 'BurgundySilver_Comet4_Part_14' does not match filename 'Part_14'
UnityEngine.Debug:ExtractStackTraceNoAlloc (byte*,int,string)
UnityEngine.StackTraceUtility:ExtractStackTrace () (at /Users/bokken/build/output/unity/unity/Runtime/Export/Scripting/StackTrace.cs:23)
ChubbyAircraftDelivery:SaveAndValidatePrefab (UnityEngine.GameObject,string,System.Text.StringBuilder) (at Assets/Editor/ChubbyAircraftDelivery.cs:250)
ChubbyAircraftDelivery:Run () (at Assets/Editor/ChubbyAircraftDelivery.cs:104)
ChubbyAircraftFinalCheck:Run () (at Assets/Editor/ChubbyAircraftFinalCheck.cs:5)

[Assets/Editor/ChubbyAircraftDelivery.cs line 104]

Imported 'GUID: e2c9e43bf99934462bc12fe23f94ec95' -> (Import Result ID: '1655e29b135418791ef32d44498a2a7f') in 0.000 seconds [static dependencies only]. Details - ImportResultOutputID=1fc66cb1f8ef8febe6ecfba6be77c3c3 DependenciesID=1bec20d568b40befef66fe92811b9b87 StaticDependenciesID=3ae798041259fb381b5a96306105a3bb 
Importing 'GUID: a3f2a779cf0b044d38d907b692dd850d - Path: Assets/Art/ChubbyAircraft/BurgundySilver_Comet4/Meshes/Part_03.asset' with importer (NativeFormatImporter)
Main Object Name 'BurgundySilver_Comet4_Part_03' does not match filename 'Part_03'
UnityEngine.Debug:ExtractStackTraceNoAlloc (byte*,int,string)
UnityEngine.StackTraceUtility:ExtractStackTrace () (at /Users/bokken/build/output/unity/unity/Runtime/Export/Scripting/StackTrace.cs:23)
ChubbyAircraftDelivery:SaveAndValidatePrefab (UnityEngine.GameObject,string,System.Text.StringBuilder) (at Assets/Editor/ChubbyAircraftDelivery.cs:250)
ChubbyAircraftDelivery:Run () (at Assets/Editor/ChubbyAircraftDelivery.cs:104)
ChubbyAircraftFinalCheck:Run () (at Assets/Editor/ChubbyAircraftFinalCheck.cs:5)

[Assets/Editor/ChubbyAircraftDelivery.cs line 104]

Imported 'GUID: a3f2a779cf0b044d38d907b692dd850d' -> (Import Result ID: '05f865d8cf4f23b959eb836c73720ff6') in 0.001 seconds [static dependencies only]. Details - ImportResultOutputID=eaf2682e2776a5b2e079faada8463404 DependenciesID=87ff81e5b9cb21b3bd458ae3cc5296fb StaticDependenciesID=879c9f3c3bd30df121411117c20fec56 
Importing 'GUID: c3b2ad751ef2a44c793180f4c96afb6e - Path: Assets/Art/ChubbyAircraft/BurgundySilver_Comet4/Meshes/Part_02.asset' with importer (NativeFormatImporter)
Main Object Name 'BurgundySilver_Comet4_Part_02' does not match filename 'Part_02'
UnityEngine.Debug:ExtractStackTraceNoAlloc (byte*,int,string)
UnityEngine.StackTraceUtility:ExtractStackTrace () (at /Users/bokken/build/output/unity/unity/Runtime/Export/Scripting/StackTrace.cs:23)
ChubbyAircraftDelivery:SaveAndValidatePrefab (UnityEngine.GameObject,string,System.Text.StringBuilder) (at Assets/Editor/ChubbyAircraftDelivery.cs:250)
ChubbyAircraftDelivery:Run () (at Assets/Editor/ChubbyAircraftDelivery.cs:104)
ChubbyAircraftFinalCheck:Run () (at Assets/Editor/ChubbyAircraftFinalCheck.cs:5)

[Assets/Editor/ChubbyAircraftDelivery.cs line 104]

Imported 'GUID: c3b2ad751ef2a44c793180f4c96afb6e' -> (Import Result ID: '226f76db5d1c9016972bf95a061c3baa') in 0.001 seconds [static dependencies only]. Details - ImportResultOutputID=1a9d34b5c84bab45298ecad7249057c5 DependenciesID=d3eda565ed349384727b302fbc5ed988 StaticDependenciesID=b54faa549b4b89388b9a89e5e1d55955 
Importing 'GUID: 066b29b0ac26a4731af84e946248c3c5 - Path: Assets/Art/ChubbyAircraft/BurgundySilver_Comet4/Meshes/Part_06.asset' with importer (NativeFormatImporter)
Main Object Name 'BurgundySilver_Comet4_Part_06' does not match filename 'Part_06'
UnityEngine.Debug:ExtractStackTraceNoAlloc (byte*,int,string)
UnityEngine.StackTraceUtility:ExtractStackTrace () (at /Users/bokken/build/output/unity/unity/Runtime/Export/Scripting/StackTrace.cs:23)
ChubbyAircraftDelivery:SaveAndValidatePrefab (UnityEngine.GameObject,string,System.Text.StringBuilder) (at Assets/Editor/ChubbyAircraftDelivery.cs:250)
ChubbyAircraftDelivery:Run () (at Assets/Editor/ChubbyAircraftDelivery.cs:104)
ChubbyAircraftFinalCheck:Run () (at Assets/Editor/ChubbyAircraftFinalCheck.cs:5)

[Assets/Editor/ChubbyAircraftDelivery.cs line 104]

Imported 'GUID: 066b29b0ac26a4731af84e946248c3c5' -> (Import Result ID: '7ebe611e44edef56eb9b881679e13889') in 0.000 seconds [static dependencies only]. Details - ImportResultOutputID=eb770836e2e04012934d3f3a945a339f DependenciesID=8b34569048c0b0f5f0984b54404f4686 StaticDependenciesID=26447fae49b9e7bb07853f4c39bdd122 
Importing 'GUID: 5658384942856410ca0152483be8f626 - Path: Assets/Art/ChubbyAircraft/BurgundySilver_Comet4/Meshes/Part_12.asset' with importer (NativeFormatImporter)
Main Object Name 'BurgundySilver_Comet4_Part_12' does not match filename 'Part_12'
UnityEngine.Debug:ExtractStackTraceNoAlloc (byte*,int,string)
UnityEngine.StackTraceUtility:ExtractStackTrace () (at /Users/bokken/build/output/unity/unity/Runtime/Export/Scripting/StackTrace.cs:23)
ChubbyAircraftDelivery:SaveAndValidatePrefab (UnityEngine.GameObject,string,System.Text.StringBuilder) (at Assets/Editor/ChubbyAircraftDelivery.cs:250)
ChubbyAircraftDelivery:Run () (at Assets/Editor/ChubbyAircraftDelivery.cs:104)
ChubbyAircraftFinalCheck:Run () (at Assets/Editor/ChubbyAircraftFinalCheck.cs:5)

[Assets/Editor/ChubbyAircraftDelivery.cs line 104]

Imported 'GUID: 5658384942856410ca0152483be8f626' -> (Import Result ID: '043d5c814aa14d5b34566511eec9c9bf') in 0.000 seconds [static dependencies only]. Details - ImportResultOutputID=d999dedfea87eebb4dd3e782f80c9a35 DependenciesID=83d39378ca0ebb5240514c82ba8cdac7 StaticDependenciesID=5bf198b4adccf9f39c3664c7350da3a7 
Importing 'GUID: 96a49c83ebc134909a2e65b7ee31e959 - Path: Assets/Art/ChubbyAircraft/BurgundySilver_Comet4/Meshes/Part_11.asset' with importer (NativeFormatImporter)
Main Object Name 'BurgundySilver_Comet4_Part_11' does not match filename 'Part_11'
UnityEngine.Debug:ExtractStackTraceNoAlloc (byte*,int,string)
UnityEngine.StackTraceUtility:ExtractStackTrace () (at /Users/bokken/build/output/unity/unity/Runtime/Export/Scripting/StackTrace.cs:23)
ChubbyAircraftDelivery:SaveAndValidatePrefab (UnityEngine.GameObject,string,System.Text.StringBuilder) (at Assets/Editor/ChubbyAircraftDelivery.cs:250)
ChubbyAircraftDelivery:Run () (at Assets/Editor/ChubbyAircraftDelivery.cs:104)
ChubbyAircraftFinalCheck:Run () (at Assets/Editor/ChubbyAircraftFinalCheck.cs:5)

[Assets/Editor/ChubbyAircraftDelivery.cs line 104]

Imported 'GUID: 96a49c83ebc134909a2e65b7ee31e959' -> (Import Result ID: 'dd285c03b3e662ebe7cca1c5024fb199') in 0.000 seconds [static dependencies only]. Details - ImportResultOutputID=45e0e5cd6bb3b4bbdba59daa1915f732 DependenciesID=16a8cb99a83b7fa2ba8e8e97a5e9902c StaticDependenciesID=0124e7bd1ab202af1fc1bf49e8ee2556 
Importing 'GUID: 38798189b0c134f8d80d61eef4af19a6 - Path: Assets/Art/ChubbyAircraft/BurgundySilver_Comet4/Meshes/Part_00.asset' with importer (NativeFormatImporter)
Main Object Name 'BurgundySilver_Comet4_Part_00' does not match filename 'Part_00'
UnityEngine.Debug:ExtractStackTraceNoAlloc (byte*,int,string)
UnityEngine.StackTraceUtility:ExtractStackTrace () (at /Users/bokken/build/output/unity/unity/Runtime/Export/Scripting/StackTrace.cs:23)
ChubbyAircraftDelivery:SaveAndValidatePrefab (UnityEngine.GameObject,string,System.Text.StringBuilder) (at Assets/Editor/ChubbyAircraftDelivery.cs:250)
ChubbyAircraftDelivery:Run () (at Assets/Editor/ChubbyAircraftDelivery.cs:104)
ChubbyAircraftFinalCheck:Run () (at Assets/Editor/ChubbyAircraftFinalCheck.cs:5)

[Assets/Editor/ChubbyAircraftDelivery.cs line 104]

Imported 'GUID: 38798189b0c134f8d80d61eef4af19a6' -> (Import Result ID: 'd0f7087a0b4ca6c0364886ed54f77a84') in 0.001 seconds [static dependencies only]. Details - ImportResultOutputID=56fc70d3163e2ff2aa1fe6009ca3a4ff DependenciesID=4bf7f8ee9dfdb7e79c168d44e29f4ec4 StaticDependenciesID=906a455edcb109d87cb013cf6cb4636c 
Importing 'GUID: 68f6dfa4ae8e44f90b67966cd8a5850e - Path: Assets/Art/ChubbyAircraft/BurgundySilver_Comet4/Meshes/Part_07.asset' with importer (NativeFormatImporter)
Main Object Name 'BurgundySilver_Comet4_Part_07' does not match filename 'Part_07'
UnityEngine.Debug:ExtractStackTraceNoAlloc (byte*,int,string)
UnityEngine.StackTraceUtility:ExtractStackTrace () (at /Users/bokken/build/output/unity/unity/Runtime/Export/Scripting/StackTrace.cs:23)
ChubbyAircraftDelivery:SaveAndValidatePrefab (UnityEngine.GameObject,string,System.Text.StringBuilder) (at Assets/Editor/ChubbyAircraftDelivery.cs:250)
ChubbyAircraftDelivery:Run () (at Assets/Editor/ChubbyAircraftDelivery.cs:104)
ChubbyAircraftFinalCheck:Run () (at Assets/Editor/ChubbyAircraftFinalCheck.cs:5)

[Assets/Editor/ChubbyAircraftDelivery.cs line 104]

Imported 'GUID: 68f6dfa4ae8e44f90b67966cd8a5850e' -> (Import Result ID: '51e4aa5e0c2048cdbb7f645ae4a8e69f') in 0.000 seconds [static dependencies only]. Details - ImportResultOutputID=f940082c0366906cfa78fb782c4b3264 DependenciesID=2fad102d73698d2534f8a7b9088c6add StaticDependenciesID=b2cc3cd2ec4802a27233b54ed495db75 
Importing 'GUID: 39eeb3b2588424b8cb01ba8a280fbe29 - Path: Assets/Art/ChubbyAircraft/BurgundySilver_Comet4/Meshes/Part_05.asset' with importer (NativeFormatImporter)
Main Object Name 'BurgundySilver_Comet4_Part_05' does not match filename 'Part_05'
UnityEngine.Debug:ExtractStackTraceNoAlloc (byte*,int,string)
UnityEngine.StackTraceUtility:ExtractStackTrace () (at /Users/bokken/build/output/unity/unity/Runtime/Export/Scripting/StackTrace.cs:23)
ChubbyAircraftDelivery:SaveAndValidatePrefab (UnityEngine.GameObject,string,System.Text.StringBuilder) (at Assets/Editor/ChubbyAircraftDelivery.cs:250)
ChubbyAircraftDelivery:Run () (at Assets/Editor/ChubbyAircraftDelivery.cs:104)
ChubbyAircraftFinalCheck:Run () (at Assets/Editor/ChubbyAircraftFinalCheck.cs:5)

[Assets/Editor/ChubbyAircraftDelivery.cs line 104]

Imported 'GUID: 39eeb3b2588424b8cb01ba8a280fbe29' -> (Import Result ID: '20c3093a62c054d3d9eed584612173c0') in 0.000 seconds [static dependencies only]. Details - ImportResultOutputID=31642cc2c9c4146e497b4e32bc58ef0b DependenciesID=a0eea887767870a476c2e844f5845049 StaticDependenciesID=b6ee85cd99eca048eeeccd2db148aaca 
Importing 'GUID: ba766726e3eb440458670df61730c4a3 - Path: Assets/Art/ChubbyAircraft/BurgundySilver_Comet4/Meshes/Part_09.asset' with importer (NativeFormatImporter)
Main Object Name 'BurgundySilver_Comet4_Part_09' does not match filename 'Part_09'
UnityEngine.Debug:ExtractStackTraceNoAlloc (byte*,int,string)
UnityEngine.StackTraceUtility:ExtractStackTrace () (at /Users/bokken/build/output/unity/unity/Runtime/Export/Scripting/StackTrace.cs:23)
ChubbyAircraftDelivery:SaveAndValidatePrefab (UnityEngine.GameObject,string,System.Text.StringBuilder) (at Assets/Editor/ChubbyAircraftDelivery.cs:250)
ChubbyAircraftDelivery:Run () (at Assets/Editor/ChubbyAircraftDelivery.cs:104)
ChubbyAircraftFinalCheck:Run () (at Assets/Editor/ChubbyAircraftFinalCheck.cs:5)

[Assets/Editor/ChubbyAircraftDelivery.cs line 104]

Imported 'GUID: ba766726e3eb440458670df61730c4a3' -> (Import Result ID: '4b0202d6f095cf3e3e620d35c30ea8a4') in 0.000 seconds [static dependencies only]. Details - ImportResultOutputID=64612fbad526f5070a38e8efb1906216 DependenciesID=176762bb7891795e246f1a8c9089ea1d StaticDependenciesID=33329cce59579eb58f5462fd18750c34 
Importing 'GUID: 5c2a0ec4fc33f4f54bda3d003649ce51 - Path: Assets/Art/ChubbyAircraft/BurgundySilver_Comet4/Meshes/Part_04.asset' with importer (NativeFormatImporter)
Main Object Name 'BurgundySilver_Comet4_Part_04' does not match filename 'Part_04'
UnityEngine.Debug:ExtractStackTraceNoAlloc (byte*,int,string)
UnityEngine.StackTraceUtility:ExtractStackTrace () (at /Users/bokken/build/output/unity/unity/Runtime/Export/Scripting/StackTrace.cs:23)
ChubbyAircraftDelivery:SaveAndValidatePrefab (UnityEngine.GameObject,string,System.Text.StringBuilder) (at Assets/Editor/ChubbyAircraftDelivery.cs:250)
ChubbyAircraftDelivery:Run () (at Assets/Editor/ChubbyAircraftDelivery.cs:104)
ChubbyAircraftFinalCheck:Run () (at Assets/Editor/ChubbyAircraftFinalCheck.cs:5)

[Assets/Editor/ChubbyAircraftDelivery.cs line 104]

Imported 'GUID: 5c2a0ec4fc33f4f54bda3d003649ce51' -> (Import Result ID: '499fee1fa9f623bd8f63902552d1dd2f') in 0.000 seconds [static dependencies only]. Details - ImportResultOutputID=fe66a55da7a357627a6d4b96ae871a29 DependenciesID=d97a3105909805f470f652835aebf3b7 StaticDependenciesID=413a27b7889d255c0b3aab6108fa6d84 
Importing 'GUID: dc3b7c1a4f1ca4f9db34e8047e171e09 - Path: Assets/Art/ChubbyAircraft/BurgundySilver_Comet4/Meshes/Part_08.asset' with importer (NativeFormatImporter)
Main Object Name 'BurgundySilver_Comet4_Part_08' does not match filename 'Part_08'
UnityEngine.Debug:ExtractStackTraceNoAlloc (byte*,int,string)
UnityEngine.StackTraceUtility:ExtractStackTrace () (at /Users/bokken/build/output/unity/unity/Runtime/Export/Scripting/StackTrace.cs:23)
ChubbyAircraftDelivery:SaveAndValidatePrefab (UnityEngine.GameObject,string,System.Text.StringBuilder) (at Assets/Editor/ChubbyAircraftDelivery.cs:250)
ChubbyAircraftDelivery:Run () (at Assets/Editor/ChubbyAircraftDelivery.cs:104)
ChubbyAircraftFinalCheck:Run () (at Assets/Editor/ChubbyAircraftFinalCheck.cs:5)

[Assets/Editor/ChubbyAircraftDelivery.cs line 104]

Imported 'GUID: dc3b7c1a4f1ca4f9db34e8047e171e09' -> (Import Result ID: 'b961f61ac3823a31d2304b6707367803') in 0.000 seconds [static dependencies only]. Details - ImportResultOutputID=c03189a2ed245431731cdad91e454d81 DependenciesID=2f818df31dfa32603de2ce2400718417 StaticDependenciesID=6891b257b1f60b2c5834d2ebae72b1e8 
Importing 'GUID: aebd46390e6f64612968b6081502c351 - Path: Assets/Art/ChubbyAircraft/BurgundySilver_Comet4/Meshes/Part_10.asset' with importer (NativeFormatImporter)
Main Object Name 'BurgundySilver_Comet4_Part_10' does not match filename 'Part_10'
UnityEngine.Debug:ExtractStackTraceNoAlloc (byte*,int,string)
UnityEngine.StackTraceUtility:ExtractStackTrace () (at /Users/bokken/build/output/unity/unity/Runtime/Export/Scripting/StackTrace.cs:23)
ChubbyAircraftDelivery:SaveAndValidatePrefab (UnityEngine.GameObject,string,System.Text.StringBuilder) (at Assets/Editor/ChubbyAircraftDelivery.cs:250)
ChubbyAircraftDelivery:Run () (at Assets/Editor/ChubbyAircraftDelivery.cs:104)
ChubbyAircraftFinalCheck:Run () (at Assets/Editor/ChubbyAircraftFinalCheck.cs:5)

[Assets/Editor/ChubbyAircraftDelivery.cs line 104]

Imported 'GUID: aebd46390e6f64612968b6081502c351' -> (Import Result ID: '7aeb00cc4df257a266f3a4a94509fa45') in 0.000 seconds [static dependencies only]. Details - ImportResultOutputID=2621a982b9c6f008847b1be4077c211d DependenciesID=c0d15815bbbe98bf8295a2fbce33dff0 StaticDependenciesID=85ed9ead7058606495b884f0b0c71fcd 
Importing 'GUID: aedd5c892dac04b5d80fe8f821d6667d - Path: Assets/Art/ChubbyAircraft/BurgundySilver_Comet4/Meshes/Part_15.asset' with importer (NativeFormatImporter)
Main Object Name 'BurgundySilver_Comet4_Part_15' does not match filename 'Part_15'
UnityEngine.Debug:ExtractStackTraceNoAlloc (byte*,int,string)
UnityEngine.StackTraceUtility:ExtractStackTrace () (at /Users/bokken/build/output/unity/unity/Runtime/Export/Scripting/StackTrace.cs:23)
ChubbyAircraftDelivery:SaveAndValidatePrefab (UnityEngine.GameObject,string,System.Text.StringBuilder) (at Assets/Editor/ChubbyAircraftDelivery.cs:250)
ChubbyAircraftDelivery:Run () (at Assets/Editor/ChubbyAircraftDelivery.cs:104)
ChubbyAircraftFinalCheck:Run () (at Assets/Editor/ChubbyAircraftFinalCheck.cs:5)

[Assets/Editor/ChubbyAircraftDelivery.cs line 104]

Imported 'GUID: aedd5c892dac04b5d80fe8f821d6667d' -> (Import Result ID: '85c70b6122c25aae5c88293fc1d8af09') in 0.000 seconds [static dependencies only]. Details - ImportResultOutputID=6aa31bf0ccea2f8e87656978608aa660 DependenciesID=5d989aedd3d6a7a38d2fd9276d89876e StaticDependenciesID=52f6766d38d26618e14ed2b8725e0100 
Importing 'GUID: 4f3841c9776784b708cf3b24a40dd631 - Path: Assets/Art/ChubbyAircraft/BurgundySilver_Comet4/Meshes/Part_16.asset' with importer (NativeFormatImporter)
Main Object Name 'BurgundySilver_Comet4_Part_16' does not match filename 'Part_16'
UnityEngine.Debug:ExtractStackTraceNoAlloc (byte*,int,string)
UnityEngine.StackTraceUtility:ExtractStackTrace () (at /Users/bokken/build/output/unity/unity/Runtime/Export/Scripting/StackTrace.cs:23)
ChubbyAircraftDelivery:SaveAndValidatePrefab (UnityEngine.GameObject,string,System.Text.StringBuilder) (at Assets/Editor/ChubbyAircraftDelivery.cs:250)
ChubbyAircraftDelivery:Run () (at Assets/Editor/ChubbyAircraftDelivery.cs:104)
ChubbyAircraftFinalCheck:Run () (at Assets/Editor/ChubbyAircraftFinalCheck.cs:5)

[Assets/Editor/ChubbyAircraftDelivery.cs line 104]

Imported 'GUID: 4f3841c9776784b708cf3b24a40dd631' -> (Import Result ID: 'f0eee80f38779ffce1df32a20db851d2') in 0.001 seconds [static dependencies only]. Details - ImportResultOutputID=17fde6bfea5e261dee2b87a846a5dea7 DependenciesID=6ac6271ba25b35aa8f3108f8305a6171 StaticDependenciesID=02473ce09c964a696ab6f4f655f60791 
Importing 'GUID: ffd8ff7eb31244b9b954521542c022c7 - Path: Assets/Art/ChubbyAircraft/BurgundySilver_Comet4/Meshes/Part_01.asset' with importer (NativeFormatImporter)
Main Object Name 'BurgundySilver_Comet4_Part_01' does not match filename 'Part_01'
UnityEngine.Debug:ExtractStackTraceNoAlloc (byte*,int,string)
UnityEngine.StackTraceUtility:ExtractStackTrace () (at /Users/bokken/build/output/unity/unity/Runtime/Export/Scripting/StackTrace.cs:23)
ChubbyAircraftDelivery:SaveAndValidatePrefab (UnityEngine.GameObject,string,System.Text.StringBuilder) (at Assets/Editor/ChubbyAircraftDelivery.cs:250)
ChubbyAircraftDelivery:Run () (at Assets/Editor/ChubbyAircraftDelivery.cs:104)
ChubbyAircraftFinalCheck:Run () (at Assets/Editor/ChubbyAircraftFinalCheck.cs:5)

[Assets/Editor/ChubbyAircraftDelivery.cs line 104]

Imported 'GUID: ffd8ff7eb31244b9b954521542c022c7' -> (Import Result ID: '4d89e5237b6755d0d8d7df03ead6455c') in 0.001 seconds [static dependencies only]. Details - ImportResultOutputID=87b8ee90a7719358201769aca9b544a1 DependenciesID=e2d1f502d6c72b65354d2a08fda379a8 StaticDependenciesID=040b1db40d16f4f7de7c5d2fe3003abb 
Asset Pipeline Refresh (id=b927892b556434b44a8fe7550f6fc838): Total: 0.024 seconds - Initiated by StopAssetImportingV2(NoUpdateAssetOptions)
Importing 'GUID: cb0c2481a73b049b5a741c1c02cec517 - Path: Assets/Art/ChubbyAircraft/BurgundySilver_Comet4/BurgundySilver_Comet4.prefab' with importer (PrefabImporter)
Imported 'GUID: cb0c2481a73b049b5a741c1c02cec517' -> (Import Result ID: '6e3838834d7a7cc7fcef9b0799c78f2b') in 0.001 seconds [static dependencies only]. Details - ImportResultOutputID=0e5dfdb6924e2d10ac8b8567deb349c1 DependenciesID=96dfb7f1eaeccbfdb62a5c39576b4b43 StaticDependenciesID=d126cdd43c25873a1d68637b95c559a0 
Asset Pipeline Refresh (id=ec8fcdb9e2ca94784a366aa3d5434aaf): Total: 0.006 seconds - Initiated by StopAssetImportingV2(NoUpdateAssetOptions)
Loaded scene 'Library/Unused/8e7fa6176ccfa4c36984218f60fb1130'
	Deserialize:            0.226 ms
	Integration:            0.095 ms
	Integration of assets:  0.001 ms
	Thread Wait Time:       0.004 ms
	Total Operation Time:   0.326 ms
Starting new worker id: 1 with log in /private/tmp/palmbay-aircraft-unity6/Logs/AssetImportWorkerHW1.log
[Worker0] Imported GUID: 3e3b2f2356c82467ab890ae3a62ba5d2 - Path: Assets/Art/ChubbyAircraft/JadeIvory_B737_800/Materials/Part_14.mat - Importer: PreviewImporter -> (ImportResultId: 'f447825b8439953cedecf2dc945251e3') in 0.052519958 seconds
[Worker0] Imported GUID: a679e96bcbc004406aece83e12130194 - Path: Assets/Art/ChubbyAircraft/NavyCoral_Comet4/Materials/Part_15.mat - Importer: PreviewImporter -> (ImportResultId: 'c9106251cb45fd1870c0782838068310') in 0.003085541 seconds
[Worker0] Imported GUID: 04d1251e0f6624d3ea8b657f5a7e45af - Path: Assets/Art/ChubbyAircraft/JadeIvory_A380_800/Materials/Part_13.mat - Importer: PreviewImporter -> (ImportResultId: '8c1f31985d39e2aed57114f9329ea6f8') in 0.002647083 seconds
[Worker0] Imported GUID: b2bf95f2cba84472eb1af60acb467d76 - Path: Assets/Art/ChubbyAircraft/JadeIvory_B737_800/Materials/Part_05.mat - Importer: PreviewImporter -> (ImportResultId: 'e9f795dee86458be00a792036e53cb5b') in 0.002692042 seconds
[Worker0] Imported GUID: 1212950f0687342cf8301e473f56fcdb - Path: Assets/Art/ChubbyAircraft/PorcelainRed_B737_800/Materials/Part_00.mat - Importer: PreviewImporter -> (ImportResultId: '1941bf63809f32ac21afa88b9ba55f5c') in 0.002974041 seconds
[Worker0] Imported GUID: d0cf83e63d3d24a848b52e095554655f - Path: Assets/Art/ChubbyAircraft/PorcelainRed_Comet4/Materials/Part_13.mat - Importer: PreviewImporter -> (ImportResultId: '9a83de624d285960e5245757eef5cf16') in 0.002080667 seconds
[Worker0] Imported GUID: 934b17089b3a44733915d672bb373df0 - Path: Assets/Art/ChubbyAircraft/PorcelainRed_B737_800/Materials/Part_03.mat - Importer: PreviewImporter -> (ImportResultId: 'c32bfc3c72d535ce28017cbbe4b95b93') in 0.002917 seconds
[Worker0] Imported GUID: 066b29b0ac26a4731af84e946248c3c5 - Path: Assets/Art/ChubbyAircraft/BurgundySilver_Comet4/Meshes/Part_06.asset - Importer: PreviewImporter -> (ImportResultId: 'ca2f3625195c0e1a1b3f33e1b9549c6e') in 0.009431709 seconds
[Worker0] Imported GUID: b78c998e238e34dd2bf4a0345c953004 - Path: Assets/Art/ChubbyAircraft/JadeIvory_B737_800/Meshes/Part_11.asset - Importer: PreviewImporter -> (ImportResultId: '0d2d729743b60785023590de541f70ed') in 0.002974834 seconds
[Worker0] Imported GUID: d38a231d80fdf4f7cb576803b92848a7 - Path: Assets/Art/ChubbyAircraft/NavyCoral_B737_800/Meshes/Part_08.asset - Importer: PreviewImporter -> (ImportResultId: '0fad0a7543a9da3c42a1bb3bd488be8b') in 0.002548583 seconds
[Worker0] Imported GUID: 971931d3f4314450b9540c045b279e59 - Path: Assets/Art/ChubbyAircraft/PorcelainRed_B737_800/Meshes/Part_06.asset - Importer: PreviewImporter -> (ImportResultId: '5bcf11abe12759323fba3b69eae6991e') in 0.005130333 seconds
[Worker0] Imported GUID: 9783064ea9b44444f92ff11d2e66ae65 - Path: Assets/Art/ChubbyAircraft/JadeIvory_B737_800/Meshes/Part_03.asset - Importer: PreviewImporter -> (ImportResultId: 'ef5655cab39959b14319c45110b3efcd') in 0.00312675 seconds
[Worker0] Imported GUID: 03d5232a4ce67448093108805c8e19d6 - Path: Assets/Art/ChubbyAircraft/BurgundySilver_Comet4/Materials/Part_15.mat - Importer: PreviewImporter -> (ImportResultId: 'aecb966762465298c7745a5111af83e9') in 0.0039035 seconds
[Worker0] Imported GUID: 50e2e810bb945471a886a1442f9451ab - Path: Assets/Art/ChubbyAircraft/JadeIvory_Comet4/Meshes/Part_10.asset - Importer: PreviewImporter -> (ImportResultId: '7ba12b1dc0237b23039b4282f499d5c8') in 0.00212925 seconds
[Worker0] Imported GUID: 8fb9a04e6fa91456291a3f10590865e1 - Path: Assets/Art/ChubbyAircraft/JadeIvory_Comet4/Meshes/Part_02.asset - Importer: PreviewImporter -> (ImportResultId: '7bf4f81152479ff5ea5c83c1f88b1ab7') in 0.003833208 seconds
[Worker0] Imported GUID: c5650111040c545ea94d103ddd5d7d80 - Path: Assets/Art/ChubbyAircraft/JadeIvory_B737_800/Meshes/Part_09.asset - Importer: PreviewImporter -> (ImportResultId: 'e7ffe5842453f96b8cb872fa00556071') in 0.001765583 seconds
[Worker0] Imported GUID: 45df5508be96643c3899055e3daf2de5 - Path: Assets/Art/ChubbyAircraft/PorcelainRed_B737_800/Materials/Part_14.mat - Importer: PreviewImporter -> (ImportResultId: '9154abe3c0aef82688ebe2524f5f652c') in 0.004702417 seconds
[Worker0] Imported GUID: c24e62c818c8f444c909716229acec4e - Path: Assets/Art/ChubbyAircraft/NavyCoral_A380_800/Materials/Part_06.mat - Importer: PreviewImporter -> (ImportResultId: '8088862a3b3b531bb1f8bd895d2464b5') in 0.001984291 seconds
[Worker0] Imported GUID: 1caa6d26d6d4046aeae9e4b74468cf38 - Path: Assets/Art/ChubbyAircraft/NavyCoral_A380_800/Meshes/Part_01.asset - Importer: PreviewImporter -> (ImportResultId: 'ccefcd77a408d2295edf9d02be8d27c1') in 0.003177333 seconds
[Worker0] Imported GUID: 230d348929d4d4a009c7f566c630a028 - Path: Assets/Art/ChubbyAircraft/BurgundySilver_A380_800/Materials/Part_00.mat - Importer: PreviewImporter -> (ImportResultId: 'd476ba9e48c46bd21a526d77c22a7ce7') in 0.001840667 seconds
[Worker0] Imported GUID: 70f2179128fe844878b2c5fc62fe862f - Path: Assets/Art/ChubbyAircraft/JadeIvory_B737_800/Materials/Part_16.mat - Importer: PreviewImporter -> (ImportResultId: '62faae776e5ff1e88bde7086e12429a7') in 0.003897625 seconds
[Worker0] Imported GUID: aaf700fed327d42a3a2ec97edab29a2e - Path: Assets/Art/ChubbyAircraft/BurgundySilver_A380_800/Meshes/Part_07.asset - Importer: PreviewImporter -> (ImportResultId: 'fc8cfa3643ad62fb764f931d6990846c') in 0.002080875 seconds
[Worker0] Imported GUID: e05c3fd7b4f064cbaa1e10250b4458be - Path: Assets/Art/ChubbyAircraft/JadeIvory_A380_800/Meshes/Part_08.asset - Importer: PreviewImporter -> (ImportResultId: 'ca6f94492106f5bad0c1af0dfda2b625') in 0.002812209 seconds
[Worker0] Imported GUID: 294be668877b24b0da482578f80c6933 - Path: Assets/Art/ChubbyAircraft/BurgundySilver_Comet4/Materials/Part_06.mat - Importer: PreviewImporter -> (ImportResultId: 'da1d8a6939e5381332c5637801bfa58b') in 0.001976792 seconds
[Worker0] Imported GUID: 7b7fa2d6bf4d44d4792246ca77588901 - Path: Assets/Art/ChubbyAircraft/BurgundySilver_B737_800/Meshes/Part_08.asset - Importer: PreviewImporter -> (ImportResultId: 'b42ffde596c8e2b2cf2c28ff86f7165c') in 0.003618875 seconds
[Worker0] Imported GUID: 1f143ed6ac3834cf890e741913b16635 - Path: Assets/Art/ChubbyAircraft/JadeIvory_Comet4/Meshes/Part_03.asset - Importer: PreviewImporter -> (ImportResultId: '24c5d668eb83f6628c5939dbd81f9f89') in 0.003027792 seconds
[Worker0] Imported GUID: b8ec487b7bc3e467cbd1580596f2d2a0 - Path: Assets/Art/ChubbyAircraft/JadeIvory_B737_800/Meshes/Part_08.asset - Importer: PreviewImporter -> (ImportResultId: '0412d15fe96da31a6346e1d193411b75') in 0.002024333 seconds
[Worker0] Imported GUID: 53c37312f71a84f0fbfbc1f795aff44f - Path: Assets/Art/ChubbyAircraft/JadeIvory_Comet4/Meshes/Part_05.asset - Importer: PreviewImporter -> (ImportResultId: '1a51562029dce8dada3390806d178679') in 0.001744417 seconds
[Worker0] Imported GUID: eb775fafbf5d94d7288bdcdd0f327402 - Path: Assets/Art/ChubbyAircraft/PorcelainRed_A380_800/Materials/Part_03.mat - Importer: PreviewImporter -> (ImportResultId: '2a643aaf88f749e3ee8f77da1df37222') in 0.002451166 seconds
[Worker0] Imported GUID: f75f2baeadd4d4c08a33848fd3470e2c - Path: Assets/Art/ChubbyAircraft/JadeIvory_B737_800/Materials/Part_00.mat - Importer: PreviewImporter -> (ImportResultId: 'adc0a3d715a475aeae1ad9ed5c9421d4') in 0.002332209 seconds
[Worker0] Imported GUID: 145b701099c2c4996a63a7b3ff262037 - Path: Assets/Art/ChubbyAircraft/NavyCoral_B737_800/NavyCoral_B737_800.prefab - Importer: PreviewImporter -> (ImportResultId: 'c39053556c0a709b170bc2a57bd02b8c') in 0.018993167 seconds
[Worker0] Imported GUID: 8aefccec2d99c449b928cf6c8b847ab8 - Path: Assets/Art/ChubbyAircraft/PorcelainRed_Comet4/Meshes/Part_02.asset - Importer: PreviewImporter -> (ImportResultId: '52d2a4fa3157e1345b4e88f43e2884db') in 0.002986542 seconds
[Worker0] Imported GUID: d73c512b996004706a47c83ee583cd1e - Path: Assets/Art/ChubbyAircraft/PorcelainRed_Comet4/Meshes/Part_10.asset - Importer: PreviewImporter -> (ImportResultId: 'f84e571ebb24a6632391af0a3a8b15fd') in 0.003968709 seconds
[Worker0] Imported GUID: 529903dd05b5948f9a3bba45fe8b205a - Path: Assets/Art/ChubbyAircraft/NavyCoral_B737_800/Materials/Part_02.mat - Importer: PreviewImporter -> (ImportResultId: '0128d153664c0e640c757445af132d85') in 0.002106375 seconds
[Worker0] Imported GUID: 5bc71b88b899b4c11921955d5706a961 - Path: Assets/Art/ChubbyAircraft/BurgundySilver_B737_800/Materials/Part_07.mat - Importer: PreviewImporter -> (ImportResultId: 'd7ce6751e8d9d5cbe1f518ee141bf106') in 0.003432667 seconds
[Worker0] Imported GUID: 397ff8146402a4c0fae20d2dc09d96ad - Path: Assets/Art/ChubbyAircraft/BurgundySilver_A380_800/Meshes/Part_00.asset - Importer: PreviewImporter -> (ImportResultId: 'b2a59825118a3e43616e60a0e1237b69') in 0.00280025 seconds
[Worker0] Imported GUID: bb9c7fc952e62482582bcfbf79a5f050 - Path: Assets/Art/ChubbyAircraft/NavyCoral_Comet4/Meshes/Part_11.asset - Importer: PreviewImporter -> (ImportResultId: '08289fb97e3e7cba2873960dcb6fe7a5') in 0.002287 seconds
[Worker0] Imported GUID: 0af9e96c5bb044fcd99270eee844701d - Path: Assets/Art/ChubbyAircraft/JadeIvory_A380_800/Meshes/Part_16.asset - Importer: PreviewImporter -> (ImportResultId: '7edafc455de4928457471ab5df6f48ed') in 0.001959875 seconds
[Worker0] Imported GUID: 8eeb783c69738432cad4bbd2890f3bd2 - Path: Assets/Art/ChubbyAircraft/BurgundySilver_B737_800/Meshes/Part_02.asset - Importer: PreviewImporter -> (ImportResultId: '8b32a4b4c95d503c5f64b22c05390c58') in 0.011369625 seconds
[Worker0] Imported GUID: f5f2ee1f6123f4c3ab0fa2210164bc56 - Path: Assets/Art/ChubbyAircraft/PorcelainRed_Comet4/Materials/Part_10.mat - Importer: PreviewImporter -> (ImportResultId: 'c64a1fb565eb6822fff289d5d3a62045') in 0.002165375 seconds
[Worker0] Imported GUID: fd700c28575cd4743a18e5884d4ab584 - Path: Assets/Art/ChubbyAircraft/NavyCoral_A380_800/Meshes/Part_11.asset - Importer: PreviewImporter -> (ImportResultId: '90ad25ddf321ec81bfa61ab6863d7a2f') in 0.00392975 seconds
[Worker0] Imported GUID: 67b2466e1e0a54f1c9a12a8e29b80790 - Path: Assets/Art/ChubbyAircraft/JadeIvory_A380_800/Materials/Part_16.mat - Importer: PreviewImporter -> (ImportResultId: '08342b42290e5e0ffd8fe5445cfc0820') in 0.00373625 seconds
[Worker0] Imported GUID: ff848c59ae12e45f199ba5d391785a7d - Path: Assets/Art/ChubbyAircraft/PorcelainRed_Comet4/Materials/Part_09.mat - Importer: PreviewImporter -> (ImportResultId: 'f619edd9c88a6d0b21f6a225f47e397f') in 0.002179541 seconds
[Worker0] Imported GUID: fff2c56c1983b41b3b530a0126d9852e - Path: Assets/Art/ChubbyAircraft/JadeIvory_Comet4/Materials/Part_05.mat - Importer: PreviewImporter -> (ImportResultId: '092655044ac165677c7ed68e89743683') in 0.002695167 seconds
[Worker0] Imported GUID: 802058ba817854057ab771f906256088 - Path: Assets/Art/ChubbyAircraft/PorcelainRed_A380_800/Materials/Part_15.mat - Importer: PreviewImporter -> (ImportResultId: '894d620f31738a5d3ec7e15a61f0f8e6') in 0.002567708 seconds
[Worker0] Imported GUID: 0cbdc1649236d49f2a2a30fefbd82803 - Path: Assets/Art/ChubbyAircraft/PorcelainRed_A380_800/Meshes/Part_05.asset - Importer: PreviewImporter -> (ImportResultId: '4403152e5f60a05a957a4dc78943d2e6') in 0.001998583 seconds
[Worker0] Imported GUID: b19a04eddd4c346879b08e6d81a5f48f - Path: Assets/Art/ChubbyAircraft/JadeIvory_B737_800/Materials/Part_10.mat - Importer: PreviewImporter -> (ImportResultId: '7bf34a711b44b5d48ab38ba59269c867') in 0.002106042 seconds
[Worker0] Imported GUID: e7326e65f6e134aeca4a822d3eed00d4 - Path: Assets/Art/ChubbyAircraft/NavyCoral_B737_800/Meshes/Part_01.asset - Importer: PreviewImporter -> (ImportResultId: '477b418d9f06d70fe563a6dc3b92eb73') in 0.004588333 seconds
[Worker0] Imported GUID: 3bf81402de1264aff846416d04d33301 - Path: Assets/Art/ChubbyAircraft/NavyCoral_B737_800/Materials/Part_00.mat - Importer: PreviewImporter -> (ImportResultId: '2c36a4037998ea809a587c11dc0b23e1') in 0.002142958 seconds
[Worker0] Imported GUID: e93e3aa111f074fe5808bf287ff10c8e - Path: Assets/Art/ChubbyAircraft/PorcelainRed_A380_800/Materials/Part_05.mat - Importer: PreviewImporter -> (ImportResultId: '61453d45da534ff9902b48c040803982') in 0.003791834 seconds
[Worker0] Imported GUID: f0722be92dc1c4a3bb57931ae7a7cc8d - Path: Assets/Art/ChubbyAircraft/PorcelainRed_Comet4/Materials/Part_07.mat - Importer: PreviewImporter -> (ImportResultId: 'ef6954a1a6cdbe04e5896d5d2759fd20') in 0.001952792 seconds
[Worker0] Imported GUID: 4fabe50f47d3b4922a496fbd3c81a2f6 - Path: Assets/Art/ChubbyAircraft/JadeIvory_B737_800/Meshes/Part_10.asset - Importer: PreviewImporter -> (ImportResultId: 'fa659294957333fb9dc930472b5cfa0b') in 0.003061792 seconds
[Worker0] Imported GUID: 44f27cb4b7ad5491bbca8763f84a394f - Path: Assets/Art/ChubbyAircraft/PorcelainRed_Comet4/Meshes/Part_04.asset - Importer: PreviewImporter -> (ImportResultId: 'c8338170d09d57151e23600ba5f905e3') in 0.001857333 seconds
[Worker0] Imported GUID: f4d2b1a86f3b543cba23d4efb5720467 - Path: Assets/Art/ChubbyAircraft/JadeIvory_B737_800/Materials/Part_09.mat - Importer: PreviewImporter -> (ImportResultId: '36c46afabfc0bae69f5ed2a227762aef') in 0.003436667 seconds
[Worker0] Imported GUID: 8c630bf10c8914ff0a33873bb83accfa - Path: Assets/Art/ChubbyAircraft/PorcelainRed_Comet4/Meshes/Part_11.asset - Importer: PreviewImporter -> (ImportResultId: '3f4ba282c498b351a66da8a69106f7e8') in 0.0017975 seconds
[Worker0] Imported GUID: ec321c8faf0e244c49e90f0d8e34cf5e - Path: Assets/Art/ChubbyAircraft/JadeIvory_B737_800/Materials/Part_07.mat - Importer: PreviewImporter -> (ImportResultId: '01415eabff6e433c02867b20b3537291') in 0.0039795 seconds
[Worker0] Imported GUID: 3080403086df1417aba046a12d872fa3 - Path: Assets/Art/ChubbyAircraft/NavyCoral_Comet4/Materials/Part_14.mat - Importer: PreviewImporter -> (ImportResultId: '8a5873820f3c4024811e367a1c79b457') in 0.001799333 seconds
[Worker0] Imported GUID: 931fbcaa42f5645138bf6330483e8d1a - Path: Assets/Art/ChubbyAircraft/NavyCoral_A380_800/Materials/Part_10.mat - Importer: PreviewImporter -> (ImportResultId: '1df7b976fc6ad03f50960e9ebd9168f9') in 0.001711708 seconds
[Worker0] Imported GUID: 9388b5e89f91e41a59411715b9cb3808 - Path: Assets/Art/ChubbyAircraft/BurgundySilver_A380_800/Meshes/Part_15.asset - Importer: PreviewImporter -> (ImportResultId: 'a7d487c075a7964d70106f141ebd1def') in 0.002460375 seconds
[Worker0] Imported GUID: 00c3554a3eb0d4a98b848baaaf9ac4e2 - Path: Assets/Art/ChubbyAircraft/BurgundySilver_Comet4/Materials/Part_10.mat - Importer: PreviewImporter -> (ImportResultId: 'ac18fc53c682cb655cbca76c31f33f58') in 0.0020435 seconds
[Worker0] Imported GUID: 6b8eb8f9150454623a41a22fd6a560fe - Path: Assets/Art/ChubbyAircraft/PorcelainRed_B737_800/Materials/Part_09.mat - Importer: PreviewImporter -> (ImportResultId: '2c328819a8a3778762c43f0442a9d4aa') in 0.002915541 seconds
[Worker0] Imported GUID: 9f520f237f7434c7ea8256fe8b2d98e1 - Path: Assets/Art/ChubbyAircraft/PorcelainRed_A380_800/Materials/Part_00.mat - Importer: PreviewImporter -> (ImportResultId: 'cfd793de0225a8739609171157ed3252') in 0.00182125 seconds
[Worker0] Imported GUID: e5749547a989b4b73bd8451c16b566a4 - Path: Assets/Art/ChubbyAircraft/PorcelainRed_A380_800/Materials/Part_11.mat - Importer: PreviewImporter -> (ImportResultId: 'a593e161c108dab369d66b61d660365f') in 0.004094208 seconds
[Worker0] Imported GUID: 78b4609e90fb44ae7bc8ddaba23eac95 - Path: Assets/Art/ChubbyAircraft/BurgundySilver_B737_800/Meshes/Part_15.asset - Importer: PreviewImporter -> (ImportResultId: '2f8bfb4e2a1e59f26e3d1a748a730932') in 0.00187325 seconds
[Worker0] Imported GUID: 0a795fac76281491b9c8e91c783d80df - Path: Assets/Art/ChubbyAircraft/NavyCoral_Comet4/Meshes/Part_10.asset - Importer: PreviewImporter -> (ImportResultId: '5090852147884dc2dec90ed535e0c251') in 0.004411625 seconds
[Worker0] Imported GUID: 4eb46e4cdaf724b608d743fdc696eb1b - Path: Assets/Art/ChubbyAircraft/BurgundySilver_A380_800/Meshes/Part_04.asset - Importer: PreviewImporter -> (ImportResultId: 'e88bbcdd603e63c4337a46fc4f9ea1e3') in 0.001654708 seconds
[Worker0] Imported GUID: 9de54e8af61da4983abde952c41c556f - Path: Assets/Art/ChubbyAircraft/JadeIvory_Comet4/Meshes/Part_15.asset - Importer: PreviewImporter -> (ImportResultId: '42ed6a393895a3adf278947cc0b23c41') in 0.004820583 seconds
[Worker0] Imported GUID: 61425b8552e9b48a8bc3b197d163c58a - Path: Assets/Art/ChubbyAircraft/PorcelainRed_A380_800/PorcelainRed_A380_800.prefab - Importer: PreviewImporter -> (ImportResultId: 'c4aede1833c36e11dd3b73ed7b44df03') in 0.017075417 seconds
[Worker0] Imported GUID: 486bd1eac3bc9493d9704e7a0fd85b7f - Path: Assets/Art/ChubbyAircraft/JadeIvory_B737_800/Materials/Part_11.mat - Importer: PreviewImporter -> (ImportResultId: 'b4615a0b8736eb9183bbb07118d2e7d2') in 0.006447875 seconds
[Worker0] Imported GUID: 02033b7607bff4004815a8cf143543bf - Path: Assets/Art/ChubbyAircraft/BurgundySilver_Comet4/Materials/Part_05.mat - Importer: PreviewImporter -> (ImportResultId: '0c52a117b5b706f9d73b3c1f0924a744') in 0.002202167 seconds
[Worker0] Imported GUID: 3e07abc81863d4d968f161599ccc52a4 - Path: Assets/Art/ChubbyAircraft/NavyCoral_B737_800/Meshes/Part_04.asset - Importer: PreviewImporter -> (ImportResultId: '21a9be9e711da7ccd26a372620f4a8f9') in 0.003758333 seconds
[Worker0] Imported GUID: d431c0dc54785456f9b29237dd0adb59 - Path: Assets/Art/ChubbyAircraft/BurgundySilver_A380_800/Materials/Part_10.mat - Importer: PreviewImporter -> (ImportResultId: '0a487100a598bb25d2732e9d7a9f5903') in 0.00246825 seconds
[Worker0] Imported GUID: fc1ec0c521f8d46d7886ff215133bce4 - Path: Assets/Art/ChubbyAircraft/NavyCoral_A380_800/Materials/Part_00.mat - Importer: PreviewImporter -> (ImportResultId: '3f3587d976691c879707b17647c3ff66') in 0.003545916 seconds
[Worker0] Imported GUID: 2c524e07a5da44910bfb2820597d4978 - Path: Assets/Art/ChubbyAircraft/NavyCoral_A380_800/Meshes/Part_06.asset - Importer: PreviewImporter -> (ImportResultId: 'c7c6d20a4873ac15aad3ef8e04aa9bd2') in 0.004956459 seconds
[Worker0] Imported GUID: 01075b6e8b1964e198528be53b3a0608 - Path: Assets/Art/ChubbyAircraft/JadeIvory_A380_800/Meshes/Part_15.asset - Importer: PreviewImporter -> (ImportResultId: '3db97859502a05267b52c667ec8e1e0a') in 0.006653333 seconds
[Worker0] Imported GUID: 68f6dfa4ae8e44f90b67966cd8a5850e - Path: Assets/Art/ChubbyAircraft/BurgundySilver_Comet4/Meshes/Part_07.asset - Importer: PreviewImporter -> (ImportResultId: '7b9ec946c82f031c7f6f3a7232dc6231') in 0.005011375 seconds
[Worker0] Imported GUID: f109d295ea77247bd9e53099e8bb619b - Path: Assets/Art/ChubbyAircraft/BurgundySilver_A380_800/Meshes/Part_14.asset - Importer: PreviewImporter -> (ImportResultId: 'a88b99f9a55619709929fd64f62aade8') in 0.005502292 seconds
[Worker0] Imported GUID: efb8ed038a0ac4cfb81b54cc1317f374 - Path: Assets/Art/ChubbyAircraft/JadeIvory_A380_800/Materials/Part_17.mat - Importer: PreviewImporter -> (ImportResultId: 'e8352f5cc021e2f9d29cec3e2a41c897') in 0.002019917 seconds
[Worker0] Imported GUID: bd5e6a841478a469eb4e1febb0e8543e - Path: Assets/Art/ChubbyAircraft/JadeIvory_Comet4/Materials/Part_15.mat - Importer: PreviewImporter -> (ImportResultId: '2944f8021b2ab037437ba33dcff53b4f') in 0.004989 seconds
[Worker0] Imported GUID: f557b4f54cfad446b8cb16162aefa0d1 - Path: Assets/Art/ChubbyAircraft/PorcelainRed_B737_800/Meshes/Part_05.asset - Importer: PreviewImporter -> (ImportResultId: '275374672d60e678ba4c8d584fc25068') in 0.004427959 seconds
[Worker0] Imported GUID: d28b777e9a7d34ea3bfc0063262c3bcb - Path: Assets/Art/ChubbyAircraft/JadeIvory_A380_800/Materials/Part_10.mat - Importer: PreviewImporter -> (ImportResultId: '018d8933046953f0dd7cf67677d32b62') in 0.001806583 seconds
[Worker0] Imported GUID: a807f571481754a718a7b312edf7e098 - Path: Assets/Art/ChubbyAircraft/JadeIvory_B737_800/Materials/Part_04.mat - Importer: PreviewImporter -> (ImportResultId: '9abea3dde5e0a7e714b77d4a9500dd25') in 0.001721542 seconds
[Worker0] Imported GUID: cde02c31a6a4d4eaeb8f1b75b86673f9 - Path: Assets/Art/ChubbyAircraft/NavyCoral_Comet4/Meshes/Part_03.asset - Importer: PreviewImporter -> (ImportResultId: '131a107716ee814c9491f3b67eb1691a') in 0.003001708 seconds
[Worker0] Imported GUID: 78340cd6dd7c840f885cc09e53399829 - Path: Assets/Art/ChubbyAircraft/PorcelainRed_Comet4/Materials/Part_02.mat - Importer: PreviewImporter -> (ImportResultId: '11c540e5219d742cc107722ec855de84') in 0.001687625 seconds
[Worker0] Imported GUID: 7f8f0b97957494a159ae24f9f673bf1d - Path: Assets/Art/ChubbyAircraft/NavyCoral_B737_800/Meshes/Part_00.asset - Importer: PreviewImporter -> (ImportResultId: '2bc9960cdc8624a039caf95ace028961') in 0.004482042 seconds
[Worker0] Imported GUID: c1c86cc1755524950a237b599cdf9de5 - Path: Assets/Art/ChubbyAircraft/BurgundySilver_A380_800/Materials/Part_06.mat - Importer: PreviewImporter -> (ImportResultId: 'f7830f2380aaf15cbd0db89b98bb3f55') in 0.001814292 seconds
[Worker0] Imported GUID: 2df403d60ec204f508c8385304c4920e - Path: Assets/Art/ChubbyAircraft/BurgundySilver_A380_800/Materials/Part_07.mat - Importer: PreviewImporter -> (ImportResultId: '3116cbd7b924b33ce797dc7213b6226b') in 0.00339525 seconds
[Worker0] Imported GUID: 212e229517c144e9f81f487e4f355c36 - Path: Assets/Art/ChubbyAircraft/JadeIvory_B737_800/Meshes/Part_17.asset - Importer: PreviewImporter -> (ImportResultId: '59a60074f9abb7d7ba27133aa5fe024c') in 0.00408775 seconds
[Worker0] Imported GUID: 83d4bb151f9dd49e5abeee598e2dc787 - Path: Assets/Art/ChubbyAircraft/JadeIvory_A380_800/Materials/Part_01.mat - Importer: PreviewImporter -> (ImportResultId: 'fb947db793a7790201f10e8139bdf3ad') in 0.002166292 seconds
[Worker0] Imported GUID: 48bf7d5376006433c8aba221c54ab908 - Path: Assets/Art/ChubbyAircraft/NavyCoral_B737_800/Meshes/Part_11.asset - Importer: PreviewImporter -> (ImportResultId: '6ac9a394d31897ef7ebcd759ebe87056') in 0.001783333 seconds
[Worker0] Imported GUID: dd547f127aaf546cca8a6df2438816e8 - Path: Assets/Art/ChubbyAircraft/BurgundySilver_B737_800/Materials/Part_13.mat - Importer: PreviewImporter -> (ImportResultId: '336baf267265d9adf3e35d6ea2992732') in 0.006536208 seconds
[Worker0] Imported GUID: 5a61cc781a7d443c8931d55db45972ae - Path: Assets/Art/ChubbyAircraft/PorcelainRed_Comet4/Meshes/Part_15.asset - Importer: PreviewImporter -> (ImportResultId: '989b618d315dd411e13e7d30db978882') in 0.003255416 seconds
[Worker0] Imported GUID: aab7b51c4a79e4ee996b38b4165ca5e2 - Path: Assets/Art/ChubbyAircraft/JadeIvory_B737_800/Materials/Part_02.mat - Importer: PreviewImporter -> (ImportResultId: '1ed33fce81b5ac4ac36d4c8ba3b01b8e') in 0.003306416 seconds
[Worker0] Imported GUID: cdabc7e4669544e449b3857acc4366d6 - Path: Assets/Art/ChubbyAircraft/PorcelainRed_B737_800/Meshes/Part_08.asset - Importer: PreviewImporter -> (ImportResultId: '98a5bd316eee61f0492f0d3582ba6c09') in 0.001913292 seconds
[Worker0] Imported GUID: a88f91658e0a74ed4aa531ab5385bb6c - Path: Assets/Art/ChubbyAircraft/JadeIvory_Comet4/Materials/Part_02.mat - Importer: PreviewImporter -> (ImportResultId: 'd4d6350ed94431486439656a3a757654') in 0.002049 seconds
[Worker0] Imported GUID: 8dda6c623a3fc49fab67400e2888fdc0 - Path: Assets/Art/ChubbyAircraft/JadeIvory_A380_800/Meshes/Part_10.asset - Importer: PreviewImporter -> (ImportResultId: '52812d070ddec9a87f3fb851f7b10698') in 0.0032135 seconds
[Worker0] Imported GUID: 367b213c39a2144bd923009a5c97729e - Path: Assets/Art/ChubbyAircraft/NavyCoral_A380_800/Materials/Part_03.mat - Importer: PreviewImporter -> (ImportResultId: 'f9b3215fb0cc7afa1555774d228eb146') in 0.001689584 seconds
[Worker0] Imported GUID: eae9605c726524c0b8033a98905b80d7 - Path: Assets/Art/ChubbyAircraft/JadeIvory_B737_800/Meshes/Part_07.asset - Importer: PreviewImporter -> (ImportResultId: 'f517ce891b38ade6f35ea3cf75daf7ba') in 0.001772625 seconds
[Worker0] Imported GUID: 67f1fa320c36e4ca7a53f16a77738357 - Path: Assets/Art/ChubbyAircraft/JadeIvory_Comet4/Meshes/Part_11.asset - Importer: PreviewImporter -> (ImportResultId: 'a2e6ee29c9a275e3558a120e078fb815') in 0.001726167 seconds
[Worker0] Imported GUID: 03cc13409e4e44e64aa143518e363962 - Path: Assets/Art/ChubbyAircraft/PorcelainRed_A380_800/Meshes/Part_07.asset - Importer: PreviewImporter -> (ImportResultId: '01759c038370ce66d7bc6e35fc3ae004') in 0.001423417 seconds
[Worker0] Imported GUID: a90b9a74f853b4f3faa6d344a22dff65 - Path: Assets/Art/ChubbyAircraft/PorcelainRed_B737_800/Meshes/Part_07.asset - Importer: PreviewImporter -> (ImportResultId: '0dcf66452f9a87d85a7d3f2bd03b0b5f') in 0.003386458 seconds
[Worker0] Imported GUID: c6ce3c2efa99043259f0241da35e81f3 - Path: Assets/Art/ChubbyAircraft/BurgundySilver_A380_800/Meshes/Part_05.asset - Importer: PreviewImporter -> (ImportResultId: 'ac0574f295863bf8d47b3b25203f2976') in 0.001743167 seconds
[Worker0] Imported GUID: d6f4daf28e2a347cba4e1b57e677fd89 - Path: Assets/Art/ChubbyAircraft/PorcelainRed_B737_800/PorcelainRed_B737_800.prefab - Importer: PreviewImporter -> (ImportResultId: 'cb3ecb79923865edf715a6b248bc9294') in 0.0130775 seconds
[Worker0] Imported GUID: d5564ba354b7c4252b9c04e507d5d4cd - Path: Assets/Art/ChubbyAircraft/PorcelainRed_B737_800/Materials/Part_08.mat - Importer: PreviewImporter -> (ImportResultId: 'fd4e3a986adefca104a78f07cbe4577a') in 0.001835 seconds
[Worker0] Imported GUID: 00cbc300931f24a45a740206c63b9260 - Path: Assets/Art/ChubbyAircraft/BurgundySilver_A380_800/Materials/Part_08.mat - Importer: PreviewImporter -> (ImportResultId: '96fddb2886a65462cb31cb423edc9c57') in 0.00155175 seconds
[Worker0] Imported GUID: dc6dabf59e4a04d639a6ea33d1564f6e - Path: Assets/Art/ChubbyAircraft/JadeIvory_A380_800/Meshes/Part_02.asset - Importer: PreviewImporter -> (ImportResultId: 'b446d9493242adc3d11d424bd58a918b') in 0.00204375 seconds
[Worker0] Imported GUID: 99ccdc212b52c48e3a237ff797b2240b - Path: Assets/Art/ChubbyAircraft/NavyCoral_Comet4/Meshes/Part_09.asset - Importer: PreviewImporter -> (ImportResultId: '01544b9bcda037eefed2367348482483') in 0.001826042 seconds
[Worker0] Imported GUID: b07726a0b01bc4cbbbf77f3d373978b2 - Path: Assets/Art/ChubbyAircraft/NavyCoral_A380_800/Meshes/Part_10.asset - Importer: PreviewImporter -> (ImportResultId: '6da02d19f1ffccc1439f235c37b11994') in 0.001424125 seconds
[Worker0] Imported GUID: 556e24cc0a2e04e719c83c56765c1337 - Path: Assets/Art/ChubbyAircraft/BurgundySilver_B737_800/Meshes/Part_09.asset - Importer: PreviewImporter -> (ImportResultId: '638a045b3137c189f64beb21427b2aba') in 0.001911958 seconds
[Worker0] Imported GUID: d95d4f81f2c3d4378ac2fc23e3eb0313 - Path: Assets/Art/ChubbyAircraft/PorcelainRed_A380_800/Materials/Part_12.mat - Importer: PreviewImporter -> (ImportResultId: '334290d60dec7882618569a2ca0641ef') in 0.002045375 seconds
[Worker0] Imported GUID: 39eeb3b2588424b8cb01ba8a280fbe29 - Path: Assets/Art/ChubbyAircraft/BurgundySilver_Comet4/Meshes/Part_05.asset - Importer: PreviewImporter -> (ImportResultId: 'b9b9794a8b9b87c9105ee0fbc975044f') in 0.0023185 seconds
[Worker0] Imported GUID: 37627e8cb69fe4504bc46b7a40f857a5 - Path: Assets/Art/ChubbyAircraft/PorcelainRed_B737_800/Materials/Part_15.mat - Importer: PreviewImporter -> (ImportResultId: 'cdddf4ad387ae775124012ad399b3777') in 0.002807417 seconds
[Worker0] Imported GUID: 17278bf07fc574e1183e29812f7e95ca - Path: Assets/Art/ChubbyAircraft/BurgundySilver_A380_800/Meshes/Part_01.asset - Importer: PreviewImporter -> (ImportResultId: '1d3ac387443322e34a764bed29e4f303') in 0.003082209 seconds
[Worker0] Imported GUID: 83bf34e1decae40f4b5492884b1270c7 - Path: Assets/Art/ChubbyAircraft/JadeIvory_B737_800/Meshes/Part_13.asset - Importer: PreviewImporter -> (ImportResultId: '19921c80470c8d01135f69a3f2403766') in 0.001509541 seconds
[Worker0] Imported GUID: 5aea9a67f2af040e1b3423337dfbdada - Path: Assets/Art/ChubbyAircraft/NavyCoral_B737_800/Meshes/Part_02.asset - Importer: PreviewImporter -> (ImportResultId: 'b3eccc55e43edb45fa53e1d3d408a994') in 0.004202292 seconds
[Worker0] Imported GUID: cd6173b7432154e1cb541fe7ef90a7c6 - Path: Assets/Art/ChubbyAircraft/NavyCoral_A380_800/Meshes/Part_09.asset - Importer: PreviewImporter -> (ImportResultId: '400369514f42fa728622ebd69577252b') in 0.001889542 seconds
[Worker0] Imported GUID: 0b985cebf38da4be3b7cb98657cfe5c1 - Path: Assets/Art/ChubbyAircraft/BurgundySilver_A380_800/Meshes/Part_08.asset - Importer: PreviewImporter -> (ImportResultId: '991416f94caa69975cd4a2a0ffe5f059') in 0.002673458 seconds
[Worker0] Imported GUID: a752ac7036bc846f4b997fa0f1914e67 - Path: Assets/Art/ChubbyAircraft/BurgundySilver_B737_800/Materials/Part_11.mat - Importer: PreviewImporter -> (ImportResultId: '6d97066e101fc7470f2f02a51f75c972') in 0.001786625 seconds
[Worker0] Imported GUID: 3e863e1c35c2048cd82c84b4a260008c - Path: Assets/Art/ChubbyAircraft/PorcelainRed_B737_800/Meshes/Part_09.asset - Importer: PreviewImporter -> (ImportResultId: '994374f501e9dbc5f187f60b8ca8c02d') in 0.002080417 seconds
[Worker0] Imported GUID: 98f04ed1b69bb4effa5185bc4185c7c0 - Path: Assets/Art/ChubbyAircraft/NavyCoral_Comet4/Meshes/Part_02.asset - Importer: PreviewImporter -> (ImportResultId: 'b66d806d6a168cf371e75d92885119b9') in 0.003342833 seconds
[Worker0] Imported GUID: 474dfbeb11480441c87d02cf6d1ae90e - Path: Assets/Art/ChubbyAircraft/BurgundySilver_B737_800/BurgundySilver_B737_800.prefab - Importer: PreviewImporter -> (ImportResultId: 'd777103378c35aac9966149846c774ff') in 0.009339167 seconds
[Worker0] Imported GUID: d6bd365ee9daf459abd1752d796229b5 - Path: Assets/Art/ChubbyAircraft/NavyCoral_Comet4/Meshes/Part_00.asset - Importer: PreviewImporter -> (ImportResultId: 'eb45dff734a69cee3e6f0d01e241b237') in 0.00450975 seconds
[Worker0] Imported GUID: c57ad48686f124fe9864d807a830eae2 - Path: Assets/Art/ChubbyAircraft/PorcelainRed_Comet4/Meshes/Part_00.asset - Importer: PreviewImporter -> (ImportResultId: '4f4c03d7ea460d51c0419d7822405ad1') in 0.002284875 seconds
[Worker0] Imported GUID: 4f96d38fa4cb943a6aa0bcf2588b107b - Path: Assets/Art/ChubbyAircraft/JadeIvory_Comet4/Materials/Part_04.mat - Importer: PreviewImporter -> (ImportResultId: '902cbb58dd5a8e926b401025f4b371d2') in 0.002527 seconds
[Worker0] Imported GUID: a6f5c954149bc464a8de7ea0bfa9d9d3 - Path: Assets/Art/ChubbyAircraft/NavyCoral_A380_800/Materials/Part_04.mat - Importer: PreviewImporter -> (ImportResultId: 'c00b3ed9e7433e9c7419d24b10877e25') in 0.001650833 seconds
[Worker0] Imported GUID: 6b178341e130549829dead8cc3708a5b - Path: Assets/Art/ChubbyAircraft/JadeIvory_A380_800/Meshes/Part_04.asset - Importer: PreviewImporter -> (ImportResultId: '5f1705bfd5ab9c18e0ef1b3171f072ea') in 0.00303825 seconds
[Worker0] Imported GUID: c04e42d5337ab472aa71934875553e9a - Path: Assets/Art/ChubbyAircraft/PorcelainRed_A380_800/Meshes/Part_11.asset - Importer: PreviewImporter -> (ImportResultId: '673af2166175263960c07336a57875aa') in 0.002323709 seconds
[Worker0] Imported GUID: f5a0722d8b4f74c60bf7bf1fb0b6f84b - Path: Assets/Art/ChubbyAircraft/PorcelainRed_B737_800/Materials/Part_02.mat - Importer: PreviewImporter -> (ImportResultId: '40b8136c730f2785e98e262efd9b29c2') in 0.001644583 seconds
[Worker0] Imported GUID: 82db439965b854488b4a4f862bae32b9 - Path: Assets/Art/ChubbyAircraft/NavyCoral_Comet4/Materials/Part_05.mat - Importer: PreviewImporter -> (ImportResultId: '01f17eb0227a833d75463f4da03166d9') in 0.0037615 seconds
[Worker0] Imported GUID: 04e528f9b5d2f4fcd91999e3b4a8ad65 - Path: Assets/Art/ChubbyAircraft/NavyCoral_B737_800/Materials/Part_16.mat - Importer: PreviewImporter -> (ImportResultId: 'e3ca753594f60a2c3937846b374fb90f') in 0.001844541 seconds
[Worker0] Imported GUID: a33ef33758fc34799bed939ae6f116f3 - Path: Assets/Art/ChubbyAircraft/NavyCoral_A380_800/Materials/Part_01.mat - Importer: PreviewImporter -> (ImportResultId: 'ba4e99d72d69e769e8ba97f579dca84e') in 0.001493709 seconds
[Worker0] Imported GUID: c5ef3cd3f36ef48d0bf53a020eb113ee - Path: Assets/Art/ChubbyAircraft/JadeIvory_Comet4/Meshes/Part_12.asset - Importer: PreviewImporter -> (ImportResultId: '4532b0ee29ff79640965c5ae4755b40e') in 0.001737833 seconds
[Worker0] Imported GUID: 3d681f186276e491aae71844939537c4 - Path: Assets/Art/ChubbyAircraft/NavyCoral_B737_800/Meshes/Part_16.asset - Importer: PreviewImporter -> (ImportResultId: 'adedba11a7f1e4edf919a25450454383') in 0.001829125 seconds
[Worker0] Imported GUID: 2d4f3a98b7baa4f1bbb16f8bf2447f11 - Path: Assets/Art/ChubbyAircraft/NavyCoral_B737_800/Meshes/Part_15.asset - Importer: PreviewImporter -> (ImportResultId: '74bf6392da7767670d0070700e89faf5') in 0.001268584 seconds
[Worker0] Imported GUID: b55c1fd38392a4273aa5b9ad4c47fef1 - Path: Assets/Art/ChubbyAircraft/JadeIvory_Comet4/Meshes/Part_14.asset - Importer: PreviewImporter -> (ImportResultId: '69dbf1e29167107085d07c8fd1a2e6d1') in 0.002282291 seconds
[Worker0] Imported GUID: bfc6ec7ece36545a3934579ffed97f29 - Path: Assets/Art/ChubbyAircraft/NavyCoral_B737_800/Materials/Part_14.mat - Importer: PreviewImporter -> (ImportResultId: '4a88ebcac9edc4789f6cbdf63f86bb1f') in 0.001753583 seconds
[Worker0] Imported GUID: 479e2327ab9ab463d91947313392d683 - Path: Assets/Art/ChubbyAircraft/NavyCoral_Comet4/Materials/Part_04.mat - Importer: PreviewImporter -> (ImportResultId: '93b1642898bb614a8952dbfb305ad104') in 0.004168333 seconds
[Worker0] Imported GUID: fdc1d8e57de2a4eb0a6780feb8f017f4 - Path: Assets/Art/ChubbyAircraft/BurgundySilver_A380_800/Materials/Part_13.mat - Importer: PreviewImporter -> (ImportResultId: '4b15660fa0e7ecda15471efcc94d4e4f') in 0.0017795 seconds
[Worker0] Imported GUID: cb4f5048beb344e12b5233fe77b53d0a - Path: Assets/Art/ChubbyAircraft/PorcelainRed_B737_800/Meshes/Part_01.asset - Importer: PreviewImporter -> (ImportResultId: 'eb2cec72ab3659b19471df77ec37bb57') in 0.002765416 seconds
[Worker0] Imported GUID: 660824d9408c74463b39807ffb574149 - Path: Assets/Art/ChubbyAircraft/JadeIvory_Comet4/Materials/Part_09.mat - Importer: PreviewImporter -> (ImportResultId: 'd6d11978b0cfed23a39d7db512d751d7') in 0.001908875 seconds
[Worker0] Imported GUID: 754467d7dd7b04f018ee88134f5b35c4 - Path: Assets/Art/ChubbyAircraft/JadeIvory_Comet4/Meshes/Part_08.asset - Importer: PreviewImporter -> (ImportResultId: '9c186e604eadb848684837c7ca9aaf65') in 0.001705958 seconds
[Worker0] Imported GUID: 04179c414fab246f3b967cf7442b066d - Path: Assets/Art/ChubbyAircraft/JadeIvory_Comet4/Materials/Part_08.mat - Importer: PreviewImporter -> (ImportResultId: 'a3824c1340e11e423fc8063102a29063') in 0.002651875 seconds
[Worker0] Imported GUID: ffd8ff7eb31244b9b954521542c022c7 - Path: Assets/Art/ChubbyAircraft/BurgundySilver_Comet4/Meshes/Part_01.asset - Importer: PreviewImporter -> (ImportResultId: '579300960cf4867d8b8dde463636c249') in 0.002513 seconds
[Worker0] Imported GUID: 6811cddc276894fa3b095bd1a04cfb71 - Path: Assets/Art/ChubbyAircraft/NavyCoral_A380_800/Materials/Part_05.mat - Importer: PreviewImporter -> (ImportResultId: 'a95d2c2442414f2ee4b4c65bc92b75c8') in 0.003822792 seconds
[Worker0] Imported GUID: 5971534cce3614901b048b75c91d3520 - Path: Assets/Art/ChubbyAircraft/JadeIvory_Comet4/Materials/Part_12.mat - Importer: PreviewImporter -> (ImportResultId: '0ede126d816c7d754f36c1f15c0179ad') in 0.001672166 seconds
[Worker0] Imported GUID: a9d4101616f394c57b154a0eea52cb15 - Path: Assets/Art/ChubbyAircraft/BurgundySilver_Comet4/Materials/Part_07.mat - Importer: PreviewImporter -> (ImportResultId: '6a2395b8c3ff7998bbebc55bb42bea91') in 0.002444417 seconds
[Worker0] Imported GUID: b46562a3a6b5b48889b46cf352cf4672 - Path: Assets/Art/ChubbyAircraft/JadeIvory_B737_800/Meshes/Part_06.asset - Importer: PreviewImporter -> (ImportResultId: 'f762fde81055679c8cfe0efe85db7a98') in 0.001711042 seconds
[Worker0] Imported GUID: b9866ef249a314388aae998e9c16cd10 - Path: Assets/Art/ChubbyAircraft/NavyCoral_Comet4/Materials/Part_03.mat - Importer: PreviewImporter -> (ImportResultId: 'd8eadec177eba2f1b767b2dea4a06ccf') in 0.001803542 seconds
[Worker0] Imported GUID: af869828482fa4cbeab9ad58730b2ba8 - Path: Assets/Art/ChubbyAircraft/BurgundySilver_B737_800/Materials/Part_02.mat - Importer: PreviewImporter -> (ImportResultId: 'f39067bb0e8234558f148d0d410baa51') in 0.0031875 seconds
[Worker0] Imported GUID: 14726e42948094c2fb3726762937d57d - Path: Assets/Art/ChubbyAircraft/NavyCoral_A380_800/Meshes/Part_00.asset - Importer: PreviewImporter -> (ImportResultId: '10a7c868d94988162491f460be9327f4') in 0.004068375 seconds
[Worker0] Imported GUID: b396055163ff349c7b03304ac2ae7888 - Path: Assets/Art/ChubbyAircraft/PorcelainRed_B737_800/Materials/Part_06.mat - Importer: PreviewImporter -> (ImportResultId: 'f6a078f889120fcbc4edf6bcdf418d02') in 0.001795125 seconds
[Worker0] Imported GUID: b767d993f54b648deac26d5d4d3a5ce9 - Path: Assets/Art/ChubbyAircraft/JadeIvory_B737_800/Materials/Part_03.mat - Importer: PreviewImporter -> (ImportResultId: '5c155075faec2160e527ddc8eac8af88') in 0.001626709 seconds
[Worker0] Imported GUID: 7396791d940074700b10d7bf25cbc422 - Path: Assets/Art/ChubbyAircraft/BurgundySilver_A380_800/Meshes/Part_02.asset - Importer: PreviewImporter -> (ImportResultId: '50bc89f28924fc56fa4d7c31b7414def') in 0.004082917 seconds
[Worker0] Imported GUID: 76d32c70b13b64d1c902b7831c6aaf25 - Path: Assets/Art/ChubbyAircraft/NavyCoral_B737_800/Materials/Part_01.mat - Importer: PreviewImporter -> (ImportResultId: 'c8a845b7d3646b50d6816918d9d1da7e') in 0.001606959 seconds
[Worker0] Imported GUID: 39ae9a69c4142452ba343685ee9646d6 - Path: Assets/Art/ChubbyAircraft/NavyCoral_A380_800/Meshes/Part_13.asset - Importer: PreviewImporter -> (ImportResultId: '75d69bfe2a1f7e7e1d7c16e4a5674554') in 0.003102167 seconds
[Worker0] Imported GUID: 80d119ab965c54ac48297a78d816fbbd - Path: Assets/Art/ChubbyAircraft/JadeIvory_Comet4/Materials/Part_17.mat - Importer: PreviewImporter -> (ImportResultId: '98c4f74f1d0ef054ea3422deb25fad3d') in 0.001879333 seconds
[Worker0] Imported GUID: f45c58b615c194c409101648f4411832 - Path: Assets/Art/ChubbyAircraft/PorcelainRed_A380_800/Materials/Part_06.mat - Importer: PreviewImporter -> (ImportResultId: 'fed9bb0684cf207fd566f83b2de129e9') in 0.004287416 seconds
[Worker0] Imported GUID: 9976604c277cb4e7f926c307f8546580 - Path: Assets/Art/ChubbyAircraft/BurgundySilver_B737_800/Materials/Part_15.mat - Importer: PreviewImporter -> (ImportResultId: 'ce8344be851c86d7c7088efe7fc9dfc0') in 0.001864458 seconds
[Worker0] Imported GUID: 8c669d01f8aeb4de78b8333909b0ee95 - Path: Assets/Art/ChubbyAircraft/NavyCoral_B737_800/Materials/Part_09.mat - Importer: PreviewImporter -> (ImportResultId: '419616223b8e3da9e6b8814d692b3927') in 0.004916417 seconds
[Worker0] Imported GUID: 5ac848ee4d9774383b046bc2ac6869d2 - Path: Assets/Art/ChubbyAircraft/PorcelainRed_B737_800/Meshes/Part_11.asset - Importer: PreviewImporter -> (ImportResultId: '84563d8e302f41fea3786db17eeaa250') in 0.001806917 seconds
[Worker0] Imported GUID: 5d14eaa011ed245c5bc9022fcfc275d0 - Path: Assets/Art/ChubbyAircraft/JadeIvory_B737_800/Meshes/Part_02.asset - Importer: PreviewImporter -> (ImportResultId: 'fa3abb2fd1148786d6f7f8f7e04cdcb8') in 0.004571917 seconds
[Worker0] Imported GUID: 17d1c7892e5cd499c9d49ffa4ecc920b - Path: Assets/Art/ChubbyAircraft/NavyCoral_B737_800/Materials/Part_08.mat - Importer: PreviewImporter -> (ImportResultId: 'b8874f6736f4fc9a1e74d9d0ed7a6b2e') in 0.00173775 seconds
[Worker0] Imported GUID: 1b57bf301d2a94ec597747ddde12d671 - Path: Assets/Art/ChubbyAircraft/NavyCoral_Comet4/Materials/Part_11.mat - Importer: PreviewImporter -> (ImportResultId: '805d7371cfe5704da537afc2941667ef') in 0.005404708 seconds
[Worker0] Imported GUID: 8f19aabcc774d41ca9d2a9d4955f2e61 - Path: Assets/Art/ChubbyAircraft/NavyCoral_B737_800/Materials/Part_15.mat - Importer: PreviewImporter -> (ImportResultId: '57f0737b084482e73f4fa59473909c72') in 0.001845625 seconds
[Worker0] Imported GUID: 3cd759c2285fb467181eb900a51d7210 - Path: Assets/Art/ChubbyAircraft/PorcelainRed_B737_800/Materials/Part_16.mat - Importer: PreviewImporter -> (ImportResultId: 'a2cfb4bf90f39d88fb88b8ae2c997df3') in 0.004610917 seconds
[Worker0] Imported GUID: 4663724256c9c4c5e8f7d96625b95eac - Path: Assets/Art/ChubbyAircraft/JadeIvory_A380_800/Meshes/Part_05.asset - Importer: PreviewImporter -> (ImportResultId: 'ab3c259e8bc125f96f312cb2992768ff') in 0.00323425 seconds
[Worker0] Imported GUID: 044c47a4ebf0c40479334160f6fd3aa8 - Path: Assets/Art/ChubbyAircraft/PorcelainRed_A380_800/Materials/Part_16.mat - Importer: PreviewImporter -> (ImportResultId: 'dc310d3a7e7d084a81d615bc385f6fa5') in 0.00268925 seconds
[Worker0] Imported GUID: 7539a1721ce8348d4a65690fab84276f - Path: Assets/Art/ChubbyAircraft/NavyCoral_Comet4/Materials/Part_01.mat - Importer: PreviewImporter -> (ImportResultId: 'ec1f5fcfda7eb1f94815173449e4d26d') in 0.00162975 seconds
[Worker0] Imported GUID: 1d715b94813ba42c89f5319786079f7c - Path: Assets/Art/ChubbyAircraft/NavyCoral_Comet4/Meshes/Part_04.asset - Importer: PreviewImporter -> (ImportResultId: '3ce5dbf06bb6bcfc2e45e31c44f095fc') in 0.003865 seconds
[Worker0] Imported GUID: 1f7056f22463f4cbfbabab0d987702be - Path: Assets/Art/ChubbyAircraft/BurgundySilver_B737_800/Materials/Part_05.mat - Importer: PreviewImporter -> (ImportResultId: '92d2f81b1844357dd3d28267f6fecc26') in 0.006176792 seconds
[Worker0] Imported GUID: 20197c559299a4ff4888bdae3c2e6b2d - Path: Assets/Art/ChubbyAircraft/BurgundySilver_Comet4/Materials/Part_03.mat - Importer: PreviewImporter -> (ImportResultId: 'e094d5cdeef899f96a044aee96241210') in 0.00209525 seconds
[Worker0] Imported GUID: 2abefc8f2f4e64b14bb2a2a79568dcff - Path: Assets/Art/ChubbyAircraft/JadeIvory_B737_800/Meshes/Part_15.asset - Importer: PreviewImporter -> (ImportResultId: '92824cb10b2e3fbac5bb8640a8bcd582') in 0.003423584 seconds
[Worker0] Imported GUID: c066230ccdf9048ca81dc9642927e0dd - Path: Assets/Art/ChubbyAircraft/JadeIvory_A380_800/Materials/Part_07.mat - Importer: PreviewImporter -> (ImportResultId: '5ff6905beee7b7a440138379388ad75d') in 0.002115584 seconds
[Worker0] Imported GUID: 61e77540a436047759150338d4c62754 - Path: Assets/Art/ChubbyAircraft/BurgundySilver_A380_800/Meshes/Part_09.asset - Importer: PreviewImporter -> (ImportResultId: 'cd669f29473b6793cf9f695d61f00e6e') in 0.003160958 seconds
[Worker0] Imported GUID: 91726a611505845acad6ee038411a38a - Path: Assets/Art/ChubbyAircraft/BurgundySilver_Comet4/Materials/Part_11.mat - Importer: PreviewImporter -> (ImportResultId: '3f7c7ad74d7a7c3907eb8042291dcf2d') in 0.0021465 seconds
[Worker0] Imported GUID: 88525af4c01494f0e8997471d3a7d958 - Path: Assets/Art/ChubbyAircraft/PorcelainRed_Comet4/Materials/Part_05.mat - Importer: PreviewImporter -> (ImportResultId: 'd83f320e572463b439f53baf9b04f090') in 0.00418875 seconds
[Worker0] Imported GUID: e4760c2e4949d4b578bf255664ad29b6 - Path: Assets/Art/ChubbyAircraft/BurgundySilver_A380_800/Materials/Part_04.mat - Importer: PreviewImporter -> (ImportResultId: 'a29890eaefd34da967f949b411a98323') in 0.002034916 seconds
[Worker0] Imported GUID: 7045872360fd642a2af552a33eaf0cc3 - Path: Assets/Art/ChubbyAircraft/NavyCoral_Comet4/Meshes/Part_08.asset - Importer: PreviewImporter -> (ImportResultId: '75713a4a4c19fb90b17ff95404d92eeb') in 0.003400375 seconds
[Worker0] Imported GUID: 96ed4c1e76b0f435188be2aad593449f - Path: Assets/Art/ChubbyAircraft/BurgundySilver_B737_800/Meshes/Part_14.asset - Importer: PreviewImporter -> (ImportResultId: 'db4dddeedfe768804b0bad4b68d14576') in 0.002080958 seconds
[Worker0] Imported GUID: 189108bba391e41738087ae404f5ca04 - Path: Assets/Art/ChubbyAircraft/NavyCoral_A380_800/Materials/Part_14.mat - Importer: PreviewImporter -> (ImportResultId: '257e957d0df788a6b1d66a5f85f0df6b') in 0.004393375 seconds
[Worker0] Imported GUID: d6271b08da4cb41979dc6cb479ecd894 - Path: Assets/Art/ChubbyAircraft/NavyCoral_A380_800/Materials/Part_08.mat - Importer: PreviewImporter -> (ImportResultId: '2fdc0859b96c9973918dbc220c1ab87a') in 0.003294875 seconds
[Worker0] Imported GUID: 530aba62e0e064ed6a6bdecc2b347fed - Path: Assets/Art/ChubbyAircraft/JadeIvory_Comet4/Meshes/Part_00.asset - Importer: PreviewImporter -> (ImportResultId: 'ce92e2276a341abec415f2c4bfbcdfd3') in 0.004198834 seconds
[Worker0] Imported GUID: 524865ce63aa948f69a027f1ec3030e8 - Path: Assets/Art/ChubbyAircraft/PorcelainRed_B737_800/Meshes/Part_14.asset - Importer: PreviewImporter -> (ImportResultId: '361b2afb81d241391eccf3f8a450ebb9') in 0.002629166 seconds
[Worker0] Imported GUID: cb0c2481a73b049b5a741c1c02cec517 - Path: Assets/Art/ChubbyAircraft/BurgundySilver_Comet4/BurgundySilver_Comet4.prefab - Importer: PreviewImporter -> (ImportResultId: 'fb605df10265b3c4fcc69c57217bdb46') in 0.010298792 seconds
[Worker0] Imported GUID: 59f0a4f820dd04de48c9d0a3fcc75d6b - Path: Assets/Art/ChubbyAircraft/JadeIvory_B737_800/Meshes/Part_14.asset - Importer: PreviewImporter -> (ImportResultId: '1913aae9d7afbc9dcd178a2a4ab8cf5c') in 0.002197291 seconds
[Worker0] Imported GUID: f2aae343e1c9b466f941cd399576465e - Path: Assets/Art/ChubbyAircraft/PorcelainRed_B737_800/Meshes/Part_02.asset - Importer: PreviewImporter -> (ImportResultId: '3c0c69528d1737e85909d855c86d0650') in 0.00262125 seconds
[Worker0] Imported GUID: c016ea39402c64bbfaa7a268bbbd28c1 - Path: Assets/Art/ChubbyAircraft/BurgundySilver_Comet4/Materials/Part_12.mat - Importer: PreviewImporter -> (ImportResultId: '996e31115cd1ec5a5cf77438b66b44d5') in 0.0030165 seconds
[Worker0] Imported GUID: 98f586b5bcdad4a3b86254fc5bae2f8f - Path: Assets/Art/ChubbyAircraft/PorcelainRed_Comet4/Meshes/Part_09.asset - Importer: PreviewImporter -> (ImportResultId: '8af963387f9db8be1f9587d37dec2061') in 0.00194175 seconds
[Worker0] Imported GUID: 055bf98bfe75a4fc09dd94d53a9f1edc - Path: Assets/Art/ChubbyAircraft/BurgundySilver_Comet4/Materials/Part_04.mat - Importer: PreviewImporter -> (ImportResultId: '07333899a9fa315ab5b057c574cae2b4') in 0.003724417 seconds
[Worker0] Imported GUID: 862a4caae6c9049339ce95f473ad4811 - Path: Assets/Art/ChubbyAircraft/JadeIvory_A380_800/Materials/Part_05.mat - Importer: PreviewImporter -> (ImportResultId: '78c728783a441188f0ab276aad215887') in 0.001808 seconds
[Worker0] Imported GUID: 230c7a80f8dac4b1897bd09382600dd8 - Path: Assets/Art/ChubbyAircraft/PorcelainRed_Comet4/Meshes/Part_14.asset - Importer: PreviewImporter -> (ImportResultId: 'd39dc4aae60e91f65fbd4377ccf15727') in 0.004157958 seconds
[Worker0] Imported GUID: 7f531ce52a1d649f48ca599b65435bf6 - Path: Assets/Art/ChubbyAircraft/JadeIvory_A380_800/Meshes/Part_00.asset - Importer: PreviewImporter -> (ImportResultId: '47d3b0c42c858f1d0282aaf656774e56') in 0.002770917 seconds
[Worker0] Imported GUID: 7669faee0bbcf4130bca5072e244103f - Path: Assets/Art/ChubbyAircraft/JadeIvory_B737_800/JadeIvory_B737_800.prefab - Importer: PreviewImporter -> (ImportResultId: '463d639dacf74a859a64747f2c5c880a') in 0.012177709 seconds
[Worker0] Imported GUID: ca3749e95b9a349a3acab834f23fdef0 - Path: Assets/Art/ChubbyAircraft/PorcelainRed_A380_800/Meshes/Part_06.asset - Importer: PreviewImporter -> (ImportResultId: '55f23800dad53cad0ccf303e4de7f431') in 0.002032167 seconds
[Worker0] Imported GUID: 5658384942856410ca0152483be8f626 - Path: Assets/Art/ChubbyAircraft/BurgundySilver_Comet4/Meshes/Part_12.asset - Importer: PreviewImporter -> (ImportResultId: '6559db5c238919e38f1424da9ea9ebc8') in 0.003002125 seconds
[Worker0] Imported GUID: 43eb8a09426654196a1c5fe173fd47b6 - Path: Assets/Art/ChubbyAircraft/BurgundySilver_A380_800/BurgundySilver_A380_800.prefab - Importer: PreviewImporter -> (ImportResultId: '822b6323cbb9ca89c2e4ce32397c102b') in 0.011485625 seconds
[Worker0] Imported GUID: c7dcf30233ce7481089dbc6c18440dca - Path: Assets/Art/ChubbyAircraft/PorcelainRed_B737_800/Meshes/Part_03.asset - Importer: PreviewImporter -> (ImportResultId: '3afdb770bf3564ffbc9bdbc5e715240d') in 0.003689208 seconds
[Worker0] Imported GUID: 41109d7ad7e6242b38bf0253ea483196 - Path: Assets/Art/ChubbyAircraft/PorcelainRed_B737_800/Materials/Part_10.mat - Importer: PreviewImporter -> (ImportResultId: 'a4f79544b9f1f0569e0abbc578af4fad') in 0.001654292 seconds
[Worker0] Imported GUID: 0440cc8902b2e42c98d3803d7e4ab83a - Path: Assets/Art/ChubbyAircraft/PorcelainRed_A380_800/Meshes/Part_13.asset - Importer: PreviewImporter -> (ImportResultId: '28cf7304371adfd19cc22c34b54fdff3') in 0.004059208 seconds
[Worker0] Imported GUID: 7e912adc207cb4031b18f91f9fdde6f0 - Path: Assets/Art/ChubbyAircraft/NavyCoral_B737_800/Meshes/Part_13.asset - Importer: PreviewImporter -> (ImportResultId: '6a66448afa5edf2404862b5b23f0ae61') in 0.001724458 seconds
[Worker0] Imported GUID: a3f2a779cf0b044d38d907b692dd850d - Path: Assets/Art/ChubbyAircraft/BurgundySilver_Comet4/Meshes/Part_03.asset - Importer: PreviewImporter -> (ImportResultId: 'bac0dcdf2326afdfb8fe20c5d754c4f8') in 0.005291083 seconds
[Worker0] Imported GUID: aedd5c892dac04b5d80fe8f821d6667d - Path: Assets/Art/ChubbyAircraft/BurgundySilver_Comet4/Meshes/Part_15.asset - Importer: PreviewImporter -> (ImportResultId: '71dd9af517d0548ecb50a1370a0ea3cf') in 0.001399 seconds
[Worker0] Imported GUID: b8548a6f210a84d9296967d2dd5a0963 - Path: Assets/Art/ChubbyAircraft/PorcelainRed_Comet4/PorcelainRed_Comet4.prefab - Importer: PreviewImporter -> (ImportResultId: 'a4f5842a89dc317e1f908cbd6824c8ec') in 0.009701083 seconds
[Worker0] Imported GUID: 66e4c22959cfe4493932145d44c15c12 - Path: Assets/Art/ChubbyAircraft/PorcelainRed_Comet4/Materials/Part_15.mat - Importer: PreviewImporter -> (ImportResultId: '3d00cde09139f487044f2ac7efd85579') in 0.002358458 seconds
[Worker0] Imported GUID: 1d1fe178cf2a04ef89fa7cbf2657d6c3 - Path: Assets/Art/ChubbyAircraft/NavyCoral_A380_800/Materials/Part_16.mat - Importer: PreviewImporter -> (ImportResultId: 'f78102abb1e58bedea65b0573f0e345a') in 0.001530208 seconds
[Worker0] Imported GUID: 4ae501e8fc8884e0e89d0123ba06d1ae - Path: Assets/Art/ChubbyAircraft/BurgundySilver_B737_800/Materials/Part_16.mat - Importer: PreviewImporter -> (ImportResultId: '169a365a6f4520321770eb2b80e045b1') in 0.004220375 seconds
[Worker0] Imported GUID: 27a2e917176924059bea5c712cd67020 - Path: Assets/Art/ChubbyAircraft/BurgundySilver_B737_800/Meshes/Part_00.asset - Importer: PreviewImporter -> (ImportResultId: '9ce8d51891c3b534369baf82f2f7836b') in 0.002762167 seconds
[Worker0] Imported GUID: dc7500f7ec6ab4d06b00861e9ba4cfa6 - Path: Assets/Art/ChubbyAircraft/NavyCoral_A380_800/Meshes/Part_02.asset - Importer: PreviewImporter -> (ImportResultId: '4919be971070f8f25b302fa6b66fdb84') in 0.004621541 seconds
[Worker0] Imported GUID: 99cce70905eb246b48c2996b47e984e6 - Path: Assets/Art/ChubbyAircraft/JadeIvory_Comet4/Meshes/Part_17.asset - Importer: PreviewImporter -> (ImportResultId: 'cacf791edcf66ad492b4b13d84cb22e2') in 0.002461291 seconds
[Worker0] Imported GUID: 8031aed3c265e47b08d35e8d018e52a1 - Path: Assets/Art/ChubbyAircraft/BurgundySilver_B737_800/Materials/Part_08.mat - Importer: PreviewImporter -> (ImportResultId: '6918c27d3ef2709c6a545ca8a62eed4a') in 0.00368775 seconds
[Worker0] Imported GUID: cdd8afc4362e347ef8f9ea885a87729d - Path: Assets/Art/ChubbyAircraft/PorcelainRed_Comet4/Materials/Part_16.mat - Importer: PreviewImporter -> (ImportResultId: '692119a96bee2bd30f51b95fcf3173c6') in 0.001507459 seconds
[Worker0] Imported GUID: 5c2a0ec4fc33f4f54bda3d003649ce51 - Path: Assets/Art/ChubbyAircraft/BurgundySilver_Comet4/Meshes/Part_04.asset - Importer: PreviewImporter -> (ImportResultId: 'd8776eaac6db3626eba9106128d6c8f7') in 0.005272083 seconds
[Worker0] Imported GUID: 05bd8fd1a97e243bb94c84ed7854f9dc - Path: Assets/Art/ChubbyAircraft/NavyCoral_A380_800/NavyCoral_A380_800.prefab - Importer: PreviewImporter -> (ImportResultId: '9ad2f7c6425b0ec57f61942ff8e24534') in 0.0161205 seconds
[Worker0] Imported GUID: 523f5e23382df4c67bb2bbfc93b18158 - Path: Assets/Art/ChubbyAircraft/NavyCoral_Comet4/Materials/Part_16.mat - Importer: PreviewImporter -> (ImportResultId: '1c72aa18392efda69b042b8afe43396d') in 0.001991709 seconds
[Worker0] Imported GUID: 7fd528730f3134e04848aac0bd5e0fd1 - Path: Assets/Art/ChubbyAircraft/PorcelainRed_Comet4/Materials/Part_00.mat - Importer: PreviewImporter -> (ImportResultId: '644494a0c90eb9784b9625e8490cb1db') in 0.003882583 seconds
[Worker0] Imported GUID: 8de517a235f694043a26f4325a433452 - Path: Assets/Art/ChubbyAircraft/BurgundySilver_Comet4/Materials/Part_02.mat - Importer: PreviewImporter -> (ImportResultId: '538ecce6b163090a26f2a31cf8639541') in 0.005912792 seconds
[Worker0] Imported GUID: d7bcae6d9efa945e0bd068cc0a7d4757 - Path: Assets/Art/ChubbyAircraft/PorcelainRed_B737_800/Meshes/Part_10.asset - Importer: PreviewImporter -> (ImportResultId: '571aab61ee5eddbea36972bcf6c72e56') in 0.001639417 seconds
[Worker0] Imported GUID: 5d1fb3861a31b4c81a21dfa366d5ce97 - Path: Assets/Art/ChubbyAircraft/PorcelainRed_B737_800/Meshes/Part_13.asset - Importer: PreviewImporter -> (ImportResultId: 'b3d3869a9def2d30c4259e990643a7a8') in 0.001517834 seconds
[Worker0] Imported GUID: 356381fb16ffa47b9b02ab2d2a109105 - Path: Assets/Art/ChubbyAircraft/PorcelainRed_Comet4/Materials/Part_14.mat - Importer: PreviewImporter -> (ImportResultId: '745486565c5e78b3e4b9fc471fe5cb8a') in 0.001945084 seconds
[Worker0] Imported GUID: 68e536b3afce84ecdbf803d459a846b4 - Path: Assets/Art/ChubbyAircraft/PorcelainRed_A380_800/Meshes/Part_08.asset - Importer: PreviewImporter -> (ImportResultId: 'ae2bbc33c1425d06de696d0e5825ed24') in 0.001580541 seconds
[Worker0] Imported GUID: 7e4444739951b4449b6aec1dff25724f - Path: Assets/Art/ChubbyAircraft/BurgundySilver_B737_800/Materials/Part_14.mat - Importer: PreviewImporter -> (ImportResultId: '9cdab88284c7541459d8ee3da2a47b5c') in 0.001678208 seconds
[Worker0] Imported GUID: f40503a6aa1004853aa5e7e792e34714 - Path: Assets/Art/ChubbyAircraft/BurgundySilver_Comet4/Materials/Part_00.mat - Importer: PreviewImporter -> (ImportResultId: '2b06e851adf29470fe5acd5561447921') in 0.00171175 seconds
[Worker0] Imported GUID: e5fb81bf66c8a48e4a082fd956be3fbb - Path: Assets/Art/ChubbyAircraft/JadeIvory_A380_800/Materials/Part_06.mat - Importer: PreviewImporter -> (ImportResultId: '588c63c250a6f62e54911a79927a432b') in 0.0018265 seconds
[Worker0] Imported GUID: dcf190560ca7445b683231719952993a - Path: Assets/Art/ChubbyAircraft/PorcelainRed_Comet4/Meshes/Part_12.asset - Importer: PreviewImporter -> (ImportResultId: '81a838c4abf6ff29dba221bb0fcc8e5d') in 0.002614416 seconds
[Worker0] Imported GUID: 348055ad30f8b4dbb9963c8ac62d234c - Path: Assets/Art/ChubbyAircraft/JadeIvory_A380_800/Meshes/Part_03.asset - Importer: PreviewImporter -> (ImportResultId: 'e9618ab1743315f9412c2504e10ce418') in 0.00424625 seconds
[Worker0] Imported GUID: bf81856b6b08f4453b71582efd864413 - Path: Assets/Art/ChubbyAircraft/BurgundySilver_B737_800/Meshes/Part_12.asset - Importer: PreviewImporter -> (ImportResultId: 'f95f56bf1271d364b8a3ea8ab2afa7af') in 0.005166542 seconds
[Worker0] Imported GUID: a74f64b4aeca443768d99b27771343ba - Path: Assets/Art/ChubbyAircraft/PorcelainRed_Comet4/Materials/Part_06.mat - Importer: PreviewImporter -> (ImportResultId: 'efaa404c7be3e12a0bde315d0ff6ceba') in 0.001757875 seconds
[Worker0] Imported GUID: b6dac43bf5e6246e098f4c7b5fa45ed4 - Path: Assets/Art/ChubbyAircraft/JadeIvory_A380_800/Materials/Part_15.mat - Importer: PreviewImporter -> (ImportResultId: '9744a18213abf66ae29f03d2a9d9bb87') in 0.003873792 seconds
[Worker0] Imported GUID: 45755193a73fc4edc9a64c1cb0124ea9 - Path: Assets/Art/ChubbyAircraft/JadeIvory_Comet4/JadeIvory_Comet4.prefab - Importer: PreviewImporter -> (ImportResultId: 'ec0b3ff03159e37beaad6f0a19af5f56') in 0.010127083 seconds
[Worker0] Imported GUID: aa186e50bc9614258be91778bdc65508 - Path: Assets/Art/ChubbyAircraft/BurgundySilver_B737_800/Meshes/Part_06.asset - Importer: PreviewImporter -> (ImportResultId: 'af7a1d991ccc9f10cc0a1fbcc5edb43b') in 0.004548084 seconds
[Worker0] Imported GUID: b4273fa7aa4b141d38be012b778c3d0e - Path: Assets/Art/ChubbyAircraft/PorcelainRed_Comet4/Materials/Part_08.mat - Importer: PreviewImporter -> (ImportResultId: '093e4585e9e1f3a05c9b72923186cec7') in 0.001796542 seconds
[Worker0] Imported GUID: 1a9dd280ddfa74092bb84ca8e2d785e5 - Path: Assets/Art/ChubbyAircraft/JadeIvory_A380_800/Materials/Part_09.mat - Importer: PreviewImporter -> (ImportResultId: 'b5e0c8427be2e4a48b8090e4af32f2e2') in 0.005149292 seconds
[Worker0] Imported GUID: 1deec1ce9a6c5426c8eb788c33824dbb - Path: Assets/Art/ChubbyAircraft/JadeIvory_Comet4/Meshes/Part_13.asset - Importer: PreviewImporter -> (ImportResultId: 'c467373cb6cd7346c146049b3e942bbd') in 0.001652709 seconds
[Worker0] Imported GUID: 24927b50350ad46c18dd0d81973708c4 - Path: Assets/Art/ChubbyAircraft/BurgundySilver_Comet4/Materials/Part_01.mat - Importer: PreviewImporter -> (ImportResultId: '174be817d510da26f848cabba68407bf') in 0.004565375 seconds
[Worker0] Imported GUID: a245c26e81d494f41afd97a8a514b69f - Path: Assets/Art/ChubbyAircraft/NavyCoral_B737_800/Materials/Part_05.mat - Importer: PreviewImporter -> (ImportResultId: 'e92cd4db56d2b6bc50465e159d1848fd') in 0.001702792 seconds
[Worker0] Imported GUID: a1a7933ca998d4f1188a900bfbb04bd0 - Path: Assets/Art/ChubbyAircraft/PorcelainRed_Comet4/Materials/Part_04.mat - Importer: PreviewImporter -> (ImportResultId: 'f0b8cd56e82de8c8a9f61b8d7c2cbefc') in 0.004543792 seconds
[Worker0] Imported GUID: 96a49c83ebc134909a2e65b7ee31e959 - Path: Assets/Art/ChubbyAircraft/BurgundySilver_Comet4/Meshes/Part_11.asset - Importer: PreviewImporter -> (ImportResultId: '6c1c8c218e995dac5f0c142696a2d265') in 0.002261083 seconds
[Worker0] Imported GUID: 88dfaf95b88af4d969a4c2a6a40e78fb - Path: Assets/Art/ChubbyAircraft/BurgundySilver_B737_800/Materials/Part_09.mat - Importer: PreviewImporter -> (ImportResultId: '47c788c23c9f67f2a498c05a336cc960') in 0.003551292 seconds
[Worker0] Imported GUID: 3fff1d8a1a4bd4d4da7a803292bfedd6 - Path: Assets/Art/ChubbyAircraft/JadeIvory_Comet4/Meshes/Part_04.asset - Importer: PreviewImporter -> (ImportResultId: '4f93730b189af9b341ae8db44ffd3869') in 0.005299 seconds
[Worker0] Imported GUID: f2182703ccffa4526b1b185416b1a01a - Path: Assets/Art/ChubbyAircraft/JadeIvory_A380_800/Materials/Part_11.mat - Importer: PreviewImporter -> (ImportResultId: '43c56a47af697190e30f5d2776fbc33d') in 0.001904833 seconds
[Worker0] Imported GUID: e5d457f9c35ac4177b7caaf8162b9e68 - Path: Assets/Art/ChubbyAircraft/PorcelainRed_A380_800/Meshes/Part_12.asset - Importer: PreviewImporter -> (ImportResultId: '556e9293eb7875755252cd71033ed9b8') in 0.005574167 seconds
[Worker0] Imported GUID: 694019de8c12d4ed1a20d155dcb910dd - Path: Assets/Art/ChubbyAircraft/JadeIvory_A380_800/Materials/Part_03.mat - Importer: PreviewImporter -> (ImportResultId: 'a413743a91723e6c0c8e8ca9602e43a3') in 0.001916917 seconds
[Worker0] Imported GUID: 267812d9f32ac46db9d63b563975a27e - Path: Assets/Art/ChubbyAircraft/README.md - Importer: PreviewImporter -> (ImportResultId: 'd94e0819ffe758aa2599a49ce329ceae') in 0.000217167 seconds
[Worker0] Imported GUID: 921b8f543a2464f6796616457636be0a - Path: Assets/Art/ChubbyAircraft/PorcelainRed_A380_800/Materials/Part_14.mat - Importer: PreviewImporter -> (ImportResultId: 'ef0b9d2d619da1d565c7d19ceb374d0f') in 0.003519709 seconds
Worker ready: AssetImportWorkerHW1 1
[Worker0] Imported GUID: f7d567c4c143a499797485ca162cce64 - Path: Assets/Art/ChubbyAircraft/PorcelainRed_A380_800/Materials/Part_04.mat - Importer: PreviewImporter -> (ImportResultId: '28c8a1c681bddbc69288b580dde2f9a9') in 0.005443417 seconds
[Worker0] Imported GUID: 72c95178a70a14cd5bc09e70db0c9540 - Path: Assets/Art/ChubbyAircraft/PorcelainRed_A380_800/Meshes/Part_09.asset - Importer: PreviewImporter -> (ImportResultId: 'd337c750cc24258e08da9295b849d82f') in 0.00186325 seconds
[Worker0] Imported GUID: bb20cf0e4550a46edab5dcaeba407fd2 - Path: Assets/Art/ChubbyAircraft/NavyCoral_Comet4/Meshes/Part_14.asset - Importer: PreviewImporter -> (ImportResultId: '71ebb65e96059445bd66dd86a73ad8f9') in 0.004083125 seconds
[Worker0] Imported GUID: bd1cc0c03eeab46a58d0ea869699a017 - Path: Assets/Art/ChubbyAircraft/BurgundySilver_A380_800/Materials/Part_01.mat - Importer: PreviewImporter -> (ImportResultId: 'd5ce6dbebb2ff421d6bd24a218bf3012') in 0.002079083 seconds
[Worker0] Imported GUID: 53507177d8bf148a9b0b0c4c1519b405 - Path: Assets/Art/ChubbyAircraft/JadeIvory_Comet4/Meshes/Part_07.asset - Importer: PreviewImporter -> (ImportResultId: '2a2b8e8a2cddcb2ced366d74d22ff8aa') in 0.005423208 seconds
[Worker0] Imported GUID: 980aa43695515411dbed0e77fc7e56ec - Path: Assets/Art/ChubbyAircraft/PorcelainRed_B737_800/Meshes/Part_16.asset - Importer: PreviewImporter -> (ImportResultId: 'd0658b98cd6db4fc206b9bc7a15b5bd1') in 0.003206834 seconds
[Worker0] Imported GUID: df1a9f63e96d04ff6926ffbfb4946e56 - Path: Assets/Art/ChubbyAircraft/PorcelainRed_B737_800/Materials/Part_13.mat - Importer: PreviewImporter -> (ImportResultId: '9a361a8bc5415b7ebd289dbeb5172854') in 0.002560958 seconds
[Worker0] Imported GUID: 50eef2ee2740045e9b029a88bc367c93 - Path: Assets/Art/ChubbyAircraft/BurgundySilver_A380_800/Materials/Part_14.mat - Importer: PreviewImporter -> (ImportResultId: '220068f47012c726b451174f04c30c1c') in 0.002508209 seconds
[Worker0] Imported GUID: 4be0d7486b1fb49e0873c9dc615dd8f0 - Path: Assets/Art/ChubbyAircraft/PorcelainRed_A380_800/Meshes/Part_01.asset - Importer: PreviewImporter -> (ImportResultId: '89c7b019c04f2056a83b75b1f4e69584') in 0.003432666 seconds
[Worker0] Imported GUID: 111f0948774b342beaa55d2f21113545 - Path: Assets/Art/ChubbyAircraft/JadeIvory_Comet4/Materials/Part_16.mat - Importer: PreviewImporter -> (ImportResultId: 'b0a942bc4efcfaf70417a0cec440a6f1') in 0.001836833 seconds
[Worker0] Imported GUID: 0adb886fe877d4c2380cbad830f6c99f - Path: Assets/Art/ChubbyAircraft/PorcelainRed_B737_800/Meshes/Part_04.asset - Importer: PreviewImporter -> (ImportResultId: 'cf53c884a7dadbd5084187c5f6e5918c') in 0.003748084 seconds
[Worker0] Imported GUID: 9e4ba0c09241849c8b9f5eb10307cbb0 - Path: Assets/Art/ChubbyAircraft/JadeIvory_B737_800/Materials/Part_12.mat - Importer: PreviewImporter -> (ImportResultId: 'd84d23eb2e373a49eb05fb90b2f56166') in 0.006089 seconds
[Worker0] Imported GUID: 99e09c7cf5cae431b9d814a9da0d8d0c - Path: Assets/Art/ChubbyAircraft/PorcelainRed_Comet4/Meshes/Part_03.asset - Importer: PreviewImporter -> (ImportResultId: 'c42a8d0d949b19a4f485bb265a398494') in 0.002430292 seconds
[Worker0] Imported GUID: 0b04c22e4a21f42748a787bcc130e19c - Path: Assets/Art/ChubbyAircraft/ChubbyAircraft.prefab - Importer: PreviewImporter -> (ImportResultId: '49c22dd56c46f9ac68dbcb3539da8089') in 0.014405334 seconds
[Worker0] Imported GUID: a01cc10902c1e4e76ade2a90ed8770cd - Path: Assets/Art/ChubbyAircraft/NavyCoral_Comet4/Materials/Part_02.mat - Importer: PreviewImporter -> (ImportResultId: 'f6d3769ab789cdf7cb6d2597c234f9f7') in 0.006379541 seconds
[Worker0] Imported GUID: d480155c690554e69bdffa259de8eba1 - Path: Assets/Art/ChubbyAircraft/JadeIvory_Comet4/Meshes/Part_01.asset - Importer: PreviewImporter -> (ImportResultId: '899d6b4744a73143715ac112bc4afd2f') in 0.007009917 seconds
[Worker0] Imported GUID: 8e6fdb84c925340d28db8cdca8c2a9ee - Path: Assets/Art/ChubbyAircraft/JadeIvory_Comet4/Materials/Part_11.mat - Importer: PreviewImporter -> (ImportResultId: 'c6f1f93ac500f6ea4f3302d76599e5b8') in 0.00485925 seconds
[Worker0] Imported GUID: 78d63e4f355b44e948c59cabed999f47 - Path: Assets/Art/ChubbyAircraft/NavyCoral_Comet4/Materials/Part_07.mat - Importer: PreviewImporter -> (ImportResultId: '8a0e5033085ea12fb2787ae6a1b971e0') in 0.002092417 seconds
[Worker0] Imported GUID: ba5671538f1d14f6b8a78fde4118a088 - Path: Assets/Art/ChubbyAircraft/BurgundySilver_B737_800/Materials/Part_04.mat - Importer: PreviewImporter -> (ImportResultId: 'f7f7b9133f0880c22ed919e276330ae4') in 0.003550667 seconds
[Worker0] Imported GUID: d66aae965f4804f8c8c062de7aa9154f - Path: Assets/Art/ChubbyAircraft/PorcelainRed_Comet4/Meshes/Part_16.asset - Importer: PreviewImporter -> (ImportResultId: '70397947f755f84d65f4eb5556768ee6') in 0.001966417 seconds
[Worker0] Imported GUID: d5add64724b214b4ea810fb0da86692a - Path: Assets/Art/ChubbyAircraft/JadeIvory_Comet4/Materials/Part_00.mat - Importer: PreviewImporter -> (ImportResultId: 'a333b500ceff34846f7f3f6bd4d2dd48') in 0.001698917 seconds
[Worker0] Imported GUID: 5d5bac4ad867c43f580526703511d70a - Path: Assets/Art/ChubbyAircraft/JadeIvory_A380_800/Materials/Part_00.mat - Importer: PreviewImporter -> (ImportResultId: 'e0bba395aa35f80a61b4062d49e963c6') in 0.003643583 seconds
[Worker0] Imported GUID: b34e6d223e62a449b84fd7a64140548e - Path: Assets/Art/ChubbyAircraft/BurgundySilver_Comet4/Materials/Part_16.mat - Importer: PreviewImporter -> (ImportResultId: 'e652311b91bb96376ba35886b700ca24') in 0.001968333 seconds
[Worker0] Imported GUID: 56eff26bd815949d4a11c61db650c991 - Path: Assets/Art/ChubbyAircraft/BurgundySilver_B737_800/Meshes/Part_05.asset - Importer: PreviewImporter -> (ImportResultId: '24e9a6cce395a22ad644fc9c107c728f') in 0.003295625 seconds
[Worker0] Imported GUID: 746b0f5cff5044e7eafd12e607c6e9f9 - Path: Assets/Art/ChubbyAircraft/NavyCoral_Comet4/Materials/Part_00.mat - Importer: PreviewImporter -> (ImportResultId: '98e74745a00ee98ae6df4dec80eb79d9') in 0.002027209 seconds
[Worker0] Imported GUID: bda20d8f06fcb49808320f59303d4ab1 - Path: Assets/Art/ChubbyAircraft/NavyCoral_A380_800/Meshes/Part_07.asset - Importer: PreviewImporter -> (ImportResultId: '543670fce530d17f2ce83088cc889ccd') in 0.004241833 seconds
[Worker0] Imported GUID: f7c0641bda4574addaa80d76d9a1ffe9 - Path: Assets/Art/ChubbyAircraft/BurgundySilver_A380_800/Materials/Part_16.mat - Importer: PreviewImporter -> (ImportResultId: 'a20f00098d62c2ebb05ff78c16f0fd6d') in 0.002145125 seconds
[Worker0] Imported GUID: be283a4cb867c468bb6bd426985703f8 - Path: Assets/Art/ChubbyAircraft/JadeIvory_B737_800/Meshes/Part_04.asset - Importer: PreviewImporter -> (ImportResultId: '82a4e5d2ef0fdcbc68fa281dee201770') in 0.003970584 seconds
[Worker0] Imported GUID: c3b2ad751ef2a44c793180f4c96afb6e - Path: Assets/Art/ChubbyAircraft/BurgundySilver_Comet4/Meshes/Part_02.asset - Importer: PreviewImporter -> (ImportResultId: 'e54a107f1be1b73a311ac3555d635702') in 0.007300708 seconds
[Worker0] Imported GUID: 84a8d2c094b5d42fd965d7e2c14c8431 - Path: Assets/Art/ChubbyAircraft/PorcelainRed_A380_800/Meshes/Part_16.asset - Importer: PreviewImporter -> (ImportResultId: '100710d412e64afe4657a51b704fa1cd') in 0.006646417 seconds
[Worker0] Imported GUID: b7d061b0377a048e3a1433ea14b045de - Path: Assets/Art/ChubbyAircraft/JadeIvory_A380_800/JadeIvory_A380_800.prefab - Importer: PreviewImporter -> (ImportResultId: '644752322902ede8416047a0622e383f') in 0.016088625 seconds
[Worker0] Imported GUID: 5c00dce7a0d6f4aac8f7642bc78877a4 - Path: Assets/Art/ChubbyAircraft/NavyCoral_Comet4/Meshes/Part_12.asset - Importer: PreviewImporter -> (ImportResultId: 'e237e36efcabab511b30a8b00efdf9b4') in 0.004980792 seconds
[Worker0] Imported GUID: 2bfc376bc78304e24b4e7230591e1b88 - Path: Assets/Art/ChubbyAircraft/NavyCoral_A380_800/Materials/Part_13.mat - Importer: PreviewImporter -> (ImportResultId: 'dfed8f1e87f240433bfce430ddf4181c') in 0.002077 seconds
[Worker0] Imported GUID: d24b0aa5ff04a4a0790c7670b9fe52eb - Path: Assets/Art/ChubbyAircraft/BurgundySilver_B737_800/Materials/Part_06.mat - Importer: PreviewImporter -> (ImportResultId: 'a4c8324bf3909b2116c399a1cb5938bb') in 0.005383125 seconds
[Worker0] Imported GUID: b6cdb2921daca4a789fef29e4253b2df - Path: Assets/Art/ChubbyAircraft/JadeIvory_Comet4/Materials/Part_03.mat - Importer: PreviewImporter -> (ImportResultId: '3e9c590645b289fe1726268f976dc359') in 0.006057 seconds
[Worker0] Imported GUID: 25505c8804e604c9b8822b07aed0d46d - Path: Assets/Art/ChubbyAircraft/JadeIvory_B737_800/Materials/Part_17.mat - Importer: PreviewImporter -> (ImportResultId: 'a054d84cdda04247bd6e2269f1b88a22') in 0.001786541 seconds
[Worker0] Imported GUID: 2cb57a3ed52dd4397b6cf1e25f4d825f - Path: Assets/Art/ChubbyAircraft/NavyCoral_B737_800/Materials/Part_03.mat - Importer: PreviewImporter -> (ImportResultId: '39ec06172cb06f2c52422e5a0290ddd1') in 0.005370625 seconds
[Worker0] Imported GUID: 938b34956c362418cb25b4231f85fe71 - Path: Assets/Art/ChubbyAircraft/JadeIvory_Comet4/Materials/Part_10.mat - Importer: PreviewImporter -> (ImportResultId: '846bc4ca39ed50deb1cadb6d43b69e62') in 0.00183375 seconds
[Worker0] Imported GUID: aebd46390e6f64612968b6081502c351 - Path: Assets/Art/ChubbyAircraft/BurgundySilver_Comet4/Meshes/Part_10.asset - Importer: PreviewImporter -> (ImportResultId: '7555daad7a6d317f93c8016b04c7be9d') in 0.003426792 seconds
[Worker0] Imported GUID: dab62aeb49cc14fe9ae466e1d478a99f - Path: Assets/Art/ChubbyAircraft/JadeIvory_A380_800/Materials/Part_08.mat - Importer: PreviewImporter -> (ImportResultId: '073173d5cacd2090adfa49001fe752c5') in 0.001759084 seconds
[Worker0] Imported GUID: a4115413450e64e4aad2016c1fa526cc - Path: Assets/Art/ChubbyAircraft/NavyCoral_Comet4/Meshes/Part_16.asset - Importer: PreviewImporter -> (ImportResultId: '7975dab5793f601b5b0fbdcf09989e39') in 0.00484725 seconds
[Worker0] Imported GUID: 723bead00c79d49ffbcd10c68420e3a7 - Path: Assets/Art/ChubbyAircraft/PorcelainRed_B737_800/Materials/Part_01.mat - Importer: PreviewImporter -> (ImportResultId: 'e7ab24a91964c7158756d047e3c3f0c3') in 0.002966583 seconds
[Worker0] Imported GUID: d4229e08e5de14a75a4f9797b145ba79 - Path: Assets/Art/ChubbyAircraft/BurgundySilver_A380_800/Meshes/Part_10.asset - Importer: PreviewImporter -> (ImportResultId: '4fc268f1cca516f0e197bb5865a100c4') in 0.002689375 seconds
[Worker0] Imported GUID: 7643e5c24f0ab4f0ea14d892ff3c1bf9 - Path: Assets/Art/ChubbyAircraft/BurgundySilver_Comet4/Materials/Part_08.mat - Importer: PreviewImporter -> (ImportResultId: '04817885251c850d878337b9d80b89b9') in 0.001859916 seconds
[Worker0] Imported GUID: 1c75d0501d7be40f3a9813bd9d1a7ba3 - Path: Assets/Art/ChubbyAircraft/JadeIvory_A380_800/Meshes/Part_07.asset - Importer: PreviewImporter -> (ImportResultId: '2fb2f316f1d699aec6b9fffbf4e60a7d') in 0.003483792 seconds
[Worker0] Imported GUID: ba513b935e95c421e9343d3bbe0eb95f - Path: Assets/Art/ChubbyAircraft/JadeIvory_Comet4/Materials/Part_01.mat - Importer: PreviewImporter -> (ImportResultId: '8ab48279e5f87370d94c792f92eb2bd9') in 0.002062625 seconds
[Worker0] Imported GUID: fea97788a030e40b9be166f024245a7f - Path: Assets/Art/ChubbyAircraft/JadeIvory_B737_800/Meshes/Part_05.asset - Importer: PreviewImporter -> (ImportResultId: 'c292c7013945f79ff55bd0ab1124e381') in 0.003487875 seconds
[Worker0] Imported GUID: ba961bbc94b7042deba0ac9e7981c7af - Path: Assets/Art/ChubbyAircraft/NavyCoral_A380_800/Materials/Part_15.mat - Importer: PreviewImporter -> (ImportResultId: '3dfda6e41643f2a29d8acb6f950282e9') in 0.004441416 seconds
[Worker0] Imported GUID: 9fd77542955eb48c38ff7b47307f9f31 - Path: Assets/Art/ChubbyAircraft/BurgundySilver_A380_800/Materials/Part_09.mat - Importer: PreviewImporter -> (ImportResultId: '3532c47f3f56765882ce200831945e05') in 0.002175417 seconds
[Worker0] Imported GUID: f1744ff2ac94e492cb8a0eb0c347f30d - Path: Assets/Art/ChubbyAircraft/BurgundySilver_B737_800/Materials/Part_01.mat - Importer: PreviewImporter -> (ImportResultId: '920dd745c50838dfdfe1516ef96bb310') in 0.004405333 seconds
[Worker0] Imported GUID: 955662e3a94f5446a8dc5fa9da896263 - Path: Assets/Art/ChubbyAircraft/NavyCoral_B737_800/Materials/Part_10.mat - Importer: PreviewImporter -> (ImportResultId: '6c6da59102172c70270c1c1adc88fdf4') in 0.00197225 seconds
[Worker0] Imported GUID: be1ce54c779fd4ed3bd704a51b34d7ac - Path: Assets/Art/ChubbyAircraft/NavyCoral_A380_800/Materials/Part_07.mat - Importer: PreviewImporter -> (ImportResultId: '89d90deb15cb065b3e4723f87eb4b45d') in 0.00255025 seconds
[Worker0] Imported GUID: 704ee80dafa634b6fa5c865b1633f39d - Path: Assets/Art/ChubbyAircraft/JadeIvory_Comet4/Meshes/Part_16.asset - Importer: PreviewImporter -> (ImportResultId: '68f9ec3c43af409ea89342ef3a2945ca') in 0.00191475 seconds
[Worker0] Imported GUID: d23e2c67ec7b9458582d81b45f49758f - Path: Assets/Art/ChubbyAircraft/PorcelainRed_Comet4/Meshes/Part_08.asset - Importer: PreviewImporter -> (ImportResultId: 'd1b920cbd662599496d72804e1849dce') in 0.003319333 seconds
[Worker0] Imported GUID: cc24753ce7ac0464790cd3b3a35d92a9 - Path: Assets/Art/ChubbyAircraft/PorcelainRed_B737_800/Materials/Part_11.mat - Importer: PreviewImporter -> (ImportResultId: 'b96947c09143a42ac4acdfce89bdf293') in 0.001943459 seconds
[Worker0] Imported GUID: 59a95f801be2f4a2fae4e2d49c763e76 - Path: Assets/Art/ChubbyAircraft/BurgundySilver_A380_800/Materials/Part_15.mat - Importer: PreviewImporter -> (ImportResultId: '83d4e21e5ce367d38bf6b596c47a131d') in 0.004176584 seconds
[Worker0] Imported GUID: 0c9d19b0425cb4830aaa78897abd7e58 - Path: Assets/Art/ChubbyAircraft/JadeIvory_B737_800/Materials/Part_13.mat - Importer: PreviewImporter -> (ImportResultId: 'af9061a284007262bc51bc102f16a621') in 0.002525833 seconds
[Worker0] Imported GUID: ff93572ac8dd94ec38626a0d8e3a4851 - Path: Assets/Art/ChubbyAircraft/BurgundySilver_B737_800/Materials/Part_10.mat - Importer: PreviewImporter -> (ImportResultId: 'c579dd355f6214514066a2e3265b2c1d') in 0.002198292 seconds
[Worker0] Imported GUID: e23b10acfa24947af982d3c18a1ffc5d - Path: Assets/Art/ChubbyAircraft/NavyCoral_B737_800/Meshes/Part_06.asset - Importer: PreviewImporter -> (ImportResultId: 'a607621150dbd4ec7934e61064c8109c') in 0.002002833 seconds
[Worker0] Imported GUID: b112e1f6c63de4945a479e1a5817e34e - Path: Assets/Art/ChubbyAircraft/NavyCoral_B737_800/Materials/Part_06.mat - Importer: PreviewImporter -> (ImportResultId: 'ff19de607576cd512b32e13085b4e959') in 0.003846917 seconds
[Worker0] Imported GUID: f87bef421335c48268ad026a6646895e - Path: Assets/Art/ChubbyAircraft/PorcelainRed_Comet4/Materials/Part_11.mat - Importer: PreviewImporter -> (ImportResultId: 'a5d0225d1c98a7a792a79d27d4d0f7f6') in 0.001833958 seconds
[Worker0] Imported GUID: 39cde12baef774faabbf7b289c073b40 - Path: Assets/Art/ChubbyAircraft/PorcelainRed_A380_800/Meshes/Part_15.asset - Importer: PreviewImporter -> (ImportResultId: '4c2a180dfea38466c166cd53faf06bda') in 0.003386791 seconds
[Worker0] Imported GUID: c058acb30a79f4f3b80a76a620234294 - Path: Assets/Art/ChubbyAircraft/PorcelainRed_B737_800/Materials/Part_12.mat - Importer: PreviewImporter -> (ImportResultId: 'a59a10d99e7d9d37473443c386b94115') in 0.002028125 seconds
[Worker0] Imported GUID: 650ca06574b4b4bb1af64bbcd0898b22 - Path: Assets/Art/ChubbyAircraft/PorcelainRed_B737_800/Meshes/Part_12.asset - Importer: PreviewImporter -> (ImportResultId: 'c9adcc43698d03164b0f382669d6c9de') in 0.001906291 seconds
[Worker0] Imported GUID: 11c2986a9c4cd4b30a4a038791a4d64f - Path: Assets/Art/ChubbyAircraft/PorcelainRed_Comet4/Meshes/Part_07.asset - Importer: PreviewImporter -> (ImportResultId: '22b72a8a4b9346ec8dd6aa7441d24b03') in 0.002505958 seconds
[Worker0] Imported GUID: db058a85e95454c6abaff52d0194ec54 - Path: Assets/Art/ChubbyAircraft/BurgundySilver_B737_800/Materials/Part_12.mat - Importer: PreviewImporter -> (ImportResultId: '3647b3ff11906bfb5e1245e4b74f2136') in 0.002268167 seconds
[Worker0] Imported GUID: 4eff0be55215440598be40a39d6b3d62 - Path: Assets/Art/ChubbyAircraft/BurgundySilver_A380_800/Materials/Part_03.mat - Importer: PreviewImporter -> (ImportResultId: 'fa4a0794b1e17b205d02ebbe8ff695f8') in 0.003720333 seconds
[Worker0] Imported GUID: ac6ef11f6b2ee409b9e180c8f49f4b89 - Path: Assets/Art/ChubbyAircraft/PorcelainRed_A380_800/Materials/Part_08.mat - Importer: PreviewImporter -> (ImportResultId: '44d4cfbd443fd8209772825748da9b0c') in 0.002003875 seconds
[Worker0] Imported GUID: 581744b2e1dd44c9da3d8de14ce56849 - Path: Assets/Art/ChubbyAircraft/PorcelainRed_Comet4/Materials/Part_12.mat - Importer: PreviewImporter -> (ImportResultId: 'ff807f5baee30b7b2cb98bca04882346') in 0.003661917 seconds
[Worker0] Imported GUID: fb945e7f6b43a46fd95e6e4c41c8fbd0 - Path: Assets/Art/ChubbyAircraft/NavyCoral_A380_800/Meshes/Part_05.asset - Importer: PreviewImporter -> (ImportResultId: '2237cc451d3c17769e6db5985d4730e9') in 0.002171833 seconds
[Worker0] Imported GUID: e2c9e43bf99934462bc12fe23f94ec95 - Path: Assets/Art/ChubbyAircraft/BurgundySilver_Comet4/Meshes/Part_14.asset - Importer: PreviewImporter -> (ImportResultId: '86b330b75344be8b8cbd73c03ba9298b') in 0.002825417 seconds
[Worker0] Imported GUID: ea1b6898ad55e42078d2102fc6e39b77 - Path: Assets/Art/ChubbyAircraft/JadeIvory_A380_800/Meshes/Part_06.asset - Importer: PreviewImporter -> (ImportResultId: 'f25042ceb6eecba11999f3e20d40fc4e') in 0.002234916 seconds
[Worker0] Imported GUID: 211708c09993e42f990ab6885f5536ed - Path: Assets/Art/ChubbyAircraft/JadeIvory_A380_800/Materials/Part_12.mat - Importer: PreviewImporter -> (ImportResultId: 'e3e9cc64b0816e6594e0e185c3f4c11d') in 0.002423542 seconds
[Worker0] Imported GUID: 0074387e1f8a34b3fbd0b30066e33eca - Path: Assets/Art/ChubbyAircraft/PorcelainRed_Comet4/Meshes/Part_13.asset - Importer: PreviewImporter -> (ImportResultId: '8b54b674b2f3d8b1326bf6d043f389f3') in 0.00198175 seconds
[Worker0] Imported GUID: 6801ea0239b5a47b496fe01290879091 - Path: Assets/Art/ChubbyAircraft/NavyCoral_Comet4/NavyCoral_Comet4.prefab - Importer: PreviewImporter -> (ImportResultId: 'eefe9593a706f1d5f76c3d322b910042') in 0.009730375 seconds
[Worker0] Imported GUID: 45a7a7847f2c0406f9d99a0932f05923 - Path: Assets/Art/ChubbyAircraft/NavyCoral_A380_800/Meshes/Part_03.asset - Importer: PreviewImporter -> (ImportResultId: '24b76e0f00b135a12f62b95a2215cbc5') in 0.002895125 seconds
[Worker0] Imported GUID: 2d1c160e4bb314f98aa89f220d1abcb6 - Path: Assets/Art/ChubbyAircraft/JadeIvory_B737_800/Materials/Part_01.mat - Importer: PreviewImporter -> (ImportResultId: '306740695a4e57553a23ac982c7fa52e') in 0.001748125 seconds
[Worker0] Imported GUID: a196a3469cebf489b9f1cf1211d2966c - Path: Assets/Art/ChubbyAircraft/NavyCoral_A380_800/Meshes/Part_12.asset - Importer: PreviewImporter -> (ImportResultId: '60ade34d8f19d2868c363aefda6cc490') in 0.003429542 seconds
[Worker0] Imported GUID: e8a433a5300664343932de82bb1e2c62 - Path: Assets/Art/ChubbyAircraft/JadeIvory_B737_800/Materials/Part_06.mat - Importer: PreviewImporter -> (ImportResultId: '8cb24ce6f8d8beadd6dd0addf3bf64c0') in 0.0017065 seconds
[Worker0] Imported GUID: 170ef1a84587d46128f6c3e48712d5cb - Path: Assets/Art/ChubbyAircraft/NavyCoral_B737_800/Materials/Part_13.mat - Importer: PreviewImporter -> (ImportResultId: 'ef2f76afd12f26115b5fc888e50fc966') in 0.0045845 seconds
[Worker0] Imported GUID: eabbb3fb8a78549e19d63f91307fda6f - Path: Assets/Art/ChubbyAircraft/NavyCoral_A380_800/Meshes/Part_14.asset - Importer: PreviewImporter -> (ImportResultId: '91102241771dfb650b24843d1035b1fa') in 0.001784375 seconds
[Worker0] Imported GUID: 64c9a6dc10da2449299147623197f6ca - Path: Assets/Art/ChubbyAircraft/JadeIvory_Comet4/Materials/Part_13.mat - Importer: PreviewImporter -> (ImportResultId: 'cbbeda3450f59c133a758f20c6e8d0f5') in 0.004081625 seconds
[Worker0] Imported GUID: 0aacc838f2d254ca0984b1f41766a188 - Path: Assets/Art/ChubbyAircraft/NavyCoral_B737_800/Meshes/Part_05.asset - Importer: PreviewImporter -> (ImportResultId: '511d3f1bc278668160e32e688b0a9527') in 0.001739834 seconds
[Worker0] Imported GUID: 261cac274e3014a81922acdf4c952c04 - Path: Assets/Art/ChubbyAircraft/NavyCoral_Comet4/Materials/Part_12.mat - Importer: PreviewImporter -> (ImportResultId: '891dc8aca9613cc38f28eda07309f5bf') in 0.002380792 seconds
[Worker0] Imported GUID: 8dc669a927cce4322a84638666bb2a90 - Path: Assets/Art/ChubbyAircraft/BurgundySilver_A380_800/Meshes/Part_03.asset - Importer: PreviewImporter -> (ImportResultId: '234c3650f81a063aa3864bd08d789e42') in 0.003032458 seconds
[Worker0] Imported GUID: 4dcc66f4aa9ab4118b5f99098b405f0a - Path: Assets/Art/ChubbyAircraft/JadeIvory_A380_800/Materials/Part_04.mat - Importer: PreviewImporter -> (ImportResultId: '03c31ba4cc6d73a9ba37440e7fa98ee7') in 0.001694125 seconds
[Worker0] Imported GUID: 74b3bfe1bca234f39aa0f506b2e90f8d - Path: Assets/Art/ChubbyAircraft/BurgundySilver_A380_800/Materials/Part_02.mat - Importer: PreviewImporter -> (ImportResultId: 'fc74a8f338f1456b1133f67a1126f452') in 0.003138792 seconds
[Worker0] Imported GUID: e1f91562d271e4e14a3d4a2ef654bbd6 - Path: Assets/Art/ChubbyAircraft/JadeIvory_A380_800/Meshes/Part_13.asset - Importer: PreviewImporter -> (ImportResultId: '97f2078529b93c9b66224af59f90f592') in 0.001872834 seconds
[Worker0] Imported GUID: 879b6a1597b2540099995ac760ed437f - Path: Assets/Art/ChubbyAircraft/NavyCoral_A380_800/Materials/Part_11.mat - Importer: PreviewImporter -> (ImportResultId: '39572f470e8028306c2fbf3a8d6c636f') in 0.004366916 seconds
[Worker0] Imported GUID: 166b82cfb7b014ac0855c8cc84a39241 - Path: Assets/Art/ChubbyAircraft/PorcelainRed_A380_800/Meshes/Part_02.asset - Importer: PreviewImporter -> (ImportResultId: 'fa986eecc2b36e93ec1589e202a7c18e') in 0.006562333 seconds
[Worker0] Imported GUID: 6ecbebdf060e04447a7c5ff949388e8f - Path: Assets/Art/ChubbyAircraft/NavyCoral_B737_800/Materials/Part_04.mat - Importer: PreviewImporter -> (ImportResultId: '3b0541db54c731e2e1bbf077c4c47888') in 0.002254916 seconds
[Worker0] Imported GUID: 5b8fcd873303b42ebb31bf6baac641c0 - Path: Assets/Art/ChubbyAircraft/NavyCoral_A380_800/Meshes/Part_16.asset - Importer: PreviewImporter -> (ImportResultId: 'ee5c7d4ed833f75492644806f2826622') in 0.004420875 seconds
[Worker0] Imported GUID: 99fb3a5f40bff47bd8559e03b1894a77 - Path: Assets/Art/ChubbyAircraft/JadeIvory_Comet4/Meshes/Part_09.asset - Importer: PreviewImporter -> (ImportResultId: '209890bd2482a40d63ad0aa0949add44') in 0.001872583 seconds
[Worker0] Imported GUID: 98d8bcaf97f7d47598f4a7fb6135e8ef - Path: Assets/Art/ChubbyAircraft/PorcelainRed_Comet4/Meshes/Part_05.asset - Importer: PreviewImporter -> (ImportResultId: '3b6073ee642de1bd605b444b78bf534e') in 0.004123083 seconds
[Worker0] Imported GUID: 493130fd43ce648d8ba05850f9e50041 - Path: Assets/Art/ChubbyAircraft/NavyCoral_A380_800/Meshes/Part_04.asset - Importer: PreviewImporter -> (ImportResultId: '190936969c335ea0c6f2ecdbf4da2eda') in 0.001623917 seconds
[Worker0] Imported GUID: 0d74dd65a51474c358e3eff633e3b486 - Path: Assets/Art/ChubbyAircraft/JadeIvory_Comet4/Meshes/Part_06.asset - Importer: PreviewImporter -> (ImportResultId: '8797510ce682739c64d698e1e582aebc') in 0.005349042 seconds
[Worker0] Imported GUID: 7e6e42a4e30764223bd5a47eb8cb8144 - Path: Assets/Art/ChubbyAircraft/BurgundySilver_A380_800/Meshes/Part_11.asset - Importer: PreviewImporter -> (ImportResultId: '870e802dee0a82eb7305ea20ac0b6bcc') in 0.001482541 seconds
[Worker0] Imported GUID: 1cbd986377468413aa3dede0e6e993f5 - Path: Assets/Art/ChubbyAircraft/NavyCoral_Comet4/Meshes/Part_15.asset - Importer: PreviewImporter -> (ImportResultId: 'a317074e038204e54e94f0240427bd55') in 0.003457166 seconds
[Worker0] Imported GUID: 0741066191d6240f69033289403f06f2 - Path: Assets/Art/ChubbyAircraft/NavyCoral_B737_800/Meshes/Part_12.asset - Importer: PreviewImporter -> (ImportResultId: '4c843c299eed6fbd3b97f974d255280e') in 0.001629084 seconds
[Worker0] Imported GUID: 6cd3f38d4b2854807991b24526361a93 - Path: Assets/Art/ChubbyAircraft/JadeIvory_A380_800/Meshes/Part_09.asset - Importer: PreviewImporter -> (ImportResultId: '9ccd7dd3465f6d303174ea309d89a075') in 0.001278875 seconds
[Worker0] Imported GUID: 6440a535d1b1942878d47e6040d82fb0 - Path: Assets/Art/ChubbyAircraft/NavyCoral_Comet4/Meshes/Part_06.asset - Importer: PreviewImporter -> (ImportResultId: '9c8c5f90cff0106cfb12cca55d0dee35') in 0.002423625 seconds
[Worker0] Imported GUID: d10e00e2764034dac8ec9e69fa2963cd - Path: Assets/Art/ChubbyAircraft/JadeIvory_Comet4/Materials/Part_14.mat - Importer: PreviewImporter -> (ImportResultId: '56c34a0b649f67b78eef151def7b33e9') in 0.001674416 seconds
[Worker0] Imported GUID: aad4d65c178a44211a7e5fae89a627a6 - Path: Assets/Art/ChubbyAircraft/BurgundySilver_Comet4/Materials/Part_09.mat - Importer: PreviewImporter -> (ImportResultId: 'bde9163b132b2505390d0e4ea497d0ea') in 0.001498375 seconds
[Worker0] Imported GUID: f5ad7d42c5df348348e00187cf0d2dad - Path: Assets/Art/ChubbyAircraft/BurgundySilver_B737_800/Meshes/Part_11.asset - Importer: PreviewImporter -> (ImportResultId: '1c1572794a9be42a5d955ab6b0aef819') in 0.001572 seconds
[Worker0] Imported GUID: cf09d115f9a0341a8a210c700d66a51a - Path: Assets/Art/ChubbyAircraft/BurgundySilver_A380_800/Meshes/Part_12.asset - Importer: PreviewImporter -> (ImportResultId: '78d299c8d2713827b8114244b7cf07d7') in 0.001501625 seconds
[Worker0] Imported GUID: ba766726e3eb440458670df61730c4a3 - Path: Assets/Art/ChubbyAircraft/BurgundySilver_Comet4/Meshes/Part_09.asset - Importer: PreviewImporter -> (ImportResultId: '196d570757617167dd90b28178b8ff02') in 0.001385583 seconds
[Worker0] Imported GUID: 63c62e5822bbe45b0980786ba1f2a1f6 - Path: Assets/Art/ChubbyAircraft/PorcelainRed_A380_800/Materials/Part_10.mat - Importer: PreviewImporter -> (ImportResultId: 'f3f9339a1870e044d22fe704be55adc5') in 0.00281 seconds
[Worker0] Imported GUID: 052c811fb88eb40c1b924352a9590bfa - Path: Assets/Art/ChubbyAircraft/NavyCoral_B737_800/Meshes/Part_07.asset - Importer: PreviewImporter -> (ImportResultId: '94fa946a647d2b11df75af8365d5f6fa') in 0.001847333 seconds
[Worker0] Imported GUID: e8a4ddbf1320a46bc86573ae5f98242f - Path: Assets/Art/ChubbyAircraft/JadeIvory_Comet4/Materials/Part_06.mat - Importer: PreviewImporter -> (ImportResultId: 'f9028c56f052485f258b194e52a6c814') in 0.001666208 seconds
[Worker0] Imported GUID: 8b33d2c55928c42abb72f85dd3c4be97 - Path: Assets/Art/ChubbyAircraft/BurgundySilver_B737_800/Materials/Part_03.mat - Importer: PreviewImporter -> (ImportResultId: '0aa6b2bc296a1865e6f5c3582326198c') in 0.002345583 seconds
[Worker0] Imported GUID: 8b68d659417aa4db4a40264ab2b529b0 - Path: Assets/Art/ChubbyAircraft/PorcelainRed_A380_800/Materials/Part_07.mat - Importer: PreviewImporter -> (ImportResultId: '6bd421d9458600d1d02ebcb0c2c17ac6') in 0.001704 seconds
[Worker0] Imported GUID: 1fa13d42b707943b884cc56a0db5b2b9 - Path: Assets/Art/ChubbyAircraft/PorcelainRed_A380_800/Meshes/Part_04.asset - Importer: PreviewImporter -> (ImportResultId: 'd2e67dc209ea161287cb7574c122b15b') in 0.003282291 seconds
[Worker0] Imported GUID: 708ca5f1677fd4a8881ccf4da8c7846e - Path: Assets/Art/ChubbyAircraft/NavyCoral_Comet4/Meshes/Part_07.asset - Importer: PreviewImporter -> (ImportResultId: '80af3853f5b7f15d1dff0c6f53bc7814') in 0.001602042 seconds
[Worker0] Imported GUID: b4f1a1fd65fa84e2a8cb777600d5e474 - Path: Assets/Art/ChubbyAircraft/PorcelainRed_A380_800/Materials/Part_02.mat - Importer: PreviewImporter -> (ImportResultId: '65b0bd031503067fc42a8773d8cc2b93') in 0.001581875 seconds
[Worker0] Imported GUID: 4f3841c9776784b708cf3b24a40dd631 - Path: Assets/Art/ChubbyAircraft/BurgundySilver_Comet4/Meshes/Part_16.asset - Importer: PreviewImporter -> (ImportResultId: '8ce9d1339d08f53da84c90de3b3c1ad3') in 0.003042209 seconds
[Worker0] Imported GUID: 784867c7905ea427fa7e06d19f985180 - Path: Assets/Art/ChubbyAircraft/NavyCoral_Comet4/Materials/Part_08.mat - Importer: PreviewImporter -> (ImportResultId: '1b4ab07913114e40a74c74ba7b04018e') in 0.001626834 seconds
[Worker0] Imported GUID: 1bd13bb6faf2c440e9cd345e54e2abab - Path: Assets/Art/ChubbyAircraft/PorcelainRed_A380_800/Meshes/Part_14.asset - Importer: PreviewImporter -> (ImportResultId: 'e3cefc21c4544fe9dba949642ccad27f') in 0.00134175 seconds
[Worker0] Imported GUID: f1e46ddd91d2c498b8356277b1081a4d - Path: Assets/Art/ChubbyAircraft/NavyCoral_B737_800/Materials/Part_11.mat - Importer: PreviewImporter -> (ImportResultId: '59b1169e67064db0f114e49b4fee8419') in 0.002938791 seconds
[Worker0] Imported GUID: 4f91ae5af369f4ec69d3ab6cdeef773f - Path: Assets/Art/ChubbyAircraft/BurgundySilver_A380_800/Meshes/Part_06.asset - Importer: PreviewImporter -> (ImportResultId: '6bb2c5e6926c3b08757a2f08bf02433e') in 0.001990458 seconds
[Worker0] Imported GUID: d0106ad5514f94093bc25763367f98ed - Path: Assets/Art/ChubbyAircraft/BurgundySilver_B737_800/Meshes/Part_16.asset - Importer: PreviewImporter -> (ImportResultId: '32f4b4e59c2a81aa7716cb9c9ed19ea1') in 0.003788166 seconds
[Worker0] Imported GUID: f0cbd0108f58748369019970225153e3 - Path: Assets/Art/ChubbyAircraft/PorcelainRed_B737_800/Materials/Part_04.mat - Importer: PreviewImporter -> (ImportResultId: 'b25908d206b5f7f207a0483b46d6621e') in 0.001975042 seconds
[Worker0] Imported GUID: 956acce0ae7e143389acf285f1cc43cf - Path: Assets/Art/ChubbyAircraft/PorcelainRed_Comet4/Meshes/Part_06.asset - Importer: PreviewImporter -> (ImportResultId: '7c04b703dbc5c8460da5000a4542bdd6') in 0.004272125 seconds
[Worker0] Imported GUID: 9ca0b53106e04403b8977b398bfbc669 - Path: Assets/Art/ChubbyAircraft/NavyCoral_B737_800/Meshes/Part_14.asset - Importer: PreviewImporter -> (ImportResultId: 'b5bcf2b3d0b8d9707a209ed8443412cb') in 0.001568833 seconds
[Worker0] Imported GUID: 2e078b98413c54c078de49e5a15f40d2 - Path: Assets/Art/ChubbyAircraft/JadeIvory_A380_800/Meshes/Part_14.asset - Importer: PreviewImporter -> (ImportResultId: 'bb1e80b35945c2d6eef336e25b3a0ea1') in 0.003269417 seconds
[Worker0] Imported GUID: dc387ddd77dbe4b69931f941b371cda0 - Path: Assets/Art/ChubbyAircraft/NavyCoral_B737_800/Materials/Part_07.mat - Importer: PreviewImporter -> (ImportResultId: '83da8b58832aec574bdc23b817ad6f5d') in 0.00197925 seconds
[Worker0] Imported GUID: 1bda8a7826af8447fba6361a8d9ef474 - Path: Assets/Art/ChubbyAircraft/NavyCoral_Comet4/Meshes/Part_13.asset - Importer: PreviewImporter -> (ImportResultId: '227e59acb6d23c6c346d0c4f71312cdc') in 0.002578708 seconds
[Worker0] Imported GUID: 2cacc04a800944c64a2ef5047ba591ea - Path: Assets/Art/ChubbyAircraft/PorcelainRed_A380_800/Meshes/Part_00.asset - Importer: PreviewImporter -> (ImportResultId: '4715ac53f94029cbc800a1b6274855e3') in 0.002850875 seconds
[Worker0] Imported GUID: c0bcebe3c54dc4898baced3499b813a4 - Path: Assets/Art/ChubbyAircraft/JadeIvory_A380_800/Materials/Part_02.mat - Importer: PreviewImporter -> (ImportResultId: '57967315e5e4cb7085ec8b8d3f55c78e') in 0.001615375 seconds
[Worker0] Imported GUID: 32149e1a1dd114c98a2d1d29aef4c404 - Path: Assets/Art/ChubbyAircraft/JadeIvory_A380_800/Materials/Part_14.mat - Importer: PreviewImporter -> (ImportResultId: 'ede16d338dabd3f9896e2b51a2d1e1ca') in 0.002235667 seconds
[Worker0] Imported GUID: a0c707ae617db461a8d2bed944d5aab9 - Path: Assets/Art/ChubbyAircraft/JadeIvory_A380_800/Meshes/Part_12.asset - Importer: PreviewImporter -> (ImportResultId: 'fca8d8d90431292eed58cb770fdb3855') in 0.001668667 seconds
[Worker0] Imported GUID: 2d5a5c11ae3f741fa85197ea110990a7 - Path: Assets/Art/ChubbyAircraft/JadeIvory_B737_800/Materials/Part_15.mat - Importer: PreviewImporter -> (ImportResultId: 'c18648f0ae1ef6fdbe9157e9ed94fec3') in 0.001564958 seconds
[Worker0] Imported GUID: 2e2d5e7b98223499698d8bb8537a4e9a - Path: Assets/Art/ChubbyAircraft/BurgundySilver_A380_800/Materials/Part_05.mat - Importer: PreviewImporter -> (ImportResultId: '50c1e737e65e11454fad43311665f43e') in 0.003259583 seconds
[Worker0] Imported GUID: c72a8b1a94f6c42df9c3b20cdb812e22 - Path: Assets/Art/ChubbyAircraft/JadeIvory_B737_800/Meshes/Part_00.asset - Importer: PreviewImporter -> (ImportResultId: 'd1c260b93ff8b39ba97b728a46061d76') in 0.003666209 seconds
[Worker0] Imported GUID: 1db28c12cec184b01a289a3c34cf4c4e - Path: Assets/Art/ChubbyAircraft/NavyCoral_B737_800/Meshes/Part_03.asset - Importer: PreviewImporter -> (ImportResultId: '59a959f5d5a32a5c89de0edb3b3354d4') in 0.002444125 seconds
[Worker0] Imported GUID: 20fa7990508f04b72b28e0709bde9dab - Path: Assets/Art/ChubbyAircraft/JadeIvory_B737_800/Materials/Part_08.mat - Importer: PreviewImporter -> (ImportResultId: 'c77774d690d52ff21d533e47e5fcc002') in 0.001699458 seconds
[Worker0] Imported GUID: 15d5a5920b84140d6aca2f558832d0e6 - Path: Assets/Art/ChubbyAircraft/BurgundySilver_B737_800/Meshes/Part_03.asset - Importer: PreviewImporter -> (ImportResultId: '16af6b80c93c2f058a93e9949b0b01a3') in 0.003364209 seconds
[Worker0] Imported GUID: 9ba333455ca8049b7af975f1d6fc4857 - Path: Assets/Art/ChubbyAircraft/PorcelainRed_Comet4/Materials/Part_01.mat - Importer: PreviewImporter -> (ImportResultId: '08738aeb14b2d9c5d9cc5a69937fe832') in 0.006141042 seconds
[Worker0] Imported GUID: 38798189b0c134f8d80d61eef4af19a6 - Path: Assets/Art/ChubbyAircraft/BurgundySilver_Comet4/Meshes/Part_00.asset - Importer: PreviewImporter -> (ImportResultId: 'c8efd6fc34c9a3bf2f2f0b3730765af5') in 0.002737084 seconds
[Worker0] Imported GUID: dc3b7c1a4f1ca4f9db34e8047e171e09 - Path: Assets/Art/ChubbyAircraft/BurgundySilver_Comet4/Meshes/Part_08.asset - Importer: PreviewImporter -> (ImportResultId: '613e24ff1ba60024f7fc09a1c0b71377') in 0.003622917 seconds
[Worker0] Imported GUID: dca47819085824f66b62cd60545bb97a - Path: Assets/Art/ChubbyAircraft/PorcelainRed_A380_800/Materials/Part_09.mat - Importer: PreviewImporter -> (ImportResultId: '3a35d700b768e07d6372855ab41f8f71') in 0.002001959 seconds
[Worker0] Imported GUID: 436d8869fae3e4617a8c7dfc8bf76975 - Path: Assets/Art/ChubbyAircraft/PorcelainRed_A380_800/Meshes/Part_03.asset - Importer: PreviewImporter -> (ImportResultId: '285a110c1902572c6e9d6876a69c1299') in 0.003845625 seconds
[Worker0] Imported GUID: 75479c57ef521490881572b14cdbb121 - Path: Assets/Art/ChubbyAircraft/BurgundySilver_A380_800/Meshes/Part_13.asset - Importer: PreviewImporter -> (ImportResultId: '33018562498a3a82076239f7e8bb59f8') in 0.001725917 seconds
[Worker0] Imported GUID: 20336e003299f41a5bc41c0a14ad1b75 - Path: Assets/Art/ChubbyAircraft/NavyCoral_Comet4/Materials/Part_13.mat - Importer: PreviewImporter -> (ImportResultId: '556513924e277f270cf95dac2816ba89') in 0.003683208 seconds
[Worker0] Imported GUID: a8890ec9c3a904a6bbdba68d32ba483a - Path: Assets/Art/ChubbyAircraft/JadeIvory_A380_800/Meshes/Part_11.asset - Importer: PreviewImporter -> (ImportResultId: '6b6006a4d02a6f4abb640836fece8e39') in 0.002482542 seconds
[Worker0] Imported GUID: af44006418e374869ab24998ae3da73e - Path: Assets/Art/ChubbyAircraft/BurgundySilver_B737_800/Meshes/Part_07.asset - Importer: PreviewImporter -> (ImportResultId: 'c8164303d29ed4f0c5fe9053583bbd6d') in 0.002752208 seconds
[Worker0] Imported GUID: 3b95b0f3e48654476b6b5d12cabde26e - Path: Assets/Art/ChubbyAircraft/BurgundySilver_B737_800/Meshes/Part_04.asset - Importer: PreviewImporter -> (ImportResultId: 'd392f1f850724fe96ba36b2fd759f9f4') in 0.001543 seconds
[Worker0] Imported GUID: faf0111f504ca40a38d081ee12267e94 - Path: Assets/Art/ChubbyAircraft/BurgundySilver_B737_800/Meshes/Part_13.asset - Importer: PreviewImporter -> (ImportResultId: '6b5735f1a055afb9af55caf1c92a4c6b') in 0.001537667 seconds
[Worker0] Imported GUID: 184fa3c7d2107478b9edcfb86409b8cf - Path: Assets/Art/ChubbyAircraft/NavyCoral_B737_800/Meshes/Part_09.asset - Importer: PreviewImporter -> (ImportResultId: '1df61f7e07f740b2245f8ca10b6c15bc') in 0.001540042 seconds
[Worker0] Imported GUID: 5b083d85616cb4916a72c494f627e27d - Path: Assets/Art/ChubbyAircraft/JadeIvory_Comet4/Materials/Part_07.mat - Importer: PreviewImporter -> (ImportResultId: '2e1d77c89b639c5dc1a5f8adafa96c9e') in 0.001767541 seconds
[Worker0] Imported GUID: c24d4e6d5bd254af5ab5f6437c4a377e - Path: Assets/Art/ChubbyAircraft/NavyCoral_Comet4/Materials/Part_09.mat - Importer: PreviewImporter -> (ImportResultId: '9ad222aafd9e6a7caf3fd3f596a256cd') in 0.001510958 seconds
[Worker0] Imported GUID: 45ec5d73b53da40978adffbd17bead2f - Path: Assets/Art/ChubbyAircraft/PorcelainRed_B737_800/Materials/Part_05.mat - Importer: PreviewImporter -> (ImportResultId: '88fe6bb0b242d9f45bf6d60fcbbdadc2') in 0.003203833 seconds
[Worker0] Imported GUID: 85c324a1b68984bf9b04ca749a11044d - Path: Assets/Art/ChubbyAircraft/BurgundySilver_B737_800/Meshes/Part_01.asset - Importer: PreviewImporter -> (ImportResultId: 'deec28c24895def01849b2d7904b2c6c') in 0.002264834 seconds
[Worker0] Imported GUID: 6faccae1e612f41f2bb5ad7c60905772 - Path: Assets/Art/ChubbyAircraft/NavyCoral_Comet4/Materials/Part_06.mat - Importer: PreviewImporter -> (ImportResultId: '4913ea016cfad2d42993227e9cca570b') in 0.001540417 seconds
[Worker0] Imported GUID: d3be71a4e9872495f9bea1ec5a76a1cf - Path: Assets/Art/ChubbyAircraft/BurgundySilver_A380_800/Meshes/Part_16.asset - Importer: PreviewImporter -> (ImportResultId: '21a7f9415974ba1a06eeb42bf690af02') in 0.002549791 seconds
[Worker0] Imported GUID: bc7b4db93d34146359a0ac984bbac189 - Path: Assets/Art/ChubbyAircraft/JadeIvory_B737_800/Meshes/Part_01.asset - Importer: PreviewImporter -> (ImportResultId: '6678d69abd35bc096d9b3cf5ffbf69f0') in 0.002428958 seconds
[Worker0] Imported GUID: 6f1231cc579ca4999809fc0542bc9d32 - Path: Assets/Art/ChubbyAircraft/PorcelainRed_B737_800/Meshes/Part_15.asset - Importer: PreviewImporter -> (ImportResultId: 'a4e1b9123ce6aed118bb6b68338e50ca') in 0.002409875 seconds
[Worker0] Imported GUID: 80dbcb256e3eb452cb1da45f5ec8ee26 - Path: Assets/Art/ChubbyAircraft/BurgundySilver_Comet4/Meshes/Part_13.asset - Importer: PreviewImporter -> (ImportResultId: '0011098b1be5f2c8dd356fae53f495f7') in 0.001584833 seconds
[Worker0] Imported GUID: 5ec8e40bee0ea43aa81653d1f0873648 - Path: Assets/Art/ChubbyAircraft/BurgundySilver_Comet4/Materials/Part_13.mat - Importer: PreviewImporter -> (ImportResultId: '13c848bf0ab4b3d93abd38d7bf9f6265') in 0.00158425 seconds
[Worker0] Imported GUID: 6b0b5908222ed45ec9763c13759f5809 - Path: Assets/Art/ChubbyAircraft/NavyCoral_A380_800/Materials/Part_02.mat - Importer: PreviewImporter -> (ImportResultId: 'ca1e8d53a2ac3f5fc74793f704bb747a') in 0.002533083 seconds
[Worker0] Imported GUID: d91eeb1d151a94da2ba168cfafe2b4e6 - Path: Assets/Art/ChubbyAircraft/BurgundySilver_Comet4/Materials/Part_14.mat - Importer: PreviewImporter -> (ImportResultId: '00afac83cdff6295cc390a7446a80308') in 0.001736667 seconds
[Worker0] Imported GUID: 37c4bde1907774425b323442e3476176 - Path: Assets/Art/ChubbyAircraft/NavyCoral_Comet4/Meshes/Part_01.asset - Importer: PreviewImporter -> (ImportResultId: 'b7b32966bac36807f8668dfeda8fdac3') in 0.0042535 seconds
[Worker0] Imported GUID: b056aca4a1053407b805ebb23bce99ab - Path: Assets/Art/ChubbyAircraft/PorcelainRed_B737_800/Materials/Part_07.mat - Importer: PreviewImporter -> (ImportResultId: '2081165f52694ee0e01a72eba527826d') in 0.0016295 seconds
[Worker0] Imported GUID: 5b2631ca574dd4ef2b7ebeb14f2194bf - Path: Assets/Art/ChubbyAircraft/PorcelainRed_A380_800/Materials/Part_13.mat - Importer: PreviewImporter -> (ImportResultId: 'b0b819fd724f7ad40d1ee9237d04356f') in 0.001496542 seconds
[Worker0] Imported GUID: 9372072732aec4d349a1878f7e8799da - Path: Assets/Art/ChubbyAircraft/NavyCoral_A380_800/Materials/Part_09.mat - Importer: PreviewImporter -> (ImportResultId: '3c32293524e548ebafff03b413d762d2') in 0.001904083 seconds
[Worker0] Imported GUID: 928bf64e124a9407c945d906cfb84e96 - Path: Assets/Art/ChubbyAircraft/BurgundySilver_A380_800/Materials/Part_12.mat - Importer: PreviewImporter -> (ImportResultId: 'd4eee375b5f97fd21dfe0e06085392ae') in 0.001575792 seconds
[Worker0] Imported GUID: dd045991023ca4a1b8c0de87c917f24e - Path: Assets/Art/ChubbyAircraft/JadeIvory_A380_800/Meshes/Part_17.asset - Importer: PreviewImporter -> (ImportResultId: '7d26defde4daa752663cf66817b38a53') in 0.003658 seconds
[Worker0] Imported GUID: f5f5bc924770049209671488fb98bf68 - Path: Assets/Art/ChubbyAircraft/PorcelainRed_A380_800/Meshes/Part_10.asset - Importer: PreviewImporter -> (ImportResultId: '402333b1d37eef00d77c484107cb7612') in 0.0014505 seconds
[Worker0] Imported GUID: e6421b18cefa149a5a62c1489de7ec1e - Path: Assets/Art/ChubbyAircraft/BurgundySilver_A380_800/Materials/Part_11.mat - Importer: PreviewImporter -> (ImportResultId: '99b8453d70b71e84a8cc5dcd28f4579a') in 0.001554666 seconds
[Worker0] Imported GUID: 9799aad52a1ac421ca2ecca974692a4b - Path: Assets/Art/ChubbyAircraft/NavyCoral_B737_800/Meshes/Part_10.asset - Importer: PreviewImporter -> (ImportResultId: '3f46abfb8fcd5f2e7e8f9df0ff1bb53c') in 0.002726292 seconds
[Worker0] Imported GUID: 2b30c1a8a26ea458da9c723e8b35696f - Path: Assets/Art/ChubbyAircraft/PorcelainRed_Comet4/Materials/Part_03.mat - Importer: PreviewImporter -> (ImportResultId: 'a0047c728b77ef125705ef9bf351ef96') in 0.001660584 seconds
[Worker0] Imported GUID: 348e07830251241189c405d3d489fbf8 - Path: Assets/Art/ChubbyAircraft/JadeIvory_B737_800/Meshes/Part_12.asset - Importer: PreviewImporter -> (ImportResultId: 'af049ad934239ffb00e26d0e25ed3778') in 0.001381709 seconds
[Worker0] Imported GUID: ecff6f1d6c10a45a1813e4ffd5d9fc10 - Path: Assets/Art/ChubbyAircraft/NavyCoral_A380_800/Meshes/Part_08.asset - Importer: PreviewImporter -> (ImportResultId: '7d9238a990d116ae4de59ddd362b3442') in 0.003509541 seconds
[Worker0] Imported GUID: 6aab03be502ec466a9c174d83d8ba6ed - Path: Assets/Art/ChubbyAircraft/NavyCoral_B737_800/Materials/Part_12.mat - Importer: PreviewImporter -> (ImportResultId: '2e8b007ccfb07be84671c64eecfa2ea6') in 0.001537042 seconds
[Worker0] Imported GUID: 9fd970c3ebba046adbffb3aa3161a621 - Path: Assets/Art/ChubbyAircraft/NavyCoral_Comet4/Materials/Part_10.mat - Importer: PreviewImporter -> (ImportResultId: 'de32d51d8f1ec53101dd922af7a3df14') in 0.001451667 seconds
[Worker0] Imported GUID: be5297aae458a40f8831bd72bd293e86 - Path: Assets/Art/ChubbyAircraft/BurgundySilver_B737_800/Materials/Part_00.mat - Importer: PreviewImporter -> (ImportResultId: 'f325427eaac04f02d7f56bb8f7a7470f') in 0.001738625 seconds
[Worker0] Imported GUID: 5865b5c8eecbb4f14a26d1697d2603bc - Path: Assets/Art/ChubbyAircraft/BurgundySilver_B737_800/Meshes/Part_10.asset - Importer: PreviewImporter -> (ImportResultId: 'ca8ac9a361c1c1be68c4bbf7931bda69') in 0.001445583 seconds
[Worker0] Imported GUID: 63187acd7adad4ee5be999d736cc4a4e - Path: Assets/Art/ChubbyAircraft/NavyCoral_A380_800/Meshes/Part_15.asset - Importer: PreviewImporter -> (ImportResultId: '1ebf5a1cc0a2916524e573179bb01381') in 0.001296916 seconds
[Worker0] Imported GUID: 9946926087bf3410fa42f535062adc64 - Path: Assets/Art/ChubbyAircraft/NavyCoral_Comet4/Meshes/Part_05.asset - Importer: PreviewImporter -> (ImportResultId: 'c4408bad6169c39a1621d2b894c6172c') in 0.001557416 seconds
[Worker0] Imported GUID: ddaafa2ca34e04edd8e4d1acd75f755e - Path: Assets/Art/ChubbyAircraft/PorcelainRed_B737_800/Meshes/Part_00.asset - Importer: PreviewImporter -> (ImportResultId: 'ae7fa88c7c84725e33ec4dee906606e9') in 0.002749583 seconds
[Worker0] Imported GUID: 509d4f0cfb607445c98e01e2549e7337 - Path: Assets/Art/ChubbyAircraft/PorcelainRed_A380_800/Materials/Part_01.mat - Importer: PreviewImporter -> (ImportResultId: 'e5fc9c0965d0e16058737da14f7392d4') in 0.004685208 seconds
[Worker0] Imported GUID: a1dfdeeeed6f145dda11104fe4fa0860 - Path: Assets/Art/ChubbyAircraft/JadeIvory_A380_800/Meshes/Part_01.asset - Importer: PreviewImporter -> (ImportResultId: '1e72e57f7829335fdad25dc0024e075c') in 0.00685025 seconds
[Worker0] Imported GUID: 50bbe774d18f440f7a61e3ed0a20fa04 - Path: Assets/Art/ChubbyAircraft/JadeIvory_B737_800/Meshes/Part_16.asset - Importer: PreviewImporter -> (ImportResultId: '2d3646d7883268cd22c114399257f2a3') in 0.001565125 seconds
[Worker0] Imported GUID: a08922bc401bd4c4aa73f22dfe5c3d3c - Path: Assets/Art/ChubbyAircraft/PorcelainRed_Comet4/Meshes/Part_01.asset - Importer: PreviewImporter -> (ImportResultId: '80973f10098d2779afc88d27fa80e649') in 0.004540375 seconds
[Worker0] Imported GUID: ff006229785c742d79d0502f04b3446c - Path: Assets/Art/ChubbyAircraft/NavyCoral_A380_800/Materials/Part_12.mat - Importer: PreviewImporter -> (ImportResultId: '4c64e9440d4fff5a60e49f3fe812098e') in 0.00169975 seconds
CHUBBY_AIRCRAFT_DELIVERY_PASSED
Rounded aircraft delivery: 4 fictional livery palettes x B737-800 / A380-800 / de Havilland Comet 4 = 12 variants
Variant selection PASS: stable, in [0,11], TEST0..TEST127 cover all 12.

NavyCoral_B737_800 (palette=0, configuration=0, engines=2)
Source configuration PASS: 2 engine assemblies (left/right=1/1, wing-nested=0); no Logo/Badge objects or TextMesh labels.
Factory: renderers=62, vertices=19147, triangles=28900, bounds=(5.867, 2.644, 5.282), minimum Y=0.0000
Material batching: 62 source mesh objects -> 17 renderers/materials.
Combined: renderers=17, vertices=19109, triangles=28900, bounds=(5.867, 2.644, 5.282), minimum Y=0.0000
Reloaded NavyCoral_B737_800.prefab: renderers=17, vertices=19109, triangles=28900, bounds=(5.867, 2.644, 5.282), minimum Y=0.0000
Reloaded ChubbyAircraft.prefab: renderers=17, vertices=19109, triangles=28900, bounds=(5.867, 2.644, 5.282), minimum Y=0.0000

NavyCoral_A380_800 (palette=0, configuration=1, engines=4)
Source configuration PASS: 4 engine assemblies (left/right=2/2, wing-nested=0); no Logo/Badge objects or TextMesh labels.
Factory: renderers=122, vertices=35741, triangles=48212, bounds=(8.667, 3.644, 8.881), minimum Y=0.0000
Material batching: 122 source mesh objects -> 17 renderers/materials.
Combined: renderers=17, vertices=35633, triangles=48212, bounds=(8.667, 3.644, 8.881), minimum Y=0.0000
Reloaded NavyCoral_A380_800.prefab: renderers=17, vertices=35633, triangles=48212, bounds=(8.667, 3.644, 8.881), minimum Y=0.0000

NavyCoral_Comet4 (palette=0, configuration=2, engines=4)
Source configuration PASS: 4 engine assemblies (left/right=2/2, wing-nested=4); no Logo/Badge objects or TextMesh labels.
Factory: renderers=80, vertices=22431, triangles=33060, bounds=(5.217, 2.294, 5.187), minimum Y=0.0000
Material batching: 80 source mesh objects -> 17 renderers/materials.
Combined: renderers=17, vertices=22367, triangles=33060, bounds=(5.217, 2.294, 5.187), minimum Y=0.0000
Reloaded NavyCoral_Comet4.prefab: renderers=17, vertices=22367, triangles=33060, bounds=(5.217, 2.294, 5.187), minimum Y=0.0000

PorcelainRed_B737_800 (palette=1, configuration=0, engines=2)
Source configuration PASS: 2 engine assemblies (left/right=1/1, wing-nested=0); no Logo/Badge objects or TextMesh labels.
Factory: renderers=60, vertices=19141, triangles=28898, bounds=(5.867, 2.644, 5.282), minimum Y=0.0000
Material batching: 60 source mesh objects -> 17 renderers/materials.
Combined: renderers=17, vertices=19103, triangles=28898, bounds=(5.867, 2.644, 5.282), minimum Y=0.0000
Reloaded PorcelainRed_B737_800.prefab: renderers=17, vertices=19103, triangles=28898, bounds=(5.867, 2.644, 5.282), minimum Y=0.0000

PorcelainRed_A380_800 (palette=1, configuration=1, engines=4)
Source configuration PASS: 4 engine assemblies (left/right=2/2, wing-nested=0); no Logo/Badge objects or TextMesh labels.
Factory: renderers=120, vertices=35735, triangles=48210, bounds=(8.667, 3.644, 8.881), minimum Y=0.0000
Material batching: 120 source mesh objects -> 17 renderers/materials.
Combined: renderers=17, vertices=35627, triangles=48210, bounds=(8.667, 3.644, 8.881), minimum Y=0.0000
Reloaded PorcelainRed_A380_800.prefab: renderers=17, vertices=35627, triangles=48210, bounds=(8.667, 3.644, 8.881), minimum Y=0.0000

PorcelainRed_Comet4 (palette=1, configuration=2, engines=4)
Source configuration PASS: 4 engine assemblies (left/right=2/2, wing-nested=4); no Logo/Badge objects or TextMesh labels.
Factory: renderers=78, vertices=22425, triangles=33058, bounds=(5.217, 2.294, 5.187), minimum Y=0.0000
Material batching: 78 source mesh objects -> 17 renderers/materials.
Combined: renderers=17, vertices=22361, triangles=33058, bounds=(5.217, 2.294, 5.187), minimum Y=0.0000
Reloaded PorcelainRed_Comet4.prefab: renderers=17, vertices=22361, triangles=33058, bounds=(5.217, 2.294, 5.187), minimum Y=0.0000

JadeIvory_B737_800 (palette=2, configuration=0, engines=2)
Source configuration PASS: 2 engine assemblies (left/right=1/1, wing-nested=0); no Logo/Badge objects or TextMesh labels.
Factory: renderers=59, vertices=20587, triangles=31412, bounds=(5.867, 2.644, 5.282), minimum Y=0.0000
Material batching: 59 source mesh objects -> 18 renderers/materials.
Combined: renderers=18, vertices=20549, triangles=31412, bounds=(5.867, 2.644, 5.282), minimum Y=0.0000
Reloaded JadeIvory_B737_800.prefab: renderers=18, vertices=20549, triangles=31412, bounds=(5.867, 2.644, 5.282), minimum Y=0.0000

JadeIvory_A380_800 (palette=2, configuration=1, engines=4)
Source configuration PASS: 4 engine assemblies (left/right=2/2, wing-nested=0); no Logo/Badge objects or TextMesh labels.
Factory: renderers=119, vertices=37181, triangles=50724, bounds=(8.667, 3.644, 8.881), minimum Y=0.0000
Material batching: 119 source mesh objects -> 18 renderers/materials.
Combined: renderers=18, vertices=37073, triangles=50724, bounds=(8.667, 3.644, 8.881), minimum Y=0.0000
Reloaded JadeIvory_A380_800.prefab: renderers=18, vertices=37073, triangles=50724, bounds=(8.667, 3.644, 8.881), minimum Y=0.0000

JadeIvory_Comet4 (palette=2, configuration=2, engines=4)
Source configuration PASS: 4 engine assemblies (left/right=2/2, wing-nested=4); no Logo/Badge objects or TextMesh labels.
Factory: renderers=77, vertices=23871, triangles=35572, bounds=(5.217, 2.294, 5.187), minimum Y=0.0000
Material batching: 77 source mesh objects -> 18 renderers/materials.
Combined: renderers=18, vertices=23807, triangles=35572, bounds=(5.217, 2.294, 5.187), minimum Y=0.0000
Reloaded JadeIvory_Comet4.prefab: renderers=18, vertices=23807, triangles=35572, bounds=(5.217, 2.294, 5.187), minimum Y=0.0000

BurgundySilver_B737_800 (palette=3, configuration=0, engines=2)
Source configuration PASS: 2 engine assemblies (left/right=1/1, wing-nested=0); no Logo/Badge objects or TextMesh labels.
Factory: renderers=60, vertices=19141, triangles=28898, bounds=(5.867, 2.644, 5.282), minimum Y=0.0000
Material batching: 60 source mesh objects -> 17 renderers/materials.
Combined: renderers=17, vertices=19103, triangles=28898, bounds=(5.867, 2.644, 5.282), minimum Y=0.0000
Reloaded BurgundySilver_B737_800.prefab: renderers=17, vertices=19103, triangles=28898, bounds=(5.867, 2.644, 5.282), minimum Y=0.0000

BurgundySilver_A380_800 (palette=3, configuration=1, engines=4)
Source configuration PASS: 4 engine assemblies (left/right=2/2, wing-nested=0); no Logo/Badge objects or TextMesh labels.
Factory: renderers=120, vertices=35735, triangles=48210, bounds=(8.667, 3.644, 8.881), minimum Y=0.0000
Material batching: 120 source mesh objects -> 17 renderers/materials.
Combined: renderers=17, vertices=35627, triangles=48210, bounds=(8.667, 3.644, 8.881), minimum Y=0.0000
Reloaded BurgundySilver_A380_800.prefab: renderers=17, vertices=35627, triangles=48210, bounds=(8.667, 3.644, 8.881), minimum Y=0.0000

BurgundySilver_Comet4 (palette=3, configuration=2, engines=4)
Source configuration PASS: 4 engine assemblies (left/right=2/2, wing-nested=4); no Logo/Badge objects or TextMesh labels.
Factory: renderers=78, vertices=22425, triangles=33058, bounds=(5.217, 2.294, 5.187), minimum Y=0.0000
Material batching: 78 source mesh objects -> 17 renderers/materials.
Combined: renderers=17, vertices=22361, triangles=33058, bounds=(5.217, 2.294, 5.187), minimum Y=0.0000
Reloaded BurgundySilver_Comet4.prefab: renderers=17, vertices=22361, triangles=33058, bounds=(5.217, 2.294, 5.187), minimum Y=0.0000
Identity PASS NavyCoral: B737 L/H/span=(5.867, 2.644, 5.282); A380=(8.667, 3.644, 8.881); Comet=(5.217, 2.294, 5.187). Length order Comet < B737 < A380.
Identity PASS PorcelainRed: B737 L/H/span=(5.867, 2.644, 5.282); A380=(8.667, 3.644, 8.881); Comet=(5.217, 2.294, 5.187). Length order Comet < B737 < A380.
Identity PASS JadeIvory: B737 L/H/span=(5.867, 2.644, 5.282); A380=(8.667, 3.644, 8.881); Comet=(5.217, 2.294, 5.187). Length order Comet < B737 < A380.
Identity PASS BurgundySilver: B737 L/H/span=(5.867, 2.644, 5.282); A380=(8.667, 3.644, 8.881); Comet=(5.217, 2.294, 5.187). Length order Comet < B737 < A380.
Common comparison frame L/H/span=(8.667, 3.644, 8.881); identical angle, orthographic camera size and meters/pixel in all 12 comparison tiles. Lineup palette=NavyCoral.
PASS: finite meshes, nonempty triangles, no colliders/scripts, grounded bounds, persistent assets, exact SHA-256 vertex/normal/index roundtrip, prefab reload, isolated dependencies.
Unity: 6000.6.4f1
Prefabs: 12 palette/configuration subdirectories; default alias: Assets/Art/ChubbyAircraft/ChubbyAircraft.prefab
Package: Builds/ChubbyAircraft.unitypackage (only Assets/Art/ChubbyAircraft)
OBJ: Builds/ChubbyAircraft/<variant>.obj + .mtl; meters, +X nose, +Y up, mirrored Z for right-handed OBJ.
Preview: actual mesh Camera.Render at 1600x1100; each variant has front three-quarter, front, true side and top closeups plus a common-scale comparison.
Review: gallery.html; identity-lineup.png and identity-front.png (one blue palette, three aircraft, same meters/pixel); catalogue-board.png (4 palette rows x 3 aircraft columns); fleet-overview.png.
Aircraft shapes and livery layouts are stylized fictional tributes; the 12 combinations are not claims about historical airline fleets.
No text labels, airline names, logos or script dependencies are included on the models.
Material: Built-in Standard; URP/HDRP projects must convert materials after import.
Bounds validation is geometric; this is not a device performance test.
UnityEngine.Debug:ExtractStackTraceNoAlloc (byte*,int,string)
UnityEngine.StackTraceUtility:ExtractStackTrace () (at /Users/bokken/build/output/unity/unity/Runtime/Export/Scripting/StackTrace.cs:23)
UnityEngine.DebugLogHandler:Internal_Log (UnityEngine.LogType,UnityEngine.LogOption,string,UnityEngine.Object)
UnityEngine.DebugLogHandler:LogFormat (UnityEngine.LogType,UnityEngine.Object,string,object[])
UnityEngine.Logger:Log (UnityEngine.LogType,object)
UnityEngine.Debug:Log (object)
ChubbyAircraftDelivery:Run () (at Assets/Editor/ChubbyAircraftDelivery.cs:169)
ChubbyAircraftFinalCheck:Run () (at Assets/Editor/ChubbyAircraftFinalCheck.cs:5)

(Filename: Assets/Editor/ChubbyAircraftDelivery.cs Line: 169)

[Project] Loading completed in 12.574 seconds
	Project init time: 				3.308 seconds
		Template init time: 		0.000 seconds
		Package Manager init time: 		0.162 seconds
		Asset Database init time: 		0.156 seconds
		Global illumination init time: 	0.000 seconds
		Assemblies load time: 			0.551 seconds
		Unity extensions init time: 	0.001 seconds
		Asset Database refresh time: 	2.246 seconds
	Scene opening time: 			9.177 seconds
##utp:{"type":"ProjectInfo","version":2,"phase":"Immediate","time":1791384772513,"processId":89091,"projectLoad":12.574340875,"projectInit":3.307848917,"templateInit":0.0,"packageManagerInit":0.162222709,"assetDatabaseInit":0.155877542,"globalIlluminationInit":0.000386916,"assembliesLoad":0.550866166,"unityExtensionsInit":0.000717,"assetDatabaseRefresh":2.246175417,"sceneOpening":9.176944584}
##utp:{"type":"EditorInfo","version":2,"phase":"Immediate","time":1791384772513,"processId":89091,"editorVersion":"6000.6.4f1 (12bfff696524)","branch":"6000.6/staging","buildType":"Release","platform":"OSX"}
Subscribe to USB device events
[Licensing::Client] Successfully resolved entitlement details
Mac 视频分享插件未就绪：Mac 视频分享插件编译失败：clang++: error: no such file or directory: 'Assets/Plugins/macOS/PalmBayVideoShare.mm'
UnityEngine.Debug:ExtractStackTraceNoAlloc (byte*,int,string)
UnityEngine.StackTraceUtility:ExtractStackTrace () (at /Users/bokken/build/output/unity/unity/Runtime/Export/Scripting/StackTrace.cs:23)
UnityEngine.DebugLogHandler:Internal_Log (UnityEngine.LogType,UnityEngine.LogOption,string,UnityEngine.Object)
UnityEngine.DebugLogHandler:LogFormat (UnityEngine.LogType,UnityEngine.Object,string,object[])
UnityEngine.Logger:Log (UnityEngine.LogType,object)
UnityEngine.Debug:LogWarning (object)
IslandAirport.Editor.MacVideoShareBuilder/<>c:<.cctor>b__3_0 () (at Assets/Editor/MacVideoShareBuilder.cs:23)
UnityEditor.EditorApplication:Internal_CallDelayFunctions () (at /Users/bokken/build/output/unity/unity/Editor/Mono/EditorApplication.cs:427)

(Filename: Assets/Editor/MacVideoShareBuilder.cs Line: 23)

Start Indexing on Editor startup
[Indexing] Starting Initial Indexing for Assets
[UnityConnectServicesConfig] config is NOT valid, switching to default
Created GICache directory at /Users/qinziqian/Library/Caches/com.unity3d.UnityEditor/GiCache. Took: 0.002s, timestamps: [12.578 - 12.579]
Thread 0x17a47b000 may have been prematurely finalized
Unloading 2 Unused Serialized files (Serialized files now loaded: 0)
Unloading 1364 unused Assets / (8.9 MB). Loaded Objects now: 1368.
Memory consumption went from 166.4 MB to 157.6 MB.
Total: 4.884625 ms (FindLiveObjects: 0.087459 ms CreateObjectMapping: 0.020750 ms MarkObjects: 4.061875 ms  DeleteObjects: 0.663792 ms)

Importing 'GUID: 85c9f59f8a2d74b55acf22d3e676dc7d - Path: Assets/Scenes/PalmBay.unity' with importer (DefaultImporter)
Imported 'GUID: 85c9f59f8a2d74b55acf22d3e676dc7d' -> (Import Result ID: 'e802c836964c071e2afe96ec72119948') in 0.002 seconds [static dependencies only]. Details - ImportResultOutputID=84e1c4ed2ca008e90d2d324e6b0c8b13 DependenciesID=4f71ebf843279250134a2b35bdf53e08 StaticDependenciesID=2330028e211654806d092fa6351e0d59 
Asset Pipeline Refresh (id=21aa2bfde6ad44830b3a90e38690f2d3): Total: 0.006 seconds - Initiated by StopAssetImportingV2(NoUpdateAssetOptions)
PALM_BAY_SCENE_READY path=Assets/Scenes/PalmBay.unity
UnityEngine.Debug:ExtractStackTraceNoAlloc (byte*,int,string)
UnityEngine.StackTraceUtility:ExtractStackTrace () (at /Users/bokken/build/output/unity/unity/Runtime/Export/Scripting/StackTrace.cs:23)
UnityEngine.DebugLogHandler:Internal_Log (UnityEngine.LogType,UnityEngine.LogOption,string,UnityEngine.Object)
UnityEngine.DebugLogHandler:LogFormat (UnityEngine.LogType,UnityEngine.Object,string,object[])
UnityEngine.Logger:Log (UnityEngine.LogType,object)
UnityEngine.Debug:Log (object)
DemoBuilder:CreatePalmBayScene () (at Assets/Editor/DemoBuilder.cs:28)
ChubbyAircraftGameCheck:Begin () (at Assets/Editor/ChubbyAircraftGameCheck.cs:15)
UnityEditor.EditorApplication:Internal_CallUpdateFunctions () (at /Users/bokken/build/output/unity/unity/Editor/Mono/EditorApplication.cs:412)

(Filename: Assets/Editor/DemoBuilder.cs Line: 28)

Opening scene 'Assets/Scenes/PalmBay.unity'
Unloading 0 Unused Serialized files (Serialized files now loaded: 0)
Loaded scene 'Assets/Scenes/PalmBay.unity'
	Deserialize:            0.314 ms
	Integration:            3.530 ms
	Integration of assets:  0.001 ms
	Thread Wait Time:       0.016 ms
	Total Operation Time:   3.861 ms
Unloading 3 unused Assets / (14.3 KB). Loaded Objects now: 1371.
Memory consumption went from 146.2 MB to 146.2 MB.
Total: 3.657125 ms (FindLiveObjects: 0.079000 ms CreateObjectMapping: 0.005500 ms MarkObjects: 3.518125 ms  DeleteObjects: 0.007417 ms)

Entering Playmode with Reload Domain disabled.
If you experience any issues, please disable "Enter Play Mode Options" in Editor Settings
Entering Playmode with Reload Scene disabled. If you experience any issues, please disable "Enter Play Mode Options" in Editor Settings
M1CAP parked stand=0 flight=UBA826 elapsed=7.25001
UnityEngine.Debug:ExtractStackTraceNoAlloc (byte*,int,string)
UnityEngine.StackTraceUtility:ExtractStackTrace () (at /Users/bokken/build/output/unity/unity/Runtime/Export/Scripting/StackTrace.cs:23)
UnityEngine.DebugLogHandler:Internal_Log (UnityEngine.LogType,UnityEngine.LogOption,string,UnityEngine.Object)
UnityEngine.DebugLogHandler:LogFormat (UnityEngine.LogType,UnityEngine.Object,string,object[])
UnityEngine.Logger:Log (UnityEngine.LogType,object)
UnityEngine.Debug:Log (object)
M1ReviewCapture/<Exercise>d__19:MoveNext () (at Assets/Editor/M1ReviewCapture.cs:154)
M1ReviewCapture:Poll () (at Assets/Editor/M1ReviewCapture.cs:74)
UnityEditor.EditorApplication:Internal_CallUpdateFunctions () (at /Users/bokken/build/output/unity/unity/Editor/Mono/EditorApplication.cs:412)

(Filename: Assets/Editor/M1ReviewCapture.cs Line: 154)

M1CAP gate: passengers=8 toast=UBA826 开始登机 · 旅客沿人行道前往登机点
UnityEngine.Debug:ExtractStackTraceNoAlloc (byte*,int,string)
UnityEngine.StackTraceUtility:ExtractStackTrace () (at /Users/bokken/build/output/unity/unity/Runtime/Export/Scripting/StackTrace.cs:23)
UnityEngine.DebugLogHandler:Internal_Log (UnityEngine.LogType,UnityEngine.LogOption,string,UnityEngine.Object)
UnityEngine.DebugLogHandler:LogFormat (UnityEngine.LogType,UnityEngine.Object,string,object[])
UnityEngine.Logger:Log (UnityEngine.LogType,object)
UnityEngine.Debug:Log (object)
M1ReviewCapture/<Exercise>d__19:MoveNext () (at Assets/Editor/M1ReviewCapture.cs:167)
M1ReviewCapture:Poll () (at Assets/Editor/M1ReviewCapture.cs:74)
UnityEditor.EditorApplication:Internal_CallUpdateFunctions () (at /Users/bokken/build/output/unity/unity/Editor/Mono/EditorApplication.cs:412)

(Filename: Assets/Editor/M1ReviewCapture.cs Line: 167)

M1_REVIEW_PASSED PASS
UnityEngine.Debug:ExtractStackTraceNoAlloc (byte*,int,string)
UnityEngine.StackTraceUtility:ExtractStackTrace () (at /Users/bokken/build/output/unity/unity/Runtime/Export/Scripting/StackTrace.cs:23)
UnityEngine.DebugLogHandler:Internal_Log (UnityEngine.LogType,UnityEngine.LogOption,string,UnityEngine.Object)
UnityEngine.DebugLogHandler:LogFormat (UnityEngine.LogType,UnityEngine.Object,string,object[])
UnityEngine.Logger:Log (UnityEngine.LogType,object)
UnityEngine.Debug:Log (object)
M1ReviewCapture:Complete (bool,string) (at Assets/Editor/M1ReviewCapture.cs:94)
M1ReviewCapture:Poll () (at Assets/Editor/M1ReviewCapture.cs:75)
UnityEditor.EditorApplication:Internal_CallUpdateFunctions () (at /Users/bokken/build/output/unity/unity/Editor/Mono/EditorApplication.cs:412)

(Filename: Assets/Editor/M1ReviewCapture.cs Line: 94)

Unloading 3 Unused Serialized files (Serialized files now loaded: 0)
Loaded scene 'Temp/__Backupscenes/0.backup'
	Deserialize:            0.194 ms
	Integration:            2.728 ms
	Integration of assets:  0.001 ms
	Thread Wait Time:       0.017 ms
	Total Operation Time:   2.939 ms
Unloading 0 unused Assets / (12.1 KB). Loaded Objects now: 1381.
Memory consumption went from 151.0 MB to 151.0 MB.
Total: 3.967333 ms (FindLiveObjects: 0.077000 ms CreateObjectMapping: 0.005833 ms MarkObjects: 3.834458 ms  DeleteObjects: 0.001959 ms)

MonoPathRemapper: Attempts to remap: 19670; Successful remaps: 886
Thread 0x17f9fb000 may have been prematurely finalized
Serialized file version minimum: 23, current 23
Thread 0x75233c7000 may have been prematurely finalized
Input System module state changed to: ShutdownInProgress.
Input Polling Thread exited.
Input System module state changed to: Shutdown.
Thread 0x170c23000 may have been prematurely finalized
Thread 0x170caf000 may have been prematurely finalized
[Physics::Module] Cleanup current backend.
[Physics::Module] Id: 0xf2b8ea05
[Licensing::IpcConnector] LicenseClient-qinziqian-notifications channel disconnected successfully.
[Licensing::IpcConnector] LicenseClient-qinziqian channel disconnected successfully.
Shut down UDS service system complete
Thread 0x179907000 may have been prematurely finalized
debugger-agent: Unable to listen on 52
Lingering sessions upon destruction of worker manager
Unity Data Store service was successfully shut down
UDS shutting down local client system
AcceleratorClientConnectionCallback - disconnected - :0
VBCSCompilerPreWarmer: requested VBCSCompiler shutdown
