Tuanjie Editor version:  2022.3.61t14 (3a70663b70e0)
Branch:                  tuanjie/1.6/staging
Build type:              Release
Batch mode:              YES
macOS version:           Version 27.2 (Build 26B5091g)
Darwin version:          27.2.0
Architecture:            arm64
Running under Rosetta:   NO
Available memory:        16384 MB
[Licensing::Module] Trying to connect to existing licensing client channel...
[Licensing::IpcConnector] Successfully connected to the License Client on channel: "LicenseClient-qinziqian" at "2026-10-06T01:50:33.216849Z"
[Licensing::Client] Error: Code 10 while verifying Licensing Client signature (process Id: 76785, path: "/Applications/Tuanjie Hub.app/Contents/Frameworks/TuanjieLicensingClient_V1.app/Contents/MacOS/Tuanjie.Licensing.Client")
[Licensing::Module] Error: LicensingClient has failed validation; ignoring
[Licensing::Client] Successfully send message: {"messageType":"HandshakeRequest","protocolVersion":"1.12","userAgent":"TuanjieEditor/2022.3.61t14 (Macintosh; U; Intel Mac OS X 27.2; zh-Hans-CN)","externalCorrelationId":"3121809489179529680"} at 1791251433
[Licensing::Client] Successfully receive message: {"protocolVersion":"1.12","sessionId":"f69529414af2414b8dcd5a46d17d0b20","context":{"DeviceName":"Link's MBP","DeviceModel":"Mac17,2","PhysicalMemoryMB":"16384","SystemLanguageISO":"zh-Hans-CN","ProcessorCount":"10","ProcessorType":"Apple M5","OperatingSystem":"Mac OS X 27.2.0","OperatingSystemNumeric":"270200","Legacy.MachineBinding1":"A12EBA94-6CAE-536D-8639-8B28F22AAE12","Legacy.MachineBinding2":"HWF12RQ93K","Legacy.MachineBinding4":null,"Legacy.MachineBinding5":"5c:9b:a6:84:6a:ac","EnvironmentUser":"qinziqian","EnvironmentDomain":"Links-MBP","EnvironmentHostname":"Links-MBP"},"assemblyProductVersion":"1.14.0+af049b8","machineId":"2qJXSmjy+8qC9zvVypdceXsI7UU=","correlationId":"5e644e2fb7c8235a682f9931e33847d9","responseCode":200,"responseStatus":"Handshake successful","messageType":"HandshakeResponse"} at 1791251433
[Licensing::Client] Handshaking with LicensingClient:
  Version:                 1.14.0+af049b8
  Session Id:              f69529414af2414b8dcd5a46d17d0b20
  Correlation Id:          5e644e2fb7c8235a682f9931e33847d9
  External correlation Id: 3121809489179529680
  Machine Id:              2qJXSmjy+8qC9zvVypdceXsI7UU=
[Licensing::Module] Successfully connected to LicensingClient on channel: "LicenseClient-qinziqian" (connect: 0.00s, validation: 0.01s, handshake: 0.34s)
[Licensing::IpcConnector] Successfully connected to the License Notification on channel: "LicenseClient-qinziqian-notifications" at "2026-10-06T01:50:33.571009Z"
[Licensing::Module] Error: Access token is unavailable; failed to update
[Licensing::Client] Successfully send message: {"messageType":"UpdateLicenseRequest","AccessToken":"","OrgId":"","ProjectId":"","forceUpdateLicense":true} at 1791251433
[Licensing::Client] Successfully receive message: {"responseCode":200,"responseStatus":"Licenses updated.","messageType":"UpdateLicenseResponse"} at 1791251434
[Licensing::Client] Successfully updated license
[Licensing::Client] Successfully send message: {"messageType":"EntitlementDetailsRequest","entitlementIds":["com.unity.editor.legacy.pro","com.unity.editor.headless"],"packageEntitlementIds":[],"includeCustomData":false} at 1791251434
[Licensing::Client] Successfully receive message: {"entitlementGroups":[{"entitlementGroupId":"F4-W5GR-B6V2-Y5WE-WRK9-GR7N","entitlementGroupIdHash":"8d58bf4deb18ac7618b28a8936c405932a8efcb2","productName":"Unity Personal","productType":"TuanjieEditor","licenseType":"ULF","expiration":1791514233000,"matchedEntitlements":[{"entitlementId":"com.unity.editor.headless","isPackage":false,"count":1}]}],"responseCode":200,"responseStatus":"Found 1 entitlement groups and 0 free entitlements matching requested entitlement ids","messageType":"EntitlementDetailsResponse"} at 1791251434
[Licensing::Client] Successfully resolved entitlement details
[Licensing::Module] Serial number assigned to: "F4-W5GR-B6V2-Y5WE-WRK9-XXXX"
Pro License: NO
[Licensing::Client] Successfully send message: {"messageType":"EntitlementDetailsRequest","entitlementIds":["com.unity.editor.headless","com.unity.editor.ui"],"packageEntitlementIds":[],"includeCustomData":false} at 1791251434
[Licensing::Client] Successfully receive message: {"entitlementGroups":[{"entitlementGroupId":"F4-W5GR-B6V2-Y5WE-WRK9-GR7N","entitlementGroupIdHash":"8d58bf4deb18ac7618b28a8936c405932a8efcb2","productName":"Unity Personal","productType":"TuanjieEditor","licenseType":"ULF","expiration":1791514233000,"matchedEntitlements":[{"entitlementId":"com.unity.editor.ui","isPackage":false,"count":1},{"entitlementId":"com.unity.editor.headless","isPackage":false,"count":1}]}],"responseCode":200,"responseStatus":"Found 1 entitlement groups and 0 free entitlements matching requested entitlement ids","messageType":"EntitlementDetailsResponse"} at 1791251434
[Licensing::Client] Successfully resolved entitlement details
Launching external process: /Applications/Tuanjie/Hub/Editor/2022.3.61t14/Tuanjie.app/Contents/Resources/PackageManager/Server/TuanjiePackageManager

COMMAND LINE ARGUMENTS:
/Applications/Tuanjie/Hub/Editor/2022.3.61t14/Tuanjie.app/Contents/MacOS/Tuanjie
-batchmode
-projectPath
/private/var/folders/19/jlz3f3_12q1d22xb7lhnbk700000gp/T/palmbay-netplay.3_fzw2el/client
-executeMethod
NetPlaytest.RunClientM4Hostloss
-logFile
/Users/qinziqian/Documents/overcooked-like/game/Evidence/m4-netplay/net-client-hostloss.log
Successfully changed project path to: /private/var/folders/19/jlz3f3_12q1d22xb7lhnbk700000gp/T/palmbay-netplay.3_fzw2el/client
/private/var/folders/19/jlz3f3_12q1d22xb7lhnbk700000gp/T/palmbay-netplay.3_fzw2el/client
[Memory] Configuration Parameters - Can be set up in boot.config
    "memorysetup-bucket-allocator-granularity=16"
    "memorysetup-bucket-allocator-bucket-count=8"
    "memorysetup-bucket-allocator-block-size=33554432"
    "memorysetup-bucket-allocator-block-count=8"
    "memorysetup-main-allocator-block-size=16777216"
    "memorysetup-thread-allocator-block-size=16777216"
    "memorysetup-gfx-main-allocator-block-size=16777216"
    "memorysetup-gfx-thread-allocator-block-size=16777216"
    "memorysetup-cache-allocator-block-size=4194304"
    "memorysetup-typetree-allocator-block-size=2097152"
    "memorysetup-profiler-bucket-allocator-granularity=16"
    "memorysetup-profiler-bucket-allocator-bucket-count=8"
    "memorysetup-profiler-bucket-allocator-block-size=33554432"
    "memorysetup-profiler-bucket-allocator-block-count=8"
    "memorysetup-profiler-allocator-block-size=16777216"
    "memorysetup-profiler-editor-allocator-block-size=1048576"
    "memorysetup-temp-allocator-size-main=16777216"
    "memorysetup-job-temp-allocator-block-size=2097152"
    "memorysetup-job-temp-allocator-block-size-background=1048576"
    "memorysetup-job-temp-allocator-reduction-small-platforms=262144"
    "memorysetup-allocator-temp-initial-block-size-main=262144"
    "memorysetup-allocator-temp-initial-block-size-worker=262144"
    "memorysetup-temp-allocator-size-background-worker=32768"
    "memorysetup-temp-allocator-size-job-worker=262144"
    "memorysetup-temp-allocator-size-preload-manager=33554432"
    "memorysetup-temp-allocator-size-nav-mesh-worker=65536"
    "memorysetup-temp-allocator-size-audio-worker=65536"
    "memorysetup-temp-allocator-size-cloud-worker=32768"
    "memorysetup-temp-allocator-size-gi-baking-worker=262144"
    "memorysetup-temp-allocator-size-gfx=262144"
Player connection [8621359872]  Target information:

Player connection [8621359872]  * "[IP] 192.168.123.27 [Port] 55505 [Flags] 2 [Guid] 2321107959 [EditorId] 2321107959 [Version] 1048832 [Id] OSXEditor(0,Links-MBP.local) [Debug] 1 [PackageName] OSXEditor [ProjectName] Editor" 

Player connection [8621359872]  * "[IP] 192.168.200.66 [Port] 55505 [Flags] 2 [Guid] 2321107959 [EditorId] 2321107959 [Version] 1048832 [Id] OSXEditor(0,Links-MBP.local) [Debug] 1 [PackageName] OSXEditor [ProjectName] Editor" 

Player connection [8621359872] Host joined multi-casting on [225.0.0.222:54997]...
Player connection [8621359872] Host joined alternative multi-casting on [225.0.0.222:34997]...
Input System module state changed to: Initialized.
AS: AutoStreaming module initializing.
Begin write certificate to file.
Write certificate complete, return 1.
StartServer, cert is /Users/qinziqian/Library/Tuanjie/76797-rest-certificate.pem
Start HTTP server port 38001, HTTPS server port 38444.
[Package Manager] UpmClient::Connect -- Connected to IPC stream "Upm-76797" after 0.2 seconds.
[Licensing::Client] Successfully send message: {"messageType":"EntitlementDetailsRequest","entitlementIds":["com.unity.editor.last.activation.date","com.unity.editor.headless"],"packageEntitlementIds":[],"includeCustomData":false} at 1791251434
[Licensing::Client] Successfully receive message: {"entitlementGroups":[{"entitlementGroupId":"F4-W5GR-B6V2-Y5WE-WRK9-GR7N","entitlementGroupIdHash":"8d58bf4deb18ac7618b28a8936c405932a8efcb2","productName":"Unity Personal","productType":"TuanjieEditor","licenseType":"ULF","expiration":1791514233000,"matchedEntitlements":[{"entitlementId":"com.unity.editor.headless","isPackage":false,"count":1},{"entitlementId":"com.unity.editor.last.activation.date","isPackage":false,"count":1}]}],"responseCode":200,"responseStatus":"Found 1 entitlement groups and 0 free entitlements matching requested entitlement ids","messageType":"EntitlementDetailsResponse"} at 1791251434
[Licensing::Client] Successfully resolved entitlement details
[Licensing::Client] Successfully send message: {"messageType":"EntitlementDetailsRequest","entitlementIds":["com.unity.editor.disable-splash-screen","com.unity.editor.headless"],"packageEntitlementIds":[],"includeCustomData":false} at 1791251434
[Licensing::Client] Successfully receive message: {"entitlementGroups":[{"entitlementGroupId":"F4-W5GR-B6V2-Y5WE-WRK9-GR7N","entitlementGroupIdHash":"8d58bf4deb18ac7618b28a8936c405932a8efcb2","productName":"Unity Personal","productType":"TuanjieEditor","licenseType":"ULF","expiration":1791514233000,"matchedEntitlements":[{"entitlementId":"com.unity.editor.headless","isPackage":false,"count":1}]}],"responseCode":200,"responseStatus":"Found 1 entitlement groups and 0 free entitlements matching requested entitlement ids","messageType":"EntitlementDetailsResponse"} at 1791251434
[Licensing::Client] Successfully resolved entitlement details
[Licensing::Client] Successfully send message: {"messageType":"EntitlementDetailsRequest","entitlementIds":["com.unity.editor.allow-mix-usage","com.unity.editor.headless"],"packageEntitlementIds":[],"includeCustomData":false} at 1791251434
[Licensing::Client] Successfully receive message: {"entitlementGroups":[{"entitlementGroupId":"F4-W5GR-B6V2-Y5WE-WRK9-GR7N","entitlementGroupIdHash":"8d58bf4deb18ac7618b28a8936c405932a8efcb2","productName":"Unity Personal","productType":"TuanjieEditor","licenseType":"ULF","expiration":1791514233000,"matchedEntitlements":[{"entitlementId":"com.unity.editor.headless","isPackage":false,"count":1}]}],"responseCode":200,"responseStatus":"Found 1 entitlement groups and 0 free entitlements matching requested entitlement ids","messageType":"EntitlementDetailsResponse"} at 1791251434
[Licensing::Client] Successfully resolved entitlement details
[Package Manager] Restoring resolved packages state from cache
[Licensing::Client] Successfully send message: {"messageType":"EntitlementDetailsRequest","entitlementIds":[],"packageEntitlementIds":["com.unity.modules.audio","com.unity.modules.androidjni","com.unity.modules.imgui","com.unity.modules.physics","com.unity.modules.jsonserialize","com.unity.modules.screencapture","com.unity.modules.ui","cn.tuanjie.codely.bridge","com.unity.modules.imageconversion","com.unity.ugui","com.unity.modules.unitywebrequest","com.unity.ext.nunit"],"includeCustomData":false} at 1791251434
[Licensing::Client] Successfully receive message: {"freeEntitlementIds":["com.unity.modules.audio","com.unity.modules.androidjni","com.unity.modules.imgui","com.unity.modules.physics","com.unity.modules.jsonserialize","com.unity.modules.screencapture","com.unity.modules.ui","cn.tuanjie.codely.bridge","com.unity.modules.imageconversion","com.unity.ugui","com.unity.modules.unitywebrequest","com.unity.ext.nunit"],"responseCode":200,"responseStatus":"Found 0 entitlement groups and 12 free entitlements matching requested entitlement ids","messageType":"EntitlementDetailsResponse"} at 1791251434
[Licensing::Client] Successfully resolved entitlement details
[Package Manager] Registered 12 packages:
  Packages from [https://packages.tuanjie.cn]:
    com.unity.ext.nunit@1.0.6 (location: /private/var/folders/19/jlz3f3_12q1d22xb7lhnbk700000gp/T/palmbay-netplay.3_fzw2el/client/Library/PackageCache/com.unity.ext.nunit@1.0.6)
  Built-in packages:
    com.unity.modules.audio@1.0.0 (location: /private/var/folders/19/jlz3f3_12q1d22xb7lhnbk700000gp/T/palmbay-netplay.3_fzw2el/client/Library/PackageCache/com.unity.modules.audio@1.0.0)
    com.unity.modules.androidjni@1.0.0 (location: /private/var/folders/19/jlz3f3_12q1d22xb7lhnbk700000gp/T/palmbay-netplay.3_fzw2el/client/Library/PackageCache/com.unity.modules.androidjni@1.0.0)
    com.unity.modules.imgui@1.0.0 (location: /private/var/folders/19/jlz3f3_12q1d22xb7lhnbk700000gp/T/palmbay-netplay.3_fzw2el/client/Library/PackageCache/com.unity.modules.imgui@1.0.0)
    com.unity.modules.physics@1.0.0 (location: /private/var/folders/19/jlz3f3_12q1d22xb7lhnbk700000gp/T/palmbay-netplay.3_fzw2el/client/Library/PackageCache/com.unity.modules.physics@1.0.0)
    com.unity.modules.jsonserialize@1.0.0 (location: /private/var/folders/19/jlz3f3_12q1d22xb7lhnbk700000gp/T/palmbay-netplay.3_fzw2el/client/Library/PackageCache/com.unity.modules.jsonserialize@1.0.0)
    com.unity.modules.screencapture@1.0.0 (location: /private/var/folders/19/jlz3f3_12q1d22xb7lhnbk700000gp/T/palmbay-netplay.3_fzw2el/client/Library/PackageCache/com.unity.modules.screencapture@1.0.0)
    com.unity.modules.ui@1.0.0 (location: /private/var/folders/19/jlz3f3_12q1d22xb7lhnbk700000gp/T/palmbay-netplay.3_fzw2el/client/Library/PackageCache/com.unity.modules.ui@1.0.0)
    com.unity.modules.imageconversion@1.0.0 (location: /private/var/folders/19/jlz3f3_12q1d22xb7lhnbk700000gp/T/palmbay-netplay.3_fzw2el/client/Library/PackageCache/com.unity.modules.imageconversion@1.0.0)
    com.unity.ugui@1.0.0 (location: /private/var/folders/19/jlz3f3_12q1d22xb7lhnbk700000gp/T/palmbay-netplay.3_fzw2el/client/Library/PackageCache/com.unity.ugui@1.0.0)
    com.unity.modules.unitywebrequest@1.0.0 (location: /private/var/folders/19/jlz3f3_12q1d22xb7lhnbk700000gp/T/palmbay-netplay.3_fzw2el/client/Library/PackageCache/com.unity.modules.unitywebrequest@1.0.0)
  Local packages:
    cn.tuanjie.codely.bridge@file:/private/var/folders/19/jlz3f3_12q1d22xb7lhnbk700000gp/T/palmbay-netplay.3_fzw2el/client/.codely.packages/cn.tuanjie.codely.bridge@1.0.85-785dea6a (location: /private/var/folders/19/jlz3f3_12q1d22xb7lhnbk700000gp/T/palmbay-netplay.3_fzw2el/client/.codely.packages/cn.tuanjie.codely.bridge@1.0.85-785dea6a)
[Subsystems] No new subsystems found in resolved package list.
Package Manager log level set to [2]
[Package Manager] Done registering packages in 0.13 seconds
[Package Manager] Done resolving packages in 0.65 seconds
[Package Manager] Registered 12 packages:
  Packages from [https://packages.tuanjie.cn]:
    com.unity.ext.nunit@1.0.6 (location: /private/var/folders/19/jlz3f3_12q1d22xb7lhnbk700000gp/T/palmbay-netplay.3_fzw2el/client/Library/PackageCache/com.unity.ext.nunit@1.0.6)
  Built-in packages:
    com.unity.modules.audio@1.0.0 (location: /private/var/folders/19/jlz3f3_12q1d22xb7lhnbk700000gp/T/palmbay-netplay.3_fzw2el/client/Library/PackageCache/com.unity.modules.audio@1.0.0)
    com.unity.modules.androidjni@1.0.0 (location: /private/var/folders/19/jlz3f3_12q1d22xb7lhnbk700000gp/T/palmbay-netplay.3_fzw2el/client/Library/PackageCache/com.unity.modules.androidjni@1.0.0)
    com.unity.modules.imgui@1.0.0 (location: /private/var/folders/19/jlz3f3_12q1d22xb7lhnbk700000gp/T/palmbay-netplay.3_fzw2el/client/Library/PackageCache/com.unity.modules.imgui@1.0.0)
    com.unity.modules.physics@1.0.0 (location: /private/var/folders/19/jlz3f3_12q1d22xb7lhnbk700000gp/T/palmbay-netplay.3_fzw2el/client/Library/PackageCache/com.unity.modules.physics@1.0.0)
    com.unity.modules.jsonserialize@1.0.0 (location: /private/var/folders/19/jlz3f3_12q1d22xb7lhnbk700000gp/T/palmbay-netplay.3_fzw2el/client/Library/PackageCache/com.unity.modules.jsonserialize@1.0.0)
    com.unity.modules.screencapture@1.0.0 (location: /private/var/folders/19/jlz3f3_12q1d22xb7lhnbk700000gp/T/palmbay-netplay.3_fzw2el/client/Library/PackageCache/com.unity.modules.screencapture@1.0.0)
    com.unity.modules.ui@1.0.0 (location: /private/var/folders/19/jlz3f3_12q1d22xb7lhnbk700000gp/T/palmbay-netplay.3_fzw2el/client/Library/PackageCache/com.unity.modules.ui@1.0.0)
    com.unity.modules.imageconversion@1.0.0 (location: /private/var/folders/19/jlz3f3_12q1d22xb7lhnbk700000gp/T/palmbay-netplay.3_fzw2el/client/Library/PackageCache/com.unity.modules.imageconversion@1.0.0)
    com.unity.ugui@1.0.0 (location: /private/var/folders/19/jlz3f3_12q1d22xb7lhnbk700000gp/T/palmbay-netplay.3_fzw2el/client/Library/PackageCache/com.unity.ugui@1.0.0)
    com.unity.modules.unitywebrequest@1.0.0 (location: /private/var/folders/19/jlz3f3_12q1d22xb7lhnbk700000gp/T/palmbay-netplay.3_fzw2el/client/Library/PackageCache/com.unity.modules.unitywebrequest@1.0.0)
  Local packages:
    cn.tuanjie.codely.bridge@file:/private/var/folders/19/jlz3f3_12q1d22xb7lhnbk700000gp/T/palmbay-netplay.3_fzw2el/client/.codely.packages/cn.tuanjie.codely.bridge@1.0.85-785dea6a (location: /private/var/folders/19/jlz3f3_12q1d22xb7lhnbk700000gp/T/palmbay-netplay.3_fzw2el/client/.codely.packages/cn.tuanjie.codely.bridge@1.0.85-785dea6a)
[Subsystems] No new subsystems found in resolved package list.
[Package Manager] Done registering packages in 0.00 seconds
Refreshing native plugins compatible for Editor in 7.23 ms, found 7 plugins.
Preloading 0 native plugins for Editor in 0.00 ms.
Initialize engine version: 2022.3.61t14 (3a70663b70e0)
[Subsystems] Discovering subsystems at path /Applications/Tuanjie/Hub/Editor/2022.3.61t14/Tuanjie.app/Contents/Resources/UnitySubsystems
[Subsystems] Discovering subsystems at path /private/var/folders/19/jlz3f3_12q1d22xb7lhnbk700000gp/T/palmbay-netplay.3_fzw2el/client/Assets
GfxDevice: creating device client; threaded=0; jobified=0
 preferred device: Apple M5 (high power)
Metal devices available: 1
0: Apple M5 (high power)
Using device Apple M5 (high power)
Initializing Metal device caps: Apple M5
[Licensing::Client] Successfully send message: {"messageType":"EntitlementDetailsRequest","entitlementIds":["com.unity.editor.cluster","com.unity.editor.headless"],"packageEntitlementIds":[],"includeCustomData":false} at 1791251435
[Licensing::Client] Successfully receive message: {"entitlementGroups":[{"entitlementGroupId":"F4-W5GR-B6V2-Y5WE-WRK9-GR7N","entitlementGroupIdHash":"8d58bf4deb18ac7618b28a8936c405932a8efcb2","productName":"Unity Personal","productType":"TuanjieEditor","licenseType":"ULF","expiration":1791514233000,"matchedEntitlements":[{"entitlementId":"com.unity.editor.headless","isPackage":false,"count":1}]}],"responseCode":200,"responseStatus":"Found 1 entitlement groups and 0 free entitlements matching requested entitlement ids","messageType":"EntitlementDetailsResponse"} at 1791251435
[Licensing::Client] Successfully resolved entitlement details
Initialize mono
Mono path[0] = '/Applications/Tuanjie/Hub/Editor/2022.3.61t14/Tuanjie.app/Contents/Managed'
Mono path[1] = '/Applications/Tuanjie/Hub/Editor/2022.3.61t14/Tuanjie.app/Contents/MonoBleedingEdge/lib/mono/unityjit-macos'
Mono config path = '/Applications/Tuanjie/Hub/Editor/2022.3.61t14/Tuanjie.app/Contents/MonoBleedingEdge/etc'
Using monoOptions --debugger-agent=transport=dt_socket,embedding=1,server=y,suspend=n,address=0.0.0.0:56797
Using cacheserver namespaces - metadata:defaultmetadata, artifacts:defaultartifacts
Using cacheserver namespaces - metadata:defaultmetadata, artifacts:defaultartifacts
ImportWorker Server TCP listen port: 0
Begin MonoManager ReloadAssembly
Registering precompiled tuanjie dll's ...
Register platform support module: /Applications/Tuanjie/Hub/Editor/2022.3.61t14/Tuanjie.app/Contents/PlaybackEngines/MacStandaloneSupport/UnityEditor.OSXStandalone.Extensions.dll
[Licensing::Client] Successfully send message: {"messageType":"EntitlementDetailsRequest","entitlementIds":["com.unity.editor.platforms.android","com.unity.editor.headless"],"packageEntitlementIds":[],"includeCustomData":false} at 1791251435
[Licensing::Client] Successfully receive message: {"entitlementGroups":[{"entitlementGroupId":"F4-W5GR-B6V2-Y5WE-WRK9-GR7N","entitlementGroupIdHash":"8d58bf4deb18ac7618b28a8936c405932a8efcb2","productName":"Unity Personal","productType":"TuanjieEditor","licenseType":"ULF","expiration":1791514233000,"matchedEntitlements":[{"entitlementId":"com.unity.editor.platforms.android","isPackage":false,"count":1},{"entitlementId":"com.unity.editor.headless","isPackage":false,"count":1}]}],"responseCode":200,"responseStatus":"Found 1 entitlement groups and 0 free entitlements matching requested entitlement ids","messageType":"EntitlementDetailsResponse"} at 1791251436
[Licensing::Client] Successfully resolved entitlement details
Register platform support module: /Applications/Tuanjie/Hub/Editor/2022.3.61t14/PlaybackEngines/AndroidPlayer/UnityEditor.Android.Extensions.dll
Registered in 0.014076 seconds.
- Loaded All Assemblies, in  0.250 seconds
Native extension for Android target not found
Android Extension - Scanning For ADB Devices 88 ms
Native extension for OSXStandalone target not found
[Licensing::Client] Successfully send message: {"messageType":"EntitlementDetailsRequest","entitlementIds":["com.unity.editor.minigame.subplatform.wechat","com.unity.editor.headless"],"packageEntitlementIds":[],"includeCustomData":false} at 1791251436
[Licensing::Client] Successfully receive message: {"entitlementGroups":[{"entitlementGroupId":"F4-W5GR-B6V2-Y5WE-WRK9-GR7N","entitlementGroupIdHash":"8d58bf4deb18ac7618b28a8936c405932a8efcb2","productName":"Unity Personal","productType":"TuanjieEditor","licenseType":"ULF","expiration":1791514233000,"matchedEntitlements":[{"entitlementId":"com.unity.editor.headless","isPackage":false,"count":1},{"entitlementId":"com.unity.editor.minigame.subplatform.wechat","isPackage":false,"count":1}]}],"responseCode":200,"responseStatus":"Found 1 entitlement groups and 0 free entitlements matching requested entitlement ids","messageType":"EntitlementDetailsResponse"} at 1791251436
[Licensing::Client] Successfully resolved entitlement details
[Licensing::Client] Successfully send message: {"messageType":"EntitlementDetailsRequest","entitlementIds":["com.unity.editor.minigame.subplatform.douyin","com.unity.editor.headless"],"packageEntitlementIds":[],"includeCustomData":false} at 1791251436
[Licensing::Client] Successfully receive message: {"entitlementGroups":[{"entitlementGroupId":"F4-W5GR-B6V2-Y5WE-WRK9-GR7N","entitlementGroupIdHash":"8d58bf4deb18ac7618b28a8936c405932a8efcb2","productName":"Unity Personal","productType":"TuanjieEditor","licenseType":"ULF","expiration":1791514233000,"matchedEntitlements":[{"entitlementId":"com.unity.editor.headless","isPackage":false,"count":1},{"entitlementId":"com.unity.editor.minigame.subplatform.douyin","isPackage":false,"count":1}]}],"responseCode":200,"responseStatus":"Found 1 entitlement groups and 0 free entitlements matching requested entitlement ids","messageType":"EntitlementDetailsResponse"} at 1791251436
[Licensing::Client] Successfully resolved entitlement details
[Licensing::Client] Successfully send message: {"messageType":"EntitlementDetailsRequest","entitlementIds":["com.unity.editor.minigame.subplatform.kuaishou","com.unity.editor.headless"],"packageEntitlementIds":[],"includeCustomData":false} at 1791251436
[Licensing::Client] Successfully receive message: {"entitlementGroups":[{"entitlementGroupId":"F4-W5GR-B6V2-Y5WE-WRK9-GR7N","entitlementGroupIdHash":"8d58bf4deb18ac7618b28a8936c405932a8efcb2","productName":"Unity Personal","productType":"TuanjieEditor","licenseType":"ULF","expiration":1791514233000,"matchedEntitlements":[{"entitlementId":"com.unity.editor.headless","isPackage":false,"count":1},{"entitlementId":"com.unity.editor.minigame.subplatform.kuaishou","isPackage":false,"count":1}]}],"responseCode":200,"responseStatus":"Found 1 entitlement groups and 0 free entitlements matching requested entitlement ids","messageType":"EntitlementDetailsResponse"} at 1791251436
[Licensing::Client] Successfully resolved entitlement details
[Licensing::Client] Successfully send message: {"messageType":"EntitlementDetailsRequest","entitlementIds":["com.unity.editor.minigame.subplatform.minihost","com.unity.editor.headless"],"packageEntitlementIds":[],"includeCustomData":false} at 1791251436
[Licensing::Client] Successfully receive message: {"entitlementGroups":[{"entitlementGroupId":"F4-W5GR-B6V2-Y5WE-WRK9-GR7N","entitlementGroupIdHash":"8d58bf4deb18ac7618b28a8936c405932a8efcb2","productName":"Unity Personal","productType":"TuanjieEditor","licenseType":"ULF","expiration":1791514233000,"matchedEntitlements":[{"entitlementId":"com.unity.editor.headless","isPackage":false,"count":1},{"entitlementId":"com.unity.editor.minigame.subplatform.minihost","isPackage":false,"count":1}]}],"responseCode":200,"responseStatus":"Found 1 entitlement groups and 0 free entitlements matching requested entitlement ids","messageType":"EntitlementDetailsResponse"} at 1791251436
[Licensing::Client] Successfully resolved entitlement details
Mono: successfully reloaded assembly
- Finished resetting the current domain, in  0.318 seconds
Domain Reload Profiling: 567ms
	BeginReloadAssembly (67ms)
		ExecutionOrderSort (0ms)
		DisableScriptedObjects (0ms)
		BackupInstance (0ms)
		ReleaseScriptingObjects (0ms)
		CreateAndSetChildDomain (0ms)
	RebuildCommonClasses (23ms)
	RebuildNativeTypeToScriptingClass (9ms)
	initialDomainReloadingComplete (45ms)
	LoadAllAssembliesAndSetupDomain (106ms)
		LoadAssemblies (67ms)
		RebuildTransferFunctionScriptingTraits (0ms)
		AnalyzeDomain (104ms)
			TypeCache.Refresh (103ms)
				TypeCache.ScanAssembly (93ms)
			ScanForSourceGeneratedMonoScriptInfo (0ms)
			ResolveRequiredComponents (0ms)
	FinalizeReload (318ms)
		ReleaseScriptCaches (0ms)
		RebuildScriptCaches (0ms)
		SetupLoadedEditorAssemblies (286ms)
			LogAssemblyErrors (0ms)
			InitializePlatformSupportModulesInManaged (143ms)
			SetLoadedEditorAssemblies (3ms)
			RefreshPlugins (0ms)
			BeforeProcessingInitializeOnLoad (1ms)
			ProcessInitializeOnLoadAttributes (129ms)
			ProcessInitializeOnLoadMethodAttributes (9ms)
			AfterProcessingInitializeOnLoad (0ms)
			EditorAssembliesLoaded (0ms)
		ExecutionOrderSort2 (0ms)
		AwakeInstancesAfterBackupRestoration (0ms)
[Licensing::Client] Successfully send message: {"messageType":"EntitlementDetailsRequest","entitlementIds":["com.unity.editor.legacy.pro","com.unity.editor.watermarks.disable","com.unity.editor.watermarks.prototyping","com.unity.editor.watermarks.edu","com.unity.editor.watermarks.trial","com.unity.editor.time-limited-license","com.unity.editor.cluster","com.unity.editor.unity.compliant","com.unity.editor.watermarks.forcedisable","com.unity.editor.open-harmony.analytics.disabled","com.unity.editor.mini-game.analytics.disabled","com.unity.editor.unity.expiration.2d","com.unity.editor.unity.expiration.7d","com.unity.editor.headless"],"packageEntitlementIds":[],"includeCustomData":false} at 1791251436
[Licensing::Client] Successfully receive message: {"entitlementGroups":[{"entitlementGroupId":"F4-W5GR-B6V2-Y5WE-WRK9-GR7N","entitlementGroupIdHash":"8d58bf4deb18ac7618b28a8936c405932a8efcb2","productName":"Unity Personal","productType":"TuanjieEditor","licenseType":"ULF","expiration":1791514233000,"matchedEntitlements":[{"entitlementId":"com.unity.editor.headless","isPackage":false,"count":1},{"entitlementId":"com.unity.editor.unity.expiration.2d","isPackage":false,"count":1},{"entitlementId":"com.unity.editor.watermarks.forcedisable","isPackage":false,"count":1},{"entitlementId":"com.unity.editor.unity.compliant","isPackage":false,"count":1},{"entitlementId":"com.unity.editor.mini-game.analytics.disabled","isPackage":false,"count":1},{"entitlementId":"com.unity.editor.time-limited-license","isPackage":false,"count":1}]}],"responseCode":200,"responseStatus":"Found 1 entitlement groups and 0 free entitlements matching requested entitlement ids","messageType":"EntitlementDetailsResponse"} at 1791251436
[Licensing::Client] Successfully resolved entitlement details
Application.AssetDatabase Initial Refresh Start
[40m[32minfo[39m[22m[49m: Microsoft.Hosting.Lifetime[14]
      Now listening on: http://unix:/tmp/ilpp.sock-c999f06df2a4c4ef8ad738e9fc905d81
[40m[32minfo[39m[22m[49m: Microsoft.Hosting.Lifetime[0]
      Application started. Press Ctrl+C to shut down.
[40m[32minfo[39m[22m[49m: Microsoft.Hosting.Lifetime[0]
      Hosting environment: Production
[40m[32minfo[39m[22m[49m: Microsoft.Hosting.Lifetime[0]
      Content root path: /private/var/folders/19/jlz3f3_12q1d22xb7lhnbk700000gp/T/palmbay-netplay.3_fzw2el/client/
[40m[32minfo[39m[22m[49m: Microsoft.AspNetCore.Hosting.Diagnostics[1]
      Request starting HTTP/2 POST http://ilpp/UnityILPP.PostProcessing/Ping application/grpc -
[40m[32minfo[39m[22m[49m: Microsoft.AspNetCore.Routing.EndpointMiddleware[0]
      Executing endpoint 'gRPC - /UnityILPP.PostProcessing/Ping'
[40m[32minfo[39m[22m[49m: Microsoft.AspNetCore.Routing.EndpointMiddleware[1]
      Executed endpoint 'gRPC - /UnityILPP.PostProcessing/Ping'
[40m[32minfo[39m[22m[49m: Microsoft.AspNetCore.Hosting.Diagnostics[2]
      Request finished HTTP/2 POST http://ilpp/UnityILPP.PostProcessing/Ping application/grpc - - 200 - application/grpc 32.5408ms
Starting: /Applications/Tuanjie/Hub/Editor/2022.3.61t14/Tuanjie.app/Contents/bee_backend --dont-print-to-structured-log --ipc --defer-dag-verification --dagfile="Library/Bee/200b0aE.dag" --continue-on-failure --profile="Library/Bee/backend1.traceevents" ScriptAssemblies
WorkingDir: /private/var/folders/19/jlz3f3_12q1d22xb7lhnbk700000gp/T/palmbay-netplay.3_fzw2el/client
DisplayProgressbar: Compiling Scripts
ExitCode: 0 Duration: 0s54ms
*** Tundra build success (0.04 seconds), 0 items updated, 158 evaluated
Total cache size 14598992
Total cache size after purge 14598992
AssetDatabase: script compilation time: 0.488820s
Begin MonoManager ReloadAssembly
- Loaded All Assemblies, in  0.297 seconds
Refreshing native plugins compatible for Editor in 4.61 ms, found 7 plugins.
Preloading 0 native plugins for Editor in 0.00 ms.
Start importing ProjectSettings/ProjectSettings.asset using Guid(00000000000000004000000000000000) Importer(Primary)  -> (artifact id: '0114e04bde61ebba6552e0c22bb77095') in 0.009263 seconds
Refreshing native plugins compatible for Editor in 3.96 ms, found 7 plugins.
Native extension for Android target not found
Native extension for OSXStandalone target not found
Mono: successfully reloaded assembly
- Finished resetting the current domain, in  0.210 seconds
Domain Reload Profiling: 507ms
	BeginReloadAssembly (85ms)
		ExecutionOrderSort (0ms)
		DisableScriptedObjects (3ms)
		BackupInstance (0ms)
		ReleaseScriptingObjects (0ms)
		CreateAndSetChildDomain (14ms)
	RebuildCommonClasses (23ms)
	RebuildNativeTypeToScriptingClass (9ms)
	initialDomainReloadingComplete (15ms)
	LoadAllAssembliesAndSetupDomain (166ms)
		LoadAssemblies (116ms)
		RebuildTransferFunctionScriptingTraits (0ms)
		AnalyzeDomain (101ms)
			TypeCache.Refresh (97ms)
				TypeCache.ScanAssembly (87ms)
			ScanForSourceGeneratedMonoScriptInfo (1ms)
			ResolveRequiredComponents (1ms)
	FinalizeReload (210ms)
		ReleaseScriptCaches (0ms)
		RebuildScriptCaches (0ms)
		SetupLoadedEditorAssemblies (123ms)
			LogAssemblyErrors (0ms)
			InitializePlatformSupportModulesInManaged (8ms)
			SetLoadedEditorAssemblies (3ms)
			RefreshPlugins (0ms)
			BeforeProcessingInitializeOnLoad (17ms)
			ProcessInitializeOnLoadAttributes (83ms)
			ProcessInitializeOnLoadMethodAttributes (11ms)
			AfterProcessingInitializeOnLoad (1ms)
			EditorAssembliesLoaded (0ms)
		ExecutionOrderSort2 (0ms)
		AwakeInstancesAfterBackupRestoration (2ms)
plugin_module success
g_query_callback success 
g_get_assembly_csharp load success 
Launching external process: /Applications/Tuanjie/Hub/Editor/2022.3.61t14/Tuanjie.app/Contents/Tools/TuanjieShaderCompiler
Launched and connected shader compiler TuanjieShaderCompiler after 0.04 seconds
Refreshing native plugins compatible for Editor in 2.41 ms, found 7 plugins.
Preloading 0 native plugins for Editor in 0.00 ms.
Asset Pipeline Refresh (id=263c4efaec8b444ea9ceedb0c077d953): Total: 1.457 seconds - Initiated by InitialRefreshV2(ForceSynchronousImport)
	Summary:
		Imports: total=1 (actual=1, local cache=0, cache server=0)
		Asset DB Process Time: managed=1 ms, native=334 ms
		Asset DB Callback time: managed=29 ms, native=77 ms
		Scripting: domain reloads=1, domain reload time=520 ms, compile time=490 ms, other=3 ms
		Project Asset Count: scripts=612, non-scripts=4612
		Asset File Changes: new=0, changed=1, moved=0, deleted=0
		Scan Filter Count: 1
		OnDemandAssets Count:0
	InvokeBeforeRefreshCallbacks: 0.731ms
	ApplyChangesToAssetFolders: 0.044ms
	Scan: 116.406ms
	OnSourceAssetsModified: 1.548ms
	GetAllGuidsForCategorization: 0.367ms
	CategorizeAssets: 60.662ms
	ImportOutOfDateAssets: 235.153ms (-270.344ms without children)
		ImportManagerImport: 12.407ms (2.908ms without children)
			ImportInProcess: 9.486ms
			UpdateCategorizedAssets: 0.013ms
		CompileScripts: 489.947ms
		ReloadNativeAssets: 0.000ms
		UnloadImportedAssets: 1.264ms
		EnsureUptoDateAssetsAreRegisteredWithGuidPM: 1.182ms
		InitializingProgressBar: 0.000ms
		PostProcessAllAssetNotificationsAddChangedAssets: 0.000ms
		OnDemandSchedulerStart: 0.696ms
	PostProcessAllAssets: 149.995ms
	Hotreload: 2.918ms
	GatherAllCurrentPrimaryArtifactRevisions: 0.186ms
	UnloadStreamsBegin: 0.201ms
	PersistCurrentRevisions: 0.448ms
	UnloadStreamsEnd: 0.004ms
	GenerateScriptTypeHashes: 0.000ms
	Untracked: 887.881ms
Application.AssetDatabase Initial Refresh End
Scanning for USB devices : 0.027ms
Initializing Tuanjie extensions:
[Licensing::Client] Successfully send message: {"messageType":"ProductNameRequest","Value":"studio.palmbay.airport"} at 1791251438
[Licensing::Client] Successfully receive message: {"responseCode":200,"messageType":"ProductNameResponse"} at 1791251438
[Licensing::Client] Error: ProductNameResponse could not be deserialized
[MODES] ModeService[none].Initialize
[MODES] ModeService[none].LoadModes
[MODES] Loading mode Default (0) for mode-current-id-Netplay-18bf272050684f34bd962ad94f2a001f-client10
Unloading 3 Unused Serialized files (Serialized files now loaded: 0)
Unloading 52 unused Assets / (388.2 KB). Loaded Objects now: 981.
Memory consumption went from 96.8 MB to 96.4 MB.
Total: 2.444750 ms (FindLiveObjects: 0.043583 ms CreateObjectMapping: 0.012959 ms MarkObjects: 2.243958 ms  DeleteObjects: 0.143916 ms)

Opening scene 'Assets/Scenes/CabinLobby.unity'
Unloading 0 Unused Serialized files (Serialized files now loaded: 0)
Loaded scene 'Assets/Scenes/CabinLobby.unity'
	Deserialize:            19.467 ms
	Integration:            10.293 ms
	Integration of assets:  0.008 ms
	Thread Wait Time:       0.009 ms
	Total Operation Time:   29.777 ms
Unloading 1 unused Assets / (0.5 KB). Loaded Objects now: 2861.
Memory consumption went from 97.0 MB to 97.0 MB.
Total: 2.311291 ms (FindLiveObjects: 0.102292 ms CreateObjectMapping: 0.014291 ms MarkObjects: 2.185834 ms  DeleteObjects: 0.008625 ms)

[Project] Loading completed in 4.920 seconds
	Project init time: 				3.833 seconds
		Template init time: 		0.000 seconds
		Package Manager init time: 		0.200 seconds
		Asset Database init time: 		0.845 seconds
		Global illumination init time: 	0.001 seconds
		Assemblies load time: 			0.575 seconds
		Tuanjie extensions init time: 	0.001 seconds
		Asset Database refresh time: 	1.505 seconds
	Scene opening time: 			0.098 seconds
##utp:{"type":"ProjectInfo","version":2,"phase":"Immediate","time":1791251438130,"processId":76797,"projectLoad":4.920322583000001,"projectInit":3.832608875,"templateInit":0.0,"packageManagerInit":0.200104042,"assetDatabaseInit":0.844753792,"globalIlluminationInit":0.000610083,"assembliesLoad":0.575095333,"unityExtensionsInit":0.000648584,"assetDatabaseRefresh":1.505295209,"sceneOpening":0.097663125}
##utp:{"type":"EditorInfo","version":2,"phase":"Immediate","time":1791251438130,"processId":76797,"editorVersion":"2022.3.61t14 (3a70663b70e0)","branch":"tuanjie/1.6/staging","buildType":"Release","platform":"OSX"}
Subscribe to USB device events
Thread 0x173ccb000 may have been prematurely finalized
CachePath: /Users/qinziqian/Library/Caches/Tuanjie/Palm Bay Netplaytest 18bf272050684f34bd962ad94f2a001f client10_Netplay-18bf272050684f34bd962ad94f2a001f-client10
CachePath: /Users/qinziqian/Library/Caches/Tuanjie/Palm Bay Netplaytest 18bf272050684f34bd962ad94f2a001f client10_Netplay-18bf272050684f34bd962ad94f2a001f-client10
Reloading assemblies for play mode.
Reloading assemblies after forced synchronous recompile.
Begin MonoManager ReloadAssembly
[NWB-WebRTC] SendDataChannelMessage rejected: dataChannel=null len=24
[NWB-C++] SendDataChannelMessage REJECTED (len=24)
- Loaded All Assemblies, in  0.155 seconds
Refreshing native plugins compatible for Editor in 3.47 ms, found 7 plugins.
Native extension for Android target not found
Native extension for OSXStandalone target not found
Mono: successfully reloaded assembly
- Finished resetting the current domain, in  0.241 seconds
Domain Reload Profiling: 396ms
	BeginReloadAssembly (92ms)
		ExecutionOrderSort (0ms)
		DisableScriptedObjects (3ms)
		BackupInstance (0ms)
		ReleaseScriptingObjects (0ms)
		CreateAndSetChildDomain (18ms)
	RebuildCommonClasses (23ms)
	RebuildNativeTypeToScriptingClass (9ms)
	initialDomainReloadingComplete (15ms)
	LoadAllAssembliesAndSetupDomain (16ms)
		LoadAssemblies (57ms)
		RebuildTransferFunctionScriptingTraits (0ms)
		AnalyzeDomain (7ms)
			TypeCache.Refresh (4ms)
				TypeCache.ScanAssembly (0ms)
			ScanForSourceGeneratedMonoScriptInfo (0ms)
			ResolveRequiredComponents (1ms)
	FinalizeReload (241ms)
		ReleaseScriptCaches (0ms)
		RebuildScriptCaches (0ms)
		SetupLoadedEditorAssemblies (130ms)
			LogAssemblyErrors (0ms)
			InitializePlatformSupportModulesInManaged (9ms)
			SetLoadedEditorAssemblies (3ms)
			RefreshPlugins (0ms)
			BeforeProcessingInitializeOnLoad (18ms)
			ProcessInitializeOnLoadAttributes (86ms)
			ProcessInitializeOnLoadMethodAttributes (12ms)
			AfterProcessingInitializeOnLoad (1ms)
			EditorAssembliesLoaded (0ms)
		ExecutionOrderSort2 (0ms)
		AwakeInstancesAfterBackupRestoration (3ms)
Asset Pipeline Refresh (id=21222369cac564749ac573ae0d1d11bf): Total: 0.560 seconds - Initiated by StopAssetImportingV2(ForceSynchronousImport | ForceDomainReload)
	Summary:
		Imports: total=0 (actual=0, local cache=0, cache server=0)
		Asset DB Process Time: managed=0 ms, native=142 ms
		Asset DB Callback time: managed=8 ms, native=0 ms
		Scripting: domain reloads=1, domain reload time=407 ms, compile time=1 ms, other=0 ms
		Project Asset Count: scripts=612, non-scripts=4612
		Asset File Changes: new=0, changed=0, moved=0, deleted=0
		Scan Filter Count: 0
		OnDemandAssets Count:0
	InvokeBeforeRefreshCallbacks: 0.571ms
	ApplyChangesToAssetFolders: 0.015ms
	Scan: 0.000ms
	OnSourceAssetsModified: 0.001ms
	GetAllGuidsForCategorization: 0.308ms
	CategorizeAssets: 43.877ms
	ImportOutOfDateAssets: 250.953ms (248.698ms without children)
		CompileScripts: 1.129ms
		CollectScriptTypesHashes: 0.009ms
		ReloadNativeAssets: 0.029ms
		UnloadImportedAssets: 0.251ms
		EnsureUptoDateAssetsAreRegisteredWithGuidPM: 0.591ms
		InitializingProgressBar: 0.000ms
		PostProcessAllAssetNotificationsAddChangedAssets: 0.000ms
		OnDemandSchedulerStart: 0.246ms
	PostProcessAllAssets: 8.252ms
	GatherAllCurrentPrimaryArtifactRevisions: 0.195ms
	UnloadStreamsBegin: 0.112ms
	PersistCurrentRevisions: 0.187ms
	UnloadStreamsEnd: 0.017ms
	GenerateScriptTypeHashes: 0.000ms
	Untracked: 255.160ms
AppState: beacon 收听套接绑定失败，自动发现不可用。Address already in use
UnityEngine.StackTraceUtility:ExtractStackTrace () (at /Users/bokken/build/output/dev/tj/Runtime/Export/Scripting/StackTrace.cs:37)
UnityEngine.DebugLogHandler:LogFormat (UnityEngine.LogType,UnityEngine.Object,string,object[])
UnityEngine.Logger:Log (UnityEngine.LogType,object)
UnityEngine.Debug:LogWarning (object)
IslandAirport.AppState:Awake () (at Assets/Scripts/Gameplay/AppState.cs:192)
UnityEngine.GameObject:AddComponent (System.Type) (at /Users/bokken/build/output/dev/tj/Runtime/Export/Scripting/GameObject.bindings.cs:240)
UnityEngine.GameObject:AddComponent<IslandAirport.AppState> () (at /Users/bokken/build/output/dev/tj/Runtime/Export/Scripting/GameObject.bindings.cs:245)
IslandAirport.AppState:Ensure () (at Assets/Scripts/Gameplay/AppState.cs:147)
IslandAirport.LobbyApp:Awake () (at Assets/Scripts/Gameplay/LobbyApp.cs:137)

(Filename: Assets/Scripts/Gameplay/AppState.cs Line: 192)

Loaded scene 'Temp/__Backupscenes/0.backup'
	Deserialize:            9.635 ms
	Integration:            77.350 ms
	Integration of assets:  0.043 ms
	Thread Wait Time:       0.004 ms
	Total Operation Time:   87.032 ms
[MODES] ModeService[none].Initialize
[MODES] ModeService[none].LoadModes
[MODES] Loading mode Default (0) for mode-current-id-Netplay-18bf272050684f34bd962ad94f2a001f-client10
[NWB-WebRTC] SendDataChannelMessage rejected: dataChannel=null len=54
[NWB-C++] SendDataChannelMessage REJECTED (len=54)
[NWB-WebRTC] SendDataChannelMessage rejected: dataChannel=null len=33
[NWB-C++] SendDataChannelMessage REJECTED (len=33)
Created GICache directory at /Users/qinziqian/Library/Caches/cn.yousandi.TuanjieEditor/Tuanjie/GiCache. Took: 0.003s, timestamps: [5.768 - 5.771]
Unloading 59 Unused Serialized files (Serialized files now loaded: 0)
UnloadTime: 2.999166 ms
Loaded scene 'Assets/Scenes/PalmBay.unity'
	Deserialize:            1.347 ms
	Integration:            51.536 ms
	Integration of assets:  0.001 ms
	Thread Wait Time:       0.008 ms
	Total Operation Time:   52.892 ms
Unloading 124 unused Assets / (233.7 KB). Loaded Objects now: 4124.
Memory consumption went from 104.4 MB to 104.2 MB.
Total: 3.275667 ms (FindLiveObjects: 0.134958 ms CreateObjectMapping: 0.023542 ms MarkObjects: 3.018125 ms  DeleteObjects: 0.098833 ms)

NETPLAY_PASSED client-m4-hostloss Surviving client restored live authoritative checkpoint, retained control and finished original match after host departure.
UnityEngine.StackTraceUtility:ExtractStackTrace () (at /Users/bokken/build/output/dev/tj/Runtime/Export/Scripting/StackTrace.cs:37)
UnityEngine.DebugLogHandler:LogFormat (UnityEngine.LogType,UnityEngine.Object,string,object[])
UnityEngine.Logger:Log (UnityEngine.LogType,object)
UnityEngine.Debug:Log (object)
NetPlaytest:Complete (bool,string) (at Assets/Editor/NetPlaytest.cs:1699)
NetPlaytest:AdvanceM4Client (double,single) (at Assets/Editor/NetPlaytest.M4.cs:330)
NetPlaytest:AdvanceM4 (double,single) (at Assets/Editor/NetPlaytest.M4.cs:36)
NetPlaytest:AdvanceScenario (double,single) (at Assets/Editor/NetPlaytest.cs:309)
NetPlaytest:Poll () (at Assets/Editor/NetPlaytest.cs:219)
UnityEditor.EditorApplication:Internal_CallUpdateFunctions () (at /Users/bokken/build/output/dev/tj/Editor/Mono/EditorApplication.cs:387)

(Filename: Assets/Editor/NetPlaytest.cs Line: 1699)

Thread 0x16fe7f000 may have been prematurely finalized
CachePath: /Users/qinziqian/Library/Caches/Tuanjie/Palm Bay Netplaytest 18bf272050684f34bd962ad94f2a001f client10_Netplay-18bf272050684f34bd962ad94f2a001f-client10
Unloading 6 Unused Serialized files (Serialized files now loaded: 0)
Loaded scene 'Temp/__Backupscenes/0.backup'
	Deserialize:            2.891 ms
	Integration:            10.344 ms
	Integration of assets:  0.002 ms
	Thread Wait Time:       0.010 ms
	Total Operation Time:   13.246 ms
Unloading 2 unused Assets / (163.0 KB). Loaded Objects now: 2875.
Memory consumption went from 89.0 MB to 88.8 MB.
Total: 5.966541 ms (FindLiveObjects: 0.108667 ms CreateObjectMapping: 0.015208 ms MarkObjects: 5.828334 ms  DeleteObjects: 0.014125 ms)

[UnityConnectServicesConfig] config is NOT valid, switching to default
gi::BakeBackendSwitch: switching bake backend from 3 to 2.
[00:00:00] Builtin Sky manager started.
Killing ADB server in 0.039509 seconds.
Thread 0x170627000 may have been prematurely finalized
Input System module state changed to: ShutdownInProgress.
Input System polling thread exited.
Input System module state changed to: Shutdown.
[Licensing::IpcConnector] License Notification channel disconnected successfully.
[Licensing::IpcConnector] License Client channel disconnected successfully.
Shutting down server...
Thread 0x170b9f000 may have been prematurely finalized
[40m[32minfo[39m[22m[49m: Microsoft.Hosting.Lifetime[0]
      Application is shutting down...
Cleanup mono
debugger-agent: Unable to listen on 53
[Performance] Application.InitializeProject                                                                                        :        1 samples, Peak.  3.83 s (1.0x), Avg.  3.83 s, Total. 3.833 s (16.3%)
[Performance] Application.PackageManager.StartServer                                                                               :        1 samples, Peak.  1.11 ms (1.0x), Avg.  1.11 ms, Total. 1.109 ms (0.0%)
[Performance] Application.AcquireProjectLock                                                                                       :        1 samples, Peak.  3.19 ms (1.0x), Avg.  3.19 ms, Total. 3.187 ms (0.0%)
[Performance] Application.InitializeEngineNoGraphics                                                                               :        1 samples, Peak.   394 ms (1.0x), Avg.   394 ms, Total. 394.2 ms (1.7%)
[Performance] Application.PackageManager.Initialize                                                                                :        1 samples, Peak.   200 ms (1.0x), Avg.   200 ms, Total. 200.1 ms (0.8%)
[Performance] Connecting to Package Manager                                                                                        :       21 samples, Peak.  33.8 us (17.0x), Avg.  1.98 us, Total. 41.62 us (0.0%)
[Performance] PackageManager::Api::RunRequestSynchronously                                                                         :       13 samples, Peak.  4.92 us (3.7x), Avg.  1.34 us, Total. 17.37 us (0.0%)
[Performance] Application.EngineGraphics.Initialize                                                                                :        1 samples, Peak.  25.8 ms (1.0x), Avg.  25.8 ms, Total. 25.81 ms (0.1%)
[Performance] Application.GI.Initialize                                                                                            :        1 samples, Peak.   610 us (1.0x), Avg.   610 us, Total. 610.5 us (0.0%)
[Performance] Application.LoadAllDefaultResourcesFromEditor                                                                        :        1 samples, Peak.  1.28 ms (1.0x), Avg.  1.28 ms, Total. 1.279 ms (0.0%)
[Performance] Application.LoadMonoAssemblies                                                                                       :        1 samples, Peak.   575 ms (1.0x), Avg.   575 ms, Total. 575.1 ms (2.4%)
[Performance] RestoreManagedReferences                                                                                             :        3 samples, Peak.  55.4 ms (1.6x), Avg.  33.6 ms, Total. 100.9 ms (0.4%)
[Performance] InitializeOnLoad BuildProfileHelperManager                                                                           :        3 samples, Peak.  67.9 ms (2.6x), Avg.  25.9 ms, Total. 77.71 ms (0.3%)
[Performance] InitializeOnLoad SceneSearch                                                                                         :        3 samples, Peak.  94.3 us (1.2x), Avg.  79.6 us, Total. 238.9 us (0.0%)
[Performance] InitializeOnLoad DrivenRectTransformUndo                                                                             :        3 samples, Peak.   176 us (1.1x), Avg.   161 us, Total. 481.9 us (0.0%)
[Performance] InitializeOnLoad EditMode                                                                                            :        3 samples, Peak.   215 us (1.1x), Avg.   195 us, Total. 585.0 us (0.0%)
[Performance] InitializeOnLoad PlayModeDownload                                                                                    :        3 samples, Peak.   305 us (2.1x), Avg.   144 us, Total. 432.5 us (0.0%)
[Performance] InitializeOnLoad ShortcutIntegration                                                                                 :        3 samples, Peak.  39.7 us (1.2x), Avg.  32.3 us, Total. 97.04 us (0.0%)
[Performance] InitializeOnLoad ManagedDebuggerWindow                                                                               :        3 samples, Peak.   421 us (1.1x), Avg.   392 us, Total. 1.177 ms (0.0%)
[Performance] InitializeOnLoad MenuItems                                                                                           :        3 samples, Peak.   197 us (1.2x), Avg.   169 us, Total. 507.0 us (0.0%)
[Performance] InitializeOnLoad ConsoleEntrance                                                                                     :        3 samples, Peak.   202 us (1.0x), Avg.   192 us, Total. 577.5 us (0.0%)
[Performance] InitializeOnLoad MixerEffectDefinitionReloader                                                                       :        3 samples, Peak.  1.42 ms (1.2x), Avg.  1.14 ms, Total. 3.432 ms (0.0%)
[Performance] InitializeOnLoad SearchService                                                                                       :        3 samples, Peak.  67.7 us (1.1x), Avg.  62.8 us, Total. 188.4 us (0.0%)
[Performance] InitializeOnLoad CloudBuild                                                                                          :        3 samples, Peak.  2.87 us (1.2x), Avg.  2.38 us, Total. 7.125 us (0.0%)
[Performance] InitializeOnLoad PrefabInstanceChangedListener                                                                       :        3 samples, Peak.  81.1 us (1.1x), Avg.  76.0 us, Total. 228.0 us (0.0%)
[Performance] InitializeOnLoad ManagedDebugger                                                                                     :        3 samples, Peak.   208 ns (1.2x), Avg.   181 ns, Total. 542.0 ns (0.0%)
[Performance] InitializeOnLoad AssetStoreContext                                                                                   :        3 samples, Peak.  14.4 ms (1.4x), Avg.  10.2 ms, Total. 30.67 ms (0.1%)
[Performance] InitializeOnLoad NativeFormatImporterUtility                                                                         :        3 samples, Peak.  1.43 ms (1.2x), Avg.  1.17 ms, Total. 3.502 ms (0.0%)
[Performance] InitializeOnLoad ObjectSelectorSearch                                                                                :        3 samples, Peak.  32.2 us (1.1x), Avg.  28.5 us, Total. 85.37 us (0.0%)
[Performance] InitializeOnLoad CacheServerWindow                                                                                   :        3 samples, Peak.  9.50 us (1.1x), Avg.  8.53 us, Total. 25.58 us (0.0%)
[Performance] InitializeOnLoad PoolManager                                                                                         :        3 samples, Peak.  29.4 us (1.1x), Avg.  27.8 us, Total. 83.42 us (0.0%)
[Performance] InitializeOnLoad UISystemProfilerRenderService                                                                       :        3 samples, Peak.  5.58 us (1.0x), Avg.  5.51 us, Total. 16.54 us (0.0%)
[Performance] InitializeOnLoad ProfilerConnectionPopupWindow                                                                       :        3 samples, Peak.  18.0 us (1.1x), Avg.  16.1 us, Total. 48.33 us (0.0%)
[Performance] InitializeOnLoad ProjectSearch                                                                                       :        3 samples, Peak.  26.7 us (1.2x), Avg.  23.0 us, Total. 68.87 us (0.0%)
[Performance] InitializeOnLoad TuanjiePathAndNameFix                                                                               :        3 samples, Peak.  89.1 us (1.0x), Avg.  87.3 us, Total. 261.9 us (0.0%)
[Performance] InitializeOnLoad UnityConnect                                                                                        :        3 samples, Peak.   375 ns (1.4x), Avg.   264 ns, Total. 791.0 ns (0.0%)
[Performance] InitializeOnLoad WindowLayout                                                                                        :        3 samples, Peak.  20.8 us (1.1x), Avg.  19.3 us, Total. 57.87 us (0.0%)
[Performance] InitializeOnLoad SettingsService                                                                                     :        3 samples, Peak.  7.92 us (1.1x), Avg.  7.07 us, Total. 21.21 us (0.0%)
[Performance] InitializeOnLoad AddComponentWindow                                                                                  :        3 samples, Peak.  59.3 us (1.0x), Avg.  58.9 us, Total. 176.7 us (0.0%)
[Performance] InitializeOnLoad EditorMonitor                                                                                       :        3 samples, Peak.   449 us (1.1x), Avg.   396 us, Total. 1.187 ms (0.0%)
[Performance] InitializeOnLoad RetainedMode                                                                                        :        3 samples, Peak.  1.36 ms (1.0x), Avg.  1.35 ms, Total. 4.056 ms (0.0%)
[Performance] InitializeOnLoad EditorShaderLoader                                                                                  :        3 samples, Peak.   417 us (1.1x), Avg.   373 us, Total. 1.118 ms (0.0%)
[Performance] InitializeOnLoad EditorDelegateRegistration                                                                          :        3 samples, Peak.   336 us (1.1x), Avg.   318 us, Total. 955.3 us (0.0%)
[Performance] InitializeOnLoad UIDocumentHierarchyWatcher                                                                          :        3 samples, Peak.  40.8 us (1.1x), Avg.  38.5 us, Total. 115.4 us (0.0%)
[Performance] InitializeOnLoad LiveReloadTrackerCreator                                                                            :        3 samples, Peak.   123 us (1.1x), Avg.   111 us, Total. 331.6 us (0.0%)
[Performance] InitializeOnLoad UxmlObjectEditorFactories                                                                           :        3 samples, Peak.   335 us (1.1x), Avg.   314 us, Total. 941.2 us (0.0%)
[Performance] InitializeOnLoad UXMLEditorFactories                                                                                 :        3 samples, Peak.  36.1 ms (1.1x), Avg.  34.1 ms, Total. 102.2 ms (0.4%)
[Performance] InitializeOnLoad PurchasingService                                                                                   :        3 samples, Peak.  4.56 ms (1.1x), Avg.  4.22 ms, Total. 12.66 ms (0.1%)
[Performance] InitializeOnLoad CloudBuildPoller                                                                                    :        3 samples, Peak.  64.5 us (1.0x), Avg.  63.5 us, Total. 190.4 us (0.0%)
[Performance] InitializeOnLoad EditorGameServicesAnalytics                                                                         :        3 samples, Peak.   715 us (1.2x), Avg.   601 us, Total. 1.802 ms (0.0%)
[Performance] InitializeOnLoad AnalyticsService                                                                                    :        3 samples, Peak.   105 us (1.0x), Avg.   104 us, Total. 311.1 us (0.0%)
[Performance] InitializeOnLoad BuildService                                                                                        :        3 samples, Peak.  90.2 us (1.0x), Avg.  89.3 us, Total. 267.8 us (0.0%)
[Performance] InitializeOnLoad AdsService                                                                                          :        3 samples, Peak.   222 us (1.0x), Avg.   219 us, Total. 656.8 us (0.0%)
[Performance] InitializeOnLoad UDPService                                                                                          :        3 samples, Peak.  87.7 us (1.0x), Avg.  85.5 us, Total. 256.4 us (0.0%)
[Performance] InitializeOnLoad CrashService                                                                                        :        3 samples, Peak.   140 us (1.4x), Avg.   103 us, Total. 308.8 us (0.0%)
[Performance] InitializeOnLoad ServicesRepository                                                                                  :        3 samples, Peak.   375 ns (1.3x), Avg.   278 ns, Total. 834.0 ns (0.0%)
[Performance] InitializeOnLoad SearchWindow                                                                                        :        3 samples, Peak.  91.5 us (1.1x), Avg.  80.1 us, Total. 240.4 us (0.0%)
[Performance] InitializeOnLoad CustomIndexers                                                                                      :        3 samples, Peak.  9.78 ms (1.1x), Avg.  9.28 ms, Total. 27.85 ms (0.1%)
[Performance] InitializeOnLoad SearchMonitor                                                                                       :        3 samples, Peak.   599 us (1.1x), Avg.   555 us, Total. 1.665 ms (0.0%)
[Performance] InitializeOnLoad ParameterControllerEditor                                                                           :        3 samples, Peak.  19.7 us (1.5x), Avg.  13.1 us, Total. 39.21 us (0.0%)
[Performance] InitializeOnLoad LayerSettingsWindow                                                                                 :        3 samples, Peak.  14.8 us (1.4x), Avg.  10.8 us, Total. 32.33 us (0.0%)
[Performance] InitializeOnLoad PackageManagerHookGUIDConverter.RegisterPackagesEventHandler                                        :        3 samples, Peak.   472 us (2.4x), Avg.   195 us, Total. 584.4 us (0.0%)
[Performance] InitializeOnLoad EditorDragAndDrop.RegisterEditorClient                                                              :        3 samples, Peak.   127 us (1.1x), Avg.   121 us, Total. 361.6 us (0.0%)
[Performance] InitializeOnLoad EditorEventCallbacks.InitializeFontAssetResourceChangeCallBacks                                     :        3 samples, Peak.   640 us (1.1x), Avg.   594 us, Total. 1.783 ms (0.0%)
[Performance] InitializeOnLoad SceneTemplateService.Init                                                                           :        3 samples, Peak.   722 us (1.0x), Avg.   688 us, Total. 2.064 ms (0.0%)
[Performance] InitializeOnLoad DiagnosticSwitchesConsoleMessage.Init                                                               :        3 samples, Peak.  2.38 ms (1.5x), Avg.  1.60 ms, Total. 4.810 ms (0.0%)
[Performance] InitializeOnLoad EditorWindow.Initialize                                                                             :        3 samples, Peak.   141 us (1.1x), Avg.   132 us, Total. 395.7 us (0.0%)
[Performance] InitializeOnLoad MemoryProfilerCompilationGuard.InjectCompileGuard                                                   :        3 samples, Peak.  88.0 us (1.0x), Avg.  85.7 us, Total. 257.1 us (0.0%)
[Performance] InitializeOnLoad ToolShortcutContext.Init                                                                            :        3 samples, Peak.  67.3 us (1.1x), Avg.  63.7 us, Total. 191.1 us (0.0%)
[Performance] InitializeOnLoad SceneVisibilityManager.Initialize                                                                   :        3 samples, Peak.  2.09 ms (2.1x), Avg.  1.01 ms, Total. 3.042 ms (0.0%)
[Performance] InitializeOnLoad AssetPostprocessingInternal.RefreshCustomDependencies                                               :        3 samples, Peak.  1.99 ms (1.4x), Avg.  1.38 ms, Total. 4.142 ms (0.0%)
[Performance] InitializeOnLoad SysrootManager.Initialize                                                                           :        3 samples, Peak.   272 us (1.0x), Avg.   268 us, Total. 804.1 us (0.0%)
[Performance] InitializeOnLoad ScopedRegistryAddedPopup.SubscribeToRegistriesAdded                                                 :        3 samples, Peak.   107 us (1.3x), Avg.  83.0 us, Total. 249.0 us (0.0%)
[Performance] InitializeOnLoad PackageManagerWindow.EditorInitializedInSafeMode                                                    :        3 samples, Peak.  59.9 us (1.9x), Avg.  31.3 us, Total. 94.00 us (0.0%)
[Performance] AssemblyReloadEvents.afterAssemblyReload: UnityEditor.PackageManager.TuanjiePathAndNameFix.FixTuanjieNameOrPath      :        3 samples, Peak.  2.17 ms (1.3x), Avg.  1.69 ms, Total. 5.064 ms (0.0%)
[Performance] AssemblyReloadEvents.afterAssemblyReload: UnityEditor.SceneTemplate.SceneTemplateService.AfterAssemblyReload         :        3 samples, Peak.  1.99 ms (1.5x), Avg.  1.34 ms, Total. 4.035 ms (0.0%)
[Performance] ProcessService.EditorAfterLoadAllAssemblies                                                                          :        3 samples, Peak.   198 us (1.1x), Avg.   177 us, Total. 530.6 us (0.0%)
[Performance] Application.ReadLicenseInfo                                                                                          :        1 samples, Peak.  13.6 ms (1.0x), Avg.  13.6 ms, Total. 13.61 ms (0.1%)
[Performance] Application.InitialRefresh                                                                                           :        1 samples, Peak.  1.46 s (1.0x), Avg.  1.46 s, Total. 1.461 s (6.2%)
[Performance] ShaderImporter.SourceAssetModified                                                                                   :        2 samples, Peak.   584 ns (1.5x), Avg.   396 ns, Total. 792.0 ns (0.0%)
[Performance] ShaderIncludeImporter.SourceAssetModified                                                                            :        2 samples, Peak.   625 ns (1.1x), Avg.   583 ns, Total. 1.167 us (0.0%)
[Performance] Compiling Scripts                                                                                                    :        1 samples, Peak.   489 ms (1.0x), Avg.   489 ms, Total. 488.9 ms (2.1%)
[Performance] AssemblyReloadEvents.beforeAssemblyReload: UnityEditor.SceneTemplate.SceneTemplateService.BeforeAssemblyReload       :        2 samples, Peak.   265 us (1.1x), Avg.   245 us, Total. 489.2 us (0.0%)
[Performance] PresetManagerPostProcessor.OnPreprocessAsset                                                                         :        1 samples, Peak.   722 us (1.0x), Avg.   722 us, Total. 721.6 us (0.0%)
[Performance] CancelSplashScreenOnAssetChange.OnPreprocessAsset                                                                    :        1 samples, Peak.  79.0 us (1.0x), Avg.  79.0 us, Total. 79.00 us (0.0%)
[Performance] InitializeOnLoad M3ReplayFailureCapture                                                                              :        2 samples, Peak.  97.3 us (1.0x), Avg.  94.7 us, Total. 189.3 us (0.0%)
[Performance] InitializeOnLoad M3FuelPlaytest                                                                                      :        2 samples, Peak.   129 us (1.0x), Avg.   128 us, Total. 255.2 us (0.0%)
[Performance] InitializeOnLoad M7IdentityReview                                                                                    :        2 samples, Peak.  34.1 us (1.0x), Avg.  33.5 us, Total. 67.04 us (0.0%)
[Performance] InitializeOnLoad M6ResultsCapture                                                                                    :        2 samples, Peak.  39.5 us (1.2x), Avg.  33.8 us, Total. 67.50 us (0.0%)
[Performance] InitializeOnLoad MacVideoShareBuilder                                                                                :        2 samples, Peak.  63.4 us (1.0x), Avg.  63.0 us, Total. 126.0 us (0.0%)
[Performance] InitializeOnLoad MainLoopPlaytest                                                                                    :        2 samples, Peak.  26.5 us (1.1x), Avg.  25.1 us, Total. 50.29 us (0.0%)
[Performance] InitializeOnLoad M2LobbyCapture                                                                                      :        2 samples, Peak.  29.8 us (1.0x), Avg.  29.8 us, Total. 59.54 us (0.0%)
[Performance] InitializeOnLoad NetPlaytest                                                                                         :        2 samples, Peak.  92.1 us (1.0x), Avg.  91.3 us, Total. 182.5 us (0.0%)
[Performance] InitializeOnLoad M4CoopCapture                                                                                       :        2 samples, Peak.   456 us (1.0x), Avg.   453 us, Total. 905.4 us (0.0%)
[Performance] InitializeOnLoad M1ReviewCapture                                                                                     :        2 samples, Peak.  31.7 us (1.0x), Avg.  30.7 us, Total. 61.46 us (0.0%)
[Performance] InitializeOnLoad CodelyToolbar                                                                                       :        2 samples, Peak.  84.3 us (1.0x), Avg.  83.2 us, Total. 166.5 us (0.0%)
[Performance] InitializeOnLoad CodelyLayoutInstaller                                                                               :        2 samples, Peak.  35.2 us (1.0x), Avg.  35.1 us, Total. 70.17 us (0.0%)
[Performance] InitializeOnLoad SelectionChangedNotifier                                                                            :        2 samples, Peak.  58.5 us (1.0x), Avg.  58.2 us, Total. 116.5 us (0.0%)
[Performance] InitializeOnLoad UnityTcpBridge                                                                                      :        2 samples, Peak.   267 us (1.0x), Avg.   261 us, Total. 522.5 us (0.0%)
[Performance] InitializeOnLoad BridgeUpdateRestartPrompt                                                                           :        2 samples, Peak.  30.4 us (1.0x), Avg.  30.3 us, Total. 60.54 us (0.0%)
[Performance] InitializeOnLoad TmpEssentialsAutoImporter                                                                           :        2 samples, Peak.  29.7 us (1.0x), Avg.  29.6 us, Total. 59.17 us (0.0%)
[Performance] InitializeOnLoad NativeDllLoader                                                                                     :        2 samples, Peak.   325 us (1.0x), Avg.   325 us, Total. 649.8 us (0.0%)
[Performance] InitializeOnLoad DialogWatcher                                                                                       :        2 samples, Peak.   560 us (1.1x), Avg.   493 us, Total. 986.2 us (0.0%)
[Performance] InitializeOnLoad StepJobRunner                                                                                       :        2 samples, Peak.  2.24 ms (1.0x), Avg.  2.19 ms, Total. 4.375 ms (0.0%)
[Performance] InitializeOnLoad ManageWindowBridge                                                                                  :        2 samples, Peak.   401 us (1.0x), Avg.   398 us, Total. 795.6 us (0.0%)
[Performance] InitializeOnLoad PrefabLayoutRebuilder                                                                               :        2 samples, Peak.   129 us (1.0x), Avg.   124 us, Total. 247.8 us (0.0%)
[Performance] InitializeOnLoad ManageScreenshot.ScheduleStaleCaptureWindowCleanup                                                  :        2 samples, Peak.  1.45 ms (1.1x), Avg.  1.34 ms, Total. 2.687 ms (0.0%)
[Performance] InitializeOnLoad ManageInput.Initialize                                                                              :        2 samples, Peak.  99.1 us (1.0x), Avg.  97.4 us, Total. 194.7 us (0.0%)
[Performance] InitializeOnLoad NativeWindowBridgeHost.OnDomainReload                                                               :        2 samples, Peak.  3.25 ms (1.1x), Avg.  2.91 ms, Total. 5.828 ms (0.0%)
[Performance] InitializeOnLoad DrillWindow.AutoOpenOnLoadIfDrillIncomplete                                                         :        2 samples, Peak.  1.09 ms (1.1x), Avg.  1.03 ms, Total. 2.054 ms (0.0%)
[Performance] InitializeOnLoad CodelyWindow.RegisterReloadEvents                                                                   :        2 samples, Peak.   333 us (1.1x), Avg.   312 us, Total. 624.1 us (0.0%)
[Performance] InitializeOnLoad CodelyLogger.Init                                                                                   :        2 samples, Peak.  56.3 us (1.1x), Avg.  49.7 us, Total. 99.46 us (0.0%)
[Performance] DidReloadScriptsAdvancedDropdownWindow.OnScriptReload                                                                :        2 samples, Peak.   119 us (1.0x), Avg.   116 us, Total. 231.2 us (0.0%)
[Performance] AssetDatabase.ImportAssets                                                                                           :        3 samples, Peak.   417 ns (1.8x), Avg.   236 ns, Total. 709.0 ns (0.0%)
[Performance] VersionControl.Task.Wait                                                                                             :        1 samples, Peak.  6.29 us (1.0x), Avg.  6.29 us, Total. 6.292 us (0.0%)
[Performance] BuilderAssetPostprocessor.OnPostprocessAllAssets                                                                     :        2 samples, Peak.  3.02 ms (1.0x), Avg.  2.98 ms, Total. 5.954 ms (0.0%)
[Performance] ArtifactBrowserPostProcessor.OnPostprocessAllAssets                                                                  :        2 samples, Peak.   319 us (1.0x), Avg.   318 us, Total. 635.4 us (0.0%)
[Performance] AssetEvents.OnPostprocessAllAssets                                                                                   :        4 samples, Peak.   116 us (1.6x), Avg.  73.1 us, Total. 292.6 us (0.0%)
[Performance] AudioMixerPostprocessor.OnPostprocessAllAssets                                                                       :        2 samples, Peak.   171 us (1.0x), Avg.   170 us, Total. 340.5 us (0.0%)
[Performance] DomainReloadPostprocessor.OnPostprocessAllAssets                                                                     :        4 samples, Peak.  1.48 ms (1.1x), Avg.  1.34 ms, Total. 5.344 ms (0.0%)
[Performance] StyleCatalogPostProcessor.OnPostprocessAllAssets                                                                     :        2 samples, Peak.  11.6 ms (1.0x), Avg.  11.6 ms, Total. 23.27 ms (0.1%)
[Performance] BuildCatalog                                                                                                         :        1 samples, Peak.  11.0 ms (1.0x), Avg.  11.0 ms, Total. 10.97 ms (0.0%)
[Performance] ModelImporterPostProcessor.OnPostprocessAllAssets                                                                    :        2 samples, Peak.   577 us (1.0x), Avg.   576 us, Total. 1.152 ms (0.0%)
[Performance] RetainedModeAssetPostprocessor.OnPostprocessAllAssets                                                                :        2 samples, Peak.  1.37 ms (1.0x), Avg.  1.37 ms, Total. 2.742 ms (0.0%)
[Performance] AssetChangedListener.OnPostprocessAllAssets                                                                          :        2 samples, Peak.  1.14 ms (1.0x), Avg.  1.14 ms, Total. 2.285 ms (0.0%)
[Performance] SpeedTreePostProcessor.OnPostprocessAllAssets                                                                        :        2 samples, Peak.   124 us (1.0x), Avg.   123 us, Total. 246.2 us (0.0%)
[Performance] TextAssetPostProcessor.OnPostprocessAllAssets                                                                        :        2 samples, Peak.   259 us (1.0x), Avg.   258 us, Total. 515.9 us (0.0%)
[Performance] SyncVS.PostprocessSyncProject                                                                                        :        2 samples, Peak.   860 us (1.0x), Avg.   848 us, Total. 1.697 ms (0.0%)
[Performance] Application.ImportPackagesAndSetTemplateWhenCreatingProject                                                          :        1 samples, Peak.  17.7 ms (1.0x), Avg.  17.7 ms, Total. 17.68 ms (0.1%)
[Performance] Application.SyncCurrentColorSpace                                                                                    :        1 samples, Peak.  6.64 ms (1.0x), Avg.  6.64 ms, Total. 6.639 ms (0.0%)
[Performance] Application.OnUsbDevicesChanged                                                                                      :        1 samples, Peak.  55.8 us (1.0x), Avg.  55.8 us, Total. 55.79 us (0.0%)
[Performance] Application.AssetInstanceCacheUpdate                                                                                 :        1 samples, Peak.   166 ns (1.0x), Avg.   166 ns, Total. 166.0 ns (0.0%)
[Performance] Application.UnityExtensions.Initialize                                                                               :        1 samples, Peak.   649 us (1.0x), Avg.   649 us, Total. 649.1 us (0.0%)
[Performance] CodeEditorProjectSync.SyncEditorProject                                                                              :        1 samples, Peak.  36.2 us (1.0x), Avg.  36.2 us, Total. 36.21 us (0.0%)
[Performance] Application.ExecuteStartups                                                                                          :        1 samples, Peak.  33.5 ms (1.0x), Avg.  33.5 ms, Total. 33.53 ms (0.1%)
[Performance] Menu.RegisterMenuInterface                                                                                           :       26 samples, Peak.   291 ns (3.4x), Avg.  84.8 ns, Total. 2.206 us (0.0%)
[Performance] Gizmo.RebuildRenderers                                                                                               :        4 samples, Peak.  28.6 ms (1.9x), Avg.  15.4 ms, Total. 61.52 ms (0.3%)
[Performance] Gizmo.AddGizmoRenderers                                                                                              :      136 samples, Peak.  1.02 ms (46.8x), Avg.  21.8 us, Total. 2.961 ms (0.0%)
[Performance] Application.editorInitializingProject                                                                                :        1 samples, Peak.  2.34 ms (1.0x), Avg.  2.34 ms, Total. 2.341 ms (0.0%)
[Performance] Application.FinishLoadingProject                                                                                     :        1 samples, Peak.  97.7 ms (1.0x), Avg.  97.7 ms, Total. 97.66 ms (0.4%)
[Performance] Application.InitializeMenu                                                                                           :        1 samples, Peak.  31.3 ms (1.0x), Avg.  31.3 ms, Total. 31.29 ms (0.1%)
[Performance] Menu.RebuildAll                                                                                                      :        1 samples, Peak.  31.3 ms (1.0x), Avg.  31.3 ms, Total. 31.28 ms (0.1%)
[Performance] Menu.BuildRegisteredMenuInterfaces                                                                                   :        1 samples, Peak.  28.4 ms (1.0x), Avg.  28.4 ms, Total. 28.40 ms (0.1%)
[Performance] Menu.FilterMenuItem                                                                                                  :      875 samples, Peak.  12.8 ms (810.3x), Avg.  15.8 us, Total. 13.82 ms (0.1%)
[Performance] UpdateAllMenus                                                                                                       :        2 samples, Peak.  19.9 ms (2.0x), Avg.  10.1 ms, Total. 20.28 ms (0.1%)
[Performance] EditorSceneManager.sceneClosing: UnityEditor.SceneVisibilityManager.EditorSceneManagerOnSceneClosing                 :        4 samples, Peak.   174 us (2.1x), Avg.  82.1 us, Total. 328.3 us (0.0%)
[Performance] GUIView.RepaintAll.PlayerLoopController                                                                              :   122463 samples, Peak.  15.1 us (347.1x), Avg.  43.5 ns, Total. 5.322 ms (0.0%)
[Performance] EditorSceneManager.newSceneCreated: UnityEditor.SceneTemplate.SceneTemplateService.OnNewSceneCreated                 :        1 samples, Peak.   156 us (1.0x), Avg.   156 us, Total. 155.8 us (0.0%)
[Performance] EditorSceneManager.newSceneCreated: UnityEditor.SceneVisibilityManager.EditorSceneManagerOnNewSceneCreated           :        1 samples, Peak.  99.5 us (1.0x), Avg.  99.5 us, Total. 99.50 us (0.0%)
[Performance] EditorSceneManager.newSceneCreated: UnityEditor.SceneManagement.StageNavigationManager.OnNewSceneCreated             :        1 samples, Peak.  32.5 us (1.0x), Avg.  32.5 us, Total. 32.54 us (0.0%)
[Performance] Application.InvokeFinishedLoadingProject                                                                             :        1 samples, Peak.  5.65 ms (1.0x), Avg.  5.65 ms, Total. 5.653 ms (0.0%)
[Performance] ProcessService.OnProjectLoaded                                                                                       :        1 samples, Peak.  25.3 us (1.0x), Avg.  25.3 us, Total. 25.33 us (0.0%)
[Performance] EditorSceneManager.sceneOpening: UnityEditor.SceneVisibilityManager.EditorSceneManagerOnSceneOpening                 :        1 samples, Peak.  65.7 us (1.0x), Avg.  65.7 us, Total. 65.67 us (0.0%)
[Performance] Inspector.InitOrRebuild                                                                                              :        3 samples, Peak.   216 us (1.4x), Avg.   154 us, Total. 460.9 us (0.0%)
[Performance] EditorSceneManager.sceneOpened: UnityEditor.SceneTemplate.SceneTemplateService.OnSceneOpened                         :        1 samples, Peak.   135 us (1.0x), Avg.   135 us, Total. 134.6 us (0.0%)
[Performance] EditorSceneManager.sceneOpened: UnityEditor.SceneVisibilityManager.EditorSceneManagerOnSceneOpened                   :        1 samples, Peak.  63.2 us (1.0x), Avg.  63.2 us, Total. 63.17 us (0.0%)
[Performance] EditorSceneManager.sceneOpened: UnityEditor.SceneManagement.StageNavigationManager.OnSceneOpened                     :        1 samples, Peak.  29.0 us (1.0x), Avg.  29.0 us, Total. 29.00 us (0.0%)
[Performance] EditorApplication.playModeStateChanged                                                                               :        2 samples, Peak.   947 us (1.8x), Avg.   515 us, Total. 1.030 ms (0.0%)
[Performance] EditorApplication.playModeStateChanged: UnityEditor.PackageManager.UI.Internal.ApplicationProxy.PlayModeStateChanged :        4 samples, Peak.  97.8 us (2.0x), Avg.  48.6 us, Total. 194.5 us (0.0%)
[Performance] EditorApplication.playModeStateChanged: UnityEditor.PackageManager.UI.Internal.PlayModeDownload.PlayModeStateChanged :        4 samples, Peak.   201 us (2.7x), Avg.  73.5 us, Total. 294.0 us (0.0%)
[Performance] EditorApplication.playModeStateChanged: UnityEditor.ObjectPool.PoolManager.OnEditorStateChange                       :        4 samples, Peak.  79.8 us (2.0x), Avg.  39.4 us, Total. 157.4 us (0.0%)
[Performance] EditorApplication.playModeStateChanged: UnityTcp.Editor.Tools.ManageInput.OnPlayModeStateChanged                     :        4 samples, Peak.  20.3 us (1.9x), Avg.  10.8 us, Total. 43.29 us (0.0%)
[Performance] EditorApplication.playModeStateChanged: UnityTcp.Editor.Native.NativeWindowBridgeHost.OnPlayModeStateChanged         :        4 samples, Peak.   139 us (2.0x), Avg.  69.4 us, Total. 277.5 us (0.0%)
[Performance] EditorApplication.playModeStateChanged: Cn.Tuanjie.Codely.Editor.CodelyWindow.OnPlayModeStateChanged                 :        4 samples, Peak.   113 us (1.9x), Avg.  59.4 us, Total. 237.4 us (0.0%)
[Performance] EditorApplication.playModeStateChanged: UnityEditor.SceneManagement.EditorSceneManager.PlayModeStateChangedCallback  :        4 samples, Peak.  20.3 us (2.0x), Avg.  10.2 us, Total. 40.79 us (0.0%)
[Performance] EditorApplication.playModeStateChanged: UnityEditor.SceneVisibilityManager.EditorApplicationPlayModeStateChanged     :        4 samples, Peak.  17.0 us (2.0x), Avg.  8.41 us, Total. 33.63 us (0.0%)
[Performance] Application.InvokeProjectWasLoaded                                                                                   :        1 samples, Peak.  17.4 us (1.0x), Avg.  17.4 us, Total. 17.37 us (0.0%)
[Performance] Application.Tick                                                                                                     :   122460 samples, Peak.   975 ms (13435.0x), Avg.  72.5 us, Total. 8.883 s (37.7%)
[Performance] CheckLicensingClient                                                                                                 :        4 samples, Peak.  2.71 us (1.1x), Avg.  2.44 us, Total. 9.749 us (0.0%)
[Performance] CheckLicensingClientNotification                                                                                     :        4 samples, Peak.  6.67 us (1.5x), Avg.  4.59 us, Total. 18.38 us (0.0%)
[Performance] LicenseActivated.Tick                                                                                                :        1 samples, Peak.  6.71 us (1.0x), Avg.  6.71 us, Total. 6.708 us (0.0%)
[Performance] Application.TickVersionControl                                                                                       :   122461 samples, Peak.  21.1 us (235.6x), Avg.  89.5 ns, Total. 10.96 ms (0.0%)
[Performance] MonoCompiler.Tick                                                                                                    :       88 samples, Peak.   840 ms (87.9x), Avg.  9.55 ms, Total. 840.0 ms (3.6%)
[Performance] Application.EnterPlayMode                                                                                            :        1 samples, Peak.   828 ms (1.0x), Avg.   828 ms, Total. 827.9 ms (3.5%)
[Performance] Application.Reload                                                                                                   :        1 samples, Peak.   560 ms (1.0x), Avg.   560 ms, Total. 559.7 ms (2.4%)
[Performance] AssemblyReloadEvents.beforeAssemblyReload: UnityTcp.Editor.Native.NativeDllLoader.OnBeforeAssemblyReload             :        1 samples, Peak.  73.0 us (1.0x), Avg.  73.0 us, Total. 72.96 us (0.0%)
[Performance] AssemblyReloadEvents.beforeAssemblyReload: UnityTcp.Editor.Helpers.DetachedJobs.FlushIfDirty                         :        1 samples, Peak.   163 us (1.0x), Avg.   163 us, Total. 163.1 us (0.0%)
[Performance] AssemblyReloadEvents.beforeAssemblyReload: UnityTcp.Editor.Helpers.StepJobRunner.Save                                :        1 samples, Peak.   147 us (1.0x), Avg.   147 us, Total. 146.6 us (0.0%)
[Performance] AssemblyReloadEvents.beforeAssemblyReload: UnityTcp.Editor.Tools.ManageWindowBridge.OnBeforeAssemblyReload           :        1 samples, Peak.  11.8 us (1.0x), Avg.  11.8 us, Total. 11.75 us (0.0%)
[Performance] AssemblyReloadEvents.beforeAssemblyReload: UnityTcp.Editor.Tools.ManageScreenshot.CleanupRecordingBeforeDomainExit   :        1 samples, Peak.  13.8 us (1.0x), Avg.  13.8 us, Total. 13.83 us (0.0%)
[Performance] AssemblyReloadEvents.beforeAssemblyReload: UnityTcp.Editor.Native.NativeWindowBridgeHost.OnBeforeAssemblyReload      :        1 samples, Peak.  15.4 ms (1.0x), Avg.  15.4 ms, Total. 15.37 ms (0.1%)
[Performance] AssemblyReloadEvents.beforeAssemblyReload: Cn.Tuanjie.Codely.Editor.CodelyWindow.OnBeforeAssemblyReload              :        1 samples, Peak.   343 us (1.0x), Avg.   343 us, Total. 343.5 us (0.0%)
[Performance] SceneDataContainer.TransformHierarchyChangedSetParentCallback                                                        :     8574 samples, Peak.  15.6 us (72.7x), Avg.   214 ns, Total. 1.838 ms (0.0%)
[Performance] SceneVisibilityState.IsFlagSetInParents                                                                              :    14268 samples, Peak.  14.5 us (106.4x), Avg.   136 ns, Total. 1.938 ms (0.0%)
[Performance] UnityBuildPostprocessor.OnProcessScene                                                                               :        2 samples, Peak.   485 us (1.8x), Avg.   277 us, Total. 554.0 us (0.0%)
[Performance] UnityConnect.Tick                                                                                                    :        2 samples, Peak.  5.61 ms (2.0x), Avg.  2.83 ms, Total. 5.662 ms (0.0%)
[Performance] UnityVersionControl.Tick                                                                                             :        2 samples, Peak.   417 ns (1.8x), Avg.   229 ns, Total. 458.0 ns (0.0%)
[Performance] CurlRequest.Tick                                                                                                     :      175 samples, Peak.  40.2 us (37.0x), Avg.  1.08 us, Total. 189.8 us (0.0%)
[Performance] HubClient.Tick                                                                                                       :      175 samples, Peak.  2.13 us (9.1x), Avg.   233 ns, Total. 40.75 us (0.0%)
[Performance] AssetDatabase.Tick                                                                                                   :      175 samples, Peak.  32.6 us (79.3x), Avg.   411 ns, Total. 71.87 us (0.0%)
[Performance] SceneBackgroundTask.Tick                                                                                             :      117 samples, Peak.  1.92 us (8.9x), Avg.   215 ns, Total. 25.12 us (0.0%)
[Performance] Scheduler.Tick                                                                                                       :     1509 samples, Peak.  1.43 ms (581.8x), Avg.  2.46 us, Total. 3.714 ms (0.0%)
[Performance] RepaintAllProfilerWindows                                                                                            :       36 samples, Peak.   165 us (27.2x), Avg.  6.07 us, Total. 218.4 us (0.0%)
[Performance] PlayerUpdates.Tick                                                                                                   :      344 samples, Peak.   125 us (13.7x), Avg.  9.17 us, Total. 3.155 ms (0.0%)
[Performance] Application.TickGlobalCallbacks                                                                                      :   122461 samples, Peak.  35.2 ms (15652.4x), Avg.  2.25 us, Total. 275.0 ms (1.2%)
[Performance] EditorAnalytics.Tick                                                                                                 :       71 samples, Peak.  17.3 us (3.5x), Avg.  5.00 us, Total. 354.8 us (0.0%)
[Performance] Video.Update                                                                                                         :   122461 samples, Peak.  13.2 us (195.7x), Avg.  67.5 ns, Total. 8.266 ms (0.0%)
[Performance] Application.TickProgress                                                                                             :   122461 samples, Peak.  9.56 ms (72658.0x), Avg.   132 ns, Total. 16.10 ms (0.1%)
[Performance] Application.TickSceneTracker                                                                                         :   122460 samples, Peak.   122 ms (2255.2x), Avg.  53.9 us, Total. 6.598 s (28.0%)
[Performance] EditorApplication.update                                                                                             :   122460 samples, Peak.   122 ms (2284.1x), Avg.  53.2 us, Total. 6.514 s (27.6%)
[Performance] EditorApplication.update: UnityEditor.PackageManager.UI.Internal.ApplicationProxy.OnUpdate                           :   122461 samples, Peak.   408 us (2171.5x), Avg.   188 ns, Total. 23.02 ms (0.1%)
[Performance] EditorApplication.update: M3ReplayFailureCapture.Poll                                                                :   122461 samples, Peak.   193 us (557.4x), Avg.   346 ns, Total. 42.34 ms (0.2%)
[Performance] EditorApplication.update: M3FuelPlaytest.Poll                                                                        :   122461 samples, Peak.   138 us (813.9x), Avg.   169 ns, Total. 20.72 ms (0.1%)
[Performance] EditorApplication.update: M7IdentityReview.Poll                                                                      :   122461 samples, Peak.   224 us (1353.1x), Avg.   166 ns, Total. 20.27 ms (0.1%)
[Performance] EditorApplication.update: M6ResultsCapture.Poll                                                                      :   122461 samples, Peak.   113 us (684.2x), Avg.   164 ns, Total. 20.14 ms (0.1%)
[Performance] EditorApplication.update: MainLoopPlaytest.Poll                                                                      :   122461 samples, Peak.  93.0 us (548.3x), Avg.   170 ns, Total. 20.77 ms (0.1%)
[Performance] EditorApplication.update: M2LobbyCapture.Poll                                                                        :   122461 samples, Peak.  80.6 us (499.7x), Avg.   161 ns, Total. 19.75 ms (0.1%)
[Performance] EditorApplication.update: NetPlaytest.Poll                                                                           :   122460 samples, Peak.   121 ms (3114.7x), Avg.  39.0 us, Total. 4.774 s (20.3%)
[Performance] EditorApplication.update: M4CoopCapture.Poll                                                                         :   122460 samples, Peak.   111 us (465.0x), Avg.   239 ns, Total. 29.21 ms (0.1%)
[Performance] EditorApplication.update: M1ReviewCapture.Poll                                                                       :   122460 samples, Peak.  88.3 us (476.1x), Avg.   185 ns, Total. 22.70 ms (0.1%)
[Performance] EditorApplication.update: UnityTcp.Editor.Windows.CodelyToolbar.EnsureAttached                                       :   122460 samples, Peak.   283 us (24.9x), Avg.  11.4 us, Total. 1.393 s (5.9%)
[Performance] EditorApplication.update: UnityEditor.SceneManagement.StageNavigationManager.Update                                  :   122460 samples, Peak.   254 us (1923.2x), Avg.   132 ns, Total. 16.15 ms (0.1%)
[Performance] ConsoleLog.Tick                                                                                                      :       88 samples, Peak.   100 us (35.8x), Avg.  2.80 us, Total. 246.7 us (0.0%)
[Performance] HierarchyWindow.Tick                                                                                                 :      117 samples, Peak.   271 us (5.6x), Avg.  48.3 us, Total. 5.657 ms (0.0%)
[Performance] EditorApplication.hierarchyChanged: Unity.UIElements.Editor.UIDocumentHierarchyWatcher.OnHierarchyChanged            :       35 samples, Peak.  77.2 us (26.1x), Avg.  2.95 us, Total. 103.4 us (0.0%)
[Performance] Inspector.Tick                                                                                                       :      117 samples, Peak.  76.6 ms (109.8x), Avg.   698 us, Total. 81.68 ms (0.3%)
[Performance] EditorApplication.delayCall: UnityEditor.ShortcutManagement.ShortcutIntegration.EnsureShortcutsAreInitialized        :        1 samples, Peak.  19.1 ms (1.0x), Avg.  19.1 ms, Total. 19.14 ms (0.1%)
[Performance] EditorApplication.delayCall: callback in IslandAirport.Editor.MacVideoShareBuilder                                   :        1 samples, Peak.   107 us (1.0x), Avg.   107 us, Total. 107.1 us (0.0%)
[Performance] EditorApplication.delayCall: UnityTcp.Editor.Windows.CodelyToolbar.AttachToToolbar                                   :      117 samples, Peak.  1.03 ms (50.0x), Avg.  20.6 us, Total. 2.415 ms (0.0%)
[Performance] EditorApplication.delayCall: Cn.Tuanjie.Codely.Editor.CodelyLayoutInstaller.InstallCodelyLayout                      :        1 samples, Peak.  26.9 ms (1.0x), Avg.  26.9 ms, Total. 26.94 ms (0.1%)
[Performance] EditorApplication.delayCall: UnityTcp.Editor.Helpers.BridgeUpdateRestartPrompt.TryShowPendingPrompt                  :        1 samples, Peak.   137 us (1.0x), Avg.   137 us, Total. 137.1 us (0.0%)
[Performance] EditorApplication.delayCall: callback in UnityTcp.Editor.Tools.ManageScreenshot                                      :        1 samples, Peak.   124 us (1.0x), Avg.   124 us, Total. 123.8 us (0.0%)
[Performance] EditorApplication.delayCall: callback in UnityTcp.Editor.Native.NativeWindowBridgeHost                               :        1 samples, Peak.  28.0 ms (1.0x), Avg.  28.0 ms, Total. 27.97 ms (0.1%)
[Performance] EditorApplication.delayCall: callback in UnityEditor.EditorWindow                                                    :        1 samples, Peak.   911 us (1.0x), Avg.   911 us, Total. 911.3 us (0.0%)
[Performance] EditorApplication.delayCall: callback in UnityEditor.EditorTools.ToolShortcutContext                                 :        1 samples, Peak.  63.5 us (1.0x), Avg.  63.5 us, Total. 63.54 us (0.0%)
[Performance] EditorApplication.delayCall: callback in UnityEditor.SceneVisibilityManager                                          :        1 samples, Peak.  26.3 us (1.0x), Avg.  26.3 us, Total. 26.33 us (0.0%)
[Performance] Tooltip.Tick                                                                                                         :      343 samples, Peak.  10.2 us (34.1x), Avg.   301 ns, Total. 103.1 us (0.0%)
[Performance] Application.RequestRepaintForPanels                                                                                  :   122460 samples, Peak.   226 us (583.4x), Avg.   387 ns, Total. 47.39 ms (0.2%)
[Performance] Application.UpdateScene                                                                                              :   122460 samples, Peak.  85.1 ms (13571.0x), Avg.  6.27 us, Total. 767.9 ms (3.3%)
[Performance] PackageImporter.Tick                                                                                                 :       87 samples, Peak.  3.54 us (4.1x), Avg.   871 ns, Total. 75.75 us (0.0%)
[Performance] InspectorBackground.Tick                                                                                             :      116 samples, Peak.  1.87 us (11.2x), Avg.   168 ns, Total. 19.50 us (0.0%)
[Performance] BurstDebug.Tick                                                                                                      :       35 samples, Peak.  2.67 us (3.9x), Avg.   687 ns, Total. 24.04 us (0.0%)
[Performance] Application.ChangeLayoutIfNeeded                                                                                     :   122460 samples, Peak.  5.21 us (128.3x), Avg.  40.6 ns, Total. 4.972 ms (0.0%)
[Performance] AsyncReadManager.ForceCloseFiles                                                                                     :       18 samples, Peak.  79.1 us (7.4x), Avg.  10.7 us, Total. 192.3 us (0.0%)
[Performance] Application.Message                                                                                                  :   122460 samples, Peak.  7.00 us (146.7x), Avg.  47.7 ns, Total. 5.841 ms (0.0%)
[Performance] Application.ExitPlayMode                                                                                             :        1 samples, Peak.  37.1 ms (1.0x), Avg.  37.1 ms, Total. 37.13 ms (0.2%)
[Performance] CoreBusinessMetrics.Tick                                                                                             :        1 samples, Peak.  36.7 us (1.0x), Avg.  36.7 us, Total. 36.71 us (0.0%)
[Performance] GI.Tick                                                                                                              :        1 samples, Peak.   370 us (1.0x), Avg.   370 us, Total. 370.2 us (0.0%)
[Performance] UnitySynchronization.ExecuteTasks                                                                                    :        1 samples, Peak.  1.54 us (1.0x), Avg.  1.54 us, Total. 1.541 us (0.0%)
[Performance] Application.TickPreloadManager                                                                                       :        1 samples, Peak.  1.71 us (1.0x), Avg.  1.71 us, Total. 1.708 us (0.0%)
[Performance] Application.Shutdown.SaveDefaultWindowPreferences                                                                    :        1 samples, Peak.  33.3 us (1.0x), Avg.  33.3 us, Total. 33.29 us (0.0%)
[Performance] Application.Shutdown.SaveSceneManagerSetup                                                                           :        1 samples, Peak.   253 us (1.0x), Avg.   253 us, Total. 253.1 us (0.0%)
[Performance] Application.Shutdown.CleanupAllContainerWindows                                                                      :        1 samples, Peak.   250 ns (1.0x), Avg.   250 ns, Total. 250.0 ns (0.0%)
[Performance] EditorApplication.quitting: UnityTcp.Editor.Native.NativeDllLoader.OnEditorQuitting                                  :        1 samples, Peak.   103 us (1.0x), Avg.   103 us, Total. 103.2 us (0.0%)
[Performance] EditorApplication.quitting: UnityTcp.Editor.Tools.ManageWindowBridge.OnEditorQuitting                                :        1 samples, Peak.   139 us (1.0x), Avg.   139 us, Total. 138.7 us (0.0%)
[Performance] EditorApplication.quitting: UnityTcp.Editor.Tools.ManageScreenshot.CleanupRecordingBeforeDomainExit                  :        1 samples, Peak.  13.0 us (1.0x), Avg.  13.0 us, Total. 13.04 us (0.0%)
[Performance] EditorApplication.quitting: Cn.Tuanjie.Codely.Editor.CodelyWindow.OnEditorQuitting                                   :        1 samples, Peak.   372 us (1.0x), Avg.   372 us, Total. 371.8 us (0.0%)
[Performance] EditorApplication.quitting: callback in UnityEditor.TextCore.Text.EditorEventCallbacks                               :        1 samples, Peak.  1.82 ms (1.0x), Avg.  1.82 ms, Total. 1.820 ms (0.0%)
[Performance] Killing ADB server                                                                                                   :        1 samples, Peak.  40.0 ms (1.0x), Avg.  40.0 ms, Total. 40.00 ms (0.2%)
[Performance] Application.Shutdown.PauseProfilerSession                                                                            :        1 samples, Peak.  24.2 us (1.0x), Avg.  24.2 us, Total. 24.21 us (0.0%)
[Performance] Application.Shutdown.PauseAssetImportWorkers                                                                         :        1 samples, Peak.   152 us (1.0x), Avg.   152 us, Total. 151.8 us (0.0%)
[Performance] Application.Shutdown.SaveAssets                                                                                      :        1 samples, Peak.  3.58 ms (1.0x), Avg.  3.58 ms, Total. 3.581 ms (0.0%)
[Performance] BuilderAssetModificationProcessor.OnWillSaveAssets                                                                   :        1 samples, Peak.   302 us (1.0x), Avg.   302 us, Total. 302.0 us (0.0%)
[Performance] TerrainModificationProcessor.OnWillSaveAssets                                                                        :        1 samples, Peak.   406 us (1.0x), Avg.   406 us, Total. 405.8 us (0.0%)
[Performance] Application.Shutdown.CleanupRenderPipeline                                                                           :        1 samples, Peak.  5.67 us (1.0x), Avg.  5.67 us, Total. 5.667 us (0.0%)
[Performance] Application.Shutdown.StopPreloadManager                                                                              :        1 samples, Peak.  10.9 ms (1.0x), Avg.  10.9 ms, Total. 10.94 ms (0.0%)
[Performance] Application.Shutdown.DestroyWorld                                                                                    :        1 samples, Peak.  1.08 ms (1.0x), Avg.  1.08 ms, Total. 1.084 ms (0.0%)
[Performance] Application.Shutdown.CleanupAfterLoad                                                                                :        1 samples, Peak.  3.28 ms (1.0x), Avg.  3.28 ms, Total. 3.283 ms (0.0%)
[Performance] Application.Shutdown.Progress                                                                                        :        1 samples, Peak.  8.25 us (1.0x), Avg.  8.25 us, Total. 8.250 us (0.0%)
[Performance] Application.Shutdown.GICleanupManagers                                                                               :        1 samples, Peak.   517 us (1.0x), Avg.   517 us, Total. 517.2 us (0.0%)
[Performance] Application.Shutdown.MenuCleanupClass                                                                                :        1 samples, Peak.  68.4 us (1.0x), Avg.  68.4 us, Total. 68.42 us (0.0%)
[Performance] Application.Shutdown.ADBSaveStateBeforeShutdown                                                                      :        1 samples, Peak.  6.67 us (1.0x), Avg.  6.67 us, Total. 6.667 us (0.0%)
[Performance] Application.Shutdown.RemoteShutdown                                                                                  :        1 samples, Peak.   667 ns (1.0x), Avg.   667 ns, Total. 667.0 ns (0.0%)
[Performance] Application.Shutdown.CleanupVCProvider                                                                               :        1 samples, Peak.  5.71 us (1.0x), Avg.  5.71 us, Total. 5.708 us (0.0%)
[Performance] Application.Shutdown.InputShutdown                                                                                   :        1 samples, Peak.   208 us (1.0x), Avg.   208 us, Total. 208.0 us (0.0%)
[Performance] Application.Shutdown.GizmoManagerDestroy                                                                             :        1 samples, Peak.   425 us (1.0x), Avg.   425 us, Total. 425.0 us (0.0%)
[Performance] Application.Shutdown.ProfilerSession                                                                                 :        1 samples, Peak.  81.4 us (1.0x), Avg.  81.4 us, Total. 81.42 us (0.0%)
[Performance] Application.Shutdown.ReleaseGfxWindowOnAllGUIViews                                                                   :        1 samples, Peak.  1.50 us (1.0x), Avg.  1.50 us, Total. 1.500 us (0.0%)
[Performance] Application.Shutdown.CleanupEngine                                                                                   :        1 samples, Peak.  69.2 ms (1.0x), Avg.  69.2 ms, Total. 69.25 ms (0.3%)
[Performance] Application.Shutdown.CleanupAssetDatabase                                                                            :        1 samples, Peak.  1.49 ms (1.0x), Avg.  1.49 ms, Total. 1.494 ms (0.0%)
[Performance] Application.Shutdown.ScriptCompilationCleanUp                                                                        :        1 samples, Peak.  13.4 us (1.0x), Avg.  13.4 us, Total. 13.37 us (0.0%)
[Performance] Application.Shutdown.DestroyJobSystem                                                                                :        1 samples, Peak.   164 us (1.0x), Avg.   164 us, Total. 163.9 us (0.0%)
[Performance] Application.Shutdown.CleanupPersistentManager                                                                        :        1 samples, Peak.   541 us (1.0x), Avg.   541 us, Total. 541.3 us (0.0%)
[Performance] Application.Shutdown.CleanupAsyncReadManager                                                                         :        1 samples, Peak.  73.7 us (1.0x), Avg.  73.7 us, Total. 73.67 us (0.0%)
[Performance] Application.Shutdown.CleanupMono                                                                                     :        1 samples, Peak.  27.4 ms (1.0x), Avg.  27.4 ms, Total. 27.38 ms (0.1%)
[Performance] Application.Shutdown.CleanupStdConverters                                                                            :        1 samples, Peak.  7.29 us (1.0x), Avg.  7.29 us, Total. 7.292 us (0.0%)
[Performance] Application.Shutdown.UnloadAllPlatformSupportModuleNativeDlls                                                        :        1 samples, Peak.   417 ns (1.0x), Avg.   417 ns, Total. 417.0 ns (0.0%)
[Performance] Application.Shutdown.UnloadAllPlatformSupportNativeLibraries                                                         :        1 samples, Peak.   167 ns (1.0x), Avg.   167 ns, Total. 167.0 ns (0.0%)
[Performance] Application.Shutdown.CleanupAutoDocumentation                                                                        :        1 samples, Peak.   114 us (1.0x), Avg.   114 us, Total. 113.6 us (0.0%)
[Performance] Application.Shutdown.ShaderNameManagerDestroy                                                                        :        1 samples, Peak.  20.1 us (1.0x), Avg.  20.1 us, Total. 20.12 us (0.0%)
[Performance] Application.Shutdown.CleanupCacheServer                                                                              :        1 samples, Peak.   167 ns (1.0x), Avg.   167 ns, Total. 167.0 ns (0.0%)
[Performance] Application.Shutdown.Virtualization_Shutdown                                                                         :        1 samples, Peak.  42.0 ns (1.0x), Avg.  42.0 ns, Total. 42.00 ns (0.0%)
[Performance] Application.Shutdown.DevConnections                                                                                  :        1 samples, Peak.   129 us (1.0x), Avg.   129 us, Total. 129.0 us (0.0%)
[Package Manager] Server::Kill -- Server was shutdown
Checking for leaked weakptr:
  Found no leaked weakptrs.
Memory Statistics:
[ALLOC_TEMP_TLS] TLS Allocator
  StackAllocators : 
    [ALLOC_TEMP_CurlRequest]
      Initial Block Size 64.0 KB
      Current Block Size 64.0 KB
      Peak Allocated Bytes 0 B
      Overflow Count 0
    [ALLOC_TEMP_MAIN]
      Peak usage frame count: [4.0 KB-8.0 KB]: 1863 frames, [8.0 KB-16.0 KB]: 8 frames, [16.0 KB-32.0 KB]: 6 frames, [64.0 KB-128.0 KB]: 1 frames, [128.0 KB-256.0 KB]: 1 frames, [256.0 KB-0.5 MB]: 1 frames, [4.0 MB-8.0 MB]: 1 frames, [8.0 MB-16.0 MB]: 1 frames
      Initial Block Size 16.0 MB
      Current Block Size 16.0 MB
      Peak Allocated Bytes 13.3 MB
      Overflow Count 0
    [ALLOC_TEMP_Background Job.Worker 8]
      Initial Block Size 32.0 KB
      Current Block Size 32.0 KB
      Peak Allocated Bytes 0 B
      Overflow Count 0
    [ALLOC_TEMP_Job.Worker 4]
      Initial Block Size 256.0 KB
      Current Block Size 256.0 KB
      Peak Allocated Bytes 22.5 KB
      Overflow Count 1
    [ALLOC_TEMP_BakingJobs.Worker 5]
      Initial Block Size 256.0 KB
      Current Block Size 256.0 KB
      Peak Allocated Bytes 0 B
      Overflow Count 0
    [ALLOC_TEMP_Background Job.Worker 11]
      Initial Block Size 32.0 KB
      Current Block Size 32.0 KB
      Peak Allocated Bytes 0 B
      Overflow Count 0
    [ALLOC_TEMP_Background Job.Worker 3]
      Initial Block Size 32.0 KB
      Current Block Size 32.0 KB
      Peak Allocated Bytes 0 B
      Overflow Count 0
    [ALLOC_TEMP_BatchDeleteObjects]
      Initial Block Size 64.0 KB
      Current Block Size 64.0 KB
      Peak Allocated Bytes 0 B
      Overflow Count 0
    [ALLOC_TEMP_CoreBusinessMetricsCache]
      Initial Block Size 64.0 KB
      Current Block Size 64.0 KB
      Peak Allocated Bytes 7.9 KB
      Overflow Count 0
    [ALLOC_TEMP_REST Message Handler]
      Initial Block Size 64.0 KB
      Current Block Size 64.0 KB
      Peak Allocated Bytes 0 B
      Overflow Count 0
    [ALLOC_TEMP_AssetDatabase.IOService]
      Initial Block Size 64.0 KB
      Current Block Size 64.0 KB
      Peak Allocated Bytes 0 B
      Overflow Count 0
    [ALLOC_TEMP_Background Job.Worker 2]
      Initial Block Size 32.0 KB
      Current Block Size 32.0 KB
      Peak Allocated Bytes 195 B
      Overflow Count 0
    [ALLOC_TEMP_Loading.PreloadManager] x 3
      Initial Block Size 32.0 MB
      Current Block Size 32.0 MB
      Peak Allocated Bytes 1.4 MB
      Overflow Count 0
    [ALLOC_TEMP_Profiler.Dispatcher]
      Initial Block Size 64.0 KB
      Current Block Size 64.0 KB
      Peak Allocated Bytes 0 B
      Overflow Count 0
    [ALLOC_TEMP_Job.Worker 3]
      Initial Block Size 256.0 KB
      Current Block Size 256.0 KB
      Peak Allocated Bytes 22.6 KB
      Overflow Count 1
    [ALLOC_TEMP_BakingJobs.Worker 7]
      Initial Block Size 256.0 KB
      Current Block Size 256.0 KB
      Peak Allocated Bytes 0 B
      Overflow Count 0
    [ALLOC_TEMP_Background Job.Worker 5]
      Initial Block Size 32.0 KB
      Current Block Size 32.0 KB
      Peak Allocated Bytes 0 B
      Overflow Count 0
    [ALLOC_TEMP_CurlRequest]
      Initial Block Size 64.0 KB
      Current Block Size 64.0 KB
      Peak Allocated Bytes 0 B
      Overflow Count 0
    [ALLOC_TEMP_Background Job.Worker 13]
      Initial Block Size 32.0 KB
      Current Block Size 32.0 KB
      Peak Allocated Bytes 0 B
      Overflow Count 0
    [ALLOC_TEMP_Job.Worker 2]
      Initial Block Size 256.0 KB
      Current Block Size 256.0 KB
      Peak Allocated Bytes 23.4 KB
      Overflow Count 1
    [ALLOC_TEMP_BakingJobs.Worker 6]
      Initial Block Size 256.0 KB
      Current Block Size 256.0 KB
      Peak Allocated Bytes 0 B
      Overflow Count 0
    [ALLOC_TEMP_Job.Worker 0]
      Initial Block Size 256.0 KB
      Current Block Size 0.8 MB
      Peak Allocated Bytes 0.8 MB
      Overflow Count 0
    [ALLOC_TEMP_Job.Worker 5]
      Initial Block Size 256.0 KB
      Current Block Size 0.8 MB
      Peak Allocated Bytes 0.8 MB
      Overflow Count 0
    [ALLOC_TEMP_ReadCacheIndex] x 3
      Initial Block Size 64.0 KB
      Current Block Size 64.0 KB
      Peak Allocated Bytes 1.0 KB
      Overflow Count 0
    [ALLOC_TEMP_Job.Worker 6]
      Initial Block Size 256.0 KB
      Current Block Size 0.8 MB
      Peak Allocated Bytes 0.8 MB
      Overflow Count 0
    [ALLOC_TEMP_BakingJobs.Worker 8]
      Initial Block Size 256.0 KB
      Current Block Size 256.0 KB
      Peak Allocated Bytes 0 B
      Overflow Count 0
    [ALLOC_TEMP_Background Job.Worker 9]
      Initial Block Size 32.0 KB
      Current Block Size 32.0 KB
      Peak Allocated Bytes 0 B
      Overflow Count 0
    [ALLOC_TEMP_BakingJobs.Worker 1]
      Initial Block Size 256.0 KB
      Current Block Size 256.0 KB
      Peak Allocated Bytes 344 B
      Overflow Count 0
    [ALLOC_TEMP_Loading.AsyncRead]
      Initial Block Size 64.0 KB
      Current Block Size 64.0 KB
      Peak Allocated Bytes 240 B
      Overflow Count 0
    [ALLOC_TEMP_Background Job.Worker 10]
      Initial Block Size 32.0 KB
      Current Block Size 32.0 KB
      Peak Allocated Bytes 0 B
      Overflow Count 0
    [ALLOC_TEMP_Background Job.Worker 6]
      Initial Block Size 32.0 KB
      Current Block Size 32.0 KB
      Peak Allocated Bytes 0 B
      Overflow Count 0
    [ALLOC_TEMP_BakingJobs.Worker 9]
      Initial Block Size 256.0 KB
      Current Block Size 256.0 KB
      Peak Allocated Bytes 0 B
      Overflow Count 0
    [ALLOC_TEMP_Background Job.Worker 1]
      Initial Block Size 32.0 KB
      Current Block Size 32.0 KB
      Peak Allocated Bytes 14.8 KB
      Overflow Count 0
    [ALLOC_TEMP_OSX HID Input]
      Initial Block Size 64.0 KB
      Current Block Size 64.0 KB
      Peak Allocated Bytes 0 B
      Overflow Count 0
    [ALLOC_TEMP_BakingJobs.Worker 2]
      Initial Block Size 256.0 KB
      Current Block Size 256.0 KB
      Peak Allocated Bytes 0 B
      Overflow Count 0
    [ALLOC_TEMP_Background Job.Worker 7]
      Initial Block Size 32.0 KB
      Current Block Size 32.0 KB
      Peak Allocated Bytes 0 B
      Overflow Count 0
    [ALLOC_TEMP_Job.Worker 8]
      Initial Block Size 256.0 KB
      Current Block Size 256.0 KB
      Peak Allocated Bytes 5.7 KB
      Overflow Count 0
    [ALLOC_TEMP_Job.Worker 1]
      Initial Block Size 256.0 KB
      Current Block Size 0.8 MB
      Peak Allocated Bytes 0.8 MB
      Overflow Count 0
    [ALLOC_TEMP_BakingJobs.Worker 0]
      Initial Block Size 256.0 KB
      Current Block Size 256.0 KB
      Peak Allocated Bytes 0 B
      Overflow Count 0
    [ALLOC_TEMP_BakingJobs.Worker 3]
      Initial Block Size 256.0 KB
      Current Block Size 256.0 KB
      Peak Allocated Bytes 0 B
      Overflow Count 0
    [ALLOC_TEMP_EditorTaskManager]
      Initial Block Size 64.0 KB
      Current Block Size 80.0 KB
      Peak Allocated Bytes 64.0 KB
      Overflow Count 0
    [ALLOC_TEMP_Background Job.Worker 15]
      Initial Block Size 32.0 KB
      Current Block Size 32.0 KB
      Peak Allocated Bytes 0 B
      Overflow Count 0
    [ALLOC_TEMP_BakingJobs.Worker 4]
      Initial Block Size 256.0 KB
      Current Block Size 256.0 KB
      Peak Allocated Bytes 0 B
      Overflow Count 0
    [ALLOC_TEMP_Background Job.Worker 12]
      Initial Block Size 32.0 KB
      Current Block Size 32.0 KB
      Peak Allocated Bytes 0 B
      Overflow Count 0
    [ALLOC_TEMP_HTTP REST Server]
      Initial Block Size 64.0 KB
      Current Block Size 64.0 KB
      Peak Allocated Bytes 0 B
      Overflow Count 0
    [ALLOC_TEMP_AssetGarbageCollectorHelper] x 9
      Initial Block Size 64.0 KB
      Current Block Size 64.0 KB
      Peak Allocated Bytes 0 B
      Overflow Count 0
    [ALLOC_TEMP_Background Job.Worker 0]
      Initial Block Size 32.0 KB
      Current Block Size 32.0 KB
      Peak Allocated Bytes 0 B
      Overflow Count 0
    [ALLOC_TEMP_AUDIO_Audio Mixer Thread]
      Initial Block Size 64.0 KB
      Current Block Size 64.0 KB
      Peak Allocated Bytes 0 B
      Overflow Count 0
    [ALLOC_TEMP_Background Job.Worker 4]
      Initial Block Size 32.0 KB
      Current Block Size 32.0 KB
      Peak Allocated Bytes 0 B
      Overflow Count 0
    [ALLOC_TEMP_Background Job.Worker 14]
      Initial Block Size 32.0 KB
      Current Block Size 32.0 KB
      Peak Allocated Bytes 0 B
      Overflow Count 0
    [ALLOC_TEMP_Job.Worker 7]
      Initial Block Size 256.0 KB
      Current Block Size 256.0 KB
      Peak Allocated Bytes 5.7 KB
      Overflow Count 0
    [ALLOC_TEMP_CloudJob.Worker 0]
      Initial Block Size 32.0 KB
      Current Block Size 32.0 KB
      Peak Allocated Bytes 16.1 KB
      Overflow Count 0
[ALLOC_MEMORYPROFILER]
  Peak usage frame count: [128.0 KB-256.0 KB]: 1451 frames, [256.0 KB-0.5 MB]: 431 frames
  Requested Block Size 1.0 MB
  Peak Block count 1
  Peak Allocated memory 304.9 KB
  Peak Large allocation bytes 0 B
[ALLOC_DEFAULT] Dual Thread Allocator
  Peak main deferred allocation count 958
    [ALLOC_BUCKET]
      Large Block size 32.0 MB
      Used Block count 1
      Peak Allocated bytes 5.4 MB
    [ALLOC_DEFAULT_MAIN]
      Peak usage frame count: [32.0 MB-64.0 MB]: 1882 frames
      Requested Block Size 16.0 MB
      Peak Block count 4
      Peak Allocated memory 53.3 MB
      Peak Large allocation bytes 0 B
    [ALLOC_DEFAULT_THREAD]
      Peak usage frame count: [4.0 MB-8.0 MB]: 1882 frames
      Requested Block Size 16.0 MB
      Peak Block count 1
      Peak Allocated memory 4.8 MB
      Peak Large allocation bytes 0 B
[ALLOC_TEMP_JOB_1_FRAME]
  Initial Block Size 2.0 MB
  Used Block Count 0
  Overflow Count (too large) 0
  Overflow Count (full) 0
[ALLOC_TEMP_JOB_2_FRAMES]
  Initial Block Size 2.0 MB
  Used Block Count 0
  Overflow Count (too large) 0
  Overflow Count (full) 0
[ALLOC_TEMP_JOB_4_FRAMES (JobTemp)]
  Initial Block Size 2.0 MB
  Used Block Count 1
  Overflow Count (too large) 0
  Overflow Count (full) 0
[ALLOC_TEMP_JOB_ASYNC (Background)]
  Initial Block Size 1.0 MB
  Used Block Count 1
  Overflow Count (too large) 0
  Overflow Count (full) 0
[ALLOC_GFX] Dual Thread Allocator
  Peak main deferred allocation count 29
    [ALLOC_BUCKET]
      Large Block size 32.0 MB
      Used Block count 1
      Peak Allocated bytes 5.4 MB
    [ALLOC_GFX_MAIN]
      Peak usage frame count: [4.0 MB-8.0 MB]: 1881 frames, [8.0 MB-16.0 MB]: 1 frames
      Requested Block Size 16.0 MB
      Peak Block count 1
      Peak Allocated memory 13.8 MB
      Peak Large allocation bytes 0 B
    [ALLOC_GFX_THREAD]
      Peak usage frame count: [0-1.0 KB]: 377 frames, [2.0 KB-4.0 KB]: 866 frames, [8.0 KB-16.0 KB]: 639 frames
      Requested Block Size 16.0 MB
      Peak Block count 1
      Peak Allocated memory 14.7 KB
      Peak Large allocation bytes 0 B
[ALLOC_CACHEOBJECTS] Dual Thread Allocator
  Peak main deferred allocation count 197
    [ALLOC_BUCKET]
      Large Block size 32.0 MB
      Used Block count 1
      Peak Allocated bytes 5.4 MB
    [ALLOC_CACHEOBJECTS_MAIN]
      Peak usage frame count: [8.0 MB-16.0 MB]: 1881 frames, [32.0 MB-64.0 MB]: 1 frames
      Requested Block Size 4.0 MB
      Peak Block count 6
      Peak Allocated memory 52.4 MB
      Peak Large allocation bytes 33.9 MB
    [ALLOC_CACHEOBJECTS_THREAD]
      Peak usage frame count: [4.0 KB-8.0 KB]: 1016 frames, [1.0 MB-2.0 MB]: 865 frames, [2.0 MB-4.0 MB]: 1 frames
      Requested Block Size 4.0 MB
      Peak Block count 1
      Peak Allocated memory 2.7 MB
      Peak Large allocation bytes 0 B
[ALLOC_TYPETREE] Dual Thread Allocator
  Peak main deferred allocation count 542
    [ALLOC_BUCKET]
      Large Block size 32.0 MB
      Used Block count 1
      Peak Allocated bytes 5.4 MB
    [ALLOC_TYPETREE_MAIN]
      Peak usage frame count: [0.5 MB-1.0 MB]: 1881 frames, [2.0 MB-4.0 MB]: 1 frames
      Requested Block Size 2.0 MB
      Peak Block count 2
      Peak Allocated memory 2.5 MB
      Peak Large allocation bytes 0 B
    [ALLOC_TYPETREE_THREAD]
      Peak usage frame count: [32.0 KB-64.0 KB]: 1882 frames
      Requested Block Size 2.0 MB
      Peak Block count 1
      Peak Allocated memory 90.3 KB
      Peak Large allocation bytes 0 B
[ALLOC_PROFILER]
  Peak usage frame count: [256.0 KB-0.5 MB]: 1882 frames
  Requested Block Size 16.0 MB
  Peak Block count 1
  Peak Allocated memory 434.1 KB
  Peak Large allocation bytes 0 B
    [ALLOC_PROFILER_BUCKET]
      Large Block size 32.0 MB
      Used Block count 1
      Peak Allocated bytes 4.3 KB
[ALLOC_PROFILER_EDITOR]
  Peak usage frame count: [0-1.0 KB]: 1882 frames
  Requested Block Size 1.0 MB
  Peak Block count 0
  Peak Allocated memory 0 B
  Peak Large allocation bytes 0 B
    [ALLOC_PROFILER_BUCKET]
      Large Block size 32.0 MB
      Used Block count 1
      Peak Allocated bytes 4.3 KB
##utp:{"type":"MemoryLeaks","version":2,"phase":"Immediate","time":1791251456809,"processId":76797,"allocatedMemory":11656454,"memoryLabels":[{"Default":20391},{"Permanent":15696},{"Thread":1083692},{"Manager":30554},{"VertexData":12},{"Geometry":280},{"Texture":1208},{"Shader":68824},{"Material":24},{"GfxDevice":38776},{"Animation":312},{"Audio":326012},{"FMODOther":3088},{"FontEngine":328},{"Physics":513},{"Serialization":676},{"Input":9032},{"JobScheduler":38648},{"Mono":40},{"ScriptingNativeRuntime":193824},{"BaseObject":1627372},{"Resource":1000},{"Renderer":2320},{"Transform":48},{"File":6888},{"WebCam":40},{"Culling":40},{"Skinning":24},{"Terrain":1025},{"Wind":24},{"String":24500},{"DynamicArray":57288},{"HashMap":113858},{"Utility":2660354},{"Curl":2047},{"PoolAlloc":1496},{"AI":72},{"TypeTree":5061},{"ScriptManager":640},{"RuntimeInitializeOnLoadManager":80},{"SpriteAtlas":128},{"GI":2600},{"Director":7880},{"CloudService":3544},{"WebRequest":816},{"VR":45709},{"SceneManager":576},{"Video":1096},{"LazyScriptCache":40},{"NativeArray":12},{"Camera":25},{"Secure":9945},{"SerializationCache":1576},{"APIUpdating":11856},{"Subsystems":392},{"VirtualTexturing":57512},{"StaticSafetyDebugInfo":327680},{"Baselib":16},{"EditorGui":80},{"EditorUtility":18295},{"VersionControl":4},{"Undo":720},{"AssetDatabase":4777817},{"RestService":1310},{"EditorGi":376},{"License":3712},{"UnityConnect":25520},{"Collab":641},{"Upm":1920},{"DrivenProperties":96},{"LocalIPC":226},{"ProfilerEditor":10975},{"CoreBusinessMetrics":3741},{"TLS":3431},{"AssetReference":40},{"IPCStream":40}]}
