Tuanjie Editor version:  2022.3.61t14 (3a70663b70e0)
Branch:                  tuanjie/1.6/staging
Build type:              Release
Batch mode:              YES
macOS version:           Version 27.2 (Build 26B5091g)
Darwin version:          27.2.0
Architecture:            arm64
Running under Rosetta:   NO
Available memory:        16384 MB
[Licensing::Module] Trying to connect to existing licensing client channel...
[Licensing::IpcConnector] Successfully connected to the License Client on channel: "LicenseClient-qinziqian" at "2026-10-06T01:50:06.898778Z"
[Licensing::Client] Error: Code 10 while verifying Licensing Client signature (process Id: 76328, path: "/Applications/Tuanjie Hub.app/Contents/Frameworks/TuanjieLicensingClient_V1.app/Contents/MacOS/Tuanjie.Licensing.Client")
[Licensing::Module] Error: LicensingClient has failed validation; ignoring
[Licensing::Client] Successfully send message: {"messageType":"HandshakeRequest","protocolVersion":"1.12","userAgent":"TuanjieEditor/2022.3.61t14 (Macintosh; U; Intel Mac OS X 27.2; zh-Hans-CN)","externalCorrelationId":"3817354935479940475"} at 1791251407
[Licensing::Client] Successfully receive message: {"protocolVersion":"1.12","sessionId":"c2a438f67f104512bd971e5b0a2786be","context":{"DeviceName":"Link's MBP","DeviceModel":"Mac17,2","PhysicalMemoryMB":"16384","SystemLanguageISO":"zh-Hans-CN","ProcessorCount":"10","ProcessorType":"Apple M5","OperatingSystem":"Mac OS X 27.2.0","OperatingSystemNumeric":"270200","Legacy.MachineBinding1":"A12EBA94-6CAE-536D-8639-8B28F22AAE12","Legacy.MachineBinding2":"HWF12RQ93K","Legacy.MachineBinding4":null,"Legacy.MachineBinding5":"5c:9b:a6:84:6a:ac","EnvironmentUser":"qinziqian","EnvironmentDomain":"Links-MBP","EnvironmentHostname":"Links-MBP"},"assemblyProductVersion":"1.14.0+af049b8","machineId":"2qJXSmjy+8qC9zvVypdceXsI7UU=","correlationId":"cc6a4bd7d5e0a63bc302e7a83dd5960e","responseCode":200,"responseStatus":"Handshake successful","messageType":"HandshakeResponse"} at 1791251407
[Licensing::Client] Handshaking with LicensingClient:
  Version:                 1.14.0+af049b8
  Session Id:              c2a438f67f104512bd971e5b0a2786be
  Correlation Id:          cc6a4bd7d5e0a63bc302e7a83dd5960e
  External correlation Id: 3817354935479940475
  Machine Id:              2qJXSmjy+8qC9zvVypdceXsI7UU=
[Licensing::Module] Successfully connected to LicensingClient on channel: "LicenseClient-qinziqian" (connect: 0.00s, validation: 0.01s, handshake: 0.34s)
[Licensing::IpcConnector] Successfully connected to the License Notification on channel: "LicenseClient-qinziqian-notifications" at "2026-10-06T01:50:07.254423Z"
[Licensing::Module] Error: Access token is unavailable; failed to update
[Licensing::Client] Successfully send message: {"messageType":"UpdateLicenseRequest","AccessToken":"","OrgId":"","ProjectId":"","forceUpdateLicense":true} at 1791251407
[Licensing::Client] Successfully receive message: {"responseCode":200,"responseStatus":"Licenses updated.","messageType":"UpdateLicenseResponse"} at 1791251407
[Licensing::Client] Successfully updated license
[Licensing::Client] Successfully send message: {"messageType":"EntitlementDetailsRequest","entitlementIds":["com.unity.editor.legacy.pro","com.unity.editor.headless"],"packageEntitlementIds":[],"includeCustomData":false} at 1791251407
[Licensing::Client] Successfully receive message: {"entitlementGroups":[{"entitlementGroupId":"F4-W5GR-B6V2-Y5WE-WRK9-GR7N","entitlementGroupIdHash":"8d58bf4deb18ac7618b28a8936c405932a8efcb2","productName":"Unity Personal","productType":"TuanjieEditor","licenseType":"ULF","expiration":1791514207000,"matchedEntitlements":[{"entitlementId":"com.unity.editor.headless","isPackage":false,"count":1}]}],"responseCode":200,"responseStatus":"Found 1 entitlement groups and 0 free entitlements matching requested entitlement ids","messageType":"EntitlementDetailsResponse"} at 1791251407
[Licensing::Client] Successfully resolved entitlement details
[Licensing::Module] Serial number assigned to: "F4-W5GR-B6V2-Y5WE-WRK9-XXXX"
Pro License: NO
[Licensing::Client] Successfully send message: {"messageType":"EntitlementDetailsRequest","entitlementIds":["com.unity.editor.headless","com.unity.editor.ui"],"packageEntitlementIds":[],"includeCustomData":false} at 1791251407
[Licensing::Client] Successfully receive message: {"entitlementGroups":[{"entitlementGroupId":"F4-W5GR-B6V2-Y5WE-WRK9-GR7N","entitlementGroupIdHash":"8d58bf4deb18ac7618b28a8936c405932a8efcb2","productName":"Unity Personal","productType":"TuanjieEditor","licenseType":"ULF","expiration":1791514207000,"matchedEntitlements":[{"entitlementId":"com.unity.editor.ui","isPackage":false,"count":1},{"entitlementId":"com.unity.editor.headless","isPackage":false,"count":1}]}],"responseCode":200,"responseStatus":"Found 1 entitlement groups and 0 free entitlements matching requested entitlement ids","messageType":"EntitlementDetailsResponse"} at 1791251407
[Licensing::Client] Successfully resolved entitlement details
Launching external process: /Applications/Tuanjie/Hub/Editor/2022.3.61t14/Tuanjie.app/Contents/Resources/PackageManager/Server/TuanjiePackageManager

COMMAND LINE ARGUMENTS:
/Applications/Tuanjie/Hub/Editor/2022.3.61t14/Tuanjie.app/Contents/MacOS/Tuanjie
-batchmode
-projectPath
/private/var/folders/19/jlz3f3_12q1d22xb7lhnbk700000gp/T/palmbay-netplay.3_fzw2el/client
-executeMethod
NetPlaytest.RunClientM4Hostleave
-logFile
/Users/qinziqian/Documents/overcooked-like/game/Evidence/m4-netplay/net-client-hostleave.log
Successfully changed project path to: /private/var/folders/19/jlz3f3_12q1d22xb7lhnbk700000gp/T/palmbay-netplay.3_fzw2el/client
/private/var/folders/19/jlz3f3_12q1d22xb7lhnbk700000gp/T/palmbay-netplay.3_fzw2el/client
[Memory] Configuration Parameters - Can be set up in boot.config
    "memorysetup-bucket-allocator-granularity=16"
    "memorysetup-bucket-allocator-bucket-count=8"
    "memorysetup-bucket-allocator-block-size=33554432"
    "memorysetup-bucket-allocator-block-count=8"
    "memorysetup-main-allocator-block-size=16777216"
    "memorysetup-thread-allocator-block-size=16777216"
    "memorysetup-gfx-main-allocator-block-size=16777216"
    "memorysetup-gfx-thread-allocator-block-size=16777216"
    "memorysetup-cache-allocator-block-size=4194304"
    "memorysetup-typetree-allocator-block-size=2097152"
    "memorysetup-profiler-bucket-allocator-granularity=16"
    "memorysetup-profiler-bucket-allocator-bucket-count=8"
    "memorysetup-profiler-bucket-allocator-block-size=33554432"
    "memorysetup-profiler-bucket-allocator-block-count=8"
    "memorysetup-profiler-allocator-block-size=16777216"
    "memorysetup-profiler-editor-allocator-block-size=1048576"
    "memorysetup-temp-allocator-size-main=16777216"
    "memorysetup-job-temp-allocator-block-size=2097152"
    "memorysetup-job-temp-allocator-block-size-background=1048576"
    "memorysetup-job-temp-allocator-reduction-small-platforms=262144"
    "memorysetup-allocator-temp-initial-block-size-main=262144"
    "memorysetup-allocator-temp-initial-block-size-worker=262144"
    "memorysetup-temp-allocator-size-background-worker=32768"
    "memorysetup-temp-allocator-size-job-worker=262144"
    "memorysetup-temp-allocator-size-preload-manager=33554432"
    "memorysetup-temp-allocator-size-nav-mesh-worker=65536"
    "memorysetup-temp-allocator-size-audio-worker=65536"
    "memorysetup-temp-allocator-size-cloud-worker=32768"
    "memorysetup-temp-allocator-size-gi-baking-worker=262144"
    "memorysetup-temp-allocator-size-gfx=262144"
Player connection [8621359872]  Target information:

Player connection [8621359872]  * "[IP] 192.168.123.27 [Port] 55505 [Flags] 2 [Guid] 2084101913 [EditorId] 2084101913 [Version] 1048832 [Id] OSXEditor(0,Links-MBP.local) [Debug] 1 [PackageName] OSXEditor [ProjectName] Editor" 

Player connection [8621359872]  * "[IP] 192.168.200.66 [Port] 55505 [Flags] 2 [Guid] 2084101913 [EditorId] 2084101913 [Version] 1048832 [Id] OSXEditor(0,Links-MBP.local) [Debug] 1 [PackageName] OSXEditor [ProjectName] Editor" 

Player connection [8621359872] Host joined multi-casting on [225.0.0.222:54997]...
Player connection [8621359872] Host joined alternative multi-casting on [225.0.0.222:34997]...
Input System module state changed to: Initialized.
AS: AutoStreaming module initializing.
Begin write certificate to file.
Write certificate complete, return 1.
StartServer, cert is /Users/qinziqian/Library/Tuanjie/76338-rest-certificate.pem
Start HTTP server port 38001, HTTPS server port 38444.
[Package Manager] UpmClient::Connect -- Connected to IPC stream "Upm-76338" after 0.5 seconds.
[Licensing::Client] Successfully send message: {"messageType":"EntitlementDetailsRequest","entitlementIds":["com.unity.editor.last.activation.date","com.unity.editor.headless"],"packageEntitlementIds":[],"includeCustomData":false} at 1791251408
[Licensing::Client] Successfully receive message: {"entitlementGroups":[{"entitlementGroupId":"F4-W5GR-B6V2-Y5WE-WRK9-GR7N","entitlementGroupIdHash":"8d58bf4deb18ac7618b28a8936c405932a8efcb2","productName":"Unity Personal","productType":"TuanjieEditor","licenseType":"ULF","expiration":1791514207000,"matchedEntitlements":[{"entitlementId":"com.unity.editor.headless","isPackage":false,"count":1},{"entitlementId":"com.unity.editor.last.activation.date","isPackage":false,"count":1}]}],"responseCode":200,"responseStatus":"Found 1 entitlement groups and 0 free entitlements matching requested entitlement ids","messageType":"EntitlementDetailsResponse"} at 1791251408
[Licensing::Client] Successfully resolved entitlement details
[Licensing::Client] Successfully send message: {"messageType":"EntitlementDetailsRequest","entitlementIds":["com.unity.editor.disable-splash-screen","com.unity.editor.headless"],"packageEntitlementIds":[],"includeCustomData":false} at 1791251408
[Licensing::Client] Successfully receive message: {"entitlementGroups":[{"entitlementGroupId":"F4-W5GR-B6V2-Y5WE-WRK9-GR7N","entitlementGroupIdHash":"8d58bf4deb18ac7618b28a8936c405932a8efcb2","productName":"Unity Personal","productType":"TuanjieEditor","licenseType":"ULF","expiration":1791514207000,"matchedEntitlements":[{"entitlementId":"com.unity.editor.headless","isPackage":false,"count":1}]}],"responseCode":200,"responseStatus":"Found 1 entitlement groups and 0 free entitlements matching requested entitlement ids","messageType":"EntitlementDetailsResponse"} at 1791251408
[Licensing::Client] Successfully resolved entitlement details
[Licensing::Client] Successfully send message: {"messageType":"EntitlementDetailsRequest","entitlementIds":["com.unity.editor.allow-mix-usage","com.unity.editor.headless"],"packageEntitlementIds":[],"includeCustomData":false} at 1791251408
[Licensing::Client] Successfully receive message: {"entitlementGroups":[{"entitlementGroupId":"F4-W5GR-B6V2-Y5WE-WRK9-GR7N","entitlementGroupIdHash":"8d58bf4deb18ac7618b28a8936c405932a8efcb2","productName":"Unity Personal","productType":"TuanjieEditor","licenseType":"ULF","expiration":1791514207000,"matchedEntitlements":[{"entitlementId":"com.unity.editor.headless","isPackage":false,"count":1}]}],"responseCode":200,"responseStatus":"Found 1 entitlement groups and 0 free entitlements matching requested entitlement ids","messageType":"EntitlementDetailsResponse"} at 1791251408
[Licensing::Client] Successfully resolved entitlement details
[Package Manager] Restoring resolved packages state from cache
[Licensing::Client] Successfully send message: {"messageType":"EntitlementDetailsRequest","entitlementIds":[],"packageEntitlementIds":["com.unity.modules.audio","com.unity.modules.androidjni","com.unity.modules.imgui","com.unity.modules.physics","com.unity.modules.jsonserialize","com.unity.modules.screencapture","com.unity.modules.ui","cn.tuanjie.codely.bridge","com.unity.modules.imageconversion","com.unity.ugui","com.unity.modules.unitywebrequest","com.unity.ext.nunit"],"includeCustomData":false} at 1791251408
[Licensing::Client] Successfully receive message: {"freeEntitlementIds":["com.unity.modules.audio","com.unity.modules.androidjni","com.unity.modules.imgui","com.unity.modules.physics","com.unity.modules.jsonserialize","com.unity.modules.screencapture","com.unity.modules.ui","cn.tuanjie.codely.bridge","com.unity.modules.imageconversion","com.unity.ugui","com.unity.modules.unitywebrequest","com.unity.ext.nunit"],"responseCode":200,"responseStatus":"Found 0 entitlement groups and 12 free entitlements matching requested entitlement ids","messageType":"EntitlementDetailsResponse"} at 1791251408
[Licensing::Client] Successfully resolved entitlement details
[Package Manager] Registered 12 packages:
  Packages from [https://packages.tuanjie.cn]:
    com.unity.ext.nunit@1.0.6 (location: /private/var/folders/19/jlz3f3_12q1d22xb7lhnbk700000gp/T/palmbay-netplay.3_fzw2el/client/Library/PackageCache/com.unity.ext.nunit@1.0.6)
  Built-in packages:
    com.unity.modules.audio@1.0.0 (location: /private/var/folders/19/jlz3f3_12q1d22xb7lhnbk700000gp/T/palmbay-netplay.3_fzw2el/client/Library/PackageCache/com.unity.modules.audio@1.0.0)
    com.unity.modules.androidjni@1.0.0 (location: /private/var/folders/19/jlz3f3_12q1d22xb7lhnbk700000gp/T/palmbay-netplay.3_fzw2el/client/Library/PackageCache/com.unity.modules.androidjni@1.0.0)
    com.unity.modules.imgui@1.0.0 (location: /private/var/folders/19/jlz3f3_12q1d22xb7lhnbk700000gp/T/palmbay-netplay.3_fzw2el/client/Library/PackageCache/com.unity.modules.imgui@1.0.0)
    com.unity.modules.physics@1.0.0 (location: /private/var/folders/19/jlz3f3_12q1d22xb7lhnbk700000gp/T/palmbay-netplay.3_fzw2el/client/Library/PackageCache/com.unity.modules.physics@1.0.0)
    com.unity.modules.jsonserialize@1.0.0 (location: /private/var/folders/19/jlz3f3_12q1d22xb7lhnbk700000gp/T/palmbay-netplay.3_fzw2el/client/Library/PackageCache/com.unity.modules.jsonserialize@1.0.0)
    com.unity.modules.screencapture@1.0.0 (location: /private/var/folders/19/jlz3f3_12q1d22xb7lhnbk700000gp/T/palmbay-netplay.3_fzw2el/client/Library/PackageCache/com.unity.modules.screencapture@1.0.0)
    com.unity.modules.ui@1.0.0 (location: /private/var/folders/19/jlz3f3_12q1d22xb7lhnbk700000gp/T/palmbay-netplay.3_fzw2el/client/Library/PackageCache/com.unity.modules.ui@1.0.0)
    com.unity.modules.imageconversion@1.0.0 (location: /private/var/folders/19/jlz3f3_12q1d22xb7lhnbk700000gp/T/palmbay-netplay.3_fzw2el/client/Library/PackageCache/com.unity.modules.imageconversion@1.0.0)
    com.unity.ugui@1.0.0 (location: /private/var/folders/19/jlz3f3_12q1d22xb7lhnbk700000gp/T/palmbay-netplay.3_fzw2el/client/Library/PackageCache/com.unity.ugui@1.0.0)
    com.unity.modules.unitywebrequest@1.0.0 (location: /private/var/folders/19/jlz3f3_12q1d22xb7lhnbk700000gp/T/palmbay-netplay.3_fzw2el/client/Library/PackageCache/com.unity.modules.unitywebrequest@1.0.0)
  Local packages:
    cn.tuanjie.codely.bridge@file:/private/var/folders/19/jlz3f3_12q1d22xb7lhnbk700000gp/T/palmbay-netplay.3_fzw2el/client/.codely.packages/cn.tuanjie.codely.bridge@1.0.85-785dea6a (location: /private/var/folders/19/jlz3f3_12q1d22xb7lhnbk700000gp/T/palmbay-netplay.3_fzw2el/client/.codely.packages/cn.tuanjie.codely.bridge@1.0.85-785dea6a)
[Subsystems] No new subsystems found in resolved package list.
Package Manager log level set to [2]
[Package Manager] Done registering packages in 0.11 seconds
[Package Manager] Done resolving packages in 0.71 seconds
[Package Manager] Registered 12 packages:
  Packages from [https://packages.tuanjie.cn]:
    com.unity.ext.nunit@1.0.6 (location: /private/var/folders/19/jlz3f3_12q1d22xb7lhnbk700000gp/T/palmbay-netplay.3_fzw2el/client/Library/PackageCache/com.unity.ext.nunit@1.0.6)
  Built-in packages:
    com.unity.modules.audio@1.0.0 (location: /private/var/folders/19/jlz3f3_12q1d22xb7lhnbk700000gp/T/palmbay-netplay.3_fzw2el/client/Library/PackageCache/com.unity.modules.audio@1.0.0)
    com.unity.modules.androidjni@1.0.0 (location: /private/var/folders/19/jlz3f3_12q1d22xb7lhnbk700000gp/T/palmbay-netplay.3_fzw2el/client/Library/PackageCache/com.unity.modules.androidjni@1.0.0)
    com.unity.modules.imgui@1.0.0 (location: /private/var/folders/19/jlz3f3_12q1d22xb7lhnbk700000gp/T/palmbay-netplay.3_fzw2el/client/Library/PackageCache/com.unity.modules.imgui@1.0.0)
    com.unity.modules.physics@1.0.0 (location: /private/var/folders/19/jlz3f3_12q1d22xb7lhnbk700000gp/T/palmbay-netplay.3_fzw2el/client/Library/PackageCache/com.unity.modules.physics@1.0.0)
    com.unity.modules.jsonserialize@1.0.0 (location: /private/var/folders/19/jlz3f3_12q1d22xb7lhnbk700000gp/T/palmbay-netplay.3_fzw2el/client/Library/PackageCache/com.unity.modules.jsonserialize@1.0.0)
    com.unity.modules.screencapture@1.0.0 (location: /private/var/folders/19/jlz3f3_12q1d22xb7lhnbk700000gp/T/palmbay-netplay.3_fzw2el/client/Library/PackageCache/com.unity.modules.screencapture@1.0.0)
    com.unity.modules.ui@1.0.0 (location: /private/var/folders/19/jlz3f3_12q1d22xb7lhnbk700000gp/T/palmbay-netplay.3_fzw2el/client/Library/PackageCache/com.unity.modules.ui@1.0.0)
    com.unity.modules.imageconversion@1.0.0 (location: /private/var/folders/19/jlz3f3_12q1d22xb7lhnbk700000gp/T/palmbay-netplay.3_fzw2el/client/Library/PackageCache/com.unity.modules.imageconversion@1.0.0)
    com.unity.ugui@1.0.0 (location: /private/var/folders/19/jlz3f3_12q1d22xb7lhnbk700000gp/T/palmbay-netplay.3_fzw2el/client/Library/PackageCache/com.unity.ugui@1.0.0)
    com.unity.modules.unitywebrequest@1.0.0 (location: /private/var/folders/19/jlz3f3_12q1d22xb7lhnbk700000gp/T/palmbay-netplay.3_fzw2el/client/Library/PackageCache/com.unity.modules.unitywebrequest@1.0.0)
  Local packages:
    cn.tuanjie.codely.bridge@file:/private/var/folders/19/jlz3f3_12q1d22xb7lhnbk700000gp/T/palmbay-netplay.3_fzw2el/client/.codely.packages/cn.tuanjie.codely.bridge@1.0.85-785dea6a (location: /private/var/folders/19/jlz3f3_12q1d22xb7lhnbk700000gp/T/palmbay-netplay.3_fzw2el/client/.codely.packages/cn.tuanjie.codely.bridge@1.0.85-785dea6a)
[Subsystems] No new subsystems found in resolved package list.
[Package Manager] Done registering packages in 0.00 seconds
Refreshing native plugins compatible for Editor in 5.22 ms, found 7 plugins.
Preloading 0 native plugins for Editor in 0.00 ms.
Initialize engine version: 2022.3.61t14 (3a70663b70e0)
[Subsystems] Discovering subsystems at path /Applications/Tuanjie/Hub/Editor/2022.3.61t14/Tuanjie.app/Contents/Resources/UnitySubsystems
[Subsystems] Discovering subsystems at path /private/var/folders/19/jlz3f3_12q1d22xb7lhnbk700000gp/T/palmbay-netplay.3_fzw2el/client/Assets
GfxDevice: creating device client; threaded=0; jobified=0
 preferred device: Apple M5 (high power)
Metal devices available: 1
0: Apple M5 (high power)
Using device Apple M5 (high power)
Initializing Metal device caps: Apple M5
[Licensing::Client] Successfully send message: {"messageType":"EntitlementDetailsRequest","entitlementIds":["com.unity.editor.cluster","com.unity.editor.headless"],"packageEntitlementIds":[],"includeCustomData":false} at 1791251409
[Licensing::Client] Successfully receive message: {"entitlementGroups":[{"entitlementGroupId":"F4-W5GR-B6V2-Y5WE-WRK9-GR7N","entitlementGroupIdHash":"8d58bf4deb18ac7618b28a8936c405932a8efcb2","productName":"Unity Personal","productType":"TuanjieEditor","licenseType":"ULF","expiration":1791514207000,"matchedEntitlements":[{"entitlementId":"com.unity.editor.headless","isPackage":false,"count":1}]}],"responseCode":200,"responseStatus":"Found 1 entitlement groups and 0 free entitlements matching requested entitlement ids","messageType":"EntitlementDetailsResponse"} at 1791251409
[Licensing::Client] Successfully resolved entitlement details
Initialize mono
Mono path[0] = '/Applications/Tuanjie/Hub/Editor/2022.3.61t14/Tuanjie.app/Contents/Managed'
Mono path[1] = '/Applications/Tuanjie/Hub/Editor/2022.3.61t14/Tuanjie.app/Contents/MonoBleedingEdge/lib/mono/unityjit-macos'
Mono config path = '/Applications/Tuanjie/Hub/Editor/2022.3.61t14/Tuanjie.app/Contents/MonoBleedingEdge/etc'
Using monoOptions --debugger-agent=transport=dt_socket,embedding=1,server=y,suspend=n,address=0.0.0.0:56338
Using cacheserver namespaces - metadata:defaultmetadata, artifacts:defaultartifacts
Using cacheserver namespaces - metadata:defaultmetadata, artifacts:defaultartifacts
ImportWorker Server TCP listen port: 0
Begin MonoManager ReloadAssembly
Registering precompiled tuanjie dll's ...
Register platform support module: /Applications/Tuanjie/Hub/Editor/2022.3.61t14/Tuanjie.app/Contents/PlaybackEngines/MacStandaloneSupport/UnityEditor.OSXStandalone.Extensions.dll
[Licensing::Client] Successfully send message: {"messageType":"EntitlementDetailsRequest","entitlementIds":["com.unity.editor.platforms.android","com.unity.editor.headless"],"packageEntitlementIds":[],"includeCustomData":false} at 1791251409
[Licensing::Client] Successfully receive message: {"entitlementGroups":[{"entitlementGroupId":"F4-W5GR-B6V2-Y5WE-WRK9-GR7N","entitlementGroupIdHash":"8d58bf4deb18ac7618b28a8936c405932a8efcb2","productName":"Unity Personal","productType":"TuanjieEditor","licenseType":"ULF","expiration":1791514207000,"matchedEntitlements":[{"entitlementId":"com.unity.editor.platforms.android","isPackage":false,"count":1},{"entitlementId":"com.unity.editor.headless","isPackage":false,"count":1}]}],"responseCode":200,"responseStatus":"Found 1 entitlement groups and 0 free entitlements matching requested entitlement ids","messageType":"EntitlementDetailsResponse"} at 1791251409
[Licensing::Client] Successfully resolved entitlement details
Register platform support module: /Applications/Tuanjie/Hub/Editor/2022.3.61t14/PlaybackEngines/AndroidPlayer/UnityEditor.Android.Extensions.dll
Registered in 0.013994 seconds.
- Loaded All Assemblies, in  0.247 seconds
Native extension for Android target not found
Android Extension - Scanning For ADB Devices 91 ms
Native extension for OSXStandalone target not found
[Licensing::Client] Successfully send message: {"messageType":"EntitlementDetailsRequest","entitlementIds":["com.unity.editor.minigame.subplatform.wechat","com.unity.editor.headless"],"packageEntitlementIds":[],"includeCustomData":false} at 1791251410
[Licensing::Client] Successfully receive message: {"entitlementGroups":[{"entitlementGroupId":"F4-W5GR-B6V2-Y5WE-WRK9-GR7N","entitlementGroupIdHash":"8d58bf4deb18ac7618b28a8936c405932a8efcb2","productName":"Unity Personal","productType":"TuanjieEditor","licenseType":"ULF","expiration":1791514207000,"matchedEntitlements":[{"entitlementId":"com.unity.editor.headless","isPackage":false,"count":1},{"entitlementId":"com.unity.editor.minigame.subplatform.wechat","isPackage":false,"count":1}]}],"responseCode":200,"responseStatus":"Found 1 entitlement groups and 0 free entitlements matching requested entitlement ids","messageType":"EntitlementDetailsResponse"} at 1791251410
[Licensing::Client] Successfully resolved entitlement details
[Licensing::Client] Successfully send message: {"messageType":"EntitlementDetailsRequest","entitlementIds":["com.unity.editor.minigame.subplatform.douyin","com.unity.editor.headless"],"packageEntitlementIds":[],"includeCustomData":false} at 1791251410
[Licensing::Client] Successfully receive message: {"entitlementGroups":[{"entitlementGroupId":"F4-W5GR-B6V2-Y5WE-WRK9-GR7N","entitlementGroupIdHash":"8d58bf4deb18ac7618b28a8936c405932a8efcb2","productName":"Unity Personal","productType":"TuanjieEditor","licenseType":"ULF","expiration":1791514207000,"matchedEntitlements":[{"entitlementId":"com.unity.editor.headless","isPackage":false,"count":1},{"entitlementId":"com.unity.editor.minigame.subplatform.douyin","isPackage":false,"count":1}]}],"responseCode":200,"responseStatus":"Found 1 entitlement groups and 0 free entitlements matching requested entitlement ids","messageType":"EntitlementDetailsResponse"} at 1791251410
[Licensing::Client] Successfully resolved entitlement details
[Licensing::Client] Successfully send message: {"messageType":"EntitlementDetailsRequest","entitlementIds":["com.unity.editor.minigame.subplatform.kuaishou","com.unity.editor.headless"],"packageEntitlementIds":[],"includeCustomData":false} at 1791251410
[Licensing::Client] Successfully receive message: {"entitlementGroups":[{"entitlementGroupId":"F4-W5GR-B6V2-Y5WE-WRK9-GR7N","entitlementGroupIdHash":"8d58bf4deb18ac7618b28a8936c405932a8efcb2","productName":"Unity Personal","productType":"TuanjieEditor","licenseType":"ULF","expiration":1791514207000,"matchedEntitlements":[{"entitlementId":"com.unity.editor.headless","isPackage":false,"count":1},{"entitlementId":"com.unity.editor.minigame.subplatform.kuaishou","isPackage":false,"count":1}]}],"responseCode":200,"responseStatus":"Found 1 entitlement groups and 0 free entitlements matching requested entitlement ids","messageType":"EntitlementDetailsResponse"} at 1791251410
[Licensing::Client] Successfully resolved entitlement details
[Licensing::Client] Successfully send message: {"messageType":"EntitlementDetailsRequest","entitlementIds":["com.unity.editor.minigame.subplatform.minihost","com.unity.editor.headless"],"packageEntitlementIds":[],"includeCustomData":false} at 1791251410
[Licensing::Client] Successfully receive message: {"entitlementGroups":[{"entitlementGroupId":"F4-W5GR-B6V2-Y5WE-WRK9-GR7N","entitlementGroupIdHash":"8d58bf4deb18ac7618b28a8936c405932a8efcb2","productName":"Unity Personal","productType":"TuanjieEditor","licenseType":"ULF","expiration":1791514207000,"matchedEntitlements":[{"entitlementId":"com.unity.editor.headless","isPackage":false,"count":1},{"entitlementId":"com.unity.editor.minigame.subplatform.minihost","isPackage":false,"count":1}]}],"responseCode":200,"responseStatus":"Found 1 entitlement groups and 0 free entitlements matching requested entitlement ids","messageType":"EntitlementDetailsResponse"} at 1791251410
[Licensing::Client] Successfully resolved entitlement details
Mono: successfully reloaded assembly
- Finished resetting the current domain, in  0.323 seconds
Domain Reload Profiling: 571ms
	BeginReloadAssembly (63ms)
		ExecutionOrderSort (0ms)
		DisableScriptedObjects (0ms)
		BackupInstance (0ms)
		ReleaseScriptingObjects (0ms)
		CreateAndSetChildDomain (1ms)
	RebuildCommonClasses (23ms)
	RebuildNativeTypeToScriptingClass (9ms)
	initialDomainReloadingComplete (44ms)
	LoadAllAssembliesAndSetupDomain (108ms)
		LoadAssemblies (63ms)
		RebuildTransferFunctionScriptingTraits (0ms)
		AnalyzeDomain (107ms)
			TypeCache.Refresh (106ms)
				TypeCache.ScanAssembly (96ms)
			ScanForSourceGeneratedMonoScriptInfo (0ms)
			ResolveRequiredComponents (0ms)
	FinalizeReload (323ms)
		ReleaseScriptCaches (0ms)
		RebuildScriptCaches (0ms)
		SetupLoadedEditorAssemblies (291ms)
			LogAssemblyErrors (0ms)
			InitializePlatformSupportModulesInManaged (147ms)
			SetLoadedEditorAssemblies (3ms)
			RefreshPlugins (0ms)
			BeforeProcessingInitializeOnLoad (1ms)
			ProcessInitializeOnLoadAttributes (130ms)
			ProcessInitializeOnLoadMethodAttributes (9ms)
			AfterProcessingInitializeOnLoad (0ms)
			EditorAssembliesLoaded (0ms)
		ExecutionOrderSort2 (0ms)
		AwakeInstancesAfterBackupRestoration (0ms)
[Licensing::Client] Successfully send message: {"messageType":"EntitlementDetailsRequest","entitlementIds":["com.unity.editor.legacy.pro","com.unity.editor.watermarks.disable","com.unity.editor.watermarks.prototyping","com.unity.editor.watermarks.edu","com.unity.editor.watermarks.trial","com.unity.editor.time-limited-license","com.unity.editor.cluster","com.unity.editor.unity.compliant","com.unity.editor.watermarks.forcedisable","com.unity.editor.open-harmony.analytics.disabled","com.unity.editor.mini-game.analytics.disabled","com.unity.editor.unity.expiration.2d","com.unity.editor.unity.expiration.7d","com.unity.editor.headless"],"packageEntitlementIds":[],"includeCustomData":false} at 1791251410
[Licensing::Client] Successfully receive message: {"entitlementGroups":[{"entitlementGroupId":"F4-W5GR-B6V2-Y5WE-WRK9-GR7N","entitlementGroupIdHash":"8d58bf4deb18ac7618b28a8936c405932a8efcb2","productName":"Unity Personal","productType":"TuanjieEditor","licenseType":"ULF","expiration":1791514207000,"matchedEntitlements":[{"entitlementId":"com.unity.editor.headless","isPackage":false,"count":1},{"entitlementId":"com.unity.editor.unity.expiration.2d","isPackage":false,"count":1},{"entitlementId":"com.unity.editor.watermarks.forcedisable","isPackage":false,"count":1},{"entitlementId":"com.unity.editor.unity.compliant","isPackage":false,"count":1},{"entitlementId":"com.unity.editor.mini-game.analytics.disabled","isPackage":false,"count":1},{"entitlementId":"com.unity.editor.time-limited-license","isPackage":false,"count":1}]}],"responseCode":200,"responseStatus":"Found 1 entitlement groups and 0 free entitlements matching requested entitlement ids","messageType":"EntitlementDetailsResponse"} at 1791251410
[Licensing::Client] Successfully resolved entitlement details
Application.AssetDatabase Initial Refresh Start
[40m[32minfo[39m[22m[49m: Microsoft.Hosting.Lifetime[14]
      Now listening on: http://unix:/tmp/ilpp.sock-c999f06df2a4c4ef8ad738e9fc905d81
[40m[32minfo[39m[22m[49m: Microsoft.Hosting.Lifetime[0]
      Application started. Press Ctrl+C to shut down.
[40m[32minfo[39m[22m[49m: Microsoft.Hosting.Lifetime[0]
      Hosting environment: Production
[40m[32minfo[39m[22m[49m: Microsoft.Hosting.Lifetime[0]
      Content root path: /private/var/folders/19/jlz3f3_12q1d22xb7lhnbk700000gp/T/palmbay-netplay.3_fzw2el/client/
[40m[32minfo[39m[22m[49m: Microsoft.AspNetCore.Hosting.Diagnostics[1]
      Request starting HTTP/2 POST http://ilpp/UnityILPP.PostProcessing/Ping application/grpc -
[40m[32minfo[39m[22m[49m: Microsoft.AspNetCore.Routing.EndpointMiddleware[0]
      Executing endpoint 'gRPC - /UnityILPP.PostProcessing/Ping'
[40m[32minfo[39m[22m[49m: Microsoft.AspNetCore.Routing.EndpointMiddleware[1]
      Executed endpoint 'gRPC - /UnityILPP.PostProcessing/Ping'
[40m[32minfo[39m[22m[49m: Microsoft.AspNetCore.Hosting.Diagnostics[2]
      Request finished HTTP/2 POST http://ilpp/UnityILPP.PostProcessing/Ping application/grpc - - 200 - application/grpc 36.1594ms
Starting: /Applications/Tuanjie/Hub/Editor/2022.3.61t14/Tuanjie.app/Contents/bee_backend --dont-print-to-structured-log --ipc --defer-dag-verification --dagfile="Library/Bee/200b0aE.dag" --continue-on-failure --profile="Library/Bee/backend1.traceevents" ScriptAssemblies
WorkingDir: /private/var/folders/19/jlz3f3_12q1d22xb7lhnbk700000gp/T/palmbay-netplay.3_fzw2el/client
DisplayProgressbar: Compiling Scripts
ExitCode: 0 Duration: 0s52ms
*** Tundra build success (0.04 seconds), 0 items updated, 158 evaluated
Total cache size 14598992
Total cache size after purge 14598992
AssetDatabase: script compilation time: 0.546994s
Begin MonoManager ReloadAssembly
- Loaded All Assemblies, in  0.302 seconds
Refreshing native plugins compatible for Editor in 4.62 ms, found 7 plugins.
Preloading 0 native plugins for Editor in 0.00 ms.
Start importing ProjectSettings/ProjectSettings.asset using Guid(00000000000000004000000000000000) Importer(Primary)  -> (artifact id: 'a097f7dc01facf6963a24a10d2fb905a') in 0.008808 seconds
Refreshing native plugins compatible for Editor in 3.96 ms, found 7 plugins.
Native extension for Android target not found
Native extension for OSXStandalone target not found
Mono: successfully reloaded assembly
- Finished resetting the current domain, in  0.213 seconds
Domain Reload Profiling: 515ms
	BeginReloadAssembly (85ms)
		ExecutionOrderSort (0ms)
		DisableScriptedObjects (3ms)
		BackupInstance (0ms)
		ReleaseScriptingObjects (0ms)
		CreateAndSetChildDomain (15ms)
	RebuildCommonClasses (23ms)
	RebuildNativeTypeToScriptingClass (9ms)
	initialDomainReloadingComplete (15ms)
	LoadAllAssembliesAndSetupDomain (170ms)
		LoadAssemblies (116ms)
		RebuildTransferFunctionScriptingTraits (0ms)
		AnalyzeDomain (104ms)
			TypeCache.Refresh (101ms)
				TypeCache.ScanAssembly (91ms)
			ScanForSourceGeneratedMonoScriptInfo (1ms)
			ResolveRequiredComponents (1ms)
	FinalizeReload (213ms)
		ReleaseScriptCaches (0ms)
		RebuildScriptCaches (0ms)
		SetupLoadedEditorAssemblies (126ms)
			LogAssemblyErrors (0ms)
			InitializePlatformSupportModulesInManaged (9ms)
			SetLoadedEditorAssemblies (2ms)
			RefreshPlugins (0ms)
			BeforeProcessingInitializeOnLoad (17ms)
			ProcessInitializeOnLoadAttributes (87ms)
			ProcessInitializeOnLoadMethodAttributes (11ms)
			AfterProcessingInitializeOnLoad (1ms)
			EditorAssembliesLoaded (0ms)
		ExecutionOrderSort2 (0ms)
		AwakeInstancesAfterBackupRestoration (2ms)
plugin_module success
g_query_callback success 
g_get_assembly_csharp load success 
Launching external process: /Applications/Tuanjie/Hub/Editor/2022.3.61t14/Tuanjie.app/Contents/Tools/TuanjieShaderCompiler
Launched and connected shader compiler TuanjieShaderCompiler after 0.05 seconds
Refreshing native plugins compatible for Editor in 2.47 ms, found 7 plugins.
Preloading 0 native plugins for Editor in 0.00 ms.
Asset Pipeline Refresh (id=f45a97e30ccd245f9b6b30049037cf8c): Total: 1.525 seconds - Initiated by InitialRefreshV2(ForceSynchronousImport)
	Summary:
		Imports: total=1 (actual=1, local cache=0, cache server=0)
		Asset DB Process Time: managed=1 ms, native=334 ms
		Asset DB Callback time: managed=29 ms, native=78 ms
		Scripting: domain reloads=1, domain reload time=528 ms, compile time=548 ms, other=3 ms
		Project Asset Count: scripts=612, non-scripts=4612
		Asset File Changes: new=0, changed=1, moved=0, deleted=0
		Scan Filter Count: 1
		OnDemandAssets Count:0
	InvokeBeforeRefreshCallbacks: 0.630ms
	ApplyChangesToAssetFolders: 0.045ms
	Scan: 119.814ms
	OnSourceAssetsModified: 1.527ms
	GetAllGuidsForCategorization: 0.372ms
	CategorizeAssets: 61.362ms
	ImportOutOfDateAssets: 237.061ms (-325.681ms without children)
		ImportManagerImport: 11.800ms (2.796ms without children)
			ImportInProcess: 8.994ms
			UpdateCategorizedAssets: 0.010ms
		CompileScripts: 548.101ms
		ReloadNativeAssets: 0.000ms
		UnloadImportedAssets: 0.962ms
		ReloadImportedAssets: 0.000ms
		EnsureUptoDateAssetsAreRegisteredWithGuidPM: 1.157ms
		InitializingProgressBar: 0.001ms
		PostProcessAllAssetNotificationsAddChangedAssets: 0.000ms
		OnDemandSchedulerStart: 0.722ms
	PostProcessAllAssets: 151.240ms
	Hotreload: 3.029ms
	GatherAllCurrentPrimaryArtifactRevisions: 0.196ms
	UnloadStreamsBegin: 0.202ms
	PersistCurrentRevisions: 0.445ms
	UnloadStreamsEnd: 0.005ms
	GenerateScriptTypeHashes: 0.000ms
	Untracked: 949.230ms
Application.AssetDatabase Initial Refresh End
Scanning for USB devices : 0.023ms
Initializing Tuanjie extensions:
[Licensing::Client] Successfully send message: {"messageType":"ProductNameRequest","Value":"studio.palmbay.airport"} at 1791251411
[Licensing::Client] Successfully receive message: {"responseCode":200,"messageType":"ProductNameResponse"} at 1791251411
[Licensing::Client] Error: ProductNameResponse could not be deserialized
[MODES] ModeService[none].Initialize
[MODES] ModeService[none].LoadModes
[MODES] Loading mode Default (0) for mode-current-id-Netplay-18bf272050684f34bd962ad94f2a001f-client9
Unloading 3 Unused Serialized files (Serialized files now loaded: 0)
Unloading 52 unused Assets / (388.2 KB). Loaded Objects now: 981.
Memory consumption went from 96.8 MB to 96.4 MB.
Total: 2.460083 ms (FindLiveObjects: 0.049417 ms CreateObjectMapping: 0.012542 ms MarkObjects: 2.237250 ms  DeleteObjects: 0.160625 ms)

Opening scene 'Assets/Scenes/CabinLobby.unity'
Unloading 0 Unused Serialized files (Serialized files now loaded: 0)
Loaded scene 'Assets/Scenes/CabinLobby.unity'
	Deserialize:            19.074 ms
	Integration:            10.055 ms
	Integration of assets:  0.007 ms
	Thread Wait Time:       0.000 ms
	Total Operation Time:   29.137 ms
Unloading 1 unused Assets / (0.5 KB). Loaded Objects now: 2861.
Memory consumption went from 97.0 MB to 97.0 MB.
Total: 2.266458 ms (FindLiveObjects: 0.102666 ms CreateObjectMapping: 0.014209 ms MarkObjects: 2.142042 ms  DeleteObjects: 0.007167 ms)

[Project] Loading completed in 5.024 seconds
	Project init time: 				3.961 seconds
		Template init time: 		0.000 seconds
		Package Manager init time: 		0.480 seconds
		Asset Database init time: 		0.897 seconds
		Global illumination init time: 	0.001 seconds
		Assemblies load time: 			0.578 seconds
		Tuanjie extensions init time: 	0.001 seconds
		Asset Database refresh time: 	1.573 seconds
	Scene opening time: 			0.098 seconds
##utp:{"type":"ProjectInfo","version":2,"phase":"Immediate","time":1791251411915,"processId":76338,"projectLoad":5.023947416,"projectInit":3.960679,"templateInit":0.0,"packageManagerInit":0.480132292,"assetDatabaseInit":0.897039917,"globalIlluminationInit":0.000573208,"assembliesLoad":0.578441208,"unityExtensionsInit":0.000715458,"assetDatabaseRefresh":1.57345,"sceneOpening":0.097708791}
##utp:{"type":"EditorInfo","version":2,"phase":"Immediate","time":1791251411915,"processId":76338,"editorVersion":"2022.3.61t14 (3a70663b70e0)","branch":"tuanjie/1.6/staging","buildType":"Release","platform":"OSX"}
Subscribe to USB device events
Thread 0x16efeb000 may have been prematurely finalized
CachePath: /Users/qinziqian/Library/Caches/Tuanjie/Palm Bay Netplaytest 18bf272050684f34bd962ad94f2a001f client9_Netplay-18bf272050684f34bd962ad94f2a001f-client9
CachePath: /Users/qinziqian/Library/Caches/Tuanjie/Palm Bay Netplaytest 18bf272050684f34bd962ad94f2a001f client9_Netplay-18bf272050684f34bd962ad94f2a001f-client9
Reloading assemblies for play mode.
Reloading assemblies after forced synchronous recompile.
Begin MonoManager ReloadAssembly
[NWB-WebRTC] SendDataChannelMessage rejected: dataChannel=null len=24
[NWB-C++] SendDataChannelMessage REJECTED (len=24)
- Loaded All Assemblies, in  0.158 seconds
Refreshing native plugins compatible for Editor in 3.92 ms, found 7 plugins.
Native extension for Android target not found
Native extension for OSXStandalone target not found
Mono: successfully reloaded assembly
- Finished resetting the current domain, in  0.245 seconds
Domain Reload Profiling: 402ms
	BeginReloadAssembly (97ms)
		ExecutionOrderSort (0ms)
		DisableScriptedObjects (3ms)
		BackupInstance (0ms)
		ReleaseScriptingObjects (0ms)
		CreateAndSetChildDomain (20ms)
	RebuildCommonClasses (23ms)
	RebuildNativeTypeToScriptingClass (9ms)
	initialDomainReloadingComplete (13ms)
	LoadAllAssembliesAndSetupDomain (15ms)
		LoadAssemblies (56ms)
		RebuildTransferFunctionScriptingTraits (0ms)
		AnalyzeDomain (6ms)
			TypeCache.Refresh (4ms)
				TypeCache.ScanAssembly (0ms)
			ScanForSourceGeneratedMonoScriptInfo (0ms)
			ResolveRequiredComponents (1ms)
	FinalizeReload (245ms)
		ReleaseScriptCaches (0ms)
		RebuildScriptCaches (0ms)
		SetupLoadedEditorAssemblies (129ms)
			LogAssemblyErrors (0ms)
			InitializePlatformSupportModulesInManaged (8ms)
			SetLoadedEditorAssemblies (5ms)
			RefreshPlugins (0ms)
			BeforeProcessingInitializeOnLoad (19ms)
			ProcessInitializeOnLoadAttributes (84ms)
			ProcessInitializeOnLoadMethodAttributes (13ms)
			AfterProcessingInitializeOnLoad (1ms)
			EditorAssembliesLoaded (0ms)
		ExecutionOrderSort2 (0ms)
		AwakeInstancesAfterBackupRestoration (3ms)
Asset Pipeline Refresh (id=344adf6f9297e4af5b6ecbe217b0c819): Total: 0.578 seconds - Initiated by StopAssetImportingV2(ForceSynchronousImport | ForceDomainReload)
	Summary:
		Imports: total=0 (actual=0, local cache=0, cache server=0)
		Asset DB Process Time: managed=0 ms, native=150 ms
		Asset DB Callback time: managed=10 ms, native=0 ms
		Scripting: domain reloads=1, domain reload time=414 ms, compile time=1 ms, other=0 ms
		Project Asset Count: scripts=612, non-scripts=4612
		Asset File Changes: new=0, changed=0, moved=0, deleted=0
		Scan Filter Count: 0
		OnDemandAssets Count:0
	InvokeBeforeRefreshCallbacks: 0.591ms
	ApplyChangesToAssetFolders: 0.016ms
	Scan: 0.000ms
	OnSourceAssetsModified: 0.001ms
	GetAllGuidsForCategorization: 0.371ms
	CategorizeAssets: 46.974ms
	ImportOutOfDateAssets: 255.946ms (253.537ms without children)
		CompileScripts: 1.184ms
		CollectScriptTypesHashes: 0.009ms
		ReloadNativeAssets: 0.030ms
		UnloadImportedAssets: 0.290ms
		EnsureUptoDateAssetsAreRegisteredWithGuidPM: 0.655ms
		InitializingProgressBar: 0.000ms
		PostProcessAllAssetNotificationsAddChangedAssets: 0.000ms
		OnDemandSchedulerStart: 0.241ms
	PostProcessAllAssets: 10.731ms
	GatherAllCurrentPrimaryArtifactRevisions: 0.133ms
	UnloadStreamsBegin: 0.099ms
	PersistCurrentRevisions: 0.186ms
	UnloadStreamsEnd: 0.017ms
	GenerateScriptTypeHashes: 0.000ms
	Untracked: 262.747ms
AppState: beacon 收听套接绑定失败，自动发现不可用。Address already in use
UnityEngine.StackTraceUtility:ExtractStackTrace () (at /Users/bokken/build/output/dev/tj/Runtime/Export/Scripting/StackTrace.cs:37)
UnityEngine.DebugLogHandler:LogFormat (UnityEngine.LogType,UnityEngine.Object,string,object[])
UnityEngine.Logger:Log (UnityEngine.LogType,object)
UnityEngine.Debug:LogWarning (object)
IslandAirport.AppState:Awake () (at Assets/Scripts/Gameplay/AppState.cs:192)
UnityEngine.GameObject:AddComponent (System.Type) (at /Users/bokken/build/output/dev/tj/Runtime/Export/Scripting/GameObject.bindings.cs:240)
UnityEngine.GameObject:AddComponent<IslandAirport.AppState> () (at /Users/bokken/build/output/dev/tj/Runtime/Export/Scripting/GameObject.bindings.cs:245)
IslandAirport.AppState:Ensure () (at Assets/Scripts/Gameplay/AppState.cs:147)
IslandAirport.LobbyApp:Awake () (at Assets/Scripts/Gameplay/LobbyApp.cs:137)

(Filename: Assets/Scripts/Gameplay/AppState.cs Line: 192)

Loaded scene 'Temp/__Backupscenes/0.backup'
	Deserialize:            9.781 ms
	Integration:            75.655 ms
	Integration of assets:  0.039 ms
	Thread Wait Time:       0.004 ms
	Total Operation Time:   85.479 ms
[MODES] ModeService[none].Initialize
[MODES] ModeService[none].LoadModes
[MODES] Loading mode Default (0) for mode-current-id-Netplay-18bf272050684f34bd962ad94f2a001f-client9
[NWB-WebRTC] SendDataChannelMessage rejected: dataChannel=null len=54
[NWB-C++] SendDataChannelMessage REJECTED (len=54)
[NWB-WebRTC] SendDataChannelMessage rejected: dataChannel=null len=33
[NWB-C++] SendDataChannelMessage REJECTED (len=33)
Created GICache directory at /Users/qinziqian/Library/Caches/cn.yousandi.TuanjieEditor/Tuanjie/GiCache. Took: 0.003s, timestamps: [5.893 - 5.896]
Unloading 59 Unused Serialized files (Serialized files now loaded: 0)
UnloadTime: 3.003625 ms
Loaded scene 'Assets/Scenes/PalmBay.unity'
	Deserialize:            1.321 ms
	Integration:            51.403 ms
	Integration of assets:  0.001 ms
	Thread Wait Time:       0.010 ms
	Total Operation Time:   52.735 ms
Unloading 124 unused Assets / (234.3 KB). Loaded Objects now: 4124.
Memory consumption went from 104.5 MB to 104.3 MB.
Total: 3.233500 ms (FindLiveObjects: 0.136958 ms CreateObjectMapping: 0.024625 ms MarkObjects: 2.971625 ms  DeleteObjects: 0.099959 ms)

NETPLAY_PASSED client-m4-hostleave Surviving client restored live authoritative checkpoint, retained control and finished original match after host departure.
UnityEngine.StackTraceUtility:ExtractStackTrace () (at /Users/bokken/build/output/dev/tj/Runtime/Export/Scripting/StackTrace.cs:37)
UnityEngine.DebugLogHandler:LogFormat (UnityEngine.LogType,UnityEngine.Object,string,object[])
UnityEngine.Logger:Log (UnityEngine.LogType,object)
UnityEngine.Debug:Log (object)
NetPlaytest:Complete (bool,string) (at Assets/Editor/NetPlaytest.cs:1699)
NetPlaytest:AdvanceM4Client (double,single) (at Assets/Editor/NetPlaytest.M4.cs:330)
NetPlaytest:AdvanceM4 (double,single) (at Assets/Editor/NetPlaytest.M4.cs:36)
NetPlaytest:AdvanceScenario (double,single) (at Assets/Editor/NetPlaytest.cs:309)
NetPlaytest:Poll () (at Assets/Editor/NetPlaytest.cs:219)
UnityEditor.EditorApplication:Internal_CallUpdateFunctions () (at /Users/bokken/build/output/dev/tj/Editor/Mono/EditorApplication.cs:387)

(Filename: Assets/Editor/NetPlaytest.cs Line: 1699)

Thread 0x16f077000 may have been prematurely finalized
CachePath: /Users/qinziqian/Library/Caches/Tuanjie/Palm Bay Netplaytest 18bf272050684f34bd962ad94f2a001f client9_Netplay-18bf272050684f34bd962ad94f2a001f-client9
Unloading 6 Unused Serialized files (Serialized files now loaded: 0)
Loaded scene 'Temp/__Backupscenes/0.backup'
	Deserialize:            2.915 ms
	Integration:            10.509 ms
	Integration of assets:  0.002 ms
	Thread Wait Time:       0.008 ms
	Total Operation Time:   13.433 ms
Unloading 2 unused Assets / (162.9 KB). Loaded Objects now: 2875.
Memory consumption went from 95.2 MB to 95.1 MB.
Total: 6.165625 ms (FindLiveObjects: 0.118791 ms CreateObjectMapping: 0.015958 ms MarkObjects: 6.009125 ms  DeleteObjects: 0.021333 ms)

[UnityConnectServicesConfig] config is NOT valid, switching to default
gi::BakeBackendSwitch: switching bake backend from 3 to 2.
[00:00:00] Builtin Sky manager started.
Killing ADB server in 0.037377 seconds.
Thread 0x16f077000 may have been prematurely finalized
Input System module state changed to: ShutdownInProgress.
Input System polling thread exited.
Input System module state changed to: Shutdown.
[Licensing::IpcConnector] License Notification channel disconnected successfully.
[Licensing::IpcConnector] License Client channel disconnected successfully.
Shutting down server...
Thread 0x16fd0b000 may have been prematurely finalized
[40m[32minfo[39m[22m[49m: Microsoft.Hosting.Lifetime[0]
      Application is shutting down...
Cleanup mono
debugger-agent: Unable to listen on 53
[Performance] Application.InitializeProject                                                                                        :        1 samples, Peak.  3.96 s (1.0x), Avg.  3.96 s, Total. 3.961 s (21.1%)
[Performance] Application.PackageManager.StartServer                                                                               :        1 samples, Peak.  1.14 ms (1.0x), Avg.  1.14 ms, Total. 1.145 ms (0.0%)
[Performance] Application.AcquireProjectLock                                                                                       :        1 samples, Peak.  3.14 ms (1.0x), Avg.  3.14 ms, Total. 3.137 ms (0.0%)
[Performance] Application.InitializeEngineNoGraphics                                                                               :        1 samples, Peak.   118 ms (1.0x), Avg.   118 ms, Total. 118.0 ms (0.6%)
[Performance] Application.PackageManager.Initialize                                                                                :        1 samples, Peak.   480 ms (1.0x), Avg.   480 ms, Total. 480.1 ms (2.6%)
[Performance] Connecting to Package Manager                                                                                        :       49 samples, Peak.  44.2 us (36.2x), Avg.  1.22 us, Total. 59.80 us (0.0%)
[Performance] PackageManager::Api::RunRequestSynchronously                                                                         :       14 samples, Peak.  2.75 us (2.1x), Avg.  1.29 us, Total. 18.08 us (0.0%)
[Performance] Application.EngineGraphics.Initialize                                                                                :        1 samples, Peak.  24.7 ms (1.0x), Avg.  24.7 ms, Total. 24.66 ms (0.1%)
[Performance] Application.GI.Initialize                                                                                            :        1 samples, Peak.   574 us (1.0x), Avg.   574 us, Total. 573.5 us (0.0%)
[Performance] Application.LoadAllDefaultResourcesFromEditor                                                                        :        1 samples, Peak.  1.26 ms (1.0x), Avg.  1.26 ms, Total. 1.260 ms (0.0%)
[Performance] Application.LoadMonoAssemblies                                                                                       :        1 samples, Peak.   578 ms (1.0x), Avg.   578 ms, Total. 578.4 ms (3.1%)
[Performance] RestoreManagedReferences                                                                                             :        3 samples, Peak.  55.8 ms (1.6x), Avg.  33.8 ms, Total. 101.5 ms (0.5%)
[Performance] InitializeOnLoad BuildProfileHelperManager                                                                           :        3 samples, Peak.  67.8 ms (2.6x), Avg.  25.7 ms, Total. 77.06 ms (0.4%)
[Performance] InitializeOnLoad SceneSearch                                                                                         :        3 samples, Peak.   105 us (1.3x), Avg.  79.7 us, Total. 239.2 us (0.0%)
[Performance] InitializeOnLoad DrivenRectTransformUndo                                                                             :        3 samples, Peak.   180 us (1.2x), Avg.   156 us, Total. 467.9 us (0.0%)
[Performance] InitializeOnLoad EditMode                                                                                            :        3 samples, Peak.   215 us (1.1x), Avg.   189 us, Total. 567.2 us (0.0%)
[Performance] InitializeOnLoad PlayModeDownload                                                                                    :        3 samples, Peak.   312 us (2.2x), Avg.   144 us, Total. 433.0 us (0.0%)
[Performance] InitializeOnLoad ShortcutIntegration                                                                                 :        3 samples, Peak.  40.5 us (1.3x), Avg.  32.2 us, Total. 96.58 us (0.0%)
[Performance] InitializeOnLoad ManagedDebuggerWindow                                                                               :        3 samples, Peak.   419 us (1.1x), Avg.   390 us, Total. 1.171 ms (0.0%)
[Performance] InitializeOnLoad MenuItems                                                                                           :        3 samples, Peak.   196 us (1.2x), Avg.   164 us, Total. 493.3 us (0.0%)
[Performance] InitializeOnLoad ConsoleEntrance                                                                                     :        3 samples, Peak.   211 us (1.1x), Avg.   195 us, Total. 586.1 us (0.0%)
[Performance] InitializeOnLoad MixerEffectDefinitionReloader                                                                       :        3 samples, Peak.  1.43 ms (1.3x), Avg.  1.12 ms, Total. 3.361 ms (0.0%)
[Performance] InitializeOnLoad SearchService                                                                                       :        3 samples, Peak.  63.8 us (1.1x), Avg.  60.8 us, Total. 182.3 us (0.0%)
[Performance] InitializeOnLoad CloudBuild                                                                                          :        3 samples, Peak.  2.71 us (1.2x), Avg.  2.25 us, Total. 6.751 us (0.0%)
[Performance] InitializeOnLoad PrefabInstanceChangedListener                                                                       :        3 samples, Peak.  83.1 us (1.1x), Avg.  72.3 us, Total. 217.0 us (0.0%)
[Performance] InitializeOnLoad ManagedDebugger                                                                                     :        3 samples, Peak.   250 ns (1.2x), Avg.   208 ns, Total. 624.0 ns (0.0%)
[Performance] InitializeOnLoad AssetStoreContext                                                                                   :        3 samples, Peak.  14.9 ms (1.4x), Avg.  10.4 ms, Total. 31.25 ms (0.2%)
[Performance] InitializeOnLoad NativeFormatImporterUtility                                                                         :        3 samples, Peak.  1.41 ms (1.2x), Avg.  1.17 ms, Total. 3.518 ms (0.0%)
[Performance] InitializeOnLoad ObjectSelectorSearch                                                                                :        3 samples, Peak.  37.9 us (1.3x), Avg.  29.8 us, Total. 89.38 us (0.0%)
[Performance] InitializeOnLoad CacheServerWindow                                                                                   :        3 samples, Peak.  11.4 us (1.3x), Avg.  9.10 us, Total. 27.29 us (0.0%)
[Performance] InitializeOnLoad PoolManager                                                                                         :        3 samples, Peak.  30.5 us (1.1x), Avg.  28.4 us, Total. 85.08 us (0.0%)
[Performance] InitializeOnLoad UISystemProfilerRenderService                                                                       :        3 samples, Peak.  6.21 us (1.1x), Avg.  5.85 us, Total. 17.54 us (0.0%)
[Performance] InitializeOnLoad ProfilerConnectionPopupWindow                                                                       :        3 samples, Peak.  16.3 us (1.1x), Avg.  15.4 us, Total. 46.25 us (0.0%)
[Performance] InitializeOnLoad ProjectSearch                                                                                       :        3 samples, Peak.  27.6 us (1.2x), Avg.  23.3 us, Total. 69.83 us (0.0%)
[Performance] InitializeOnLoad TuanjiePathAndNameFix                                                                               :        3 samples, Peak.  93.5 us (1.1x), Avg.  87.8 us, Total. 263.5 us (0.0%)
[Performance] InitializeOnLoad UnityConnect                                                                                        :        3 samples, Peak.   458 ns (1.4x), Avg.   333 ns, Total. 999.0 ns (0.0%)
[Performance] InitializeOnLoad WindowLayout                                                                                        :        3 samples, Peak.  22.2 us (1.2x), Avg.  19.1 us, Total. 57.25 us (0.0%)
[Performance] InitializeOnLoad SettingsService                                                                                     :        3 samples, Peak.  7.12 us (1.0x), Avg.  6.85 us, Total. 20.54 us (0.0%)
[Performance] InitializeOnLoad AddComponentWindow                                                                                  :        3 samples, Peak.  64.0 us (1.1x), Avg.  60.1 us, Total. 180.2 us (0.0%)
[Performance] InitializeOnLoad EditorMonitor                                                                                       :        3 samples, Peak.   463 us (1.1x), Avg.   405 us, Total. 1.216 ms (0.0%)
[Performance] InitializeOnLoad RetainedMode                                                                                        :        3 samples, Peak.  1.40 ms (1.1x), Avg.  1.33 ms, Total. 4.004 ms (0.0%)
[Performance] InitializeOnLoad EditorShaderLoader                                                                                  :        3 samples, Peak.   430 us (1.1x), Avg.   376 us, Total. 1.128 ms (0.0%)
[Performance] InitializeOnLoad EditorDelegateRegistration                                                                          :        3 samples, Peak.   396 us (1.2x), Avg.   339 us, Total. 1.016 ms (0.0%)
[Performance] InitializeOnLoad UIDocumentHierarchyWatcher                                                                          :        3 samples, Peak.  46.8 us (1.2x), Avg.  40.5 us, Total. 121.6 us (0.0%)
[Performance] InitializeOnLoad LiveReloadTrackerCreator                                                                            :        3 samples, Peak.   134 us (1.2x), Avg.   116 us, Total. 346.7 us (0.0%)
[Performance] InitializeOnLoad UxmlObjectEditorFactories                                                                           :        3 samples, Peak.   382 us (1.1x), Avg.   333 us, Total. 998.5 us (0.0%)
[Performance] InitializeOnLoad UXMLEditorFactories                                                                                 :        3 samples, Peak.  36.6 ms (1.1x), Avg.  34.2 ms, Total. 102.6 ms (0.5%)
[Performance] InitializeOnLoad PurchasingService                                                                                   :        3 samples, Peak.  4.59 ms (1.1x), Avg.  4.33 ms, Total. 12.99 ms (0.1%)
[Performance] InitializeOnLoad CloudBuildPoller                                                                                    :        3 samples, Peak.  64.8 us (1.0x), Avg.  63.2 us, Total. 189.6 us (0.0%)
[Performance] InitializeOnLoad EditorGameServicesAnalytics                                                                         :        3 samples, Peak.   737 us (1.2x), Avg.   616 us, Total. 1.847 ms (0.0%)
[Performance] InitializeOnLoad AnalyticsService                                                                                    :        3 samples, Peak.   108 us (1.0x), Avg.   107 us, Total. 319.5 us (0.0%)
[Performance] InitializeOnLoad BuildService                                                                                        :        3 samples, Peak.  91.9 us (1.0x), Avg.  90.2 us, Total. 270.7 us (0.0%)
[Performance] InitializeOnLoad AdsService                                                                                          :        3 samples, Peak.   228 us (1.0x), Avg.   226 us, Total. 677.2 us (0.0%)
[Performance] InitializeOnLoad UDPService                                                                                          :        3 samples, Peak.  94.8 us (1.1x), Avg.  89.8 us, Total. 269.5 us (0.0%)
[Performance] InitializeOnLoad CrashService                                                                                        :        3 samples, Peak.  88.1 us (1.0x), Avg.  86.1 us, Total. 258.3 us (0.0%)
[Performance] InitializeOnLoad ServicesRepository                                                                                  :        3 samples, Peak.   250 ns (1.3x), Avg.   195 ns, Total. 584.0 ns (0.0%)
[Performance] InitializeOnLoad SearchWindow                                                                                        :        3 samples, Peak.  88.5 us (1.1x), Avg.  78.1 us, Total. 234.3 us (0.0%)
[Performance] InitializeOnLoad CustomIndexers                                                                                      :        3 samples, Peak.  9.65 ms (1.0x), Avg.  9.48 ms, Total. 28.43 ms (0.2%)
[Performance] InitializeOnLoad SearchMonitor                                                                                       :        3 samples, Peak.   624 us (1.1x), Avg.   571 us, Total. 1.714 ms (0.0%)
[Performance] InitializeOnLoad ParameterControllerEditor                                                                           :        3 samples, Peak.  19.1 us (1.4x), Avg.  13.3 us, Total. 39.87 us (0.0%)
[Performance] InitializeOnLoad LayerSettingsWindow                                                                                 :        3 samples, Peak.  16.0 us (1.4x), Avg.  11.6 us, Total. 34.75 us (0.0%)
[Performance] InitializeOnLoad PackageManagerHookGUIDConverter.RegisterPackagesEventHandler                                        :        3 samples, Peak.   468 us (2.4x), Avg.   197 us, Total. 589.7 us (0.0%)
[Performance] InitializeOnLoad EditorDragAndDrop.RegisterEditorClient                                                              :        3 samples, Peak.   144 us (1.1x), Avg.   127 us, Total. 382.1 us (0.0%)
[Performance] InitializeOnLoad EditorEventCallbacks.InitializeFontAssetResourceChangeCallBacks                                     :        3 samples, Peak.   680 us (1.1x), Avg.   616 us, Total. 1.848 ms (0.0%)
[Performance] InitializeOnLoad SceneTemplateService.Init                                                                           :        3 samples, Peak.   751 us (1.0x), Avg.   732 us, Total. 2.195 ms (0.0%)
[Performance] InitializeOnLoad DiagnosticSwitchesConsoleMessage.Init                                                               :        3 samples, Peak.  2.30 ms (1.4x), Avg.  1.64 ms, Total. 4.917 ms (0.0%)
[Performance] InitializeOnLoad EditorWindow.Initialize                                                                             :        3 samples, Peak.   138 us (1.0x), Avg.   133 us, Total. 398.4 us (0.0%)
[Performance] InitializeOnLoad MemoryProfilerCompilationGuard.InjectCompileGuard                                                   :        3 samples, Peak.  89.6 us (1.0x), Avg.  86.3 us, Total. 258.9 us (0.0%)
[Performance] InitializeOnLoad ToolShortcutContext.Init                                                                            :        3 samples, Peak.  67.7 us (1.1x), Avg.  63.8 us, Total. 191.4 us (0.0%)
[Performance] InitializeOnLoad SceneVisibilityManager.Initialize                                                                   :        3 samples, Peak.  2.00 ms (2.0x), Avg.   981 us, Total. 2.944 ms (0.0%)
[Performance] InitializeOnLoad AssetPostprocessingInternal.RefreshCustomDependencies                                               :        3 samples, Peak.  1.95 ms (1.4x), Avg.  1.36 ms, Total. 4.082 ms (0.0%)
[Performance] InitializeOnLoad SysrootManager.Initialize                                                                           :        3 samples, Peak.   266 us (1.0x), Avg.   264 us, Total. 792.5 us (0.0%)
[Performance] InitializeOnLoad ScopedRegistryAddedPopup.SubscribeToRegistriesAdded                                                 :        3 samples, Peak.   105 us (1.3x), Avg.  82.4 us, Total. 247.3 us (0.0%)
[Performance] InitializeOnLoad PackageManagerWindow.EditorInitializedInSafeMode                                                    :        3 samples, Peak.  58.6 us (1.9x), Avg.  31.5 us, Total. 94.37 us (0.0%)
[Performance] AssemblyReloadEvents.afterAssemblyReload: UnityEditor.PackageManager.TuanjiePathAndNameFix.FixTuanjieNameOrPath      :        3 samples, Peak.  2.13 ms (1.3x), Avg.  1.68 ms, Total. 5.026 ms (0.0%)
[Performance] AssemblyReloadEvents.afterAssemblyReload: UnityEditor.SceneTemplate.SceneTemplateService.AfterAssemblyReload         :        3 samples, Peak.  1.98 ms (1.5x), Avg.  1.34 ms, Total. 4.025 ms (0.0%)
[Performance] ProcessService.EditorAfterLoadAllAssemblies                                                                          :        3 samples, Peak.   198 us (1.1x), Avg.   178 us, Total. 535.3 us (0.0%)
[Performance] Application.ReadLicenseInfo                                                                                          :        1 samples, Peak.  13.9 ms (1.0x), Avg.  13.9 ms, Total. 13.92 ms (0.1%)
[Performance] Application.InitialRefresh                                                                                           :        1 samples, Peak.  1.53 s (1.0x), Avg.  1.53 s, Total. 1.530 s (8.2%)
[Performance] ShaderImporter.SourceAssetModified                                                                                   :        2 samples, Peak.   500 ns (1.3x), Avg.   396 ns, Total. 792.0 ns (0.0%)
[Performance] ShaderIncludeImporter.SourceAssetModified                                                                            :        2 samples, Peak.   666 ns (1.1x), Avg.   583 ns, Total. 1.166 us (0.0%)
[Performance] Compiling Scripts                                                                                                    :        1 samples, Peak.   547 ms (1.0x), Avg.   547 ms, Total. 547.0 ms (2.9%)
[Performance] AssemblyReloadEvents.beforeAssemblyReload: UnityEditor.SceneTemplate.SceneTemplateService.BeforeAssemblyReload       :        2 samples, Peak.   282 us (1.1x), Avg.   260 us, Total. 519.0 us (0.0%)
[Performance] PresetManagerPostProcessor.OnPreprocessAsset                                                                         :        1 samples, Peak.   695 us (1.0x), Avg.   695 us, Total. 694.9 us (0.0%)
[Performance] CancelSplashScreenOnAssetChange.OnPreprocessAsset                                                                    :        1 samples, Peak.  73.2 us (1.0x), Avg.  73.2 us, Total. 73.25 us (0.0%)
[Performance] InitializeOnLoad M3ReplayFailureCapture                                                                              :        2 samples, Peak.   100 us (1.0x), Avg.  98.7 us, Total. 197.5 us (0.0%)
[Performance] InitializeOnLoad M3FuelPlaytest                                                                                      :        2 samples, Peak.   134 us (1.0x), Avg.   132 us, Total. 263.5 us (0.0%)
[Performance] InitializeOnLoad M7IdentityReview                                                                                    :        2 samples, Peak.  35.1 us (1.0x), Avg.  35.1 us, Total. 70.17 us (0.0%)
[Performance] InitializeOnLoad M6ResultsCapture                                                                                    :        2 samples, Peak.  42.7 us (1.2x), Avg.  36.7 us, Total. 73.33 us (0.0%)
[Performance] InitializeOnLoad MacVideoShareBuilder                                                                                :        2 samples, Peak.  66.2 us (1.0x), Avg.  65.5 us, Total. 131.0 us (0.0%)
[Performance] InitializeOnLoad MainLoopPlaytest                                                                                    :        2 samples, Peak.  28.6 us (1.1x), Avg.  26.7 us, Total. 53.42 us (0.0%)
[Performance] InitializeOnLoad M2LobbyCapture                                                                                      :        2 samples, Peak.  31.4 us (1.0x), Avg.  31.2 us, Total. 62.38 us (0.0%)
[Performance] InitializeOnLoad NetPlaytest                                                                                         :        2 samples, Peak.  94.0 us (1.0x), Avg.  93.9 us, Total. 187.7 us (0.0%)
[Performance] InitializeOnLoad M4CoopCapture                                                                                       :        2 samples, Peak.   457 us (1.0x), Avg.   450 us, Total. 899.4 us (0.0%)
[Performance] InitializeOnLoad M1ReviewCapture                                                                                     :        2 samples, Peak.  33.3 us (1.0x), Avg.  32.0 us, Total. 63.92 us (0.0%)
[Performance] InitializeOnLoad CodelyToolbar                                                                                       :        2 samples, Peak.  93.1 us (1.0x), Avg.  89.1 us, Total. 178.1 us (0.0%)
[Performance] InitializeOnLoad CodelyLayoutInstaller                                                                               :        2 samples, Peak.  36.8 us (1.0x), Avg.  36.7 us, Total. 73.46 us (0.0%)
[Performance] InitializeOnLoad SelectionChangedNotifier                                                                            :        2 samples, Peak.  61.9 us (1.0x), Avg.  60.7 us, Total. 121.5 us (0.0%)
[Performance] InitializeOnLoad UnityTcpBridge                                                                                      :        2 samples, Peak.   270 us (1.0x), Avg.   266 us, Total. 532.1 us (0.0%)
[Performance] InitializeOnLoad BridgeUpdateRestartPrompt                                                                           :        2 samples, Peak.  32.0 us (1.0x), Avg.  31.5 us, Total. 63.00 us (0.0%)
[Performance] InitializeOnLoad TmpEssentialsAutoImporter                                                                           :        2 samples, Peak.  32.0 us (1.0x), Avg.  31.1 us, Total. 62.29 us (0.0%)
[Performance] InitializeOnLoad NativeDllLoader                                                                                     :        2 samples, Peak.   339 us (1.0x), Avg.   333 us, Total. 666.7 us (0.0%)
[Performance] InitializeOnLoad DialogWatcher                                                                                       :        2 samples, Peak.   562 us (1.1x), Avg.   498 us, Total. 995.9 us (0.0%)
[Performance] InitializeOnLoad StepJobRunner                                                                                       :        2 samples, Peak.  2.42 ms (1.1x), Avg.  2.28 ms, Total. 4.556 ms (0.0%)
[Performance] InitializeOnLoad ManageWindowBridge                                                                                  :        2 samples, Peak.   441 us (1.1x), Avg.   420 us, Total. 840.3 us (0.0%)
[Performance] InitializeOnLoad PrefabLayoutRebuilder                                                                               :        2 samples, Peak.   149 us (1.1x), Avg.   136 us, Total. 271.2 us (0.0%)
[Performance] InitializeOnLoad ManageScreenshot.ScheduleStaleCaptureWindowCleanup                                                  :        2 samples, Peak.  1.51 ms (1.1x), Avg.  1.37 ms, Total. 2.734 ms (0.0%)
[Performance] InitializeOnLoad ManageInput.Initialize                                                                              :        2 samples, Peak.   104 us (1.0x), Avg.   101 us, Total. 202.6 us (0.0%)
[Performance] InitializeOnLoad NativeWindowBridgeHost.OnDomainReload                                                               :        2 samples, Peak.  3.36 ms (1.1x), Avg.  3.19 ms, Total. 6.371 ms (0.0%)
[Performance] InitializeOnLoad DrillWindow.AutoOpenOnLoadIfDrillIncomplete                                                         :        2 samples, Peak.  1.02 ms (1.0x), Avg.  1.01 ms, Total. 2.028 ms (0.0%)
[Performance] InitializeOnLoad CodelyWindow.RegisterReloadEvents                                                                   :        2 samples, Peak.   357 us (1.1x), Avg.   326 us, Total. 652.7 us (0.0%)
[Performance] InitializeOnLoad CodelyLogger.Init                                                                                   :        2 samples, Peak.  59.6 us (1.1x), Avg.  52.1 us, Total. 104.2 us (0.0%)
[Performance] DidReloadScriptsAdvancedDropdownWindow.OnScriptReload                                                                :        2 samples, Peak.   116 us (1.0x), Avg.   115 us, Total. 231.0 us (0.0%)
[Performance] AssetDatabase.ImportAssets                                                                                           :        3 samples, Peak.   541 ns (1.8x), Avg.   305 ns, Total. 916.0 ns (0.0%)
[Performance] VersionControl.Task.Wait                                                                                             :        1 samples, Peak.  6.21 us (1.0x), Avg.  6.21 us, Total. 6.208 us (0.0%)
[Performance] BuilderAssetPostprocessor.OnPostprocessAllAssets                                                                     :        2 samples, Peak.  3.09 ms (1.0x), Avg.  3.04 ms, Total. 6.081 ms (0.0%)
[Performance] ArtifactBrowserPostProcessor.OnPostprocessAllAssets                                                                  :        2 samples, Peak.   323 us (1.0x), Avg.   322 us, Total. 643.8 us (0.0%)
[Performance] AssetEvents.OnPostprocessAllAssets                                                                                   :        4 samples, Peak.   107 us (1.6x), Avg.  68.7 us, Total. 274.7 us (0.0%)
[Performance] AudioMixerPostprocessor.OnPostprocessAllAssets                                                                       :        2 samples, Peak.   171 us (1.0x), Avg.   171 us, Total. 341.5 us (0.0%)
[Performance] DomainReloadPostprocessor.OnPostprocessAllAssets                                                                     :        4 samples, Peak.  1.55 ms (1.1x), Avg.  1.38 ms, Total. 5.501 ms (0.0%)
[Performance] StyleCatalogPostProcessor.OnPostprocessAllAssets                                                                     :        2 samples, Peak.  11.5 ms (1.0x), Avg.  11.5 ms, Total. 23.09 ms (0.1%)
[Performance] BuildCatalog                                                                                                         :        1 samples, Peak.  10.9 ms (1.0x), Avg.  10.9 ms, Total. 10.87 ms (0.1%)
[Performance] ModelImporterPostProcessor.OnPostprocessAllAssets                                                                    :        2 samples, Peak.   589 us (1.0x), Avg.   588 us, Total. 1.176 ms (0.0%)
[Performance] RetainedModeAssetPostprocessor.OnPostprocessAllAssets                                                                :        2 samples, Peak.  1.34 ms (1.0x), Avg.  1.34 ms, Total. 2.680 ms (0.0%)
[Performance] AssetChangedListener.OnPostprocessAllAssets                                                                          :        2 samples, Peak.  1.17 ms (1.0x), Avg.  1.16 ms, Total. 2.329 ms (0.0%)
[Performance] SpeedTreePostProcessor.OnPostprocessAllAssets                                                                        :        2 samples, Peak.   133 us (1.0x), Avg.   132 us, Total. 264.8 us (0.0%)
[Performance] TextAssetPostProcessor.OnPostprocessAllAssets                                                                        :        2 samples, Peak.   264 us (1.0x), Avg.   264 us, Total. 527.3 us (0.0%)
[Performance] SyncVS.PostprocessSyncProject                                                                                        :        2 samples, Peak.   882 us (1.0x), Avg.   862 us, Total. 1.725 ms (0.0%)
[Performance] Application.ImportPackagesAndSetTemplateWhenCreatingProject                                                          :        1 samples, Peak.  18.0 ms (1.0x), Avg.  18.0 ms, Total. 17.97 ms (0.1%)
[Performance] Application.SyncCurrentColorSpace                                                                                    :        1 samples, Peak.  6.64 ms (1.0x), Avg.  6.64 ms, Total. 6.638 ms (0.0%)
[Performance] Application.OnUsbDevicesChanged                                                                                      :        1 samples, Peak.  56.2 us (1.0x), Avg.  56.2 us, Total. 56.17 us (0.0%)
[Performance] Application.AssetInstanceCacheUpdate                                                                                 :        1 samples, Peak.   125 ns (1.0x), Avg.   125 ns, Total. 125.0 ns (0.0%)
[Performance] Application.UnityExtensions.Initialize                                                                               :        1 samples, Peak.   716 us (1.0x), Avg.   716 us, Total. 715.8 us (0.0%)
[Performance] CodeEditorProjectSync.SyncEditorProject                                                                              :        1 samples, Peak.  40.2 us (1.0x), Avg.  40.2 us, Total. 40.21 us (0.0%)
[Performance] Application.ExecuteStartups                                                                                          :        1 samples, Peak.  33.9 ms (1.0x), Avg.  33.9 ms, Total. 33.94 ms (0.2%)
[Performance] Menu.RegisterMenuInterface                                                                                           :       26 samples, Peak.   334 ns (3.1x), Avg.   107 ns, Total. 2.789 us (0.0%)
[Performance] Gizmo.RebuildRenderers                                                                                               :        4 samples, Peak.  28.9 ms (1.9x), Avg.  15.6 ms, Total. 62.46 ms (0.3%)
[Performance] Gizmo.AddGizmoRenderers                                                                                              :      136 samples, Peak.  1.11 ms (49.1x), Avg.  22.5 us, Total. 3.062 ms (0.0%)
[Performance] Application.editorInitializingProject                                                                                :        1 samples, Peak.  2.38 ms (1.0x), Avg.  2.38 ms, Total. 2.383 ms (0.0%)
[Performance] Application.FinishLoadingProject                                                                                     :        1 samples, Peak.  97.7 ms (1.0x), Avg.  97.7 ms, Total. 97.71 ms (0.5%)
[Performance] Application.InitializeMenu                                                                                           :        1 samples, Peak.  31.9 ms (1.0x), Avg.  31.9 ms, Total. 31.93 ms (0.2%)
[Performance] Menu.RebuildAll                                                                                                      :        1 samples, Peak.  31.9 ms (1.0x), Avg.  31.9 ms, Total. 31.92 ms (0.2%)
[Performance] Menu.BuildRegisteredMenuInterfaces                                                                                   :        1 samples, Peak.  29.1 ms (1.0x), Avg.  29.1 ms, Total. 29.13 ms (0.2%)
[Performance] Menu.FilterMenuItem                                                                                                  :      875 samples, Peak.  13.7 ms (817.3x), Avg.  16.8 us, Total. 14.70 ms (0.1%)
[Performance] UpdateAllMenus                                                                                                       :        2 samples, Peak.  20.1 ms (2.0x), Avg.  10.3 ms, Total. 20.51 ms (0.1%)
[Performance] EditorSceneManager.sceneClosing: UnityEditor.SceneVisibilityManager.EditorSceneManagerOnSceneClosing                 :        4 samples, Peak.   166 us (2.1x), Avg.  80.7 us, Total. 322.9 us (0.0%)
[Performance] GUIView.RepaintAll.PlayerLoopController                                                                              :    73667 samples, Peak.  12.7 us (243.8x), Avg.  52.3 ns, Total. 3.853 ms (0.0%)
[Performance] EditorSceneManager.newSceneCreated: UnityEditor.SceneTemplate.SceneTemplateService.OnNewSceneCreated                 :        1 samples, Peak.   157 us (1.0x), Avg.   157 us, Total. 156.5 us (0.0%)
[Performance] EditorSceneManager.newSceneCreated: UnityEditor.SceneVisibilityManager.EditorSceneManagerOnNewSceneCreated           :        1 samples, Peak.  99.9 us (1.0x), Avg.  99.9 us, Total. 99.88 us (0.0%)
[Performance] EditorSceneManager.newSceneCreated: UnityEditor.SceneManagement.StageNavigationManager.OnNewSceneCreated             :        1 samples, Peak.  31.4 us (1.0x), Avg.  31.4 us, Total. 31.38 us (0.0%)
[Performance] Application.InvokeFinishedLoadingProject                                                                             :        1 samples, Peak.  5.76 ms (1.0x), Avg.  5.76 ms, Total. 5.762 ms (0.0%)
[Performance] ProcessService.OnProjectLoaded                                                                                       :        1 samples, Peak.  31.6 us (1.0x), Avg.  31.6 us, Total. 31.63 us (0.0%)
[Performance] EditorSceneManager.sceneOpening: UnityEditor.SceneVisibilityManager.EditorSceneManagerOnSceneOpening                 :        1 samples, Peak.  73.0 us (1.0x), Avg.  73.0 us, Total. 73.04 us (0.0%)
[Performance] Inspector.InitOrRebuild                                                                                              :        3 samples, Peak.   200 us (1.3x), Avg.   154 us, Total. 461.9 us (0.0%)
[Performance] EditorSceneManager.sceneOpened: UnityEditor.SceneTemplate.SceneTemplateService.OnSceneOpened                         :        1 samples, Peak.   133 us (1.0x), Avg.   133 us, Total. 132.6 us (0.0%)
[Performance] EditorSceneManager.sceneOpened: UnityEditor.SceneVisibilityManager.EditorSceneManagerOnSceneOpened                   :        1 samples, Peak.  55.9 us (1.0x), Avg.  55.9 us, Total. 55.88 us (0.0%)
[Performance] EditorSceneManager.sceneOpened: UnityEditor.SceneManagement.StageNavigationManager.OnSceneOpened                     :        1 samples, Peak.  27.0 us (1.0x), Avg.  27.0 us, Total. 26.96 us (0.0%)
[Performance] EditorApplication.playModeStateChanged                                                                               :        2 samples, Peak.  1.04 ms (1.9x), Avg.   564 us, Total. 1.127 ms (0.0%)
[Performance] EditorApplication.playModeStateChanged: UnityEditor.PackageManager.UI.Internal.ApplicationProxy.PlayModeStateChanged :        4 samples, Peak.   106 us (2.0x), Avg.  51.9 us, Total. 207.8 us (0.0%)
[Performance] EditorApplication.playModeStateChanged: UnityEditor.PackageManager.UI.Internal.PlayModeDownload.PlayModeStateChanged :        4 samples, Peak.   243 us (3.0x), Avg.  82.3 us, Total. 329.0 us (0.0%)
[Performance] EditorApplication.playModeStateChanged: UnityEditor.ObjectPool.PoolManager.OnEditorStateChange                       :        4 samples, Peak.  83.0 us (2.0x), Avg.  41.3 us, Total. 165.0 us (0.0%)
[Performance] EditorApplication.playModeStateChanged: UnityTcp.Editor.Tools.ManageInput.OnPlayModeStateChanged                     :        4 samples, Peak.  21.5 us (1.9x), Avg.  11.4 us, Total. 45.67 us (0.0%)
[Performance] EditorApplication.playModeStateChanged: UnityTcp.Editor.Native.NativeWindowBridgeHost.OnPlayModeStateChanged         :        4 samples, Peak.   142 us (2.0x), Avg.  70.5 us, Total. 282.0 us (0.0%)
[Performance] EditorApplication.playModeStateChanged: Cn.Tuanjie.Codely.Editor.CodelyWindow.OnPlayModeStateChanged                 :        4 samples, Peak.   115 us (1.9x), Avg.  60.6 us, Total. 242.6 us (0.0%)
[Performance] EditorApplication.playModeStateChanged: UnityEditor.SceneManagement.EditorSceneManager.PlayModeStateChangedCallback  :        4 samples, Peak.  20.4 us (2.0x), Avg.  10.1 us, Total. 40.46 us (0.0%)
[Performance] EditorApplication.playModeStateChanged: UnityEditor.SceneVisibilityManager.EditorApplicationPlayModeStateChanged     :        4 samples, Peak.  17.6 us (2.0x), Avg.  8.68 us, Total. 34.71 us (0.0%)
[Performance] Application.InvokeProjectWasLoaded                                                                                   :        1 samples, Peak.  18.8 us (1.0x), Avg.  18.8 us, Total. 18.83 us (0.0%)
[Performance] Application.Tick                                                                                                     :    73664 samples, Peak.   998 ms (9322.3x), Avg.   107 us, Total. 7.887 s (42.1%)
[Performance] CheckLicensingClient                                                                                                 :        3 samples, Peak.  4.17 us (1.5x), Avg.  2.75 us, Total. 8.250 us (0.0%)
[Performance] CheckLicensingClientNotification                                                                                     :        3 samples, Peak.  3.88 us (1.1x), Avg.  3.53 us, Total. 10.58 us (0.0%)
[Performance] LicenseActivated.Tick                                                                                                :        1 samples, Peak.  6.29 us (1.0x), Avg.  6.29 us, Total. 6.292 us (0.0%)
[Performance] Application.TickVersionControl                                                                                       :    73665 samples, Peak.  10.8 us (87.5x), Avg.   124 ns, Total. 9.115 ms (0.0%)
[Performance] MonoCompiler.Tick                                                                                                    :       63 samples, Peak.   860 ms (63.0x), Avg.  13.7 ms, Total. 860.3 ms (4.6%)
[Performance] Application.EnterPlayMode                                                                                            :        1 samples, Peak.   848 ms (1.0x), Avg.   848 ms, Total. 847.7 ms (4.5%)
[Performance] Application.Reload                                                                                                   :        1 samples, Peak.   578 ms (1.0x), Avg.   578 ms, Total. 577.9 ms (3.1%)
[Performance] AssemblyReloadEvents.beforeAssemblyReload: UnityTcp.Editor.Native.NativeDllLoader.OnBeforeAssemblyReload             :        1 samples, Peak.  69.3 us (1.0x), Avg.  69.3 us, Total. 69.25 us (0.0%)
[Performance] AssemblyReloadEvents.beforeAssemblyReload: UnityTcp.Editor.Helpers.DetachedJobs.FlushIfDirty                         :        1 samples, Peak.   160 us (1.0x), Avg.   160 us, Total. 159.7 us (0.0%)
[Performance] AssemblyReloadEvents.beforeAssemblyReload: UnityTcp.Editor.Helpers.StepJobRunner.Save                                :        1 samples, Peak.   137 us (1.0x), Avg.   137 us, Total. 137.0 us (0.0%)
[Performance] AssemblyReloadEvents.beforeAssemblyReload: UnityTcp.Editor.Tools.ManageWindowBridge.OnBeforeAssemblyReload           :        1 samples, Peak.  9.42 us (1.0x), Avg.  9.42 us, Total. 9.417 us (0.0%)
[Performance] AssemblyReloadEvents.beforeAssemblyReload: UnityTcp.Editor.Tools.ManageScreenshot.CleanupRecordingBeforeDomainExit   :        1 samples, Peak.  11.9 us (1.0x), Avg.  11.9 us, Total. 11.88 us (0.0%)
[Performance] AssemblyReloadEvents.beforeAssemblyReload: UnityTcp.Editor.Native.NativeWindowBridgeHost.OnBeforeAssemblyReload      :        1 samples, Peak.  16.9 ms (1.0x), Avg.  16.9 ms, Total. 16.92 ms (0.1%)
[Performance] AssemblyReloadEvents.beforeAssemblyReload: Cn.Tuanjie.Codely.Editor.CodelyWindow.OnBeforeAssemblyReload              :        1 samples, Peak.   376 us (1.0x), Avg.   376 us, Total. 376.0 us (0.0%)
[Performance] SceneDataContainer.TransformHierarchyChangedSetParentCallback                                                        :     8574 samples, Peak.  9.21 us (43.6x), Avg.   211 ns, Total. 1.811 ms (0.0%)
[Performance] SceneVisibilityState.IsFlagSetInParents                                                                              :    14268 samples, Peak.  3.75 us (27.7x), Avg.   136 ns, Total. 1.935 ms (0.0%)
[Performance] UnityBuildPostprocessor.OnProcessScene                                                                               :        2 samples, Peak.   488 us (1.8x), Avg.   266 us, Total. 531.2 us (0.0%)
[Performance] UnityConnect.Tick                                                                                                    :        2 samples, Peak.  5.85 ms (2.0x), Avg.  2.94 ms, Total. 5.887 ms (0.0%)
[Performance] UnityVersionControl.Tick                                                                                             :        2 samples, Peak.   291 ns (1.1x), Avg.   270 ns, Total. 541.0 ns (0.0%)
[Performance] CurlRequest.Tick                                                                                                     :      124 samples, Peak.  43.0 us (55.1x), Avg.   781 ns, Total. 96.84 us (0.0%)
[Performance] HubClient.Tick                                                                                                       :      124 samples, Peak.   458 ns (6.8x), Avg.  67.8 ns, Total. 8.411 us (0.0%)
[Performance] AssetDatabase.Tick                                                                                                   :      124 samples, Peak.  33.9 us (77.5x), Avg.   437 ns, Total. 54.21 us (0.0%)
[Performance] SceneBackgroundTask.Tick                                                                                             :       83 samples, Peak.   958 ns (9.7x), Avg.  98.3 ns, Total. 8.162 us (0.0%)
[Performance] Scheduler.Tick                                                                                                       :     1007 samples, Peak.  1.46 ms (468.8x), Avg.  3.12 us, Total. 3.139 ms (0.0%)
[Performance] RepaintAllProfilerWindows                                                                                            :       26 samples, Peak.   171 us (22.5x), Avg.  7.62 us, Total. 198.0 us (0.0%)
[Performance] PlayerUpdates.Tick                                                                                                   :      244 samples, Peak.   134 us (14.8x), Avg.  9.04 us, Total. 2.206 ms (0.0%)
[Performance] Application.TickGlobalCallbacks                                                                                      :    73665 samples, Peak.  36.9 ms (13232.1x), Avg.  2.79 us, Total. 205.3 ms (1.1%)
[Performance] EditorAnalytics.Tick                                                                                                 :       50 samples, Peak.  18.5 us (5.1x), Avg.  3.62 us, Total. 180.8 us (0.0%)
[Performance] Video.Update                                                                                                         :    73665 samples, Peak.  9.42 us (134.6x), Avg.  70.0 ns, Total. 5.154 ms (0.0%)
[Performance] Application.TickProgress                                                                                             :    73665 samples, Peak.  9.44 ms (52706.4x), Avg.   179 ns, Total. 13.19 ms (0.1%)
[Performance] Application.TickSceneTracker                                                                                         :    73664 samples, Peak.   131 ms (1649.1x), Avg.  79.3 us, Total. 5.842 s (31.2%)
[Performance] EditorApplication.update                                                                                             :    73664 samples, Peak.   131 ms (1664.9x), Avg.  78.5 us, Total. 5.786 s (30.9%)
[Performance] EditorApplication.update: UnityEditor.PackageManager.UI.Internal.ApplicationProxy.OnUpdate                           :    73665 samples, Peak.   373 us (1792.1x), Avg.   208 ns, Total. 15.35 ms (0.1%)
[Performance] EditorApplication.update: M3ReplayFailureCapture.Poll                                                                :    73665 samples, Peak.   208 us (508.1x), Avg.   409 ns, Total. 30.14 ms (0.2%)
[Performance] EditorApplication.update: M3FuelPlaytest.Poll                                                                        :    73665 samples, Peak.   140 us (753.1x), Avg.   186 ns, Total. 13.69 ms (0.1%)
[Performance] EditorApplication.update: M7IdentityReview.Poll                                                                      :    73665 samples, Peak.   234 us (1264.7x), Avg.   185 ns, Total. 13.61 ms (0.1%)
[Performance] EditorApplication.update: M6ResultsCapture.Poll                                                                      :    73665 samples, Peak.   117 us (691.9x), Avg.   169 ns, Total. 12.42 ms (0.1%)
[Performance] EditorApplication.update: MainLoopPlaytest.Poll                                                                      :    73665 samples, Peak.  93.7 us (530.6x), Avg.   177 ns, Total. 13.00 ms (0.1%)
[Performance] EditorApplication.update: M2LobbyCapture.Poll                                                                        :    73665 samples, Peak.  82.7 us (502.5x), Avg.   165 ns, Total. 12.12 ms (0.1%)
[Performance] EditorApplication.update: NetPlaytest.Poll                                                                           :    73664 samples, Peak.   131 ms (2072.8x), Avg.  63.1 us, Total. 4.646 s (24.8%)
[Performance] EditorApplication.update: M4CoopCapture.Poll                                                                         :    73664 samples, Peak.   112 us (515.7x), Avg.   216 ns, Total. 15.93 ms (0.1%)
[Performance] EditorApplication.update: M1ReviewCapture.Poll                                                                       :    73664 samples, Peak.  91.0 us (489.4x), Avg.   186 ns, Total. 13.70 ms (0.1%)
[Performance] EditorApplication.update: UnityTcp.Editor.Windows.CodelyToolbar.EnsureAttached                                       :    73664 samples, Peak.   294 us (23.8x), Avg.  12.3 us, Total. 908.2 ms (4.8%)
[Performance] EditorApplication.update: UnityEditor.SceneManagement.StageNavigationManager.Update                                  :    73664 samples, Peak.   254 us (1824.5x), Avg.   139 ns, Total. 10.26 ms (0.1%)
[Performance] ConsoleLog.Tick                                                                                                      :       63 samples, Peak.   104 us (34.6x), Avg.  3.01 us, Total. 189.4 us (0.0%)
[Performance] HierarchyWindow.Tick                                                                                                 :       83 samples, Peak.   250 us (5.4x), Avg.  46.4 us, Total. 3.849 ms (0.0%)
[Performance] EditorApplication.hierarchyChanged: Unity.UIElements.Editor.UIDocumentHierarchyWatcher.OnHierarchyChanged            :       33 samples, Peak.  77.8 us (26.3x), Avg.  2.95 us, Total. 97.46 us (0.0%)
[Performance] Inspector.Tick                                                                                                       :       83 samples, Peak.  77.6 ms (79.9x), Avg.   972 us, Total. 80.70 ms (0.4%)
[Performance] EditorApplication.delayCall: UnityEditor.ShortcutManagement.ShortcutIntegration.EnsureShortcutsAreInitialized        :        1 samples, Peak.  19.7 ms (1.0x), Avg.  19.7 ms, Total. 19.74 ms (0.1%)
[Performance] EditorApplication.delayCall: callback in IslandAirport.Editor.MacVideoShareBuilder                                   :        1 samples, Peak.   110 us (1.0x), Avg.   110 us, Total. 110.3 us (0.0%)
[Performance] EditorApplication.delayCall: UnityTcp.Editor.Windows.CodelyToolbar.AttachToToolbar                                   :       83 samples, Peak.  1.06 ms (42.4x), Avg.  25.0 us, Total. 2.076 ms (0.0%)
[Performance] EditorApplication.delayCall: Cn.Tuanjie.Codely.Editor.CodelyLayoutInstaller.InstallCodelyLayout                      :        1 samples, Peak.  27.0 ms (1.0x), Avg.  27.0 ms, Total. 27.01 ms (0.1%)
[Performance] EditorApplication.delayCall: UnityTcp.Editor.Helpers.BridgeUpdateRestartPrompt.TryShowPendingPrompt                  :        1 samples, Peak.   136 us (1.0x), Avg.   136 us, Total. 135.7 us (0.0%)
[Performance] EditorApplication.delayCall: callback in UnityTcp.Editor.Tools.ManageScreenshot                                      :        1 samples, Peak.   126 us (1.0x), Avg.   126 us, Total. 126.4 us (0.0%)
[Performance] EditorApplication.delayCall: callback in UnityTcp.Editor.Native.NativeWindowBridgeHost                               :        1 samples, Peak.  28.3 ms (1.0x), Avg.  28.3 ms, Total. 28.32 ms (0.2%)
[Performance] EditorApplication.delayCall: callback in UnityEditor.EditorWindow                                                    :        1 samples, Peak.   884 us (1.0x), Avg.   884 us, Total. 883.5 us (0.0%)
[Performance] EditorApplication.delayCall: callback in UnityEditor.EditorTools.ToolShortcutContext                                 :        1 samples, Peak.  63.0 us (1.0x), Avg.  63.0 us, Total. 63.04 us (0.0%)
[Performance] EditorApplication.delayCall: callback in UnityEditor.SceneVisibilityManager                                          :        1 samples, Peak.  22.8 us (1.0x), Avg.  22.8 us, Total. 22.83 us (0.0%)
[Performance] Tooltip.Tick                                                                                                         :      243 samples, Peak.  4.62 us (23.9x), Avg.   194 ns, Total. 47.04 us (0.0%)
[Performance] Application.RequestRepaintForPanels                                                                                  :    73664 samples, Peak.   219 us (425.7x), Avg.   514 ns, Total. 37.83 ms (0.2%)
[Performance] Application.UpdateScene                                                                                              :    73664 samples, Peak.  85.9 ms (10000.1x), Avg.  8.59 us, Total. 633.0 ms (3.4%)
[Performance] PackageImporter.Tick                                                                                                 :       62 samples, Peak.  3.42 us (6.7x), Avg.   507 ns, Total. 31.42 us (0.0%)
[Performance] InspectorBackground.Tick                                                                                             :       83 samples, Peak.  2.87 us (16.8x), Avg.   171 ns, Total. 14.21 us (0.0%)
[Performance] BurstDebug.Tick                                                                                                      :       25 samples, Peak.  1.12 us (2.8x), Avg.   395 ns, Total. 9.877 us (0.0%)
[Performance] Application.ChangeLayoutIfNeeded                                                                                     :    73664 samples, Peak.  8.33 us (204.2x), Avg.  40.8 ns, Total. 3.006 ms (0.0%)
[Performance] AsyncReadManager.ForceCloseFiles                                                                                     :       13 samples, Peak.  85.5 us (6.3x), Avg.  13.7 us, Total. 177.7 us (0.0%)
[Performance] Application.Message                                                                                                  :    73664 samples, Peak.  20.1 us (301.2x), Avg.  66.8 ns, Total. 4.922 ms (0.0%)
[Performance] Application.ExitPlayMode                                                                                             :        1 samples, Peak.  37.6 ms (1.0x), Avg.  37.6 ms, Total. 37.57 ms (0.2%)
[Performance] CoreBusinessMetrics.Tick                                                                                             :        1 samples, Peak.  36.4 us (1.0x), Avg.  36.4 us, Total. 36.38 us (0.0%)
[Performance] GI.Tick                                                                                                              :        1 samples, Peak.   402 us (1.0x), Avg.   402 us, Total. 401.7 us (0.0%)
[Performance] UnitySynchronization.ExecuteTasks                                                                                    :        1 samples, Peak.  1.92 us (1.0x), Avg.  1.92 us, Total. 1.917 us (0.0%)
[Performance] Application.TickPreloadManager                                                                                       :        1 samples, Peak.  2.13 us (1.0x), Avg.  2.13 us, Total. 2.125 us (0.0%)
[Performance] Application.Shutdown.SaveDefaultWindowPreferences                                                                    :        1 samples, Peak.  29.1 us (1.0x), Avg.  29.1 us, Total. 29.13 us (0.0%)
[Performance] Application.Shutdown.SaveSceneManagerSetup                                                                           :        1 samples, Peak.   189 us (1.0x), Avg.   189 us, Total. 189.4 us (0.0%)
[Performance] Application.Shutdown.CleanupAllContainerWindows                                                                      :        1 samples, Peak.   291 ns (1.0x), Avg.   291 ns, Total. 291.0 ns (0.0%)
[Performance] EditorApplication.quitting: UnityTcp.Editor.Native.NativeDllLoader.OnEditorQuitting                                  :        1 samples, Peak.   108 us (1.0x), Avg.   108 us, Total. 108.5 us (0.0%)
[Performance] EditorApplication.quitting: UnityTcp.Editor.Tools.ManageWindowBridge.OnEditorQuitting                                :        1 samples, Peak.   143 us (1.0x), Avg.   143 us, Total. 143.5 us (0.0%)
[Performance] EditorApplication.quitting: UnityTcp.Editor.Tools.ManageScreenshot.CleanupRecordingBeforeDomainExit                  :        1 samples, Peak.  12.7 us (1.0x), Avg.  12.7 us, Total. 12.71 us (0.0%)
[Performance] EditorApplication.quitting: Cn.Tuanjie.Codely.Editor.CodelyWindow.OnEditorQuitting                                   :        1 samples, Peak.   390 us (1.0x), Avg.   390 us, Total. 390.0 us (0.0%)
[Performance] EditorApplication.quitting: callback in UnityEditor.TextCore.Text.EditorEventCallbacks                               :        1 samples, Peak.  1.89 ms (1.0x), Avg.  1.89 ms, Total. 1.889 ms (0.0%)
[Performance] Killing ADB server                                                                                                   :        1 samples, Peak.  37.9 ms (1.0x), Avg.  37.9 ms, Total. 37.86 ms (0.2%)
[Performance] Application.Shutdown.PauseProfilerSession                                                                            :        1 samples, Peak.  21.3 us (1.0x), Avg.  21.3 us, Total. 21.29 us (0.0%)
[Performance] Application.Shutdown.PauseAssetImportWorkers                                                                         :        1 samples, Peak.   141 us (1.0x), Avg.   141 us, Total. 141.3 us (0.0%)
[Performance] Application.Shutdown.SaveAssets                                                                                      :        1 samples, Peak.  3.45 ms (1.0x), Avg.  3.45 ms, Total. 3.454 ms (0.0%)
[Performance] BuilderAssetModificationProcessor.OnWillSaveAssets                                                                   :        1 samples, Peak.   289 us (1.0x), Avg.   289 us, Total. 289.1 us (0.0%)
[Performance] TerrainModificationProcessor.OnWillSaveAssets                                                                        :        1 samples, Peak.   400 us (1.0x), Avg.   400 us, Total. 400.5 us (0.0%)
[Performance] Application.Shutdown.CleanupRenderPipeline                                                                           :        1 samples, Peak.  4.92 us (1.0x), Avg.  4.92 us, Total. 4.917 us (0.0%)
[Performance] Application.Shutdown.StopPreloadManager                                                                              :        1 samples, Peak.  11.0 ms (1.0x), Avg.  11.0 ms, Total. 11.05 ms (0.1%)
[Performance] Application.Shutdown.DestroyWorld                                                                                    :        1 samples, Peak.  1.04 ms (1.0x), Avg.  1.04 ms, Total. 1.036 ms (0.0%)
[Performance] Application.Shutdown.CleanupAfterLoad                                                                                :        1 samples, Peak.  3.28 ms (1.0x), Avg.  3.28 ms, Total. 3.281 ms (0.0%)
[Performance] Application.Shutdown.Progress                                                                                        :        1 samples, Peak.  9.17 us (1.0x), Avg.  9.17 us, Total. 9.167 us (0.0%)
[Performance] Application.Shutdown.GICleanupManagers                                                                               :        1 samples, Peak.   497 us (1.0x), Avg.   497 us, Total. 497.4 us (0.0%)
[Performance] Application.Shutdown.MenuCleanupClass                                                                                :        1 samples, Peak.  66.3 us (1.0x), Avg.  66.3 us, Total. 66.29 us (0.0%)
[Performance] Application.Shutdown.ADBSaveStateBeforeShutdown                                                                      :        1 samples, Peak.  6.83 us (1.0x), Avg.  6.83 us, Total. 6.834 us (0.0%)
[Performance] Application.Shutdown.RemoteShutdown                                                                                  :        1 samples, Peak.   542 ns (1.0x), Avg.   542 ns, Total. 542.0 ns (0.0%)
[Performance] Application.Shutdown.CleanupVCProvider                                                                               :        1 samples, Peak.  6.00 us (1.0x), Avg.  6.00 us, Total. 6.000 us (0.0%)
[Performance] Application.Shutdown.InputShutdown                                                                                   :        1 samples, Peak.   204 us (1.0x), Avg.   204 us, Total. 203.7 us (0.0%)
[Performance] Application.Shutdown.GizmoManagerDestroy                                                                             :        1 samples, Peak.   406 us (1.0x), Avg.   406 us, Total. 406.2 us (0.0%)
[Performance] Application.Shutdown.ProfilerSession                                                                                 :        1 samples, Peak.   116 us (1.0x), Avg.   116 us, Total. 116.4 us (0.0%)
[Performance] Application.Shutdown.ReleaseGfxWindowOnAllGUIViews                                                                   :        1 samples, Peak.  1.17 us (1.0x), Avg.  1.17 us, Total. 1.166 us (0.0%)
[Performance] Application.Shutdown.CleanupEngine                                                                                   :        1 samples, Peak.   146 ms (1.0x), Avg.   146 ms, Total. 145.6 ms (0.8%)
[Performance] Application.Shutdown.CleanupAssetDatabase                                                                            :        1 samples, Peak.  1.46 ms (1.0x), Avg.  1.46 ms, Total. 1.457 ms (0.0%)
[Performance] Application.Shutdown.ScriptCompilationCleanUp                                                                        :        1 samples, Peak.  10.9 us (1.0x), Avg.  10.9 us, Total. 10.92 us (0.0%)
[Performance] Application.Shutdown.DestroyJobSystem                                                                                :        1 samples, Peak.   248 us (1.0x), Avg.   248 us, Total. 248.4 us (0.0%)
[Performance] Application.Shutdown.CleanupPersistentManager                                                                        :        1 samples, Peak.   627 us (1.0x), Avg.   627 us, Total. 627.2 us (0.0%)
[Performance] Application.Shutdown.CleanupAsyncReadManager                                                                         :        1 samples, Peak.  74.0 us (1.0x), Avg.  74.0 us, Total. 74.00 us (0.0%)
[Performance] Application.Shutdown.CleanupMono                                                                                     :        1 samples, Peak.  28.1 ms (1.0x), Avg.  28.1 ms, Total. 28.14 ms (0.2%)
[Performance] Application.Shutdown.CleanupStdConverters                                                                            :        1 samples, Peak.  7.83 us (1.0x), Avg.  7.83 us, Total. 7.833 us (0.0%)
[Performance] Application.Shutdown.UnloadAllPlatformSupportModuleNativeDlls                                                        :        1 samples, Peak.   458 ns (1.0x), Avg.   458 ns, Total. 458.0 ns (0.0%)
[Performance] Application.Shutdown.UnloadAllPlatformSupportNativeLibraries                                                         :        1 samples, Peak.   167 ns (1.0x), Avg.   167 ns, Total. 167.0 ns (0.0%)
[Performance] Application.Shutdown.CleanupAutoDocumentation                                                                        :        1 samples, Peak.   106 us (1.0x), Avg.   106 us, Total. 105.7 us (0.0%)
[Performance] Application.Shutdown.ShaderNameManagerDestroy                                                                        :        1 samples, Peak.  21.7 us (1.0x), Avg.  21.7 us, Total. 21.71 us (0.0%)
[Performance] Application.Shutdown.CleanupCacheServer                                                                              :        1 samples, Peak.   125 ns (1.0x), Avg.   125 ns, Total. 125.0 ns (0.0%)
[Performance] Application.Shutdown.Virtualization_Shutdown                                                                         :        1 samples, Peak.   167 ns (1.0x), Avg.   167 ns, Total. 167.0 ns (0.0%)
[Performance] Application.Shutdown.DevConnections                                                                                  :        1 samples, Peak.  81.4 us (1.0x), Avg.  81.4 us, Total. 81.42 us (0.0%)
[Package Manager] Server::Kill -- Server was shutdown
Checking for leaked weakptr:
  Found no leaked weakptrs.
Memory Statistics:
[ALLOC_TEMP_TLS] TLS Allocator
  StackAllocators : 
    [ALLOC_TEMP_CurlRequest]
      Initial Block Size 64.0 KB
      Current Block Size 64.0 KB
      Peak Allocated Bytes 0 B
      Overflow Count 0
    [ALLOC_TEMP_MAIN]
      Peak usage frame count: [4.0 KB-8.0 KB]: 1467 frames, [8.0 KB-16.0 KB]: 8 frames, [16.0 KB-32.0 KB]: 5 frames, [64.0 KB-128.0 KB]: 1 frames, [128.0 KB-256.0 KB]: 1 frames, [256.0 KB-0.5 MB]: 1 frames, [1.0 MB-2.0 MB]: 1 frames, [4.0 MB-8.0 MB]: 1 frames, [8.0 MB-16.0 MB]: 1 frames
      Initial Block Size 16.0 MB
      Current Block Size 16.0 MB
      Peak Allocated Bytes 13.3 MB
      Overflow Count 0
    [ALLOC_TEMP_Background Job.Worker 8]
      Initial Block Size 32.0 KB
      Current Block Size 32.0 KB
      Peak Allocated Bytes 0 B
      Overflow Count 0
    [ALLOC_TEMP_Job.Worker 4]
      Initial Block Size 256.0 KB
      Current Block Size 256.0 KB
      Peak Allocated Bytes 22.6 KB
      Overflow Count 1
    [ALLOC_TEMP_BakingJobs.Worker 5]
      Initial Block Size 256.0 KB
      Current Block Size 256.0 KB
      Peak Allocated Bytes 0 B
      Overflow Count 0
    [ALLOC_TEMP_Background Job.Worker 11]
      Initial Block Size 32.0 KB
      Current Block Size 32.0 KB
      Peak Allocated Bytes 0 B
      Overflow Count 0
    [ALLOC_TEMP_Background Job.Worker 3]
      Initial Block Size 32.0 KB
      Current Block Size 32.0 KB
      Peak Allocated Bytes 0 B
      Overflow Count 0
    [ALLOC_TEMP_BatchDeleteObjects]
      Initial Block Size 64.0 KB
      Current Block Size 64.0 KB
      Peak Allocated Bytes 0 B
      Overflow Count 0
    [ALLOC_TEMP_CoreBusinessMetricsCache]
      Initial Block Size 64.0 KB
      Current Block Size 64.0 KB
      Peak Allocated Bytes 7.9 KB
      Overflow Count 0
    [ALLOC_TEMP_REST Message Handler]
      Initial Block Size 64.0 KB
      Current Block Size 64.0 KB
      Peak Allocated Bytes 0 B
      Overflow Count 0
    [ALLOC_TEMP_AssetDatabase.IOService]
      Initial Block Size 64.0 KB
      Current Block Size 64.0 KB
      Peak Allocated Bytes 0 B
      Overflow Count 0
    [ALLOC_TEMP_Background Job.Worker 2]
      Initial Block Size 32.0 KB
      Current Block Size 32.0 KB
      Peak Allocated Bytes 193 B
      Overflow Count 0
    [ALLOC_TEMP_Loading.PreloadManager] x 3
      Initial Block Size 32.0 MB
      Current Block Size 32.0 MB
      Peak Allocated Bytes 1.4 MB
      Overflow Count 0
    [ALLOC_TEMP_Profiler.Dispatcher]
      Initial Block Size 64.0 KB
      Current Block Size 64.0 KB
      Peak Allocated Bytes 0 B
      Overflow Count 0
    [ALLOC_TEMP_Job.Worker 3]
      Initial Block Size 256.0 KB
      Current Block Size 256.0 KB
      Peak Allocated Bytes 22.5 KB
      Overflow Count 1
    [ALLOC_TEMP_BakingJobs.Worker 7]
      Initial Block Size 256.0 KB
      Current Block Size 256.0 KB
      Peak Allocated Bytes 0 B
      Overflow Count 0
    [ALLOC_TEMP_Background Job.Worker 5]
      Initial Block Size 32.0 KB
      Current Block Size 32.0 KB
      Peak Allocated Bytes 0 B
      Overflow Count 0
    [ALLOC_TEMP_CurlRequest]
      Initial Block Size 64.0 KB
      Current Block Size 64.0 KB
      Peak Allocated Bytes 0 B
      Overflow Count 0
    [ALLOC_TEMP_Background Job.Worker 13]
      Initial Block Size 32.0 KB
      Current Block Size 32.0 KB
      Peak Allocated Bytes 0 B
      Overflow Count 0
    [ALLOC_TEMP_Job.Worker 2]
      Initial Block Size 256.0 KB
      Current Block Size 256.0 KB
      Peak Allocated Bytes 23.4 KB
      Overflow Count 1
    [ALLOC_TEMP_BakingJobs.Worker 6]
      Initial Block Size 256.0 KB
      Current Block Size 256.0 KB
      Peak Allocated Bytes 0 B
      Overflow Count 0
    [ALLOC_TEMP_Job.Worker 0]
      Initial Block Size 256.0 KB
      Current Block Size 256.0 KB
      Peak Allocated Bytes 17.3 KB
      Overflow Count 0
    [ALLOC_TEMP_Job.Worker 5]
      Initial Block Size 256.0 KB
      Current Block Size 0.8 MB
      Peak Allocated Bytes 0.8 MB
      Overflow Count 0
    [ALLOC_TEMP_ReadCacheIndex] x 3
      Initial Block Size 64.0 KB
      Current Block Size 64.0 KB
      Peak Allocated Bytes 1.0 KB
      Overflow Count 0
    [ALLOC_TEMP_Job.Worker 6]
      Initial Block Size 256.0 KB
      Current Block Size 0.8 MB
      Peak Allocated Bytes 0.8 MB
      Overflow Count 0
    [ALLOC_TEMP_BakingJobs.Worker 8]
      Initial Block Size 256.0 KB
      Current Block Size 256.0 KB
      Peak Allocated Bytes 0 B
      Overflow Count 0
    [ALLOC_TEMP_Background Job.Worker 9]
      Initial Block Size 32.0 KB
      Current Block Size 32.0 KB
      Peak Allocated Bytes 0 B
      Overflow Count 0
    [ALLOC_TEMP_BakingJobs.Worker 1]
      Initial Block Size 256.0 KB
      Current Block Size 256.0 KB
      Peak Allocated Bytes 344 B
      Overflow Count 0
    [ALLOC_TEMP_Loading.AsyncRead]
      Initial Block Size 64.0 KB
      Current Block Size 64.0 KB
      Peak Allocated Bytes 240 B
      Overflow Count 0
    [ALLOC_TEMP_Background Job.Worker 10]
      Initial Block Size 32.0 KB
      Current Block Size 32.0 KB
      Peak Allocated Bytes 0 B
      Overflow Count 0
    [ALLOC_TEMP_Background Job.Worker 6]
      Initial Block Size 32.0 KB
      Current Block Size 32.0 KB
      Peak Allocated Bytes 0 B
      Overflow Count 0
    [ALLOC_TEMP_BakingJobs.Worker 9]
      Initial Block Size 256.0 KB
      Current Block Size 256.0 KB
      Peak Allocated Bytes 0 B
      Overflow Count 0
    [ALLOC_TEMP_Background Job.Worker 1]
      Initial Block Size 32.0 KB
      Current Block Size 32.0 KB
      Peak Allocated Bytes 14.5 KB
      Overflow Count 0
    [ALLOC_TEMP_OSX HID Input]
      Initial Block Size 64.0 KB
      Current Block Size 64.0 KB
      Peak Allocated Bytes 0 B
      Overflow Count 0
    [ALLOC_TEMP_BakingJobs.Worker 2]
      Initial Block Size 256.0 KB
      Current Block Size 256.0 KB
      Peak Allocated Bytes 0 B
      Overflow Count 0
    [ALLOC_TEMP_Background Job.Worker 7]
      Initial Block Size 32.0 KB
      Current Block Size 32.0 KB
      Peak Allocated Bytes 0 B
      Overflow Count 0
    [ALLOC_TEMP_Job.Worker 8]
      Initial Block Size 256.0 KB
      Current Block Size 0.8 MB
      Peak Allocated Bytes 0.8 MB
      Overflow Count 0
    [ALLOC_TEMP_Job.Worker 1]
      Initial Block Size 256.0 KB
      Current Block Size 0.8 MB
      Peak Allocated Bytes 0.8 MB
      Overflow Count 0
    [ALLOC_TEMP_BakingJobs.Worker 0]
      Initial Block Size 256.0 KB
      Current Block Size 256.0 KB
      Peak Allocated Bytes 0 B
      Overflow Count 0
    [ALLOC_TEMP_BakingJobs.Worker 3]
      Initial Block Size 256.0 KB
      Current Block Size 256.0 KB
      Peak Allocated Bytes 0 B
      Overflow Count 0
    [ALLOC_TEMP_EditorTaskManager]
      Initial Block Size 64.0 KB
      Current Block Size 80.0 KB
      Peak Allocated Bytes 64.0 KB
      Overflow Count 0
    [ALLOC_TEMP_Background Job.Worker 15]
      Initial Block Size 32.0 KB
      Current Block Size 32.0 KB
      Peak Allocated Bytes 0 B
      Overflow Count 0
    [ALLOC_TEMP_BakingJobs.Worker 4]
      Initial Block Size 256.0 KB
      Current Block Size 256.0 KB
      Peak Allocated Bytes 0 B
      Overflow Count 0
    [ALLOC_TEMP_Background Job.Worker 12]
      Initial Block Size 32.0 KB
      Current Block Size 32.0 KB
      Peak Allocated Bytes 0 B
      Overflow Count 0
    [ALLOC_TEMP_HTTP REST Server]
      Initial Block Size 64.0 KB
      Current Block Size 64.0 KB
      Peak Allocated Bytes 0 B
      Overflow Count 0
    [ALLOC_TEMP_AssetGarbageCollectorHelper] x 9
      Initial Block Size 64.0 KB
      Current Block Size 64.0 KB
      Peak Allocated Bytes 0 B
      Overflow Count 0
    [ALLOC_TEMP_Background Job.Worker 0]
      Initial Block Size 32.0 KB
      Current Block Size 32.0 KB
      Peak Allocated Bytes 0 B
      Overflow Count 0
    [ALLOC_TEMP_AUDIO_Audio Mixer Thread]
      Initial Block Size 64.0 KB
      Current Block Size 64.0 KB
      Peak Allocated Bytes 0 B
      Overflow Count 0
    [ALLOC_TEMP_Background Job.Worker 4]
      Initial Block Size 32.0 KB
      Current Block Size 32.0 KB
      Peak Allocated Bytes 0 B
      Overflow Count 0
    [ALLOC_TEMP_Background Job.Worker 14]
      Initial Block Size 32.0 KB
      Current Block Size 32.0 KB
      Peak Allocated Bytes 0 B
      Overflow Count 0
    [ALLOC_TEMP_Job.Worker 7]
      Initial Block Size 256.0 KB
      Current Block Size 256.0 KB
      Peak Allocated Bytes 18.2 KB
      Overflow Count 0
    [ALLOC_TEMP_CloudJob.Worker 0]
      Initial Block Size 32.0 KB
      Current Block Size 32.0 KB
      Peak Allocated Bytes 5.0 KB
      Overflow Count 0
[ALLOC_MEMORYPROFILER]
  Peak usage frame count: [128.0 KB-256.0 KB]: 1055 frames, [256.0 KB-0.5 MB]: 431 frames
  Requested Block Size 1.0 MB
  Peak Block count 1
  Peak Allocated memory 305.0 KB
  Peak Large allocation bytes 0 B
[ALLOC_DEFAULT] Dual Thread Allocator
  Peak main deferred allocation count 1006
    [ALLOC_BUCKET]
      Large Block size 32.0 MB
      Used Block count 1
      Peak Allocated bytes 5.4 MB
    [ALLOC_DEFAULT_MAIN]
      Peak usage frame count: [32.0 MB-64.0 MB]: 1486 frames
      Requested Block Size 16.0 MB
      Peak Block count 4
      Peak Allocated memory 53.3 MB
      Peak Large allocation bytes 0 B
    [ALLOC_DEFAULT_THREAD]
      Peak usage frame count: [4.0 MB-8.0 MB]: 1486 frames
      Requested Block Size 16.0 MB
      Peak Block count 1
      Peak Allocated memory 4.8 MB
      Peak Large allocation bytes 0 B
[ALLOC_TEMP_JOB_1_FRAME]
  Initial Block Size 2.0 MB
  Used Block Count 0
  Overflow Count (too large) 0
  Overflow Count (full) 0
[ALLOC_TEMP_JOB_2_FRAMES]
  Initial Block Size 2.0 MB
  Used Block Count 0
  Overflow Count (too large) 0
  Overflow Count (full) 0
[ALLOC_TEMP_JOB_4_FRAMES (JobTemp)]
  Initial Block Size 2.0 MB
  Used Block Count 1
  Overflow Count (too large) 0
  Overflow Count (full) 0
[ALLOC_TEMP_JOB_ASYNC (Background)]
  Initial Block Size 1.0 MB
  Used Block Count 1
  Overflow Count (too large) 0
  Overflow Count (full) 0
[ALLOC_GFX] Dual Thread Allocator
  Peak main deferred allocation count 29
    [ALLOC_BUCKET]
      Large Block size 32.0 MB
      Used Block count 1
      Peak Allocated bytes 5.4 MB
    [ALLOC_GFX_MAIN]
      Peak usage frame count: [4.0 MB-8.0 MB]: 1485 frames, [8.0 MB-16.0 MB]: 1 frames
      Requested Block Size 16.0 MB
      Peak Block count 1
      Peak Allocated memory 13.8 MB
      Peak Large allocation bytes 0 B
    [ALLOC_GFX_THREAD]
      Peak usage frame count: [0-1.0 KB]: 77 frames, [2.0 KB-4.0 KB]: 771 frames, [8.0 KB-16.0 KB]: 638 frames
      Requested Block Size 16.0 MB
      Peak Block count 1
      Peak Allocated memory 14.7 KB
      Peak Large allocation bytes 0 B
[ALLOC_CACHEOBJECTS] Dual Thread Allocator
  Peak main deferred allocation count 197
    [ALLOC_BUCKET]
      Large Block size 32.0 MB
      Used Block count 1
      Peak Allocated bytes 5.4 MB
    [ALLOC_CACHEOBJECTS_MAIN]
      Peak usage frame count: [8.0 MB-16.0 MB]: 1485 frames, [32.0 MB-64.0 MB]: 1 frames
      Requested Block Size 4.0 MB
      Peak Block count 6
      Peak Allocated memory 52.4 MB
      Peak Large allocation bytes 33.9 MB
    [ALLOC_CACHEOBJECTS_THREAD]
      Peak usage frame count: [4.0 KB-8.0 KB]: 715 frames, [1.0 MB-2.0 MB]: 770 frames, [2.0 MB-4.0 MB]: 1 frames
      Requested Block Size 4.0 MB
      Peak Block count 1
      Peak Allocated memory 2.7 MB
      Peak Large allocation bytes 0 B
[ALLOC_TYPETREE] Dual Thread Allocator
  Peak main deferred allocation count 542
    [ALLOC_BUCKET]
      Large Block size 32.0 MB
      Used Block count 1
      Peak Allocated bytes 5.4 MB
    [ALLOC_TYPETREE_MAIN]
      Peak usage frame count: [0.5 MB-1.0 MB]: 1485 frames, [2.0 MB-4.0 MB]: 1 frames
      Requested Block Size 2.0 MB
      Peak Block count 2
      Peak Allocated memory 2.5 MB
      Peak Large allocation bytes 0 B
    [ALLOC_TYPETREE_THREAD]
      Peak usage frame count: [32.0 KB-64.0 KB]: 1486 frames
      Requested Block Size 2.0 MB
      Peak Block count 1
      Peak Allocated memory 90.3 KB
      Peak Large allocation bytes 0 B
[ALLOC_PROFILER]
  Peak usage frame count: [256.0 KB-0.5 MB]: 1486 frames
  Requested Block Size 16.0 MB
  Peak Block count 1
  Peak Allocated memory 454.7 KB
  Peak Large allocation bytes 0 B
    [ALLOC_PROFILER_BUCKET]
      Large Block size 32.0 MB
      Used Block count 1
      Peak Allocated bytes 4.3 KB
[ALLOC_PROFILER_EDITOR]
  Peak usage frame count: [0-1.0 KB]: 1486 frames
  Requested Block Size 1.0 MB
  Peak Block count 0
  Peak Allocated memory 0 B
  Peak Large allocation bytes 0 B
    [ALLOC_PROFILER_BUCKET]
      Large Block size 32.0 MB
      Used Block count 1
      Peak Allocated bytes 4.3 KB
##utp:{"type":"MemoryLeaks","version":2,"phase":"Immediate","time":1791251425656,"processId":76338,"allocatedMemory":11654945,"memoryLabels":[{"Default":20391},{"Permanent":15696},{"Thread":1083692},{"Manager":30554},{"VertexData":12},{"Geometry":280},{"Texture":1208},{"Shader":68824},{"Material":24},{"GfxDevice":38776},{"Animation":312},{"Audio":326012},{"FMODOther":3088},{"FontEngine":328},{"Physics":513},{"Serialization":676},{"Input":9032},{"JobScheduler":38168},{"Mono":40},{"ScriptingNativeRuntime":193824},{"BaseObject":1627372},{"Resource":1000},{"Renderer":2320},{"Transform":48},{"File":6888},{"WebCam":40},{"Culling":40},{"Skinning":24},{"Terrain":1025},{"Wind":24},{"String":23639},{"DynamicArray":57288},{"HashMap":113858},{"Utility":2660354},{"Curl":2047},{"PoolAlloc":1496},{"AI":72},{"TypeTree":5061},{"ScriptManager":640},{"RuntimeInitializeOnLoadManager":80},{"SpriteAtlas":128},{"GI":2600},{"Director":7880},{"CloudService":3376},{"WebRequest":816},{"VR":45709},{"SceneManager":576},{"Video":1096},{"LazyScriptCache":40},{"NativeArray":12},{"Camera":25},{"Secure":9945},{"SerializationCache":1576},{"APIUpdating":11856},{"Subsystems":392},{"VirtualTexturing":57512},{"StaticSafetyDebugInfo":327680},{"Baselib":16},{"EditorGui":80},{"EditorUtility":18295},{"VersionControl":4},{"Undo":720},{"AssetDatabase":4777817},{"RestService":1310},{"EditorGi":376},{"License":3712},{"UnityConnect":25520},{"Collab":641},{"Upm":1920},{"DrivenProperties":96},{"LocalIPC":226},{"ProfilerEditor":10975},{"CoreBusinessMetrics":3741},{"TLS":3431},{"AssetReference":40},{"IPCStream":40}]}
