Tuanjie Editor version:  2022.3.61t14 (3a70663b70e0)
Branch:                  tuanjie/1.6/staging
Build type:              Release
Batch mode:              YES
macOS version:           Version 27.2 (Build 26B5091g)
Darwin version:          27.2.0
Architecture:            arm64
Running under Rosetta:   NO
Available memory:        16384 MB
[Licensing::Module] Trying to connect to existing licensing client channel...
[Licensing::IpcConnector] Successfully connected to the License Client on channel: "LicenseClient-qinziqian" at "2026-10-04T13:17:53.172334Z"
[Licensing::Client] Error: Code 10 while verifying Licensing Client signature (process Id: 33870, path: "/Applications/Tuanjie Hub.app/Contents/Frameworks/TuanjieLicensingClient_V1.app/Contents/MacOS/Tuanjie.Licensing.Client")
[Licensing::Module] Error: LicensingClient has failed validation; ignoring
[Licensing::Client] Successfully send message: {"messageType":"HandshakeRequest","protocolVersion":"1.12","userAgent":"TuanjieEditor/2022.3.61t14 (Macintosh; U; Intel Mac OS X 27.2; zh-Hans-CN)","externalCorrelationId":"7557675134773330790"} at 1791119873
[Licensing::Client] Successfully receive message: {"protocolVersion":"1.12","sessionId":"ac960faf99c3461da639d62527664f38","context":{"DeviceName":"Link's MBP","DeviceModel":"Mac17,2","PhysicalMemoryMB":"16384","SystemLanguageISO":"zh-Hans-CN","ProcessorCount":"10","ProcessorType":"Apple M5","OperatingSystem":"Mac OS X 27.2.0","OperatingSystemNumeric":"270200","Legacy.MachineBinding1":"A12EBA94-6CAE-536D-8639-8B28F22AAE12","Legacy.MachineBinding2":"HWF12RQ93K","Legacy.MachineBinding4":null,"Legacy.MachineBinding5":"5c:9b:a6:84:6a:ac","EnvironmentUser":"qinziqian","EnvironmentDomain":"Links-MBP","EnvironmentHostname":"Links-MBP"},"assemblyProductVersion":"1.14.0+af049b8","machineId":"2qJXSmjy+8qC9zvVypdceXsI7UU=","correlationId":"ee26600ca9f6c50f0a68447f7e54978e","responseCode":200,"responseStatus":"Handshake successful","messageType":"HandshakeResponse"} at 1791119873
[Licensing::Client] Handshaking with LicensingClient:
  Version:                 1.14.0+af049b8
  Session Id:              ac960faf99c3461da639d62527664f38
  Correlation Id:          ee26600ca9f6c50f0a68447f7e54978e
  External correlation Id: 7557675134773330790
  Machine Id:              2qJXSmjy+8qC9zvVypdceXsI7UU=
[Licensing::Module] Successfully connected to LicensingClient on channel: "LicenseClient-qinziqian" (connect: 0.00s, validation: 0.01s, handshake: 0.17s)
[Licensing::IpcConnector] Successfully connected to the License Notification on channel: "LicenseClient-qinziqian-notifications" at "2026-10-04T13:17:53.358116Z"
[Licensing::Module] Error: Access token is unavailable; failed to update
[Licensing::Client] Successfully send message: {"messageType":"UpdateLicenseRequest","AccessToken":"","OrgId":"","ProjectId":"","forceUpdateLicense":true} at 1791119873
[Licensing::Client] Successfully receive message: {"responseCode":200,"responseStatus":"Licenses updated.","messageType":"UpdateLicenseResponse"} at 1791119873
[Licensing::Client] Successfully updated license
[Licensing::Client] Successfully send message: {"messageType":"EntitlementDetailsRequest","entitlementIds":["com.unity.editor.legacy.pro","com.unity.editor.headless"],"packageEntitlementIds":[],"includeCustomData":false} at 1791119873
[Licensing::Client] Successfully receive message: {"entitlementGroups":[{"entitlementGroupId":"F4-W5GR-B6V2-Y5WE-WRK9-GR7N","entitlementGroupIdHash":"8d58bf4deb18ac7618b28a8936c405932a8efcb2","productName":"Unity Personal","productType":"TuanjieEditor","licenseType":"ULF","expiration":1791382673000,"matchedEntitlements":[{"entitlementId":"com.unity.editor.headless","isPackage":false,"count":1}]}],"responseCode":200,"responseStatus":"Found 1 entitlement groups and 0 free entitlements matching requested entitlement ids","messageType":"EntitlementDetailsResponse"} at 1791119873
[Licensing::Client] Successfully resolved entitlement details
[Licensing::Module] Serial number assigned to: "F4-W5GR-B6V2-Y5WE-WRK9-XXXX"
Pro License: NO
[Licensing::Client] Successfully send message: {"messageType":"EntitlementDetailsRequest","entitlementIds":["com.unity.editor.headless","com.unity.editor.ui"],"packageEntitlementIds":[],"includeCustomData":false} at 1791119873
[Licensing::Client] Successfully receive message: {"entitlementGroups":[{"entitlementGroupId":"F4-W5GR-B6V2-Y5WE-WRK9-GR7N","entitlementGroupIdHash":"8d58bf4deb18ac7618b28a8936c405932a8efcb2","productName":"Unity Personal","productType":"TuanjieEditor","licenseType":"ULF","expiration":1791382673000,"matchedEntitlements":[{"entitlementId":"com.unity.editor.ui","isPackage":false,"count":1},{"entitlementId":"com.unity.editor.headless","isPackage":false,"count":1}]}],"responseCode":200,"responseStatus":"Found 1 entitlement groups and 0 free entitlements matching requested entitlement ids","messageType":"EntitlementDetailsResponse"} at 1791119873
[Licensing::Client] Successfully resolved entitlement details
Launching external process: /Applications/Tuanjie/Hub/Editor/2022.3.61t14/Tuanjie.app/Contents/Resources/PackageManager/Server/TuanjiePackageManager

COMMAND LINE ARGUMENTS:
/Applications/Tuanjie/Hub/Editor/2022.3.61t14/Tuanjie.app/Contents/MacOS/Tuanjie
-batchmode
-projectPath
/private/var/folders/19/jlz3f3_12q1d22xb7lhnbk700000gp/T/palmbay-netplay.02cvl5gv/host
-executeMethod
NetPlaytest.RunHostM4Clientdrop
-logFile
/Users/qinziqian/Documents/overcooked-like/game/Evidence/m4-netplay/net-host-clientdrop.log
Successfully changed project path to: /private/var/folders/19/jlz3f3_12q1d22xb7lhnbk700000gp/T/palmbay-netplay.02cvl5gv/host
/private/var/folders/19/jlz3f3_12q1d22xb7lhnbk700000gp/T/palmbay-netplay.02cvl5gv/host
[Memory] Configuration Parameters - Can be set up in boot.config
    "memorysetup-bucket-allocator-granularity=16"
    "memorysetup-bucket-allocator-bucket-count=8"
    "memorysetup-bucket-allocator-block-size=33554432"
    "memorysetup-bucket-allocator-block-count=8"
    "memorysetup-main-allocator-block-size=16777216"
    "memorysetup-thread-allocator-block-size=16777216"
    "memorysetup-gfx-main-allocator-block-size=16777216"
    "memorysetup-gfx-thread-allocator-block-size=16777216"
    "memorysetup-cache-allocator-block-size=4194304"
    "memorysetup-typetree-allocator-block-size=2097152"
    "memorysetup-profiler-bucket-allocator-granularity=16"
    "memorysetup-profiler-bucket-allocator-bucket-count=8"
    "memorysetup-profiler-bucket-allocator-block-size=33554432"
    "memorysetup-profiler-bucket-allocator-block-count=8"
    "memorysetup-profiler-allocator-block-size=16777216"
    "memorysetup-profiler-editor-allocator-block-size=1048576"
    "memorysetup-temp-allocator-size-main=16777216"
    "memorysetup-job-temp-allocator-block-size=2097152"
    "memorysetup-job-temp-allocator-block-size-background=1048576"
    "memorysetup-job-temp-allocator-reduction-small-platforms=262144"
    "memorysetup-allocator-temp-initial-block-size-main=262144"
    "memorysetup-allocator-temp-initial-block-size-worker=262144"
    "memorysetup-temp-allocator-size-background-worker=32768"
    "memorysetup-temp-allocator-size-job-worker=262144"
    "memorysetup-temp-allocator-size-preload-manager=33554432"
    "memorysetup-temp-allocator-size-nav-mesh-worker=65536"
    "memorysetup-temp-allocator-size-audio-worker=65536"
    "memorysetup-temp-allocator-size-cloud-worker=32768"
    "memorysetup-temp-allocator-size-gi-baking-worker=262144"
    "memorysetup-temp-allocator-size-gfx=262144"
Player connection [8621359872]  Target information:

Player connection [8621359872]  * "[IP] 192.168.123.27 [Port] 55504 [Flags] 2 [Guid] 2720340706 [EditorId] 2720340706 [Version] 1048832 [Id] OSXEditor(0,Links-MBP.local) [Debug] 1 [PackageName] OSXEditor [ProjectName] Editor" 

Player connection [8621359872]  * "[IP] 192.168.200.6 [Port] 55504 [Flags] 2 [Guid] 2720340706 [EditorId] 2720340706 [Version] 1048832 [Id] OSXEditor(0,Links-MBP.local) [Debug] 1 [PackageName] OSXEditor [ProjectName] Editor" 

Player connection [8621359872] Host joined multi-casting on [225.0.0.222:54997]...
Player connection [8621359872] Host joined alternative multi-casting on [225.0.0.222:34997]...
Input System module state changed to: Initialized.
AS: AutoStreaming module initializing.
Begin write certificate to file.
Write certificate complete, return 1.
StartServer, cert is /Users/qinziqian/Library/Tuanjie/15860-rest-certificate.pem
Start HTTP server port 38000, HTTPS server port 38443.
[Package Manager] UpmClient::Connect -- Connected to IPC stream "Upm-15860" after 0.2 seconds.
[Licensing::Client] Successfully send message: {"messageType":"EntitlementDetailsRequest","entitlementIds":["com.unity.editor.last.activation.date","com.unity.editor.headless"],"packageEntitlementIds":[],"includeCustomData":false} at 1791119874
[Licensing::Client] Successfully receive message: {"entitlementGroups":[{"entitlementGroupId":"F4-W5GR-B6V2-Y5WE-WRK9-GR7N","entitlementGroupIdHash":"8d58bf4deb18ac7618b28a8936c405932a8efcb2","productName":"Unity Personal","productType":"TuanjieEditor","licenseType":"ULF","expiration":1791382673000,"matchedEntitlements":[{"entitlementId":"com.unity.editor.headless","isPackage":false,"count":1},{"entitlementId":"com.unity.editor.last.activation.date","isPackage":false,"count":1}]}],"responseCode":200,"responseStatus":"Found 1 entitlement groups and 0 free entitlements matching requested entitlement ids","messageType":"EntitlementDetailsResponse"} at 1791119874
[Licensing::Client] Successfully resolved entitlement details
[Licensing::Client] Successfully send message: {"messageType":"EntitlementDetailsRequest","entitlementIds":["com.unity.editor.disable-splash-screen","com.unity.editor.headless"],"packageEntitlementIds":[],"includeCustomData":false} at 1791119874
[Licensing::Client] Successfully receive message: {"entitlementGroups":[{"entitlementGroupId":"F4-W5GR-B6V2-Y5WE-WRK9-GR7N","entitlementGroupIdHash":"8d58bf4deb18ac7618b28a8936c405932a8efcb2","productName":"Unity Personal","productType":"TuanjieEditor","licenseType":"ULF","expiration":1791382673000,"matchedEntitlements":[{"entitlementId":"com.unity.editor.headless","isPackage":false,"count":1}]}],"responseCode":200,"responseStatus":"Found 1 entitlement groups and 0 free entitlements matching requested entitlement ids","messageType":"EntitlementDetailsResponse"} at 1791119874
[Licensing::Client] Successfully resolved entitlement details
[Licensing::Client] Successfully send message: {"messageType":"EntitlementDetailsRequest","entitlementIds":["com.unity.editor.allow-mix-usage","com.unity.editor.headless"],"packageEntitlementIds":[],"includeCustomData":false} at 1791119874
[Licensing::Client] Successfully receive message: {"entitlementGroups":[{"entitlementGroupId":"F4-W5GR-B6V2-Y5WE-WRK9-GR7N","entitlementGroupIdHash":"8d58bf4deb18ac7618b28a8936c405932a8efcb2","productName":"Unity Personal","productType":"TuanjieEditor","licenseType":"ULF","expiration":1791382673000,"matchedEntitlements":[{"entitlementId":"com.unity.editor.headless","isPackage":false,"count":1}]}],"responseCode":200,"responseStatus":"Found 1 entitlement groups and 0 free entitlements matching requested entitlement ids","messageType":"EntitlementDetailsResponse"} at 1791119874
[Licensing::Client] Successfully resolved entitlement details
[Package Manager] Restoring resolved packages state from cache
[Licensing::Client] Successfully send message: {"messageType":"EntitlementDetailsRequest","entitlementIds":[],"packageEntitlementIds":["com.unity.modules.audio","com.unity.modules.androidjni","com.unity.modules.imgui","com.unity.modules.physics","com.unity.modules.jsonserialize","com.unity.modules.screencapture","com.unity.modules.ui","cn.tuanjie.codely.bridge","com.unity.modules.imageconversion","com.unity.ugui","com.unity.modules.unitywebrequest","com.unity.ext.nunit"],"includeCustomData":false} at 1791119874
[Licensing::Client] Successfully receive message: {"freeEntitlementIds":["com.unity.modules.audio","com.unity.modules.androidjni","com.unity.modules.imgui","com.unity.modules.physics","com.unity.modules.jsonserialize","com.unity.modules.screencapture","com.unity.modules.ui","cn.tuanjie.codely.bridge","com.unity.modules.imageconversion","com.unity.ugui","com.unity.modules.unitywebrequest","com.unity.ext.nunit"],"responseCode":200,"responseStatus":"Found 0 entitlement groups and 12 free entitlements matching requested entitlement ids","messageType":"EntitlementDetailsResponse"} at 1791119874
[Licensing::Client] Successfully resolved entitlement details
[Package Manager] Registered 12 packages:
  Packages from [https://packages.tuanjie.cn]:
    com.unity.ext.nunit@1.0.6 (location: /private/var/folders/19/jlz3f3_12q1d22xb7lhnbk700000gp/T/palmbay-netplay.02cvl5gv/host/Library/PackageCache/com.unity.ext.nunit@1.0.6)
  Built-in packages:
    com.unity.modules.audio@1.0.0 (location: /private/var/folders/19/jlz3f3_12q1d22xb7lhnbk700000gp/T/palmbay-netplay.02cvl5gv/host/Library/PackageCache/com.unity.modules.audio@1.0.0)
    com.unity.modules.androidjni@1.0.0 (location: /private/var/folders/19/jlz3f3_12q1d22xb7lhnbk700000gp/T/palmbay-netplay.02cvl5gv/host/Library/PackageCache/com.unity.modules.androidjni@1.0.0)
    com.unity.modules.imgui@1.0.0 (location: /private/var/folders/19/jlz3f3_12q1d22xb7lhnbk700000gp/T/palmbay-netplay.02cvl5gv/host/Library/PackageCache/com.unity.modules.imgui@1.0.0)
    com.unity.modules.physics@1.0.0 (location: /private/var/folders/19/jlz3f3_12q1d22xb7lhnbk700000gp/T/palmbay-netplay.02cvl5gv/host/Library/PackageCache/com.unity.modules.physics@1.0.0)
    com.unity.modules.jsonserialize@1.0.0 (location: /private/var/folders/19/jlz3f3_12q1d22xb7lhnbk700000gp/T/palmbay-netplay.02cvl5gv/host/Library/PackageCache/com.unity.modules.jsonserialize@1.0.0)
    com.unity.modules.screencapture@1.0.0 (location: /private/var/folders/19/jlz3f3_12q1d22xb7lhnbk700000gp/T/palmbay-netplay.02cvl5gv/host/Library/PackageCache/com.unity.modules.screencapture@1.0.0)
    com.unity.modules.ui@1.0.0 (location: /private/var/folders/19/jlz3f3_12q1d22xb7lhnbk700000gp/T/palmbay-netplay.02cvl5gv/host/Library/PackageCache/com.unity.modules.ui@1.0.0)
    com.unity.modules.imageconversion@1.0.0 (location: /private/var/folders/19/jlz3f3_12q1d22xb7lhnbk700000gp/T/palmbay-netplay.02cvl5gv/host/Library/PackageCache/com.unity.modules.imageconversion@1.0.0)
    com.unity.ugui@1.0.0 (location: /private/var/folders/19/jlz3f3_12q1d22xb7lhnbk700000gp/T/palmbay-netplay.02cvl5gv/host/Library/PackageCache/com.unity.ugui@1.0.0)
    com.unity.modules.unitywebrequest@1.0.0 (location: /private/var/folders/19/jlz3f3_12q1d22xb7lhnbk700000gp/T/palmbay-netplay.02cvl5gv/host/Library/PackageCache/com.unity.modules.unitywebrequest@1.0.0)
  Local packages:
    cn.tuanjie.codely.bridge@file:/private/var/folders/19/jlz3f3_12q1d22xb7lhnbk700000gp/T/palmbay-netplay.02cvl5gv/host/.codely.packages/cn.tuanjie.codely.bridge@1.0.85-785dea6a (location: /private/var/folders/19/jlz3f3_12q1d22xb7lhnbk700000gp/T/palmbay-netplay.02cvl5gv/host/.codely.packages/cn.tuanjie.codely.bridge@1.0.85-785dea6a)
[Subsystems] No new subsystems found in resolved package list.
Package Manager log level set to [2]
[Package Manager] Done registering packages in 0.10 seconds
[Package Manager] Done resolving packages in 0.50 seconds
[Package Manager] Registered 12 packages:
  Packages from [https://packages.tuanjie.cn]:
    com.unity.ext.nunit@1.0.6 (location: /private/var/folders/19/jlz3f3_12q1d22xb7lhnbk700000gp/T/palmbay-netplay.02cvl5gv/host/Library/PackageCache/com.unity.ext.nunit@1.0.6)
  Built-in packages:
    com.unity.modules.audio@1.0.0 (location: /private/var/folders/19/jlz3f3_12q1d22xb7lhnbk700000gp/T/palmbay-netplay.02cvl5gv/host/Library/PackageCache/com.unity.modules.audio@1.0.0)
    com.unity.modules.androidjni@1.0.0 (location: /private/var/folders/19/jlz3f3_12q1d22xb7lhnbk700000gp/T/palmbay-netplay.02cvl5gv/host/Library/PackageCache/com.unity.modules.androidjni@1.0.0)
    com.unity.modules.imgui@1.0.0 (location: /private/var/folders/19/jlz3f3_12q1d22xb7lhnbk700000gp/T/palmbay-netplay.02cvl5gv/host/Library/PackageCache/com.unity.modules.imgui@1.0.0)
    com.unity.modules.physics@1.0.0 (location: /private/var/folders/19/jlz3f3_12q1d22xb7lhnbk700000gp/T/palmbay-netplay.02cvl5gv/host/Library/PackageCache/com.unity.modules.physics@1.0.0)
    com.unity.modules.jsonserialize@1.0.0 (location: /private/var/folders/19/jlz3f3_12q1d22xb7lhnbk700000gp/T/palmbay-netplay.02cvl5gv/host/Library/PackageCache/com.unity.modules.jsonserialize@1.0.0)
    com.unity.modules.screencapture@1.0.0 (location: /private/var/folders/19/jlz3f3_12q1d22xb7lhnbk700000gp/T/palmbay-netplay.02cvl5gv/host/Library/PackageCache/com.unity.modules.screencapture@1.0.0)
    com.unity.modules.ui@1.0.0 (location: /private/var/folders/19/jlz3f3_12q1d22xb7lhnbk700000gp/T/palmbay-netplay.02cvl5gv/host/Library/PackageCache/com.unity.modules.ui@1.0.0)
    com.unity.modules.imageconversion@1.0.0 (location: /private/var/folders/19/jlz3f3_12q1d22xb7lhnbk700000gp/T/palmbay-netplay.02cvl5gv/host/Library/PackageCache/com.unity.modules.imageconversion@1.0.0)
    com.unity.ugui@1.0.0 (location: /private/var/folders/19/jlz3f3_12q1d22xb7lhnbk700000gp/T/palmbay-netplay.02cvl5gv/host/Library/PackageCache/com.unity.ugui@1.0.0)
    com.unity.modules.unitywebrequest@1.0.0 (location: /private/var/folders/19/jlz3f3_12q1d22xb7lhnbk700000gp/T/palmbay-netplay.02cvl5gv/host/Library/PackageCache/com.unity.modules.unitywebrequest@1.0.0)
  Local packages:
    cn.tuanjie.codely.bridge@file:/private/var/folders/19/jlz3f3_12q1d22xb7lhnbk700000gp/T/palmbay-netplay.02cvl5gv/host/.codely.packages/cn.tuanjie.codely.bridge@1.0.85-785dea6a (location: /private/var/folders/19/jlz3f3_12q1d22xb7lhnbk700000gp/T/palmbay-netplay.02cvl5gv/host/.codely.packages/cn.tuanjie.codely.bridge@1.0.85-785dea6a)
[Subsystems] No new subsystems found in resolved package list.
[Package Manager] Done registering packages in 0.00 seconds
Refreshing native plugins compatible for Editor in 9.24 ms, found 7 plugins.
Preloading 0 native plugins for Editor in 0.00 ms.
Initialize engine version: 2022.3.61t14 (3a70663b70e0)
[Subsystems] Discovering subsystems at path /Applications/Tuanjie/Hub/Editor/2022.3.61t14/Tuanjie.app/Contents/Resources/UnitySubsystems
[Subsystems] Discovering subsystems at path /private/var/folders/19/jlz3f3_12q1d22xb7lhnbk700000gp/T/palmbay-netplay.02cvl5gv/host/Assets
GfxDevice: creating device client; threaded=0; jobified=0
 preferred device: Apple M5 (high power)
Metal devices available: 1
0: Apple M5 (high power)
Using device Apple M5 (high power)
Initializing Metal device caps: Apple M5
[Licensing::Client] Successfully send message: {"messageType":"EntitlementDetailsRequest","entitlementIds":["com.unity.editor.cluster","com.unity.editor.headless"],"packageEntitlementIds":[],"includeCustomData":false} at 1791119874
[Licensing::Client] Successfully receive message: {"entitlementGroups":[{"entitlementGroupId":"F4-W5GR-B6V2-Y5WE-WRK9-GR7N","entitlementGroupIdHash":"8d58bf4deb18ac7618b28a8936c405932a8efcb2","productName":"Unity Personal","productType":"TuanjieEditor","licenseType":"ULF","expiration":1791382673000,"matchedEntitlements":[{"entitlementId":"com.unity.editor.headless","isPackage":false,"count":1}]}],"responseCode":200,"responseStatus":"Found 1 entitlement groups and 0 free entitlements matching requested entitlement ids","messageType":"EntitlementDetailsResponse"} at 1791119874
[Licensing::Client] Successfully resolved entitlement details
Initialize mono
Mono path[0] = '/Applications/Tuanjie/Hub/Editor/2022.3.61t14/Tuanjie.app/Contents/Managed'
Mono path[1] = '/Applications/Tuanjie/Hub/Editor/2022.3.61t14/Tuanjie.app/Contents/MonoBleedingEdge/lib/mono/unityjit-macos'
Mono config path = '/Applications/Tuanjie/Hub/Editor/2022.3.61t14/Tuanjie.app/Contents/MonoBleedingEdge/etc'
Using monoOptions --debugger-agent=transport=dt_socket,embedding=1,server=y,suspend=n,address=0.0.0.0:56860
Using cacheserver namespaces - metadata:defaultmetadata, artifacts:defaultartifacts
Using cacheserver namespaces - metadata:defaultmetadata, artifacts:defaultartifacts
ImportWorker Server TCP listen port: 0
Begin MonoManager ReloadAssembly
Registering precompiled tuanjie dll's ...
Register platform support module: /Applications/Tuanjie/Hub/Editor/2022.3.61t14/Tuanjie.app/Contents/PlaybackEngines/MacStandaloneSupport/UnityEditor.OSXStandalone.Extensions.dll
[Licensing::Client] Successfully send message: {"messageType":"EntitlementDetailsRequest","entitlementIds":["com.unity.editor.platforms.android","com.unity.editor.headless"],"packageEntitlementIds":[],"includeCustomData":false} at 1791119875
[Licensing::Client] Successfully receive message: {"entitlementGroups":[{"entitlementGroupId":"F4-W5GR-B6V2-Y5WE-WRK9-GR7N","entitlementGroupIdHash":"8d58bf4deb18ac7618b28a8936c405932a8efcb2","productName":"Unity Personal","productType":"TuanjieEditor","licenseType":"ULF","expiration":1791382673000,"matchedEntitlements":[{"entitlementId":"com.unity.editor.platforms.android","isPackage":false,"count":1},{"entitlementId":"com.unity.editor.headless","isPackage":false,"count":1}]}],"responseCode":200,"responseStatus":"Found 1 entitlement groups and 0 free entitlements matching requested entitlement ids","messageType":"EntitlementDetailsResponse"} at 1791119875
[Licensing::Client] Successfully resolved entitlement details
Register platform support module: /Applications/Tuanjie/Hub/Editor/2022.3.61t14/PlaybackEngines/AndroidPlayer/UnityEditor.Android.Extensions.dll
Registered in 0.015422 seconds.
- Loaded All Assemblies, in  0.148 seconds
Native extension for Android target not found
Android Extension - Scanning For ADB Devices 150 ms
Native extension for OSXStandalone target not found
[Licensing::Client] Successfully send message: {"messageType":"EntitlementDetailsRequest","entitlementIds":["com.unity.editor.minigame.subplatform.wechat","com.unity.editor.headless"],"packageEntitlementIds":[],"includeCustomData":false} at 1791119875
[Licensing::Client] Successfully receive message: {"entitlementGroups":[{"entitlementGroupId":"F4-W5GR-B6V2-Y5WE-WRK9-GR7N","entitlementGroupIdHash":"8d58bf4deb18ac7618b28a8936c405932a8efcb2","productName":"Unity Personal","productType":"TuanjieEditor","licenseType":"ULF","expiration":1791382673000,"matchedEntitlements":[{"entitlementId":"com.unity.editor.headless","isPackage":false,"count":1},{"entitlementId":"com.unity.editor.minigame.subplatform.wechat","isPackage":false,"count":1}]}],"responseCode":200,"responseStatus":"Found 1 entitlement groups and 0 free entitlements matching requested entitlement ids","messageType":"EntitlementDetailsResponse"} at 1791119875
[Licensing::Client] Successfully resolved entitlement details
[Licensing::Client] Successfully send message: {"messageType":"EntitlementDetailsRequest","entitlementIds":["com.unity.editor.minigame.subplatform.douyin","com.unity.editor.headless"],"packageEntitlementIds":[],"includeCustomData":false} at 1791119875
[Licensing::Client] Successfully receive message: {"entitlementGroups":[{"entitlementGroupId":"F4-W5GR-B6V2-Y5WE-WRK9-GR7N","entitlementGroupIdHash":"8d58bf4deb18ac7618b28a8936c405932a8efcb2","productName":"Unity Personal","productType":"TuanjieEditor","licenseType":"ULF","expiration":1791382673000,"matchedEntitlements":[{"entitlementId":"com.unity.editor.headless","isPackage":false,"count":1},{"entitlementId":"com.unity.editor.minigame.subplatform.douyin","isPackage":false,"count":1}]}],"responseCode":200,"responseStatus":"Found 1 entitlement groups and 0 free entitlements matching requested entitlement ids","messageType":"EntitlementDetailsResponse"} at 1791119875
[Licensing::Client] Successfully resolved entitlement details
[Licensing::Client] Successfully send message: {"messageType":"EntitlementDetailsRequest","entitlementIds":["com.unity.editor.minigame.subplatform.kuaishou","com.unity.editor.headless"],"packageEntitlementIds":[],"includeCustomData":false} at 1791119875
[Licensing::Client] Successfully receive message: {"entitlementGroups":[{"entitlementGroupId":"F4-W5GR-B6V2-Y5WE-WRK9-GR7N","entitlementGroupIdHash":"8d58bf4deb18ac7618b28a8936c405932a8efcb2","productName":"Unity Personal","productType":"TuanjieEditor","licenseType":"ULF","expiration":1791382673000,"matchedEntitlements":[{"entitlementId":"com.unity.editor.headless","isPackage":false,"count":1},{"entitlementId":"com.unity.editor.minigame.subplatform.kuaishou","isPackage":false,"count":1}]}],"responseCode":200,"responseStatus":"Found 1 entitlement groups and 0 free entitlements matching requested entitlement ids","messageType":"EntitlementDetailsResponse"} at 1791119875
[Licensing::Client] Successfully resolved entitlement details
[Licensing::Client] Successfully send message: {"messageType":"EntitlementDetailsRequest","entitlementIds":["com.unity.editor.minigame.subplatform.minihost","com.unity.editor.headless"],"packageEntitlementIds":[],"includeCustomData":false} at 1791119875
[Licensing::Client] Successfully receive message: {"entitlementGroups":[{"entitlementGroupId":"F4-W5GR-B6V2-Y5WE-WRK9-GR7N","entitlementGroupIdHash":"8d58bf4deb18ac7618b28a8936c405932a8efcb2","productName":"Unity Personal","productType":"TuanjieEditor","licenseType":"ULF","expiration":1791382673000,"matchedEntitlements":[{"entitlementId":"com.unity.editor.headless","isPackage":false,"count":1},{"entitlementId":"com.unity.editor.minigame.subplatform.minihost","isPackage":false,"count":1}]}],"responseCode":200,"responseStatus":"Found 1 entitlement groups and 0 free entitlements matching requested entitlement ids","messageType":"EntitlementDetailsResponse"} at 1791119875
[Licensing::Client] Successfully resolved entitlement details
Mono: successfully reloaded assembly
- Finished resetting the current domain, in  0.304 seconds
Domain Reload Profiling: 451ms
	BeginReloadAssembly (40ms)
		ExecutionOrderSort (0ms)
		DisableScriptedObjects (0ms)
		BackupInstance (0ms)
		ReleaseScriptingObjects (0ms)
		CreateAndSetChildDomain (0ms)
	RebuildCommonClasses (13ms)
	RebuildNativeTypeToScriptingClass (5ms)
	initialDomainReloadingComplete (31ms)
	LoadAllAssembliesAndSetupDomain (59ms)
		LoadAssemblies (40ms)
		RebuildTransferFunctionScriptingTraits (0ms)
		AnalyzeDomain (58ms)
			TypeCache.Refresh (57ms)
				TypeCache.ScanAssembly (52ms)
			ScanForSourceGeneratedMonoScriptInfo (0ms)
			ResolveRequiredComponents (0ms)
	FinalizeReload (304ms)
		ReleaseScriptCaches (0ms)
		RebuildScriptCaches (0ms)
		SetupLoadedEditorAssemblies (286ms)
			LogAssemblyErrors (0ms)
			InitializePlatformSupportModulesInManaged (181ms)
			SetLoadedEditorAssemblies (2ms)
			RefreshPlugins (0ms)
			BeforeProcessingInitializeOnLoad (1ms)
			ProcessInitializeOnLoadAttributes (98ms)
			ProcessInitializeOnLoadMethodAttributes (5ms)
			AfterProcessingInitializeOnLoad (0ms)
			EditorAssembliesLoaded (0ms)
		ExecutionOrderSort2 (0ms)
		AwakeInstancesAfterBackupRestoration (0ms)
[Licensing::Client] Successfully send message: {"messageType":"EntitlementDetailsRequest","entitlementIds":["com.unity.editor.legacy.pro","com.unity.editor.watermarks.disable","com.unity.editor.watermarks.prototyping","com.unity.editor.watermarks.edu","com.unity.editor.watermarks.trial","com.unity.editor.time-limited-license","com.unity.editor.cluster","com.unity.editor.unity.compliant","com.unity.editor.watermarks.forcedisable","com.unity.editor.open-harmony.analytics.disabled","com.unity.editor.mini-game.analytics.disabled","com.unity.editor.unity.expiration.2d","com.unity.editor.unity.expiration.7d","com.unity.editor.headless"],"packageEntitlementIds":[],"includeCustomData":false} at 1791119875
[Licensing::Client] Successfully receive message: {"entitlementGroups":[{"entitlementGroupId":"F4-W5GR-B6V2-Y5WE-WRK9-GR7N","entitlementGroupIdHash":"8d58bf4deb18ac7618b28a8936c405932a8efcb2","productName":"Unity Personal","productType":"TuanjieEditor","licenseType":"ULF","expiration":1791382673000,"matchedEntitlements":[{"entitlementId":"com.unity.editor.headless","isPackage":false,"count":1},{"entitlementId":"com.unity.editor.unity.expiration.2d","isPackage":false,"count":1},{"entitlementId":"com.unity.editor.watermarks.forcedisable","isPackage":false,"count":1},{"entitlementId":"com.unity.editor.unity.compliant","isPackage":false,"count":1},{"entitlementId":"com.unity.editor.mini-game.analytics.disabled","isPackage":false,"count":1},{"entitlementId":"com.unity.editor.time-limited-license","isPackage":false,"count":1}]}],"responseCode":200,"responseStatus":"Found 1 entitlement groups and 0 free entitlements matching requested entitlement ids","messageType":"EntitlementDetailsResponse"} at 1791119875
[Licensing::Client] Successfully resolved entitlement details
Application.AssetDatabase Initial Refresh Start
[40m[32minfo[39m[22m[49m: Microsoft.Hosting.Lifetime[14]
      Now listening on: http://unix:/tmp/ilpp.sock-97d197281ce319e95e87cc8fa20ff65a
[40m[32minfo[39m[22m[49m: Microsoft.Hosting.Lifetime[0]
      Application started. Press Ctrl+C to shut down.
[40m[32minfo[39m[22m[49m: Microsoft.Hosting.Lifetime[0]
      Hosting environment: Production
[40m[32minfo[39m[22m[49m: Microsoft.Hosting.Lifetime[0]
      Content root path: /private/var/folders/19/jlz3f3_12q1d22xb7lhnbk700000gp/T/palmbay-netplay.02cvl5gv/host/
[40m[32minfo[39m[22m[49m: Microsoft.AspNetCore.Hosting.Diagnostics[1]
      Request starting HTTP/2 POST http://ilpp/UnityILPP.PostProcessing/Ping application/grpc -
[40m[32minfo[39m[22m[49m: Microsoft.AspNetCore.Routing.EndpointMiddleware[0]
      Executing endpoint 'gRPC - /UnityILPP.PostProcessing/Ping'
[40m[32minfo[39m[22m[49m: Microsoft.AspNetCore.Routing.EndpointMiddleware[1]
      Executed endpoint 'gRPC - /UnityILPP.PostProcessing/Ping'
[40m[32minfo[39m[22m[49m: Microsoft.AspNetCore.Hosting.Diagnostics[2]
      Request finished HTTP/2 POST http://ilpp/UnityILPP.PostProcessing/Ping application/grpc - - 200 - application/grpc 16.5478ms
Starting: /Applications/Tuanjie/Hub/Editor/2022.3.61t14/Tuanjie.app/Contents/bee_backend --dont-print-to-structured-log --ipc --defer-dag-verification --dagfile="Library/Bee/200b0aE.dag" --continue-on-failure --profile="Library/Bee/backend1.traceevents" ScriptAssemblies
WorkingDir: /private/var/folders/19/jlz3f3_12q1d22xb7lhnbk700000gp/T/palmbay-netplay.02cvl5gv/host
DisplayProgressbar: Compiling Scripts
ExitCode: 0 Duration: 0s28ms
*** Tundra build success (0.02 seconds), 0 items updated, 158 evaluated
Total cache size 14125764
Total cache size after purge 14125764
AssetDatabase: script compilation time: 0.290125s
Begin MonoManager ReloadAssembly
- Loaded All Assemblies, in  0.180 seconds
Refreshing native plugins compatible for Editor in 3.29 ms, found 7 plugins.
Preloading 0 native plugins for Editor in 0.00 ms.
Start importing ProjectSettings/ProjectSettings.asset using Guid(00000000000000004000000000000000) Importer(Primary)  -> (artifact id: '0702e99a543e31e98de9eaaab6871b01') in 0.005086 seconds
Refreshing native plugins compatible for Editor in 2.02 ms, found 7 plugins.
Native extension for Android target not found
Native extension for OSXStandalone target not found
Mono: successfully reloaded assembly
- Finished resetting the current domain, in  0.118 seconds
Domain Reload Profiling: 298ms
	BeginReloadAssembly (50ms)
		ExecutionOrderSort (0ms)
		DisableScriptedObjects (2ms)
		BackupInstance (0ms)
		ReleaseScriptingObjects (0ms)
		CreateAndSetChildDomain (8ms)
	RebuildCommonClasses (12ms)
	RebuildNativeTypeToScriptingClass (5ms)
	initialDomainReloadingComplete (8ms)
	LoadAllAssembliesAndSetupDomain (105ms)
		LoadAssemblies (81ms)
		RebuildTransferFunctionScriptingTraits (0ms)
		AnalyzeDomain (55ms)
			TypeCache.Refresh (54ms)
				TypeCache.ScanAssembly (48ms)
			ScanForSourceGeneratedMonoScriptInfo (1ms)
			ResolveRequiredComponents (1ms)
	FinalizeReload (118ms)
		ReleaseScriptCaches (0ms)
		RebuildScriptCaches (0ms)
		SetupLoadedEditorAssemblies (71ms)
			LogAssemblyErrors (0ms)
			InitializePlatformSupportModulesInManaged (5ms)
			SetLoadedEditorAssemblies (1ms)
			RefreshPlugins (0ms)
			BeforeProcessingInitializeOnLoad (9ms)
			ProcessInitializeOnLoadAttributes (49ms)
			ProcessInitializeOnLoadMethodAttributes (6ms)
			AfterProcessingInitializeOnLoad (1ms)
			EditorAssembliesLoaded (0ms)
		ExecutionOrderSort2 (0ms)
		AwakeInstancesAfterBackupRestoration (1ms)
plugin_module success
g_query_callback success 
g_get_assembly_csharp load success 
Launching external process: /Applications/Tuanjie/Hub/Editor/2022.3.61t14/Tuanjie.app/Contents/Tools/TuanjieShaderCompiler
Launched and connected shader compiler TuanjieShaderCompiler after 0.02 seconds
Refreshing native plugins compatible for Editor in 1.33 ms, found 7 plugins.
Preloading 0 native plugins for Editor in 0.00 ms.
Asset Pipeline Refresh (id=fe04f9ef4009d45c794d6142c5dd5830): Total: 0.901 seconds - Initiated by InitialRefreshV2(ForceSynchronousImport)
	Summary:
		Imports: total=1 (actual=1, local cache=0, cache server=0)
		Asset DB Process Time: managed=1 ms, native=234 ms
		Asset DB Callback time: managed=17 ms, native=47 ms
		Scripting: domain reloads=1, domain reload time=307 ms, compile time=291 ms, other=1 ms
		Project Asset Count: scripts=608, non-scripts=4227
		Asset File Changes: new=0, changed=1, moved=0, deleted=0
		Scan Filter Count: 1
		OnDemandAssets Count:0
	InvokeBeforeRefreshCallbacks: 0.419ms
	ApplyChangesToAssetFolders: 0.036ms
	Scan: 83.467ms
	OnSourceAssetsModified: 0.978ms
	GetAllGuidsForCategorization: 0.211ms
	CategorizeAssets: 29.821ms
	ImportOutOfDateAssets: 134.036ms (-165.717ms without children)
		ImportManagerImport: 6.999ms (1.604ms without children)
			ImportInProcess: 5.385ms
			UpdateCategorizedAssets: 0.010ms
		CompileScripts: 290.929ms
		ReloadNativeAssets: 0.000ms
		UnloadImportedAssets: 0.894ms
		ReloadImportedAssets: 0.000ms
		EnsureUptoDateAssetsAreRegisteredWithGuidPM: 0.546ms
		InitializingProgressBar: 0.000ms
		PostProcessAllAssetNotificationsAddChangedAssets: 0.000ms
		OnDemandSchedulerStart: 0.384ms
	PostProcessAllAssets: 93.246ms
	Hotreload: 1.648ms
	GatherAllCurrentPrimaryArtifactRevisions: 0.100ms
	UnloadStreamsBegin: 0.211ms
	PersistCurrentRevisions: 0.232ms
	UnloadStreamsEnd: 0.003ms
	GenerateScriptTypeHashes: 0.001ms
	Untracked: 556.724ms
Application.AssetDatabase Initial Refresh End
Scanning for USB devices : 0.020ms
Initializing Tuanjie extensions:
[Licensing::Client] Successfully send message: {"messageType":"ProductNameRequest","Value":"studio.palmbay.airport"} at 1791119876
[Licensing::Client] Successfully receive message: {"responseCode":200,"messageType":"ProductNameResponse"} at 1791119876
[Licensing::Client] Error: ProductNameResponse could not be deserialized
[MODES] ModeService[none].Initialize
[MODES] ModeService[none].LoadModes
[MODES] Loading mode Default (0) for mode-current-id-Netplay-98d84afbc21848c29071899e7dfc5f57-host8
Unloading 3 Unused Serialized files (Serialized files now loaded: 0)
Unloading 51 unused Assets / (388.3 KB). Loaded Objects now: 977.
Memory consumption went from 97.0 MB to 96.6 MB.
Total: 1.454417 ms (FindLiveObjects: 0.031125 ms CreateObjectMapping: 0.006875 ms MarkObjects: 1.309834 ms  DeleteObjects: 0.106417 ms)

Opening scene 'Assets/Scenes/CabinLobby.unity'
Unloading 0 Unused Serialized files (Serialized files now loaded: 0)
Loaded scene 'Assets/Scenes/CabinLobby.unity'
	Deserialize:            7.604 ms
	Integration:            2.621 ms
	Integration of assets:  0.002 ms
	Thread Wait Time:       0.004 ms
	Total Operation Time:   10.232 ms
Unloading 1 unused Assets / (0.5 KB). Loaded Objects now: 2132.
Memory consumption went from 96.2 MB to 96.2 MB.
Total: 1.279708 ms (FindLiveObjects: 0.041792 ms CreateObjectMapping: 0.007542 ms MarkObjects: 1.225250 ms  DeleteObjects: 0.005000 ms)

[Project] Loading completed in 3.364 seconds
	Project init time: 				2.583 seconds
		Template init time: 		0.000 seconds
		Package Manager init time: 		0.180 seconds
		Asset Database init time: 		0.666 seconds
		Global illumination init time: 	0.000 seconds
		Assemblies load time: 			0.456 seconds
		Tuanjie extensions init time: 	0.000 seconds
		Asset Database refresh time: 	0.932 seconds
	Scene opening time: 			0.047 seconds
##utp:{"type":"ProjectInfo","version":2,"phase":"Immediate","time":1791119876532,"processId":15860,"projectLoad":3.363982458,"projectInit":2.583063542,"templateInit":0.0,"packageManagerInit":0.180114375,"assetDatabaseInit":0.666206959,"globalIlluminationInit":0.0003575,"assembliesLoad":0.456129958,"unityExtensionsInit":0.00048625,"assetDatabaseRefresh":0.932495584,"sceneOpening":0.047404625}
##utp:{"type":"EditorInfo","version":2,"phase":"Immediate","time":1791119876532,"processId":15860,"editorVersion":"2022.3.61t14 (3a70663b70e0)","branch":"tuanjie/1.6/staging","buildType":"Release","platform":"OSX"}
Subscribe to USB device events
Thread 0x173ac3000 may have been prematurely finalized
CachePath: /Users/qinziqian/Library/Caches/Tuanjie/Palm Bay Netplaytest 98d84afbc21848c29071899e7dfc5f57 host8_Netplay-98d84afbc21848c29071899e7dfc5f57-host8
CachePath: /Users/qinziqian/Library/Caches/Tuanjie/Palm Bay Netplaytest 98d84afbc21848c29071899e7dfc5f57 host8_Netplay-98d84afbc21848c29071899e7dfc5f57-host8
Reloading assemblies for play mode.
Reloading assemblies after forced synchronous recompile.
Begin MonoManager ReloadAssembly
[NWB-WebRTC] SendDataChannelMessage rejected: dataChannel=null len=24
[NWB-C++] SendDataChannelMessage REJECTED (len=24)
- Loaded All Assemblies, in  0.098 seconds
Refreshing native plugins compatible for Editor in 2.04 ms, found 7 plugins.
Native extension for Android target not found
Native extension for OSXStandalone target not found
Mono: successfully reloaded assembly
- Finished resetting the current domain, in  0.133 seconds
Domain Reload Profiling: 231ms
	BeginReloadAssembly (63ms)
		ExecutionOrderSort (0ms)
		DisableScriptedObjects (2ms)
		BackupInstance (0ms)
		ReleaseScriptingObjects (0ms)
		CreateAndSetChildDomain (12ms)
	RebuildCommonClasses (13ms)
	RebuildNativeTypeToScriptingClass (5ms)
	initialDomainReloadingComplete (8ms)
	LoadAllAssembliesAndSetupDomain (10ms)
		LoadAssemblies (38ms)
		RebuildTransferFunctionScriptingTraits (0ms)
		AnalyzeDomain (4ms)
			TypeCache.Refresh (3ms)
				TypeCache.ScanAssembly (0ms)
			ScanForSourceGeneratedMonoScriptInfo (0ms)
			ResolveRequiredComponents (1ms)
	FinalizeReload (133ms)
		ReleaseScriptCaches (0ms)
		RebuildScriptCaches (0ms)
		SetupLoadedEditorAssemblies (70ms)
			LogAssemblyErrors (0ms)
			InitializePlatformSupportModulesInManaged (5ms)
			SetLoadedEditorAssemblies (2ms)
			RefreshPlugins (0ms)
			BeforeProcessingInitializeOnLoad (9ms)
			ProcessInitializeOnLoadAttributes (46ms)
			ProcessInitializeOnLoadMethodAttributes (7ms)
			AfterProcessingInitializeOnLoad (1ms)
			EditorAssembliesLoaded (0ms)
		ExecutionOrderSort2 (0ms)
		AwakeInstancesAfterBackupRestoration (1ms)
Asset Pipeline Refresh (id=efacee6e3c56948e092b9597fbcccb35): Total: 0.323 seconds - Initiated by StopAssetImportingV2(ForceSynchronousImport | ForceDomainReload)
	Summary:
		Imports: total=0 (actual=0, local cache=0, cache server=0)
		Asset DB Process Time: managed=0 ms, native=78 ms
		Asset DB Callback time: managed=5 ms, native=0 ms
		Scripting: domain reloads=1, domain reload time=237 ms, compile time=1 ms, other=0 ms
		Project Asset Count: scripts=608, non-scripts=4227
		Asset File Changes: new=0, changed=0, moved=0, deleted=0
		Scan Filter Count: 0
		OnDemandAssets Count:0
	InvokeBeforeRefreshCallbacks: 0.367ms
	ApplyChangesToAssetFolders: 0.013ms
	Scan: 0.000ms
	OnSourceAssetsModified: 0.001ms
	GetAllGuidsForCategorization: 0.172ms
	CategorizeAssets: 24.644ms
	ImportOutOfDateAssets: 139.009ms (137.637ms without children)
		CompileScripts: 0.667ms
		CollectScriptTypesHashes: 0.000ms
		UnloadImportedAssets: 0.228ms
		EnsureUptoDateAssetsAreRegisteredWithGuidPM: 0.337ms
		InitializingProgressBar: 0.000ms
		PostProcessAllAssetNotificationsAddChangedAssets: 0.000ms
		OnDemandSchedulerStart: 0.139ms
	PostProcessAllAssets: 5.214ms
	GatherAllCurrentPrimaryArtifactRevisions: 0.118ms
	UnloadStreamsBegin: 0.043ms
	PersistCurrentRevisions: 0.091ms
	UnloadStreamsEnd: 0.009ms
	GenerateScriptTypeHashes: 0.000ms
	Untracked: 153.219ms
Loaded scene 'Temp/__Backupscenes/0.backup'
	Deserialize:            9.668 ms
	Integration:            38.407 ms
	Integration of assets:  0.026 ms
	Thread Wait Time:       0.005 ms
	Total Operation Time:   48.105 ms
[MODES] ModeService[none].Initialize
[MODES] ModeService[none].LoadModes
[MODES] Loading mode Default (0) for mode-current-id-Netplay-98d84afbc21848c29071899e7dfc5f57-host8
[NWB-WebRTC] SendDataChannelMessage rejected: dataChannel=null len=54
[NWB-C++] SendDataChannelMessage REJECTED (len=54)
[NWB-WebRTC] SendDataChannelMessage rejected: dataChannel=null len=33
[NWB-C++] SendDataChannelMessage REJECTED (len=33)
Created GICache directory at /Users/qinziqian/Library/Caches/cn.yousandi.TuanjieEditor/Tuanjie/GiCache. Took: 0.002s, timestamps: [3.860 - 3.862]
Unloading 68 Unused Serialized files (Serialized files now loaded: 0)
UnloadTime: 2.000958 ms
Loaded scene 'Assets/Scenes/PalmBay.unity'
	Deserialize:            0.975 ms
	Integration:            24.047 ms
	Integration of assets:  0.001 ms
	Thread Wait Time:       0.007 ms
	Total Operation Time:   25.031 ms
Unloading 104 unused Assets / (177.4 KB). Loaded Objects now: 3687.
Memory consumption went from 90.8 MB to 90.6 MB.
Total: 2.003917 ms (FindLiveObjects: 0.105000 ms CreateObjectMapping: 0.010750 ms MarkObjects: 1.840792 ms  DeleteObjects: 0.047083 ms)

NETPLAY_PASSED host-m4-clientdrop Host completed finite match after abrupt client disconnect, with retained checkpoint and bot takeover.
UnityEngine.StackTraceUtility:ExtractStackTrace () (at /Users/bokken/build/output/dev/tj/Runtime/Export/Scripting/StackTrace.cs:37)
UnityEngine.DebugLogHandler:LogFormat (UnityEngine.LogType,UnityEngine.Object,string,object[])
UnityEngine.Logger:Log (UnityEngine.LogType,object)
UnityEngine.Debug:Log (object)
NetPlaytest:Complete (bool,string) (at Assets/Editor/NetPlaytest.cs:1699)
NetPlaytest:AdvanceM4Host (double,single) (at Assets/Editor/NetPlaytest.M4.cs:175)
NetPlaytest:AdvanceM4 (double,single) (at Assets/Editor/NetPlaytest.M4.cs:35)
NetPlaytest:AdvanceScenario (double,single) (at Assets/Editor/NetPlaytest.cs:309)
NetPlaytest:Poll () (at Assets/Editor/NetPlaytest.cs:219)
UnityEditor.EditorApplication:Internal_CallUpdateFunctions () (at /Users/bokken/build/output/dev/tj/Editor/Mono/EditorApplication.cs:387)

(Filename: Assets/Editor/NetPlaytest.cs Line: 1699)

Thread 0x173b4f000 may have been prematurely finalized
CachePath: /Users/qinziqian/Library/Caches/Tuanjie/Palm Bay Netplaytest 98d84afbc21848c29071899e7dfc5f57 host8_Netplay-98d84afbc21848c29071899e7dfc5f57-host8
Unloading 6 Unused Serialized files (Serialized files now loaded: 0)
Loaded scene 'Temp/__Backupscenes/0.backup'
	Deserialize:            1.092 ms
	Integration:            2.413 ms
	Integration of assets:  0.001 ms
	Thread Wait Time:       0.007 ms
	Total Operation Time:   3.513 ms
Unloading 2 unused Assets / (158.9 KB). Loaded Objects now: 2146.
Memory consumption went from 88.6 MB to 88.5 MB.
Total: 3.069708 ms (FindLiveObjects: 0.043916 ms CreateObjectMapping: 0.007125 ms MarkObjects: 3.006875 ms  DeleteObjects: 0.011583 ms)

[UnityConnectServicesConfig] config is NOT valid, switching to default
gi::BakeBackendSwitch: switching bake backend from 3 to 2.
[00:00:00] Builtin Sky manager started.
Killing ADB server in 0.020589 seconds.
Thread 0x16f85f000 may have been prematurely finalized
Input System module state changed to: ShutdownInProgress.
Input System polling thread exited.
Input System module state changed to: Shutdown.
[Licensing::IpcConnector] License Notification channel disconnected successfully.
[Licensing::IpcConnector] License Client channel disconnected successfully.
Shutting down server...
Thread 0x17057f000 may have been prematurely finalized
[40m[32minfo[39m[22m[49m: Microsoft.Hosting.Lifetime[0]
      Application is shutting down...
Cleanup mono
debugger-agent: Unable to listen on 53
[Performance] Application.InitializeProject                                                                                        :        1 samples, Peak.  2.58 s (1.0x), Avg.  2.58 s, Total. 2.583 s (9.8%)
[Performance] Application.PackageManager.StartServer                                                                               :        1 samples, Peak.  1.16 ms (1.0x), Avg.  1.16 ms, Total. 1.158 ms (0.0%)
[Performance] Application.AcquireProjectLock                                                                                       :        1 samples, Peak.  1.94 ms (1.0x), Avg.  1.94 ms, Total. 1.937 ms (0.0%)
[Performance] Application.InitializeEngineNoGraphics                                                                               :        1 samples, Peak.   154 ms (1.0x), Avg.   154 ms, Total. 153.6 ms (0.6%)
[Performance] Application.PackageManager.Initialize                                                                                :        1 samples, Peak.   180 ms (1.0x), Avg.   180 ms, Total. 180.1 ms (0.7%)
[Performance] Connecting to Package Manager                                                                                        :       19 samples, Peak.  46.7 us (16.2x), Avg.  2.88 us, Total. 54.75 us (0.0%)
[Performance] PackageManager::Api::RunRequestSynchronously                                                                         :        9 samples, Peak.  4.29 us (2.4x), Avg.  1.82 us, Total. 16.37 us (0.0%)
[Performance] Application.EngineGraphics.Initialize                                                                                :        1 samples, Peak.  21.2 ms (1.0x), Avg.  21.2 ms, Total. 21.22 ms (0.1%)
[Performance] Application.GI.Initialize                                                                                            :        1 samples, Peak.   358 us (1.0x), Avg.   358 us, Total. 358.0 us (0.0%)
[Performance] Application.LoadAllDefaultResourcesFromEditor                                                                        :        1 samples, Peak.   689 us (1.0x), Avg.   689 us, Total. 688.7 us (0.0%)
[Performance] Application.LoadMonoAssemblies                                                                                       :        1 samples, Peak.   456 ms (1.0x), Avg.   456 ms, Total. 456.1 ms (1.7%)
[Performance] RestoreManagedReferences                                                                                             :        3 samples, Peak.  30.5 ms (1.7x), Avg.  18.3 ms, Total. 54.87 ms (0.2%)
[Performance] InitializeOnLoad BuildProfileHelperManager                                                                           :        3 samples, Peak.  63.6 ms (2.8x), Avg.  23.0 ms, Total. 68.92 ms (0.3%)
[Performance] InitializeOnLoad SceneSearch                                                                                         :        3 samples, Peak.  63.8 us (1.3x), Avg.  47.5 us, Total. 142.5 us (0.0%)
[Performance] InitializeOnLoad DrivenRectTransformUndo                                                                             :        3 samples, Peak.   106 us (1.2x), Avg.  90.3 us, Total. 271.0 us (0.0%)
[Performance] InitializeOnLoad EditMode                                                                                            :        3 samples, Peak.   124 us (1.1x), Avg.   109 us, Total. 326.9 us (0.0%)
[Performance] InitializeOnLoad PlayModeDownload                                                                                    :        3 samples, Peak.   185 us (2.1x), Avg.  87.0 us, Total. 260.9 us (0.0%)
[Performance] InitializeOnLoad ShortcutIntegration                                                                                 :        3 samples, Peak.  75.0 us (2.1x), Avg.  35.6 us, Total. 106.8 us (0.0%)
[Performance] InitializeOnLoad ManagedDebuggerWindow                                                                               :        3 samples, Peak.   225 us (1.0x), Avg.   222 us, Total. 665.3 us (0.0%)
[Performance] InitializeOnLoad MenuItems                                                                                           :        3 samples, Peak.   105 us (1.2x), Avg.  90.8 us, Total. 272.5 us (0.0%)
[Performance] InitializeOnLoad ConsoleEntrance                                                                                     :        3 samples, Peak.   118 us (1.1x), Avg.   108 us, Total. 324.8 us (0.0%)
[Performance] InitializeOnLoad MixerEffectDefinitionReloader                                                                       :        3 samples, Peak.   789 us (1.2x), Avg.   636 us, Total. 1.907 ms (0.0%)
[Performance] InitializeOnLoad SearchService                                                                                       :        3 samples, Peak.  37.1 us (1.0x), Avg.  35.7 us, Total. 107.2 us (0.0%)
[Performance] InitializeOnLoad CloudBuild                                                                                          :        3 samples, Peak.  1.67 us (1.2x), Avg.  1.35 us, Total. 4.041 us (0.0%)
[Performance] InitializeOnLoad PrefabInstanceChangedListener                                                                       :        3 samples, Peak.  47.3 us (1.2x), Avg.  41.1 us, Total. 123.3 us (0.0%)
[Performance] InitializeOnLoad ManagedDebugger                                                                                     :        3 samples, Peak.   166 ns (1.3x), Avg.   125 ns, Total. 375.0 ns (0.0%)
[Performance] InitializeOnLoad AssetStoreContext                                                                                   :        3 samples, Peak.  7.81 ms (1.4x), Avg.  5.53 ms, Total. 16.60 ms (0.1%)
[Performance] InitializeOnLoad NativeFormatImporterUtility                                                                         :        3 samples, Peak.   760 us (1.2x), Avg.   657 us, Total. 1.972 ms (0.0%)
[Performance] InitializeOnLoad ObjectSelectorSearch                                                                                :        3 samples, Peak.  18.4 us (1.2x), Avg.  15.9 us, Total. 47.71 us (0.0%)
[Performance] InitializeOnLoad CacheServerWindow                                                                                   :        3 samples, Peak.  5.88 us (1.2x), Avg.  5.08 us, Total. 15.25 us (0.0%)
[Performance] InitializeOnLoad PoolManager                                                                                         :        3 samples, Peak.  17.2 us (1.0x), Avg.  16.5 us, Total. 49.58 us (0.0%)
[Performance] InitializeOnLoad UISystemProfilerRenderService                                                                       :        3 samples, Peak.  5.12 us (1.3x), Avg.  3.87 us, Total. 11.62 us (0.0%)
[Performance] InitializeOnLoad ProfilerConnectionPopupWindow                                                                       :        3 samples, Peak.  9.00 us (1.1x), Avg.  8.51 us, Total. 25.54 us (0.0%)
[Performance] InitializeOnLoad ProjectSearch                                                                                       :        3 samples, Peak.  15.1 us (1.2x), Avg.  12.9 us, Total. 38.79 us (0.0%)
[Performance] InitializeOnLoad TuanjiePathAndNameFix                                                                               :        3 samples, Peak.  50.6 us (1.0x), Avg.  49.9 us, Total. 149.8 us (0.0%)
[Performance] InitializeOnLoad UnityConnect                                                                                        :        3 samples, Peak.   167 ns (1.0x), Avg.   167 ns, Total. 500.0 ns (0.0%)
[Performance] InitializeOnLoad WindowLayout                                                                                        :        3 samples, Peak.  11.6 us (1.1x), Avg.  10.6 us, Total. 31.67 us (0.0%)
[Performance] InitializeOnLoad SettingsService                                                                                     :        3 samples, Peak.  4.88 us (1.2x), Avg.  4.10 us, Total. 12.29 us (0.0%)
[Performance] InitializeOnLoad AddComponentWindow                                                                                  :        3 samples, Peak.  35.7 us (1.1x), Avg.  33.5 us, Total. 100.5 us (0.0%)
[Performance] InitializeOnLoad EditorMonitor                                                                                       :        3 samples, Peak.   267 us (1.2x), Avg.   232 us, Total. 695.5 us (0.0%)
[Performance] InitializeOnLoad RetainedMode                                                                                        :        3 samples, Peak.   805 us (1.1x), Avg.   763 us, Total. 2.289 ms (0.0%)
[Performance] InitializeOnLoad EditorShaderLoader                                                                                  :        3 samples, Peak.   232 us (1.1x), Avg.   210 us, Total. 630.5 us (0.0%)
[Performance] InitializeOnLoad EditorDelegateRegistration                                                                          :        3 samples, Peak.   189 us (1.1x), Avg.   179 us, Total. 536.8 us (0.0%)
[Performance] InitializeOnLoad UIDocumentHierarchyWatcher                                                                          :        3 samples, Peak.  21.7 us (1.0x), Avg.  20.7 us, Total. 62.16 us (0.0%)
[Performance] InitializeOnLoad LiveReloadTrackerCreator                                                                            :        3 samples, Peak.  72.0 us (1.1x), Avg.  63.2 us, Total. 189.6 us (0.0%)
[Performance] InitializeOnLoad UxmlObjectEditorFactories                                                                           :        3 samples, Peak.   194 us (1.1x), Avg.   183 us, Total. 547.9 us (0.0%)
[Performance] InitializeOnLoad UXMLEditorFactories                                                                                 :        3 samples, Peak.  20.9 ms (1.1x), Avg.  19.2 ms, Total. 57.52 ms (0.2%)
[Performance] InitializeOnLoad PurchasingService                                                                                   :        3 samples, Peak.  2.41 ms (1.0x), Avg.  2.32 ms, Total. 6.957 ms (0.0%)
[Performance] InitializeOnLoad CloudBuildPoller                                                                                    :        3 samples, Peak.  39.8 us (1.1x), Avg.  35.7 us, Total. 107.2 us (0.0%)
[Performance] InitializeOnLoad EditorGameServicesAnalytics                                                                         :        3 samples, Peak.   378 us (1.1x), Avg.   336 us, Total. 1.007 ms (0.0%)
[Performance] InitializeOnLoad AnalyticsService                                                                                    :        3 samples, Peak.  58.3 us (1.0x), Avg.  56.7 us, Total. 170.2 us (0.0%)
[Performance] InitializeOnLoad BuildService                                                                                        :        3 samples, Peak.  51.0 us (1.1x), Avg.  48.2 us, Total. 144.5 us (0.0%)
[Performance] InitializeOnLoad AdsService                                                                                          :        3 samples, Peak.   131 us (1.1x), Avg.   121 us, Total. 363.6 us (0.0%)
[Performance] InitializeOnLoad UDPService                                                                                          :        3 samples, Peak.  48.6 us (1.1x), Avg.  45.8 us, Total. 137.5 us (0.0%)
[Performance] InitializeOnLoad CrashService                                                                                        :        3 samples, Peak.  49.6 us (1.1x), Avg.  46.1 us, Total. 138.3 us (0.0%)
[Performance] InitializeOnLoad ServicesRepository                                                                                  :        3 samples, Peak.   834 ns (2.4x), Avg.   347 ns, Total. 1.042 us (0.0%)
[Performance] InitializeOnLoad SearchWindow                                                                                        :        3 samples, Peak.  54.6 us (1.2x), Avg.  44.5 us, Total. 133.5 us (0.0%)
[Performance] InitializeOnLoad CustomIndexers                                                                                      :        3 samples, Peak.  5.50 ms (1.0x), Avg.  5.48 ms, Total. 16.44 ms (0.1%)
[Performance] InitializeOnLoad SearchMonitor                                                                                       :        3 samples, Peak.   390 us (1.2x), Avg.   333 us, Total. 999.7 us (0.0%)
[Performance] InitializeOnLoad ParameterControllerEditor                                                                           :        3 samples, Peak.  13.9 us (1.5x), Avg.  9.14 us, Total. 27.42 us (0.0%)
[Performance] InitializeOnLoad LayerSettingsWindow                                                                                 :        3 samples, Peak.  10.9 us (1.4x), Avg.  7.62 us, Total. 22.87 us (0.0%)
[Performance] InitializeOnLoad PackageManagerHookGUIDConverter.RegisterPackagesEventHandler                                        :        3 samples, Peak.   255 us (2.4x), Avg.   108 us, Total. 324.5 us (0.0%)
[Performance] InitializeOnLoad EditorDragAndDrop.RegisterEditorClient                                                              :        3 samples, Peak.  81.1 us (1.1x), Avg.  72.9 us, Total. 218.7 us (0.0%)
[Performance] InitializeOnLoad EditorEventCallbacks.InitializeFontAssetResourceChangeCallBacks                                     :        3 samples, Peak.   366 us (1.1x), Avg.   347 us, Total. 1.042 ms (0.0%)
[Performance] InitializeOnLoad SceneTemplateService.Init                                                                           :        3 samples, Peak.   415 us (1.0x), Avg.   396 us, Total. 1.188 ms (0.0%)
[Performance] InitializeOnLoad DiagnosticSwitchesConsoleMessage.Init                                                               :        3 samples, Peak.  1.34 ms (1.5x), Avg.   896 us, Total. 2.687 ms (0.0%)
[Performance] InitializeOnLoad EditorWindow.Initialize                                                                             :        3 samples, Peak.  78.4 us (1.1x), Avg.  72.8 us, Total. 218.5 us (0.0%)
[Performance] InitializeOnLoad MemoryProfilerCompilationGuard.InjectCompileGuard                                                   :        3 samples, Peak.  50.2 us (1.1x), Avg.  46.8 us, Total. 140.5 us (0.0%)
[Performance] InitializeOnLoad ToolShortcutContext.Init                                                                            :        3 samples, Peak.  37.7 us (1.1x), Avg.  33.9 us, Total. 101.7 us (0.0%)
[Performance] InitializeOnLoad SceneVisibilityManager.Initialize                                                                   :        3 samples, Peak.  1.02 ms (1.9x), Avg.   523 us, Total. 1.569 ms (0.0%)
[Performance] InitializeOnLoad AssetPostprocessingInternal.RefreshCustomDependencies                                               :        3 samples, Peak.  1.03 ms (1.4x), Avg.   749 us, Total. 2.246 ms (0.0%)
[Performance] InitializeOnLoad SysrootManager.Initialize                                                                           :        3 samples, Peak.   158 us (1.0x), Avg.   151 us, Total. 454.3 us (0.0%)
[Performance] InitializeOnLoad ScopedRegistryAddedPopup.SubscribeToRegistriesAdded                                                 :        3 samples, Peak.  51.7 us (1.1x), Avg.  46.6 us, Total. 139.7 us (0.0%)
[Performance] InitializeOnLoad PackageManagerWindow.EditorInitializedInSafeMode                                                    :        3 samples, Peak.  31.0 us (1.7x), Avg.  18.1 us, Total. 54.21 us (0.0%)
[Performance] AssemblyReloadEvents.afterAssemblyReload: UnityEditor.PackageManager.TuanjiePathAndNameFix.FixTuanjieNameOrPath      :        3 samples, Peak.  1.34 ms (1.3x), Avg.  1.03 ms, Total. 3.093 ms (0.0%)
[Performance] AssemblyReloadEvents.afterAssemblyReload: UnityEditor.SceneTemplate.SceneTemplateService.AfterAssemblyReload         :        3 samples, Peak.  1.11 ms (1.5x), Avg.   749 us, Total. 2.247 ms (0.0%)
[Performance] ProcessService.EditorAfterLoadAllAssemblies                                                                          :        3 samples, Peak.   120 us (1.2x), Avg.   101 us, Total. 304.0 us (0.0%)
[Performance] Application.ReadLicenseInfo                                                                                          :        1 samples, Peak.  16.9 ms (1.0x), Avg.  16.9 ms, Total. 16.92 ms (0.1%)
[Performance] Application.InitialRefresh                                                                                           :        1 samples, Peak.   904 ms (1.0x), Avg.   904 ms, Total. 903.7 ms (3.4%)
[Performance] ShaderImporter.SourceAssetModified                                                                                   :        2 samples, Peak.   375 ns (1.3x), Avg.   291 ns, Total. 583.0 ns (0.0%)
[Performance] ShaderIncludeImporter.SourceAssetModified                                                                            :        2 samples, Peak.   458 ns (1.4x), Avg.   333 ns, Total. 666.0 ns (0.0%)
[Performance] Compiling Scripts                                                                                                    :        1 samples, Peak.   290 ms (1.0x), Avg.   290 ms, Total. 290.2 ms (1.1%)
[Performance] AssemblyReloadEvents.beforeAssemblyReload: UnityEditor.SceneTemplate.SceneTemplateService.BeforeAssemblyReload       :        2 samples, Peak.   168 us (1.1x), Avg.   158 us, Total. 315.8 us (0.0%)
[Performance] PresetManagerPostProcessor.OnPreprocessAsset                                                                         :        1 samples, Peak.   399 us (1.0x), Avg.   399 us, Total. 399.3 us (0.0%)
[Performance] CancelSplashScreenOnAssetChange.OnPreprocessAsset                                                                    :        1 samples, Peak.  42.9 us (1.0x), Avg.  42.9 us, Total. 42.92 us (0.0%)
[Performance] InitializeOnLoad M3ReplayFailureCapture                                                                              :        2 samples, Peak.  61.7 us (1.0x), Avg.  60.4 us, Total. 120.8 us (0.0%)
[Performance] InitializeOnLoad M3FuelPlaytest                                                                                      :        2 samples, Peak.  81.8 us (1.0x), Avg.  78.4 us, Total. 156.9 us (0.0%)
[Performance] InitializeOnLoad M7IdentityReview                                                                                    :        2 samples, Peak.  20.9 us (1.1x), Avg.  19.9 us, Total. 39.71 us (0.0%)
[Performance] InitializeOnLoad M6ResultsCapture                                                                                    :        2 samples, Peak.  21.8 us (1.2x), Avg.  18.7 us, Total. 37.33 us (0.0%)
[Performance] InitializeOnLoad NetPlaytest                                                                                         :        2 samples, Peak.  51.5 us (1.0x), Avg.  51.0 us, Total. 102.1 us (0.0%)
[Performance] InitializeOnLoad MainLoopPlaytest                                                                                    :        2 samples, Peak.  14.6 us (1.0x), Avg.  14.0 us, Total. 28.08 us (0.0%)
[Performance] InitializeOnLoad M2LobbyCapture                                                                                      :        2 samples, Peak.  16.8 us (1.0x), Avg.  16.6 us, Total. 33.25 us (0.0%)
[Performance] InitializeOnLoad MacVideoShareBuilder                                                                                :        2 samples, Peak.  38.6 us (1.0x), Avg.  37.6 us, Total. 75.17 us (0.0%)
[Performance] InitializeOnLoad M4CoopCapture                                                                                       :        2 samples, Peak.   253 us (1.0x), Avg.   247 us, Total. 493.7 us (0.0%)
[Performance] InitializeOnLoad M1ReviewCapture                                                                                     :        2 samples, Peak.  18.2 us (1.1x), Avg.  17.2 us, Total. 34.46 us (0.0%)
[Performance] InitializeOnLoad CodelyToolbar                                                                                       :        2 samples, Peak.  48.6 us (1.0x), Avg.  47.3 us, Total. 94.67 us (0.0%)
[Performance] InitializeOnLoad CodelyLayoutInstaller                                                                               :        2 samples, Peak.  20.5 us (1.0x), Avg.  19.8 us, Total. 39.67 us (0.0%)
[Performance] InitializeOnLoad SelectionChangedNotifier                                                                            :        2 samples, Peak.  36.0 us (1.0x), Avg.  35.7 us, Total. 71.33 us (0.0%)
[Performance] InitializeOnLoad UnityTcpBridge                                                                                      :        2 samples, Peak.   175 us (1.1x), Avg.   164 us, Total. 328.7 us (0.0%)
[Performance] InitializeOnLoad BridgeUpdateRestartPrompt                                                                           :        2 samples, Peak.  17.8 us (1.0x), Avg.  17.5 us, Total. 35.08 us (0.0%)
[Performance] InitializeOnLoad TmpEssentialsAutoImporter                                                                           :        2 samples, Peak.  18.0 us (1.0x), Avg.  17.5 us, Total. 35.08 us (0.0%)
[Performance] InitializeOnLoad NativeDllLoader                                                                                     :        2 samples, Peak.   197 us (1.0x), Avg.   190 us, Total. 379.4 us (0.0%)
[Performance] InitializeOnLoad DialogWatcher                                                                                       :        2 samples, Peak.   329 us (1.2x), Avg.   281 us, Total. 561.5 us (0.0%)
[Performance] InitializeOnLoad StepJobRunner                                                                                       :        2 samples, Peak.  1.26 ms (1.0x), Avg.  1.25 ms, Total. 2.496 ms (0.0%)
[Performance] InitializeOnLoad ManageWindowBridge                                                                                  :        2 samples, Peak.   239 us (1.0x), Avg.   232 us, Total. 463.2 us (0.0%)
[Performance] InitializeOnLoad PrefabLayoutRebuilder                                                                               :        2 samples, Peak.  75.0 us (1.0x), Avg.  73.7 us, Total. 147.4 us (0.0%)
[Performance] InitializeOnLoad ManageScreenshot.ScheduleStaleCaptureWindowCleanup                                                  :        2 samples, Peak.   795 us (1.1x), Avg.   743 us, Total. 1.485 ms (0.0%)
[Performance] InitializeOnLoad ManageInput.Initialize                                                                              :        2 samples, Peak.  59.9 us (1.0x), Avg.  57.5 us, Total. 114.9 us (0.0%)
[Performance] InitializeOnLoad NativeWindowBridgeHost.OnDomainReload                                                               :        2 samples, Peak.  2.03 ms (1.1x), Avg.  1.81 ms, Total. 3.618 ms (0.0%)
[Performance] InitializeOnLoad DrillWindow.AutoOpenOnLoadIfDrillIncomplete                                                         :        2 samples, Peak.   592 us (1.0x), Avg.   569 us, Total. 1.139 ms (0.0%)
[Performance] InitializeOnLoad CodelyWindow.RegisterReloadEvents                                                                   :        2 samples, Peak.   201 us (1.1x), Avg.   185 us, Total. 370.5 us (0.0%)
[Performance] InitializeOnLoad CodelyLogger.Init                                                                                   :        2 samples, Peak.  28.3 us (1.0x), Avg.  27.2 us, Total. 54.46 us (0.0%)
[Performance] DidReloadScriptsAdvancedDropdownWindow.OnScriptReload                                                                :        2 samples, Peak.  65.4 us (1.0x), Avg.  64.4 us, Total. 128.8 us (0.0%)
[Performance] AssetDatabase.ImportAssets                                                                                           :        3 samples, Peak.   250 ns (2.0x), Avg.   125 ns, Total. 375.0 ns (0.0%)
[Performance] VersionControl.Task.Wait                                                                                             :        1 samples, Peak.  4.21 us (1.0x), Avg.  4.21 us, Total. 4.209 us (0.0%)
[Performance] BuilderAssetPostprocessor.OnPostprocessAllAssets                                                                     :        2 samples, Peak.  1.71 ms (1.0x), Avg.  1.68 ms, Total. 3.369 ms (0.0%)
[Performance] ArtifactBrowserPostProcessor.OnPostprocessAllAssets                                                                  :        2 samples, Peak.   190 us (1.0x), Avg.   190 us, Total. 380.1 us (0.0%)
[Performance] AssetEvents.OnPostprocessAllAssets                                                                                   :        4 samples, Peak.  58.5 us (1.5x), Avg.  37.8 us, Total. 151.3 us (0.0%)
[Performance] AudioMixerPostprocessor.OnPostprocessAllAssets                                                                       :        2 samples, Peak.  94.5 us (1.0x), Avg.  94.1 us, Total. 188.2 us (0.0%)
[Performance] DomainReloadPostprocessor.OnPostprocessAllAssets                                                                     :        4 samples, Peak.   849 us (1.1x), Avg.   748 us, Total. 2.994 ms (0.0%)
[Performance] StyleCatalogPostProcessor.OnPostprocessAllAssets                                                                     :        2 samples, Peak.  7.25 ms (1.0x), Avg.  7.25 ms, Total. 14.50 ms (0.1%)
[Performance] BuildCatalog                                                                                                         :        1 samples, Peak.  6.86 ms (1.0x), Avg.  6.86 ms, Total. 6.864 ms (0.0%)
[Performance] ModelImporterPostProcessor.OnPostprocessAllAssets                                                                    :        2 samples, Peak.   357 us (1.0x), Avg.   356 us, Total. 712.7 us (0.0%)
[Performance] RetainedModeAssetPostprocessor.OnPostprocessAllAssets                                                                :        2 samples, Peak.   804 us (1.0x), Avg.   803 us, Total. 1.606 ms (0.0%)
[Performance] AssetChangedListener.OnPostprocessAllAssets                                                                          :        2 samples, Peak.   635 us (1.0x), Avg.   634 us, Total. 1.269 ms (0.0%)
[Performance] SpeedTreePostProcessor.OnPostprocessAllAssets                                                                        :        2 samples, Peak.  80.5 us (1.0x), Avg.  80.1 us, Total. 160.2 us (0.0%)
[Performance] TextAssetPostProcessor.OnPostprocessAllAssets                                                                        :        2 samples, Peak.   144 us (1.0x), Avg.   144 us, Total. 287.6 us (0.0%)
[Performance] SyncVS.PostprocessSyncProject                                                                                        :        2 samples, Peak.   517 us (1.1x), Avg.   491 us, Total. 982.2 us (0.0%)
[Performance] Application.ImportPackagesAndSetTemplateWhenCreatingProject                                                          :        1 samples, Peak.  9.24 ms (1.0x), Avg.  9.24 ms, Total. 9.243 ms (0.0%)
[Performance] Application.SyncCurrentColorSpace                                                                                    :        1 samples, Peak.  3.86 ms (1.0x), Avg.  3.86 ms, Total. 3.862 ms (0.0%)
[Performance] Application.OnUsbDevicesChanged                                                                                      :        1 samples, Peak.  46.4 us (1.0x), Avg.  46.4 us, Total. 46.38 us (0.0%)
[Performance] Application.AssetInstanceCacheUpdate                                                                                 :        1 samples, Peak. 0.0 (nanx), Avg. 0.0, Total. 0.0 (0.0%)
[Performance] Application.UnityExtensions.Initialize                                                                               :        1 samples, Peak.   487 us (1.0x), Avg.   487 us, Total. 486.5 us (0.0%)
[Performance] CodeEditorProjectSync.SyncEditorProject                                                                              :        1 samples, Peak.  27.2 us (1.0x), Avg.  27.2 us, Total. 27.21 us (0.0%)
[Performance] Application.ExecuteStartups                                                                                          :        1 samples, Peak.  19.0 ms (1.0x), Avg.  19.0 ms, Total. 18.95 ms (0.1%)
[Performance] Menu.RegisterMenuInterface                                                                                           :       26 samples, Peak.   209 ns (3.7x), Avg.  56.2 ns, Total. 1.462 us (0.0%)
[Performance] Gizmo.RebuildRenderers                                                                                               :        4 samples, Peak.  16.4 ms (1.8x), Avg.  9.04 ms, Total. 36.17 ms (0.1%)
[Performance] Gizmo.AddGizmoRenderers                                                                                              :      136 samples, Peak.   729 us (53.3x), Avg.  13.7 us, Total. 1.862 ms (0.0%)
[Performance] Application.editorInitializingProject                                                                                :        1 samples, Peak.  1.48 ms (1.0x), Avg.  1.48 ms, Total. 1.484 ms (0.0%)
[Performance] Application.FinishLoadingProject                                                                                     :        1 samples, Peak.  47.4 ms (1.0x), Avg.  47.4 ms, Total. 47.40 ms (0.2%)
[Performance] Application.InitializeMenu                                                                                           :        1 samples, Peak.  16.0 ms (1.0x), Avg.  16.0 ms, Total. 16.04 ms (0.1%)
[Performance] Menu.RebuildAll                                                                                                      :        1 samples, Peak.  16.0 ms (1.0x), Avg.  16.0 ms, Total. 16.04 ms (0.1%)
[Performance] Menu.BuildRegisteredMenuInterfaces                                                                                   :        1 samples, Peak.  14.6 ms (1.0x), Avg.  14.6 ms, Total. 14.61 ms (0.1%)
[Performance] Menu.FilterMenuItem                                                                                                  :      867 samples, Peak.  6.52 ms (848.1x), Avg.  7.69 us, Total. 6.670 ms (0.0%)
[Performance] UpdateAllMenus                                                                                                       :        2 samples, Peak.  11.4 ms (2.0x), Avg.  5.77 ms, Total. 11.53 ms (0.0%)
[Performance] EditorSceneManager.sceneClosing: UnityEditor.SceneVisibilityManager.EditorSceneManagerOnSceneClosing                 :        4 samples, Peak.  88.0 us (2.0x), Avg.  43.8 us, Total. 175.3 us (0.0%)
[Performance] GUIView.RepaintAll.PlayerLoopController                                                                              :   187353 samples, Peak.  9.50 us (370.9x), Avg.  25.6 ns, Total. 4.799 ms (0.0%)
[Performance] EditorSceneManager.newSceneCreated: UnityEditor.SceneTemplate.SceneTemplateService.OnNewSceneCreated                 :        1 samples, Peak.  84.8 us (1.0x), Avg.  84.8 us, Total. 84.83 us (0.0%)
[Performance] EditorSceneManager.newSceneCreated: UnityEditor.SceneVisibilityManager.EditorSceneManagerOnNewSceneCreated           :        1 samples, Peak.  52.6 us (1.0x), Avg.  52.6 us, Total. 52.62 us (0.0%)
[Performance] EditorSceneManager.newSceneCreated: UnityEditor.SceneManagement.StageNavigationManager.OnNewSceneCreated             :        1 samples, Peak.  17.8 us (1.0x), Avg.  17.8 us, Total. 17.83 us (0.0%)
[Performance] Application.InvokeFinishedLoadingProject                                                                             :        1 samples, Peak.  3.15 ms (1.0x), Avg.  3.15 ms, Total. 3.148 ms (0.0%)
[Performance] ProcessService.OnProjectLoaded                                                                                       :        1 samples, Peak.  19.6 us (1.0x), Avg.  19.6 us, Total. 19.58 us (0.0%)
[Performance] EditorSceneManager.sceneOpening: UnityEditor.SceneVisibilityManager.EditorSceneManagerOnSceneOpening                 :        1 samples, Peak.  40.9 us (1.0x), Avg.  40.9 us, Total. 40.87 us (0.0%)
[Performance] Inspector.InitOrRebuild                                                                                              :        3 samples, Peak.   129 us (1.3x), Avg.  97.1 us, Total. 291.2 us (0.0%)
[Performance] EditorSceneManager.sceneOpened: UnityEditor.SceneTemplate.SceneTemplateService.OnSceneOpened                         :        1 samples, Peak.  71.9 us (1.0x), Avg.  71.9 us, Total. 71.87 us (0.0%)
[Performance] EditorSceneManager.sceneOpened: UnityEditor.SceneVisibilityManager.EditorSceneManagerOnSceneOpened                   :        1 samples, Peak.  32.8 us (1.0x), Avg.  32.8 us, Total. 32.79 us (0.0%)
[Performance] EditorSceneManager.sceneOpened: UnityEditor.SceneManagement.StageNavigationManager.OnSceneOpened                     :        1 samples, Peak.  14.8 us (1.0x), Avg.  14.8 us, Total. 14.79 us (0.0%)
[Performance] EditorApplication.playModeStateChanged                                                                               :        2 samples, Peak.   541 us (1.8x), Avg.   296 us, Total. 592.0 us (0.0%)
[Performance] EditorApplication.playModeStateChanged: UnityEditor.PackageManager.UI.Internal.ApplicationProxy.PlayModeStateChanged :        4 samples, Peak.  56.0 us (2.0x), Avg.  27.5 us, Total. 109.9 us (0.0%)
[Performance] EditorApplication.playModeStateChanged: UnityEditor.PackageManager.UI.Internal.PlayModeDownload.PlayModeStateChanged :        4 samples, Peak.   126 us (2.9x), Avg.  43.6 us, Total. 174.5 us (0.0%)
[Performance] EditorApplication.playModeStateChanged: UnityEditor.ObjectPool.PoolManager.OnEditorStateChange                       :        4 samples, Peak.  45.7 us (2.1x), Avg.  22.2 us, Total. 88.87 us (0.0%)
[Performance] EditorApplication.playModeStateChanged: UnityTcp.Editor.Tools.ManageInput.OnPlayModeStateChanged                     :        4 samples, Peak.  12.1 us (1.9x), Avg.  6.26 us, Total. 25.04 us (0.0%)
[Performance] EditorApplication.playModeStateChanged: UnityTcp.Editor.Native.NativeWindowBridgeHost.OnPlayModeStateChanged         :        4 samples, Peak.  82.9 us (2.0x), Avg.  40.6 us, Total. 162.4 us (0.0%)
[Performance] EditorApplication.playModeStateChanged: Cn.Tuanjie.Codely.Editor.CodelyWindow.OnPlayModeStateChanged                 :        4 samples, Peak.  69.7 us (1.9x), Avg.  35.8 us, Total. 143.3 us (0.0%)
[Performance] EditorApplication.playModeStateChanged: UnityEditor.SceneManagement.EditorSceneManager.PlayModeStateChangedCallback  :        4 samples, Peak.  11.1 us (2.0x), Avg.  5.45 us, Total. 21.79 us (0.0%)
[Performance] EditorApplication.playModeStateChanged: UnityEditor.SceneVisibilityManager.EditorApplicationPlayModeStateChanged     :        4 samples, Peak.  9.88 us (2.1x), Avg.  4.66 us, Total. 18.63 us (0.0%)
[Performance] Application.InvokeProjectWasLoaded                                                                                   :        1 samples, Peak.  10.1 us (1.0x), Avg.  10.1 us, Total. 10.13 us (0.0%)
[Performance] Application.Tick                                                                                                     :   187350 samples, Peak.   567 ms (13717.9x), Avg.  41.4 us, Total. 7.748 s (29.4%)
[Performance] CheckLicensingClient                                                                                                 :        5 samples, Peak.  1.58 us (1.2x), Avg.  1.33 us, Total. 6.665 us (0.0%)
[Performance] CheckLicensingClientNotification                                                                                     :        5 samples, Peak.  4.21 us (1.5x), Avg.  2.82 us, Total. 14.12 us (0.0%)
[Performance] LicenseActivated.Tick                                                                                                :        1 samples, Peak.  3.92 us (1.0x), Avg.  3.92 us, Total. 3.916 us (0.0%)
[Performance] Application.TickVersionControl                                                                                       :   187351 samples, Peak.  15.3 us (242.9x), Avg.  62.9 ns, Total. 11.79 ms (0.0%)
[Performance] MonoCompiler.Tick                                                                                                    :      112 samples, Peak.   491 ms (111.9x), Avg.  4.39 ms, Total. 491.8 ms (1.9%)
[Performance] Application.EnterPlayMode                                                                                            :        1 samples, Peak.   485 ms (1.0x), Avg.   485 ms, Total. 484.6 ms (1.8%)
[Performance] Application.Reload                                                                                                   :        1 samples, Peak.   323 ms (1.0x), Avg.   323 ms, Total. 323.0 ms (1.2%)
[Performance] AssemblyReloadEvents.beforeAssemblyReload: UnityTcp.Editor.Native.NativeDllLoader.OnBeforeAssemblyReload             :        1 samples, Peak.  46.5 us (1.0x), Avg.  46.5 us, Total. 46.54 us (0.0%)
[Performance] AssemblyReloadEvents.beforeAssemblyReload: UnityTcp.Editor.Helpers.DetachedJobs.FlushIfDirty                         :        1 samples, Peak.  96.7 us (1.0x), Avg.  96.7 us, Total. 96.67 us (0.0%)
[Performance] AssemblyReloadEvents.beforeAssemblyReload: UnityTcp.Editor.Helpers.StepJobRunner.Save                                :        1 samples, Peak.  87.6 us (1.0x), Avg.  87.6 us, Total. 87.62 us (0.0%)
[Performance] AssemblyReloadEvents.beforeAssemblyReload: UnityTcp.Editor.Tools.ManageWindowBridge.OnBeforeAssemblyReload           :        1 samples, Peak.  5.50 us (1.0x), Avg.  5.50 us, Total. 5.500 us (0.0%)
[Performance] AssemblyReloadEvents.beforeAssemblyReload: UnityTcp.Editor.Tools.ManageScreenshot.CleanupRecordingBeforeDomainExit   :        1 samples, Peak.  7.75 us (1.0x), Avg.  7.75 us, Total. 7.750 us (0.0%)
[Performance] AssemblyReloadEvents.beforeAssemblyReload: UnityTcp.Editor.Native.NativeWindowBridgeHost.OnBeforeAssemblyReload      :        1 samples, Peak.  12.4 ms (1.0x), Avg.  12.4 ms, Total. 12.41 ms (0.0%)
[Performance] AssemblyReloadEvents.beforeAssemblyReload: Cn.Tuanjie.Codely.Editor.CodelyWindow.OnBeforeAssemblyReload              :        1 samples, Peak.   233 us (1.0x), Avg.   233 us, Total. 232.7 us (0.0%)
[Performance] SceneDataContainer.TransformHierarchyChangedSetParentCallback                                                        :     7041 samples, Peak.  5.42 us (38.3x), Avg.   142 ns, Total. 996.6 us (0.0%)
[Performance] SceneVisibilityState.IsFlagSetInParents                                                                              :    12447 samples, Peak.   834 ns (8.7x), Avg.  95.8 ns, Total. 1.193 ms (0.0%)
[Performance] UnityBuildPostprocessor.OnProcessScene                                                                               :        2 samples, Peak.   261 us (1.7x), Avg.   150 us, Total. 300.2 us (0.0%)
[Performance] UnityConnect.Tick                                                                                                    :        2 samples, Peak.  3.25 ms (2.0x), Avg.  1.64 ms, Total. 3.286 ms (0.0%)
[Performance] UnityVersionControl.Tick                                                                                             :        2 samples, Peak.   250 ns (1.2x), Avg.   208 ns, Total. 417.0 ns (0.0%)
[Performance] CurlRequest.Tick                                                                                                     :      222 samples, Peak.  34.7 us (60.2x), Avg.   577 ns, Total. 128.1 us (0.0%)
[Performance] HubClient.Tick                                                                                                       :      222 samples, Peak.   500 ns (2.9x), Avg.   171 ns, Total. 38.00 us (0.0%)
[Performance] AssetDatabase.Tick                                                                                                   :      222 samples, Peak.  20.0 us (81.6x), Avg.   246 ns, Total. 54.55 us (0.0%)
[Performance] SceneBackgroundTask.Tick                                                                                             :      149 samples, Peak.  3.00 us (52.9x), Avg.  56.7 ns, Total. 8.453 us (0.0%)
[Performance] Scheduler.Tick                                                                                                       :     2060 samples, Peak.   796 us (396.6x), Avg.  2.01 us, Total. 4.134 ms (0.0%)
[Performance] RepaintAllProfilerWindows                                                                                            :       45 samples, Peak.  97.3 us (31.3x), Avg.  3.11 us, Total. 140.1 us (0.0%)
[Performance] PlayerUpdates.Tick                                                                                                   :      443 samples, Peak.  60.1 us (11.1x), Avg.  5.43 us, Total. 2.405 ms (0.0%)
[Performance] Application.TickGlobalCallbacks                                                                                      :   187351 samples, Peak.  19.9 ms (13068.0x), Avg.  1.52 us, Total. 284.7 ms (1.1%)
[Performance] EditorAnalytics.Tick                                                                                                 :       90 samples, Peak.  11.3 us (4.9x), Avg.  2.31 us, Total. 207.5 us (0.0%)
[Performance] Video.Update                                                                                                         :   187351 samples, Peak.  9.25 us (220.6x), Avg.  41.9 ns, Total. 7.857 ms (0.0%)
[Performance] Application.TickProgress                                                                                             :   187351 samples, Peak.  5.03 ms (82597.2x), Avg.  60.9 ns, Total. 11.41 ms (0.0%)
[Performance] Application.TickSceneTracker                                                                                         :   187350 samples, Peak.   143 ms (5313.6x), Avg.  26.9 us, Total. 5.046 s (19.2%)
[Performance] EditorApplication.update                                                                                             :   187350 samples, Peak.   143 ms (5415.3x), Avg.  26.4 us, Total. 4.951 s (18.8%)
[Performance] EditorApplication.update: UnityEditor.PackageManager.UI.Internal.ApplicationProxy.OnUpdate                           :   187351 samples, Peak.   153 us (1110.8x), Avg.   138 ns, Total. 25.85 ms (0.1%)
[Performance] EditorApplication.update: M3ReplayFailureCapture.Poll                                                                :   187351 samples, Peak.   105 us (448.3x), Avg.   234 ns, Total. 43.78 ms (0.2%)
[Performance] EditorApplication.update: M3FuelPlaytest.Poll                                                                        :   187351 samples, Peak.  70.2 us (628.2x), Avg.   112 ns, Total. 20.94 ms (0.1%)
[Performance] EditorApplication.update: M7IdentityReview.Poll                                                                      :   187351 samples, Peak.   125 us (1134.5x), Avg.   110 ns, Total. 20.57 ms (0.1%)
[Performance] EditorApplication.update: M6ResultsCapture.Poll                                                                      :   187351 samples, Peak.  54.9 us (518.5x), Avg.   106 ns, Total. 19.83 ms (0.1%)
[Performance] EditorApplication.update: NetPlaytest.Poll                                                                           :   187350 samples, Peak.   143 ms (8335.8x), Avg.  17.2 us, Total. 3.216 s (12.2%)
[Performance] EditorApplication.update: MainLoopPlaytest.Poll                                                                      :   187350 samples, Peak.  72.3 us (700.6x), Avg.   103 ns, Total. 19.33 ms (0.1%)
[Performance] EditorApplication.update: M2LobbyCapture.Poll                                                                        :   187350 samples, Peak.  56.1 us (522.7x), Avg.   107 ns, Total. 20.12 ms (0.1%)
[Performance] EditorApplication.update: M4CoopCapture.Poll                                                                         :   187350 samples, Peak.  53.3 us (373.1x), Avg.   143 ns, Total. 26.76 ms (0.1%)
[Performance] EditorApplication.update: M1ReviewCapture.Poll                                                                       :   187350 samples, Peak.  44.4 us (430.1x), Avg.   103 ns, Total. 19.35 ms (0.1%)
[Performance] EditorApplication.update: UnityTcp.Editor.Windows.CodelyToolbar.EnsureAttached                                       :   187350 samples, Peak.   181 us (24.5x), Avg.  7.38 us, Total. 1.382 s (5.2%)
[Performance] EditorApplication.update: UnityEditor.SceneManagement.StageNavigationManager.Update                                  :   187350 samples, Peak.   141 us (1843.4x), Avg.  76.6 ns, Total. 14.35 ms (0.1%)
[Performance] ConsoleLog.Tick                                                                                                      :      112 samples, Peak.  66.3 us (29.6x), Avg.  2.24 us, Total. 250.6 us (0.0%)
[Performance] HierarchyWindow.Tick                                                                                                 :      149 samples, Peak.   141 us (8.7x), Avg.  16.3 us, Total. 2.424 ms (0.0%)
[Performance] EditorApplication.hierarchyChanged: Unity.UIElements.Editor.UIDocumentHierarchyWatcher.OnHierarchyChanged            :       32 samples, Peak.  44.2 us (25.7x), Avg.  1.72 us, Total. 55.00 us (0.0%)
[Performance] Inspector.Tick                                                                                                       :      149 samples, Peak.  43.1 ms (137.2x), Avg.   315 us, Total. 46.86 ms (0.2%)
[Performance] EditorApplication.delayCall: UnityEditor.ShortcutManagement.ShortcutIntegration.EnsureShortcutsAreInitialized        :        1 samples, Peak.  10.4 ms (1.0x), Avg.  10.4 ms, Total. 10.36 ms (0.0%)
[Performance] EditorApplication.delayCall: callback in IslandAirport.Editor.MacVideoShareBuilder                                   :        1 samples, Peak.  61.7 us (1.0x), Avg.  61.7 us, Total. 61.71 us (0.0%)
[Performance] EditorApplication.delayCall: UnityTcp.Editor.Windows.CodelyToolbar.AttachToToolbar                                   :      149 samples, Peak.   631 us (58.7x), Avg.  10.7 us, Total. 1.601 ms (0.0%)
[Performance] EditorApplication.delayCall: Cn.Tuanjie.Codely.Editor.CodelyLayoutInstaller.InstallCodelyLayout                      :        1 samples, Peak.  16.4 ms (1.0x), Avg.  16.4 ms, Total. 16.42 ms (0.1%)
[Performance] EditorApplication.delayCall: UnityTcp.Editor.Helpers.BridgeUpdateRestartPrompt.TryShowPendingPrompt                  :        1 samples, Peak.  80.0 us (1.0x), Avg.  80.0 us, Total. 80.00 us (0.0%)
[Performance] EditorApplication.delayCall: callback in UnityTcp.Editor.Tools.ManageScreenshot                                      :        1 samples, Peak.  78.0 us (1.0x), Avg.  78.0 us, Total. 77.96 us (0.0%)
[Performance] EditorApplication.delayCall: callback in UnityTcp.Editor.Native.NativeWindowBridgeHost                               :        1 samples, Peak.  14.9 ms (1.0x), Avg.  14.9 ms, Total. 14.89 ms (0.1%)
[Performance] EditorApplication.delayCall: callback in UnityEditor.EditorWindow                                                    :        1 samples, Peak.   475 us (1.0x), Avg.   475 us, Total. 475.0 us (0.0%)
[Performance] EditorApplication.delayCall: callback in UnityEditor.EditorTools.ToolShortcutContext                                 :        1 samples, Peak.  35.9 us (1.0x), Avg.  35.9 us, Total. 35.88 us (0.0%)
[Performance] EditorApplication.delayCall: callback in UnityEditor.SceneVisibilityManager                                          :        1 samples, Peak.  14.6 us (1.0x), Avg.  14.6 us, Total. 14.62 us (0.0%)
[Performance] Tooltip.Tick                                                                                                         :      441 samples, Peak.  3.54 us (25.5x), Avg.   139 ns, Total. 61.28 us (0.0%)
[Performance] Application.RequestRepaintForPanels                                                                                  :   187350 samples, Peak.   122 us (423.2x), Avg.   288 ns, Total. 53.93 ms (0.2%)
[Performance] Application.UpdateScene                                                                                              :   187350 samples, Peak.  53.4 ms (6497.6x), Avg.  8.22 us, Total. 1.539 s (5.8%)
[Performance] PackageImporter.Tick                                                                                                 :      111 samples, Peak.   458 ns (3.0x), Avg.   151 ns, Total. 16.74 us (0.0%)
[Performance] InspectorBackground.Tick                                                                                             :      148 samples, Peak.   625 ns (8.2x), Avg.  76.6 ns, Total. 11.34 us (0.0%)
[Performance] BurstDebug.Tick                                                                                                      :       45 samples, Peak.   583 ns (2.2x), Avg.   265 ns, Total. 11.92 us (0.0%)
[Performance] Application.ChangeLayoutIfNeeded                                                                                     :   187350 samples, Peak.  14.0 us (603.3x), Avg.  23.3 ns, Total. 4.361 ms (0.0%)
[Performance] AsyncReadManager.ForceCloseFiles                                                                                     :       23 samples, Peak.  52.7 us (11.3x), Avg.  4.68 us, Total. 107.6 us (0.0%)
[Performance] Application.Message                                                                                                  :   187350 samples, Peak.  16.2 us (467.1x), Avg.  34.7 ns, Total. 6.501 ms (0.0%)
[Performance] Application.ExitPlayMode                                                                                             :        1 samples, Peak.  22.9 ms (1.0x), Avg.  22.9 ms, Total. 22.91 ms (0.1%)
[Performance] CoreBusinessMetrics.Tick                                                                                             :        1 samples, Peak.  25.6 us (1.0x), Avg.  25.6 us, Total. 25.62 us (0.0%)
[Performance] GI.Tick                                                                                                              :        1 samples, Peak.   262 us (1.0x), Avg.   262 us, Total. 262.4 us (0.0%)
[Performance] UnitySynchronization.ExecuteTasks                                                                                    :        1 samples, Peak.  1.58 us (1.0x), Avg.  1.58 us, Total. 1.584 us (0.0%)
[Performance] Application.TickPreloadManager                                                                                       :        1 samples, Peak.  2.25 us (1.0x), Avg.  2.25 us, Total. 2.250 us (0.0%)
[Performance] Application.Shutdown.SaveDefaultWindowPreferences                                                                    :        1 samples, Peak.  19.7 us (1.0x), Avg.  19.7 us, Total. 19.71 us (0.0%)
[Performance] Application.Shutdown.SaveSceneManagerSetup                                                                           :        1 samples, Peak.   141 us (1.0x), Avg.   141 us, Total. 141.1 us (0.0%)
[Performance] Application.Shutdown.CleanupAllContainerWindows                                                                      :        1 samples, Peak.   167 ns (1.0x), Avg.   167 ns, Total. 167.0 ns (0.0%)
[Performance] EditorApplication.quitting: UnityTcp.Editor.Native.NativeDllLoader.OnEditorQuitting                                  :        1 samples, Peak.  80.5 us (1.0x), Avg.  80.5 us, Total. 80.50 us (0.0%)
[Performance] EditorApplication.quitting: UnityTcp.Editor.Tools.ManageWindowBridge.OnEditorQuitting                                :        1 samples, Peak.   104 us (1.0x), Avg.   104 us, Total. 103.5 us (0.0%)
[Performance] EditorApplication.quitting: UnityTcp.Editor.Tools.ManageScreenshot.CleanupRecordingBeforeDomainExit                  :        1 samples, Peak.  9.12 us (1.0x), Avg.  9.12 us, Total. 9.125 us (0.0%)
[Performance] EditorApplication.quitting: Cn.Tuanjie.Codely.Editor.CodelyWindow.OnEditorQuitting                                   :        1 samples, Peak.   256 us (1.0x), Avg.   256 us, Total. 255.6 us (0.0%)
[Performance] EditorApplication.quitting: callback in UnityEditor.TextCore.Text.EditorEventCallbacks                               :        1 samples, Peak.  1.14 ms (1.0x), Avg.  1.14 ms, Total. 1.136 ms (0.0%)
[Performance] Killing ADB server                                                                                                   :        1 samples, Peak.  20.9 ms (1.0x), Avg.  20.9 ms, Total. 20.89 ms (0.1%)
[Performance] Application.Shutdown.PauseProfilerSession                                                                            :        1 samples, Peak.  15.7 us (1.0x), Avg.  15.7 us, Total. 15.71 us (0.0%)
[Performance] Application.Shutdown.PauseAssetImportWorkers                                                                         :        1 samples, Peak.   105 us (1.0x), Avg.   105 us, Total. 104.6 us (0.0%)
[Performance] Application.Shutdown.SaveAssets                                                                                      :        1 samples, Peak.  1.99 ms (1.0x), Avg.  1.99 ms, Total. 1.994 ms (0.0%)
[Performance] BuilderAssetModificationProcessor.OnWillSaveAssets                                                                   :        1 samples, Peak.   171 us (1.0x), Avg.   171 us, Total. 171.0 us (0.0%)
[Performance] TerrainModificationProcessor.OnWillSaveAssets                                                                        :        1 samples, Peak.   225 us (1.0x), Avg.   225 us, Total. 225.3 us (0.0%)
[Performance] Application.Shutdown.CleanupRenderPipeline                                                                           :        1 samples, Peak.  2.50 us (1.0x), Avg.  2.50 us, Total. 2.500 us (0.0%)
[Performance] Application.Shutdown.StopPreloadManager                                                                              :        1 samples, Peak.  12.1 ms (1.0x), Avg.  12.1 ms, Total. 12.07 ms (0.0%)
[Performance] Application.Shutdown.DestroyWorld                                                                                    :        1 samples, Peak.   665 us (1.0x), Avg.   665 us, Total. 665.2 us (0.0%)
[Performance] Application.Shutdown.CleanupAfterLoad                                                                                :        1 samples, Peak.  2.00 ms (1.0x), Avg.  2.00 ms, Total. 1.998 ms (0.0%)
[Performance] Application.Shutdown.Progress                                                                                        :        1 samples, Peak.  8.21 us (1.0x), Avg.  8.21 us, Total. 8.208 us (0.0%)
[Performance] Application.Shutdown.GICleanupManagers                                                                               :        1 samples, Peak.   343 us (1.0x), Avg.   343 us, Total. 343.0 us (0.0%)
[Performance] Application.Shutdown.MenuCleanupClass                                                                                :        1 samples, Peak.  45.5 us (1.0x), Avg.  45.5 us, Total. 45.50 us (0.0%)
[Performance] Application.Shutdown.ADBSaveStateBeforeShutdown                                                                      :        1 samples, Peak.  5.17 us (1.0x), Avg.  5.17 us, Total. 5.167 us (0.0%)
[Performance] Application.Shutdown.RemoteShutdown                                                                                  :        1 samples, Peak.   458 ns (1.0x), Avg.   458 ns, Total. 458.0 ns (0.0%)
[Performance] Application.Shutdown.CleanupVCProvider                                                                               :        1 samples, Peak.  4.71 us (1.0x), Avg.  4.71 us, Total. 4.708 us (0.0%)
[Performance] Application.Shutdown.InputShutdown                                                                                   :        1 samples, Peak.   155 us (1.0x), Avg.   155 us, Total. 154.5 us (0.0%)
[Performance] Application.Shutdown.GizmoManagerDestroy                                                                             :        1 samples, Peak.   414 us (1.0x), Avg.   414 us, Total. 414.2 us (0.0%)
[Performance] Application.Shutdown.ProfilerSession                                                                                 :        1 samples, Peak.  80.7 us (1.0x), Avg.  80.7 us, Total. 80.71 us (0.0%)
[Performance] Application.Shutdown.ReleaseGfxWindowOnAllGUIViews                                                                   :        1 samples, Peak.   958 ns (1.0x), Avg.   958 ns, Total. 958.0 ns (0.0%)
[Performance] Application.Shutdown.CleanupEngine                                                                                   :        1 samples, Peak.  64.9 ms (1.0x), Avg.  64.9 ms, Total. 64.87 ms (0.2%)
[Performance] Application.Shutdown.CleanupAssetDatabase                                                                            :        1 samples, Peak.   947 us (1.0x), Avg.   947 us, Total. 947.0 us (0.0%)
[Performance] Application.Shutdown.ScriptCompilationCleanUp                                                                        :        1 samples, Peak.  8.12 us (1.0x), Avg.  8.12 us, Total. 8.125 us (0.0%)
[Performance] Application.Shutdown.DestroyJobSystem                                                                                :        1 samples, Peak.   119 us (1.0x), Avg.   119 us, Total. 118.9 us (0.0%)
[Performance] Application.Shutdown.CleanupPersistentManager                                                                        :        1 samples, Peak.   515 us (1.0x), Avg.   515 us, Total. 515.1 us (0.0%)
[Performance] Application.Shutdown.CleanupAsyncReadManager                                                                         :        1 samples, Peak.  55.4 us (1.0x), Avg.  55.4 us, Total. 55.38 us (0.0%)
[Performance] Application.Shutdown.CleanupMono                                                                                     :        1 samples, Peak.  16.8 ms (1.0x), Avg.  16.8 ms, Total. 16.81 ms (0.1%)
[Performance] Application.Shutdown.CleanupStdConverters                                                                            :        1 samples, Peak.  3.71 us (1.0x), Avg.  3.71 us, Total. 3.709 us (0.0%)
[Performance] Application.Shutdown.UnloadAllPlatformSupportModuleNativeDlls                                                        :        1 samples, Peak.   291 ns (1.0x), Avg.   291 ns, Total. 291.0 ns (0.0%)
[Performance] Application.Shutdown.UnloadAllPlatformSupportNativeLibraries                                                         :        1 samples, Peak.   125 ns (1.0x), Avg.   125 ns, Total. 125.0 ns (0.0%)
[Performance] Application.Shutdown.CleanupAutoDocumentation                                                                        :        1 samples, Peak.  61.9 us (1.0x), Avg.  61.9 us, Total. 61.92 us (0.0%)
[Performance] Application.Shutdown.ShaderNameManagerDestroy                                                                        :        1 samples, Peak.  13.9 us (1.0x), Avg.  13.9 us, Total. 13.92 us (0.0%)
[Performance] Application.Shutdown.CleanupCacheServer                                                                              :        1 samples, Peak.   167 ns (1.0x), Avg.   167 ns, Total. 167.0 ns (0.0%)
[Performance] Application.Shutdown.Virtualization_Shutdown                                                                         :        1 samples, Peak.   208 ns (1.0x), Avg.   208 ns, Total. 208.0 ns (0.0%)
[Performance] Application.Shutdown.DevConnections                                                                                  :        1 samples, Peak.  47.4 us (1.0x), Avg.  47.4 us, Total. 47.42 us (0.0%)
[Package Manager] Server::Kill -- Server was shutdown
Checking for leaked weakptr:
  Found no leaked weakptrs.
Memory Statistics:
[ALLOC_TEMP_TLS] TLS Allocator
  StackAllocators : 
    [ALLOC_TEMP_CurlRequest]
      Initial Block Size 64.0 KB
      Current Block Size 64.0 KB
      Peak Allocated Bytes 0 B
      Overflow Count 0
    [ALLOC_TEMP_MAIN]
      Peak usage frame count: [4.0 KB-8.0 KB]: 44045 frames, [8.0 KB-16.0 KB]: 7 frames, [16.0 KB-32.0 KB]: 6 frames, [64.0 KB-128.0 KB]: 1 frames, [256.0 KB-0.5 MB]: 1 frames, [8.0 MB-16.0 MB]: 1 frames
      Initial Block Size 16.0 MB
      Current Block Size 16.0 MB
      Peak Allocated Bytes 13.3 MB
      Overflow Count 0
    [ALLOC_TEMP_Background Job.Worker 8]
      Initial Block Size 32.0 KB
      Current Block Size 32.0 KB
      Peak Allocated Bytes 0 B
      Overflow Count 0
    [ALLOC_TEMP_Job.Worker 4]
      Initial Block Size 256.0 KB
      Current Block Size 0.8 MB
      Peak Allocated Bytes 0.8 MB
      Overflow Count 0
    [ALLOC_TEMP_BakingJobs.Worker 5]
      Initial Block Size 256.0 KB
      Current Block Size 256.0 KB
      Peak Allocated Bytes 0 B
      Overflow Count 0
    [ALLOC_TEMP_Background Job.Worker 11]
      Initial Block Size 32.0 KB
      Current Block Size 32.0 KB
      Peak Allocated Bytes 0 B
      Overflow Count 0
    [ALLOC_TEMP_Background Job.Worker 3]
      Initial Block Size 32.0 KB
      Current Block Size 32.0 KB
      Peak Allocated Bytes 0 B
      Overflow Count 0
    [ALLOC_TEMP_BatchDeleteObjects]
      Initial Block Size 64.0 KB
      Current Block Size 64.0 KB
      Peak Allocated Bytes 0 B
      Overflow Count 0
    [ALLOC_TEMP_CoreBusinessMetricsCache]
      Initial Block Size 64.0 KB
      Current Block Size 64.0 KB
      Peak Allocated Bytes 7.9 KB
      Overflow Count 0
    [ALLOC_TEMP_REST Message Handler]
      Initial Block Size 64.0 KB
      Current Block Size 64.0 KB
      Peak Allocated Bytes 0 B
      Overflow Count 0
    [ALLOC_TEMP_AssetDatabase.IOService]
      Initial Block Size 64.0 KB
      Current Block Size 64.0 KB
      Peak Allocated Bytes 0 B
      Overflow Count 0
    [ALLOC_TEMP_Background Job.Worker 2]
      Initial Block Size 32.0 KB
      Current Block Size 32.0 KB
      Peak Allocated Bytes 189 B
      Overflow Count 0
    [ALLOC_TEMP_Loading.PreloadManager] x 3
      Initial Block Size 32.0 MB
      Current Block Size 32.0 MB
      Peak Allocated Bytes 1.1 MB
      Overflow Count 0
    [ALLOC_TEMP_Profiler.Dispatcher]
      Initial Block Size 64.0 KB
      Current Block Size 64.0 KB
      Peak Allocated Bytes 0 B
      Overflow Count 0
    [ALLOC_TEMP_Job.Worker 3]
      Initial Block Size 256.0 KB
      Current Block Size 256.0 KB
      Peak Allocated Bytes 21.2 KB
      Overflow Count 1
    [ALLOC_TEMP_BakingJobs.Worker 7]
      Initial Block Size 256.0 KB
      Current Block Size 256.0 KB
      Peak Allocated Bytes 0 B
      Overflow Count 0
    [ALLOC_TEMP_Background Job.Worker 5]
      Initial Block Size 32.0 KB
      Current Block Size 32.0 KB
      Peak Allocated Bytes 0 B
      Overflow Count 0
    [ALLOC_TEMP_CurlRequest]
      Initial Block Size 64.0 KB
      Current Block Size 64.0 KB
      Peak Allocated Bytes 0 B
      Overflow Count 0
    [ALLOC_TEMP_Background Job.Worker 13]
      Initial Block Size 32.0 KB
      Current Block Size 32.0 KB
      Peak Allocated Bytes 0 B
      Overflow Count 0
    [ALLOC_TEMP_Job.Worker 2]
      Initial Block Size 256.0 KB
      Current Block Size 256.0 KB
      Peak Allocated Bytes 21.1 KB
      Overflow Count 1
    [ALLOC_TEMP_BakingJobs.Worker 6]
      Initial Block Size 256.0 KB
      Current Block Size 256.0 KB
      Peak Allocated Bytes 0 B
      Overflow Count 0
    [ALLOC_TEMP_Job.Worker 0]
      Initial Block Size 256.0 KB
      Current Block Size 256.0 KB
      Peak Allocated Bytes 17.3 KB
      Overflow Count 1
    [ALLOC_TEMP_Job.Worker 5]
      Initial Block Size 256.0 KB
      Current Block Size 0.8 MB
      Peak Allocated Bytes 0.8 MB
      Overflow Count 0
    [ALLOC_TEMP_ReadCacheIndex] x 3
      Initial Block Size 64.0 KB
      Current Block Size 64.0 KB
      Peak Allocated Bytes 1.0 KB
      Overflow Count 0
    [ALLOC_TEMP_Job.Worker 6]
      Initial Block Size 256.0 KB
      Current Block Size 0.8 MB
      Peak Allocated Bytes 0.8 MB
      Overflow Count 0
    [ALLOC_TEMP_BakingJobs.Worker 8]
      Initial Block Size 256.0 KB
      Current Block Size 256.0 KB
      Peak Allocated Bytes 0 B
      Overflow Count 0
    [ALLOC_TEMP_Background Job.Worker 9]
      Initial Block Size 32.0 KB
      Current Block Size 32.0 KB
      Peak Allocated Bytes 0 B
      Overflow Count 0
    [ALLOC_TEMP_BakingJobs.Worker 1]
      Initial Block Size 256.0 KB
      Current Block Size 256.0 KB
      Peak Allocated Bytes 340 B
      Overflow Count 0
    [ALLOC_TEMP_Loading.AsyncRead]
      Initial Block Size 64.0 KB
      Current Block Size 64.0 KB
      Peak Allocated Bytes 128 B
      Overflow Count 0
    [ALLOC_TEMP_Background Job.Worker 10]
      Initial Block Size 32.0 KB
      Current Block Size 32.0 KB
      Peak Allocated Bytes 0 B
      Overflow Count 0
    [ALLOC_TEMP_Background Job.Worker 6]
      Initial Block Size 32.0 KB
      Current Block Size 32.0 KB
      Peak Allocated Bytes 0 B
      Overflow Count 0
    [ALLOC_TEMP_BakingJobs.Worker 9]
      Initial Block Size 256.0 KB
      Current Block Size 256.0 KB
      Peak Allocated Bytes 0 B
      Overflow Count 0
    [ALLOC_TEMP_Background Job.Worker 1]
      Initial Block Size 32.0 KB
      Current Block Size 32.0 KB
      Peak Allocated Bytes 14.0 KB
      Overflow Count 0
    [ALLOC_TEMP_OSX HID Input]
      Initial Block Size 64.0 KB
      Current Block Size 64.0 KB
      Peak Allocated Bytes 0 B
      Overflow Count 0
    [ALLOC_TEMP_BakingJobs.Worker 2]
      Initial Block Size 256.0 KB
      Current Block Size 256.0 KB
      Peak Allocated Bytes 0 B
      Overflow Count 0
    [ALLOC_TEMP_Background Job.Worker 7]
      Initial Block Size 32.0 KB
      Current Block Size 32.0 KB
      Peak Allocated Bytes 0 B
      Overflow Count 0
    [ALLOC_TEMP_Job.Worker 8]
      Initial Block Size 256.0 KB
      Current Block Size 256.0 KB
      Peak Allocated Bytes 5.6 KB
      Overflow Count 0
    [ALLOC_TEMP_Job.Worker 1]
      Initial Block Size 256.0 KB
      Current Block Size 0.8 MB
      Peak Allocated Bytes 0.8 MB
      Overflow Count 0
    [ALLOC_TEMP_BakingJobs.Worker 0]
      Initial Block Size 256.0 KB
      Current Block Size 256.0 KB
      Peak Allocated Bytes 0 B
      Overflow Count 0
    [ALLOC_TEMP_BakingJobs.Worker 3]
      Initial Block Size 256.0 KB
      Current Block Size 256.0 KB
      Peak Allocated Bytes 0 B
      Overflow Count 0
    [ALLOC_TEMP_EditorTaskManager]
      Initial Block Size 64.0 KB
      Current Block Size 80.0 KB
      Peak Allocated Bytes 64.0 KB
      Overflow Count 0
    [ALLOC_TEMP_Background Job.Worker 15]
      Initial Block Size 32.0 KB
      Current Block Size 32.0 KB
      Peak Allocated Bytes 0 B
      Overflow Count 0
    [ALLOC_TEMP_BakingJobs.Worker 4]
      Initial Block Size 256.0 KB
      Current Block Size 256.0 KB
      Peak Allocated Bytes 0 B
      Overflow Count 0
    [ALLOC_TEMP_Background Job.Worker 12]
      Initial Block Size 32.0 KB
      Current Block Size 32.0 KB
      Peak Allocated Bytes 0 B
      Overflow Count 0
    [ALLOC_TEMP_HTTP REST Server]
      Initial Block Size 64.0 KB
      Current Block Size 64.0 KB
      Peak Allocated Bytes 0 B
      Overflow Count 0
    [ALLOC_TEMP_AssetGarbageCollectorHelper] x 9
      Initial Block Size 64.0 KB
      Current Block Size 64.0 KB
      Peak Allocated Bytes 0 B
      Overflow Count 0
    [ALLOC_TEMP_Background Job.Worker 0]
      Initial Block Size 32.0 KB
      Current Block Size 32.0 KB
      Peak Allocated Bytes 0 B
      Overflow Count 0
    [ALLOC_TEMP_AUDIO_Audio Mixer Thread]
      Initial Block Size 64.0 KB
      Current Block Size 64.0 KB
      Peak Allocated Bytes 0 B
      Overflow Count 0
    [ALLOC_TEMP_Background Job.Worker 4]
      Initial Block Size 32.0 KB
      Current Block Size 32.0 KB
      Peak Allocated Bytes 0 B
      Overflow Count 0
    [ALLOC_TEMP_Background Job.Worker 14]
      Initial Block Size 32.0 KB
      Current Block Size 32.0 KB
      Peak Allocated Bytes 0 B
      Overflow Count 0
    [ALLOC_TEMP_Job.Worker 7]
      Initial Block Size 256.0 KB
      Current Block Size 256.0 KB
      Peak Allocated Bytes 5.6 KB
      Overflow Count 0
    [ALLOC_TEMP_CloudJob.Worker 0]
      Initial Block Size 32.0 KB
      Current Block Size 32.0 KB
      Peak Allocated Bytes 9.6 KB
      Overflow Count 0
[ALLOC_MEMORYPROFILER]
  Peak usage frame count: [128.0 KB-256.0 KB]: 43001 frames, [256.0 KB-0.5 MB]: 1060 frames
  Requested Block Size 1.0 MB
  Peak Block count 1
  Peak Allocated memory 303.4 KB
  Peak Large allocation bytes 0 B
[ALLOC_DEFAULT] Dual Thread Allocator
  Peak main deferred allocation count 822
    [ALLOC_BUCKET]
      Large Block size 32.0 MB
      Used Block count 1
      Peak Allocated bytes 5.3 MB
    [ALLOC_DEFAULT_MAIN]
      Peak usage frame count: [32.0 MB-64.0 MB]: 44061 frames
      Requested Block Size 16.0 MB
      Peak Block count 4
      Peak Allocated memory 52.1 MB
      Peak Large allocation bytes 0 B
    [ALLOC_DEFAULT_THREAD]
      Peak usage frame count: [4.0 MB-8.0 MB]: 44061 frames
      Requested Block Size 16.0 MB
      Peak Block count 1
      Peak Allocated memory 4.7 MB
      Peak Large allocation bytes 0 B
[ALLOC_TEMP_JOB_1_FRAME]
  Initial Block Size 2.0 MB
  Used Block Count 0
  Overflow Count (too large) 0
  Overflow Count (full) 0
[ALLOC_TEMP_JOB_2_FRAMES]
  Initial Block Size 2.0 MB
  Used Block Count 0
  Overflow Count (too large) 0
  Overflow Count (full) 0
[ALLOC_TEMP_JOB_4_FRAMES (JobTemp)]
  Initial Block Size 2.0 MB
  Used Block Count 1
  Overflow Count (too large) 0
  Overflow Count (full) 0
[ALLOC_TEMP_JOB_ASYNC (Background)]
  Initial Block Size 1.0 MB
  Used Block Count 1
  Overflow Count (too large) 0
  Overflow Count (full) 0
[ALLOC_GFX] Dual Thread Allocator
  Peak main deferred allocation count 0
    [ALLOC_BUCKET]
      Large Block size 32.0 MB
      Used Block count 1
      Peak Allocated bytes 5.3 MB
    [ALLOC_GFX_MAIN]
      Peak usage frame count: [4.0 MB-8.0 MB]: 44061 frames
      Requested Block Size 16.0 MB
      Peak Block count 1
      Peak Allocated memory 13.3 MB
      Peak Large allocation bytes 0 B
    [ALLOC_GFX_THREAD]
      Peak usage frame count: [0-1.0 KB]: 44061 frames
      Requested Block Size 16.0 MB
      Peak Block count 1
      Peak Allocated memory 7.6 KB
      Peak Large allocation bytes 0 B
[ALLOC_CACHEOBJECTS] Dual Thread Allocator
  Peak main deferred allocation count 129
    [ALLOC_BUCKET]
      Large Block size 32.0 MB
      Used Block count 1
      Peak Allocated bytes 5.3 MB
    [ALLOC_CACHEOBJECTS_MAIN]
      Peak usage frame count: [8.0 MB-16.0 MB]: 44060 frames, [32.0 MB-64.0 MB]: 1 frames
      Requested Block Size 4.0 MB
      Peak Block count 6
      Peak Allocated memory 52.3 MB
      Peak Large allocation bytes 33.9 MB
    [ALLOC_CACHEOBJECTS_THREAD]
      Peak usage frame count: [4.0 KB-8.0 KB]: 1059 frames, [0.5 MB-1.0 MB]: 43001 frames, [1.0 MB-2.0 MB]: 1 frames
      Requested Block Size 4.0 MB
      Peak Block count 1
      Peak Allocated memory 1.9 MB
      Peak Large allocation bytes 0 B
[ALLOC_TYPETREE] Dual Thread Allocator
  Peak main deferred allocation count 542
    [ALLOC_BUCKET]
      Large Block size 32.0 MB
      Used Block count 1
      Peak Allocated bytes 5.3 MB
    [ALLOC_TYPETREE_MAIN]
      Peak usage frame count: [0.5 MB-1.0 MB]: 44060 frames, [2.0 MB-4.0 MB]: 1 frames
      Requested Block Size 2.0 MB
      Peak Block count 2
      Peak Allocated memory 2.5 MB
      Peak Large allocation bytes 0 B
    [ALLOC_TYPETREE_THREAD]
      Peak usage frame count: [32.0 KB-64.0 KB]: 44061 frames
      Requested Block Size 2.0 MB
      Peak Block count 1
      Peak Allocated memory 91.5 KB
      Peak Large allocation bytes 0 B
[ALLOC_PROFILER]
  Peak usage frame count: [0.5 MB-1.0 MB]: 32752 frames, [1.0 MB-2.0 MB]: 11309 frames
  Requested Block Size 16.0 MB
  Peak Block count 1
  Peak Allocated memory 1.5 MB
  Peak Large allocation bytes 0 B
    [ALLOC_PROFILER_BUCKET]
      Large Block size 32.0 MB
      Used Block count 1
      Peak Allocated bytes 4.7 KB
[ALLOC_PROFILER_EDITOR]
  Peak usage frame count: [0-1.0 KB]: 44061 frames
  Requested Block Size 1.0 MB
  Peak Block count 0
  Peak Allocated memory 0 B
  Peak Large allocation bytes 0 B
    [ALLOC_PROFILER_BUCKET]
      Large Block size 32.0 MB
      Used Block count 1
      Peak Allocated bytes 4.7 KB
##utp:{"type":"MemoryLeaks","version":2,"phase":"Immediate","time":1791119899530,"processId":15860,"allocatedMemory":11642147,"memoryLabels":[{"Default":20391},{"Permanent":15696},{"Thread":1083692},{"Manager":30530},{"VertexData":12},{"Geometry":280},{"Texture":1208},{"Shader":68824},{"Material":24},{"GfxDevice":38920},{"Animation":312},{"Audio":326012},{"FMODOther":3088},{"FontEngine":328},{"Physics":513},{"Serialization":676},{"Input":9032},{"JobScheduler":33960},{"Mono":40},{"ScriptingNativeRuntime":193824},{"BaseObject":1627372},{"Resource":1000},{"Renderer":2320},{"Transform":48},{"File":6888},{"WebCam":40},{"Culling":40},{"Skinning":24},{"Terrain":1025},{"Wind":24},{"String":21189},{"DynamicArray":57288},{"HashMap":112810},{"Utility":2660354},{"Curl":2047},{"PoolAlloc":1496},{"AI":72},{"TypeTree":5061},{"ScriptManager":640},{"RuntimeInitializeOnLoadManager":80},{"SpriteAtlas":128},{"GI":2600},{"Director":7880},{"CloudService":2704},{"WebRequest":816},{"VR":45709},{"SceneManager":576},{"Video":1096},{"LazyScriptCache":40},{"NativeArray":12},{"Camera":25},{"Secure":9945},{"SerializationCache":1576},{"APIUpdating":11856},{"Subsystems":392},{"VirtualTexturing":57512},{"StaticSafetyDebugInfo":327680},{"Baselib":16},{"EditorGui":80},{"EditorUtility":14199},{"VersionControl":4},{"Undo":720},{"AssetDatabase":4777373},{"RestService":1310},{"EditorGi":376},{"License":3712},{"UnityConnect":25520},{"Collab":641},{"Upm":1920},{"DrivenProperties":96},{"LocalIPC":226},{"ProfilerEditor":10975},{"CoreBusinessMetrics":3741},{"TLS":3431},{"AssetReference":40},{"IPCStream":40}]}
