Tuanjie Editor version:  2022.3.61t14 (3a70663b70e0)
Branch:                  tuanjie/1.6/staging
Build type:              Release
Batch mode:              YES
macOS version:           Version 27.2 (Build 26B5091g)
Darwin version:          27.2.0
Architecture:            arm64
Running under Rosetta:   NO
Available memory:        16384 MB
[Licensing::Module] Trying to connect to existing licensing client channel...
[Licensing::IpcConnector] Successfully connected to the License Client on channel: "LicenseClient-qinziqian" at "2026-10-04T13:50:48.457726Z"
[Licensing::Client] Error: Code 10 while verifying Licensing Client signature (process Id: 33870, path: "/Applications/Tuanjie Hub.app/Contents/Frameworks/TuanjieLicensingClient_V1.app/Contents/MacOS/Tuanjie.Licensing.Client")
[Licensing::Module] Error: LicensingClient has failed validation; ignoring
[Licensing::Client] Successfully send message: {"messageType":"HandshakeRequest","protocolVersion":"1.12","userAgent":"TuanjieEditor/2022.3.61t14 (Macintosh; U; Intel Mac OS X 27.2; zh-Hans-CN)","externalCorrelationId":"4655664172842404382"} at 1791121848
[Licensing::Client] Successfully receive message: {"protocolVersion":"1.12","sessionId":"fc8dca63a5dc42fdb1efeff499e2e5d4","context":{"DeviceName":"Link's MBP","DeviceModel":"Mac17,2","PhysicalMemoryMB":"16384","SystemLanguageISO":"zh-Hans-CN","ProcessorCount":"10","ProcessorType":"Apple M5","OperatingSystem":"Mac OS X 27.2.0","OperatingSystemNumeric":"270200","Legacy.MachineBinding1":"A12EBA94-6CAE-536D-8639-8B28F22AAE12","Legacy.MachineBinding2":"HWF12RQ93K","Legacy.MachineBinding4":null,"Legacy.MachineBinding5":"5c:9b:a6:84:6a:ac","EnvironmentUser":"qinziqian","EnvironmentDomain":"Links-MBP","EnvironmentHostname":"Links-MBP"},"assemblyProductVersion":"1.14.0+af049b8","machineId":"2qJXSmjy+8qC9zvVypdceXsI7UU=","correlationId":"ee26600ca9f6c50f0a68447f7e54978e","responseCode":200,"responseStatus":"Handshake successful","messageType":"HandshakeResponse"} at 1791121848
[Licensing::Client] Handshaking with LicensingClient:
  Version:                 1.14.0+af049b8
  Session Id:              fc8dca63a5dc42fdb1efeff499e2e5d4
  Correlation Id:          ee26600ca9f6c50f0a68447f7e54978e
  External correlation Id: 4655664172842404382
  Machine Id:              2qJXSmjy+8qC9zvVypdceXsI7UU=
[Licensing::Module] Successfully connected to LicensingClient on channel: "LicenseClient-qinziqian" (connect: 0.00s, validation: 0.01s, handshake: 0.34s)
[Licensing::IpcConnector] Successfully connected to the License Notification on channel: "LicenseClient-qinziqian-notifications" at "2026-10-04T13:50:48.811176Z"
[Licensing::Module] Error: Access token is unavailable; failed to update
[Licensing::Client] Successfully send message: {"messageType":"UpdateLicenseRequest","AccessToken":"","OrgId":"","ProjectId":"","forceUpdateLicense":true} at 1791121848
[Licensing::Client] Successfully receive message: {"responseCode":200,"responseStatus":"Licenses updated.","messageType":"UpdateLicenseResponse"} at 1791121849
[Licensing::Client] Successfully updated license
[Licensing::Client] Successfully send message: {"messageType":"EntitlementDetailsRequest","entitlementIds":["com.unity.editor.legacy.pro","com.unity.editor.headless"],"packageEntitlementIds":[],"includeCustomData":false} at 1791121849
[Licensing::Client] Successfully receive message: {"entitlementGroups":[{"entitlementGroupId":"F4-W5GR-B6V2-Y5WE-WRK9-GR7N","entitlementGroupIdHash":"8d58bf4deb18ac7618b28a8936c405932a8efcb2","productName":"Unity Personal","productType":"TuanjieEditor","licenseType":"ULF","expiration":1791384649000,"matchedEntitlements":[{"entitlementId":"com.unity.editor.headless","isPackage":false,"count":1}]}],"responseCode":200,"responseStatus":"Found 1 entitlement groups and 0 free entitlements matching requested entitlement ids","messageType":"EntitlementDetailsResponse"} at 1791121849
[Licensing::Client] Successfully resolved entitlement details
[Licensing::Module] Serial number assigned to: "F4-W5GR-B6V2-Y5WE-WRK9-XXXX"
Pro License: NO
[Licensing::Client] Successfully send message: {"messageType":"EntitlementDetailsRequest","entitlementIds":["com.unity.editor.headless","com.unity.editor.ui"],"packageEntitlementIds":[],"includeCustomData":false} at 1791121849
[Licensing::Client] Successfully receive message: {"entitlementGroups":[{"entitlementGroupId":"F4-W5GR-B6V2-Y5WE-WRK9-GR7N","entitlementGroupIdHash":"8d58bf4deb18ac7618b28a8936c405932a8efcb2","productName":"Unity Personal","productType":"TuanjieEditor","licenseType":"ULF","expiration":1791384649000,"matchedEntitlements":[{"entitlementId":"com.unity.editor.ui","isPackage":false,"count":1},{"entitlementId":"com.unity.editor.headless","isPackage":false,"count":1}]}],"responseCode":200,"responseStatus":"Found 1 entitlement groups and 0 free entitlements matching requested entitlement ids","messageType":"EntitlementDetailsResponse"} at 1791121849
[Licensing::Client] Successfully resolved entitlement details
Launching external process: /Applications/Tuanjie/Hub/Editor/2022.3.61t14/Tuanjie.app/Contents/Resources/PackageManager/Server/TuanjiePackageManager

COMMAND LINE ARGUMENTS:
/Applications/Tuanjie/Hub/Editor/2022.3.61t14/Tuanjie.app/Contents/MacOS/Tuanjie
-batchmode
-quit
-buildTarget
StandaloneOSX
-projectPath
/Users/qinziqian/Documents/overcooked-like/game
-executeMethod
DemoBuilder.BuildMac
-logFile
/Users/qinziqian/Documents/overcooked-like/game/Evidence/m7-macos-build.log
Successfully changed project path to: /Users/qinziqian/Documents/overcooked-like/game
/Users/qinziqian/Documents/overcooked-like/game
[Memory] Configuration Parameters - Can be set up in boot.config
    "memorysetup-bucket-allocator-granularity=16"
    "memorysetup-bucket-allocator-bucket-count=8"
    "memorysetup-bucket-allocator-block-size=33554432"
    "memorysetup-bucket-allocator-block-count=8"
    "memorysetup-main-allocator-block-size=16777216"
    "memorysetup-thread-allocator-block-size=16777216"
    "memorysetup-gfx-main-allocator-block-size=16777216"
    "memorysetup-gfx-thread-allocator-block-size=16777216"
    "memorysetup-cache-allocator-block-size=4194304"
    "memorysetup-typetree-allocator-block-size=2097152"
    "memorysetup-profiler-bucket-allocator-granularity=16"
    "memorysetup-profiler-bucket-allocator-bucket-count=8"
    "memorysetup-profiler-bucket-allocator-block-size=33554432"
    "memorysetup-profiler-bucket-allocator-block-count=8"
    "memorysetup-profiler-allocator-block-size=16777216"
    "memorysetup-profiler-editor-allocator-block-size=1048576"
    "memorysetup-temp-allocator-size-main=16777216"
    "memorysetup-job-temp-allocator-block-size=2097152"
    "memorysetup-job-temp-allocator-block-size-background=1048576"
    "memorysetup-job-temp-allocator-reduction-small-platforms=262144"
    "memorysetup-allocator-temp-initial-block-size-main=262144"
    "memorysetup-allocator-temp-initial-block-size-worker=262144"
    "memorysetup-temp-allocator-size-background-worker=32768"
    "memorysetup-temp-allocator-size-job-worker=262144"
    "memorysetup-temp-allocator-size-preload-manager=33554432"
    "memorysetup-temp-allocator-size-nav-mesh-worker=65536"
    "memorysetup-temp-allocator-size-audio-worker=65536"
    "memorysetup-temp-allocator-size-cloud-worker=32768"
    "memorysetup-temp-allocator-size-gi-baking-worker=262144"
    "memorysetup-temp-allocator-size-gfx=262144"
Player connection [8621359872]  Target information:

Player connection [8621359872]  * "[IP] 192.168.123.27 [Port] 55504 [Flags] 2 [Guid] 3490766647 [EditorId] 3490766647 [Version] 1048832 [Id] OSXEditor(0,Links-MBP.local) [Debug] 1 [PackageName] OSXEditor [ProjectName] Editor" 

Player connection [8621359872]  * "[IP] 192.168.200.6 [Port] 55504 [Flags] 2 [Guid] 3490766647 [EditorId] 3490766647 [Version] 1048832 [Id] OSXEditor(0,Links-MBP.local) [Debug] 1 [PackageName] OSXEditor [ProjectName] Editor" 

Player connection [8621359872] Host joined multi-casting on [225.0.0.222:54997]...
Player connection [8621359872] Host joined alternative multi-casting on [225.0.0.222:34997]...
Input System module state changed to: Initialized.
AS: AutoStreaming module initializing.
Begin write certificate to file.
Write certificate complete, return 1.
StartServer, cert is /Users/qinziqian/Library/Tuanjie/50950-rest-certificate.pem
Start HTTP server port 38000, HTTPS server port 38443.
[Package Manager] UpmClient::Connect -- Connected to IPC stream "Upm-50950" after 0.4 seconds.
[Licensing::Client] Successfully send message: {"messageType":"EntitlementDetailsRequest","entitlementIds":["com.unity.editor.last.activation.date","com.unity.editor.headless"],"packageEntitlementIds":[],"includeCustomData":false} at 1791121850
[Licensing::Client] Successfully receive message: {"entitlementGroups":[{"entitlementGroupId":"F4-W5GR-B6V2-Y5WE-WRK9-GR7N","entitlementGroupIdHash":"8d58bf4deb18ac7618b28a8936c405932a8efcb2","productName":"Unity Personal","productType":"TuanjieEditor","licenseType":"ULF","expiration":1791384649000,"matchedEntitlements":[{"entitlementId":"com.unity.editor.headless","isPackage":false,"count":1},{"entitlementId":"com.unity.editor.last.activation.date","isPackage":false,"count":1}]}],"responseCode":200,"responseStatus":"Found 1 entitlement groups and 0 free entitlements matching requested entitlement ids","messageType":"EntitlementDetailsResponse"} at 1791121850
[Licensing::Client] Successfully resolved entitlement details
[Licensing::Client] Successfully send message: {"messageType":"EntitlementDetailsRequest","entitlementIds":["com.unity.editor.disable-splash-screen","com.unity.editor.headless"],"packageEntitlementIds":[],"includeCustomData":false} at 1791121850
[Licensing::Client] Successfully receive message: {"entitlementGroups":[{"entitlementGroupId":"F4-W5GR-B6V2-Y5WE-WRK9-GR7N","entitlementGroupIdHash":"8d58bf4deb18ac7618b28a8936c405932a8efcb2","productName":"Unity Personal","productType":"TuanjieEditor","licenseType":"ULF","expiration":1791384649000,"matchedEntitlements":[{"entitlementId":"com.unity.editor.headless","isPackage":false,"count":1}]}],"responseCode":200,"responseStatus":"Found 1 entitlement groups and 0 free entitlements matching requested entitlement ids","messageType":"EntitlementDetailsResponse"} at 1791121850
[Licensing::Client] Successfully resolved entitlement details
[Licensing::Client] Successfully send message: {"messageType":"EntitlementDetailsRequest","entitlementIds":["com.unity.editor.allow-mix-usage","com.unity.editor.headless"],"packageEntitlementIds":[],"includeCustomData":false} at 1791121850
[Licensing::Client] Successfully receive message: {"entitlementGroups":[{"entitlementGroupId":"F4-W5GR-B6V2-Y5WE-WRK9-GR7N","entitlementGroupIdHash":"8d58bf4deb18ac7618b28a8936c405932a8efcb2","productName":"Unity Personal","productType":"TuanjieEditor","licenseType":"ULF","expiration":1791384649000,"matchedEntitlements":[{"entitlementId":"com.unity.editor.headless","isPackage":false,"count":1}]}],"responseCode":200,"responseStatus":"Found 1 entitlement groups and 0 free entitlements matching requested entitlement ids","messageType":"EntitlementDetailsResponse"} at 1791121850
[Licensing::Client] Successfully resolved entitlement details
[Package Manager] Restoring resolved packages state from cache
[Licensing::Client] Successfully send message: {"messageType":"EntitlementDetailsRequest","entitlementIds":[],"packageEntitlementIds":["com.unity.modules.audio","com.unity.modules.androidjni","com.unity.modules.imgui","com.unity.modules.physics","com.unity.modules.jsonserialize","com.unity.modules.screencapture","com.unity.modules.ui","cn.tuanjie.codely.bridge","com.unity.modules.imageconversion","com.unity.ugui","com.unity.modules.unitywebrequest","com.unity.ext.nunit"],"includeCustomData":false} at 1791121850
[Licensing::Client] Successfully receive message: {"freeEntitlementIds":["com.unity.modules.audio","com.unity.modules.androidjni","com.unity.modules.imgui","com.unity.modules.physics","com.unity.modules.jsonserialize","com.unity.modules.screencapture","com.unity.modules.ui","cn.tuanjie.codely.bridge","com.unity.modules.imageconversion","com.unity.ugui","com.unity.modules.unitywebrequest","com.unity.ext.nunit"],"responseCode":200,"responseStatus":"Found 0 entitlement groups and 12 free entitlements matching requested entitlement ids","messageType":"EntitlementDetailsResponse"} at 1791121850
[Licensing::Client] Successfully resolved entitlement details
[Package Manager] Registered 12 packages:
  Packages from [https://packages.tuanjie.cn]:
    com.unity.ext.nunit@1.0.6 (location: /Users/qinziqian/Documents/overcooked-like/game/Library/PackageCache/com.unity.ext.nunit@1.0.6)
  Built-in packages:
    com.unity.modules.audio@1.0.0 (location: /Users/qinziqian/Documents/overcooked-like/game/Library/PackageCache/com.unity.modules.audio@1.0.0)
    com.unity.modules.androidjni@1.0.0 (location: /Users/qinziqian/Documents/overcooked-like/game/Library/PackageCache/com.unity.modules.androidjni@1.0.0)
    com.unity.modules.imgui@1.0.0 (location: /Users/qinziqian/Documents/overcooked-like/game/Library/PackageCache/com.unity.modules.imgui@1.0.0)
    com.unity.modules.physics@1.0.0 (location: /Users/qinziqian/Documents/overcooked-like/game/Library/PackageCache/com.unity.modules.physics@1.0.0)
    com.unity.modules.jsonserialize@1.0.0 (location: /Users/qinziqian/Documents/overcooked-like/game/Library/PackageCache/com.unity.modules.jsonserialize@1.0.0)
    com.unity.modules.screencapture@1.0.0 (location: /Users/qinziqian/Documents/overcooked-like/game/Library/PackageCache/com.unity.modules.screencapture@1.0.0)
    com.unity.modules.ui@1.0.0 (location: /Users/qinziqian/Documents/overcooked-like/game/Library/PackageCache/com.unity.modules.ui@1.0.0)
    com.unity.modules.imageconversion@1.0.0 (location: /Users/qinziqian/Documents/overcooked-like/game/Library/PackageCache/com.unity.modules.imageconversion@1.0.0)
    com.unity.ugui@1.0.0 (location: /Users/qinziqian/Documents/overcooked-like/game/Library/PackageCache/com.unity.ugui@1.0.0)
    com.unity.modules.unitywebrequest@1.0.0 (location: /Users/qinziqian/Documents/overcooked-like/game/Library/PackageCache/com.unity.modules.unitywebrequest@1.0.0)
  Local packages:
    cn.tuanjie.codely.bridge@file:/Users/qinziqian/Documents/overcooked-like/game/.codely.packages/cn.tuanjie.codely.bridge@1.0.85-785dea6a (location: /Users/qinziqian/Documents/overcooked-like/game/.codely.packages/cn.tuanjie.codely.bridge@1.0.85-785dea6a)
[Subsystems] No new subsystems found in resolved package list.
Package Manager log level set to [2]
[Package Manager] Done registering packages in 0.15 seconds
[Package Manager] Done resolving packages in 0.66 seconds
[Package Manager] Registered 12 packages:
  Packages from [https://packages.tuanjie.cn]:
    com.unity.ext.nunit@1.0.6 (location: /Users/qinziqian/Documents/overcooked-like/game/Library/PackageCache/com.unity.ext.nunit@1.0.6)
  Built-in packages:
    com.unity.modules.audio@1.0.0 (location: /Users/qinziqian/Documents/overcooked-like/game/Library/PackageCache/com.unity.modules.audio@1.0.0)
    com.unity.modules.androidjni@1.0.0 (location: /Users/qinziqian/Documents/overcooked-like/game/Library/PackageCache/com.unity.modules.androidjni@1.0.0)
    com.unity.modules.imgui@1.0.0 (location: /Users/qinziqian/Documents/overcooked-like/game/Library/PackageCache/com.unity.modules.imgui@1.0.0)
    com.unity.modules.physics@1.0.0 (location: /Users/qinziqian/Documents/overcooked-like/game/Library/PackageCache/com.unity.modules.physics@1.0.0)
    com.unity.modules.jsonserialize@1.0.0 (location: /Users/qinziqian/Documents/overcooked-like/game/Library/PackageCache/com.unity.modules.jsonserialize@1.0.0)
    com.unity.modules.screencapture@1.0.0 (location: /Users/qinziqian/Documents/overcooked-like/game/Library/PackageCache/com.unity.modules.screencapture@1.0.0)
    com.unity.modules.ui@1.0.0 (location: /Users/qinziqian/Documents/overcooked-like/game/Library/PackageCache/com.unity.modules.ui@1.0.0)
    com.unity.modules.imageconversion@1.0.0 (location: /Users/qinziqian/Documents/overcooked-like/game/Library/PackageCache/com.unity.modules.imageconversion@1.0.0)
    com.unity.ugui@1.0.0 (location: /Users/qinziqian/Documents/overcooked-like/game/Library/PackageCache/com.unity.ugui@1.0.0)
    com.unity.modules.unitywebrequest@1.0.0 (location: /Users/qinziqian/Documents/overcooked-like/game/Library/PackageCache/com.unity.modules.unitywebrequest@1.0.0)
  Local packages:
    cn.tuanjie.codely.bridge@file:/Users/qinziqian/Documents/overcooked-like/game/.codely.packages/cn.tuanjie.codely.bridge@1.0.85-785dea6a (location: /Users/qinziqian/Documents/overcooked-like/game/.codely.packages/cn.tuanjie.codely.bridge@1.0.85-785dea6a)
[Subsystems] No new subsystems found in resolved package list.
[Package Manager] Done registering packages in 0.00 seconds
Targeting platform: StandaloneOSX
Refreshing native plugins compatible for Editor in 8.50 ms, found 7 plugins.
Preloading 0 native plugins for Editor in 0.00 ms.
Initialize engine version: 2022.3.61t14 (3a70663b70e0)
[Subsystems] Discovering subsystems at path /Applications/Tuanjie/Hub/Editor/2022.3.61t14/Tuanjie.app/Contents/Resources/UnitySubsystems
[Subsystems] Discovering subsystems at path /Users/qinziqian/Documents/overcooked-like/game/Assets
GfxDevice: creating device client; threaded=0; jobified=0
 preferred device: Apple M5 (high power)
Metal devices available: 1
0: Apple M5 (high power)
Using device Apple M5 (high power)
Initializing Metal device caps: Apple M5
[Licensing::Client] Successfully send message: {"messageType":"EntitlementDetailsRequest","entitlementIds":["com.unity.editor.cluster","com.unity.editor.headless"],"packageEntitlementIds":[],"includeCustomData":false} at 1791121851
[Licensing::Client] Successfully receive message: {"entitlementGroups":[{"entitlementGroupId":"F4-W5GR-B6V2-Y5WE-WRK9-GR7N","entitlementGroupIdHash":"8d58bf4deb18ac7618b28a8936c405932a8efcb2","productName":"Unity Personal","productType":"TuanjieEditor","licenseType":"ULF","expiration":1791384649000,"matchedEntitlements":[{"entitlementId":"com.unity.editor.headless","isPackage":false,"count":1}]}],"responseCode":200,"responseStatus":"Found 1 entitlement groups and 0 free entitlements matching requested entitlement ids","messageType":"EntitlementDetailsResponse"} at 1791121851
[Licensing::Client] Successfully resolved entitlement details
Initialize mono
Mono path[0] = '/Applications/Tuanjie/Hub/Editor/2022.3.61t14/Tuanjie.app/Contents/Managed'
Mono path[1] = '/Applications/Tuanjie/Hub/Editor/2022.3.61t14/Tuanjie.app/Contents/MonoBleedingEdge/lib/mono/unityjit-macos'
Mono config path = '/Applications/Tuanjie/Hub/Editor/2022.3.61t14/Tuanjie.app/Contents/MonoBleedingEdge/etc'
Using monoOptions --debugger-agent=transport=dt_socket,embedding=1,server=y,suspend=n,address=0.0.0.0:56950
Using cacheserver namespaces - metadata:defaultmetadata, artifacts:defaultartifacts
Using cacheserver namespaces - metadata:defaultmetadata, artifacts:defaultartifacts
ImportWorker Server TCP listen port: 0
Begin MonoManager ReloadAssembly
Registering precompiled tuanjie dll's ...
Register platform support module: /Applications/Tuanjie/Hub/Editor/2022.3.61t14/Tuanjie.app/Contents/PlaybackEngines/MacStandaloneSupport/UnityEditor.OSXStandalone.Extensions.dll
[Licensing::Client] Successfully send message: {"messageType":"EntitlementDetailsRequest","entitlementIds":["com.unity.editor.platforms.android","com.unity.editor.headless"],"packageEntitlementIds":[],"includeCustomData":false} at 1791121851
[Licensing::Client] Successfully receive message: {"entitlementGroups":[{"entitlementGroupId":"F4-W5GR-B6V2-Y5WE-WRK9-GR7N","entitlementGroupIdHash":"8d58bf4deb18ac7618b28a8936c405932a8efcb2","productName":"Unity Personal","productType":"TuanjieEditor","licenseType":"ULF","expiration":1791384649000,"matchedEntitlements":[{"entitlementId":"com.unity.editor.platforms.android","isPackage":false,"count":1},{"entitlementId":"com.unity.editor.headless","isPackage":false,"count":1}]}],"responseCode":200,"responseStatus":"Found 1 entitlement groups and 0 free entitlements matching requested entitlement ids","messageType":"EntitlementDetailsResponse"} at 1791121851
[Licensing::Client] Successfully resolved entitlement details
Register platform support module: /Applications/Tuanjie/Hub/Editor/2022.3.61t14/PlaybackEngines/AndroidPlayer/UnityEditor.Android.Extensions.dll
Registered in 0.016387 seconds.
- Loaded All Assemblies, in  0.311 seconds
Native extension for Android target not found
Android Extension - Scanning For ADB Devices 200 ms
Native extension for OSXStandalone target not found
[Licensing::Client] Successfully send message: {"messageType":"EntitlementDetailsRequest","entitlementIds":["com.unity.editor.minigame.subplatform.wechat","com.unity.editor.headless"],"packageEntitlementIds":[],"includeCustomData":false} at 1791121852
[Licensing::Client] Successfully receive message: {"entitlementGroups":[{"entitlementGroupId":"F4-W5GR-B6V2-Y5WE-WRK9-GR7N","entitlementGroupIdHash":"8d58bf4deb18ac7618b28a8936c405932a8efcb2","productName":"Unity Personal","productType":"TuanjieEditor","licenseType":"ULF","expiration":1791384649000,"matchedEntitlements":[{"entitlementId":"com.unity.editor.headless","isPackage":false,"count":1},{"entitlementId":"com.unity.editor.minigame.subplatform.wechat","isPackage":false,"count":1}]}],"responseCode":200,"responseStatus":"Found 1 entitlement groups and 0 free entitlements matching requested entitlement ids","messageType":"EntitlementDetailsResponse"} at 1791121852
[Licensing::Client] Successfully resolved entitlement details
[Licensing::Client] Successfully send message: {"messageType":"EntitlementDetailsRequest","entitlementIds":["com.unity.editor.minigame.subplatform.douyin","com.unity.editor.headless"],"packageEntitlementIds":[],"includeCustomData":false} at 1791121852
[Licensing::Client] Successfully receive message: {"entitlementGroups":[{"entitlementGroupId":"F4-W5GR-B6V2-Y5WE-WRK9-GR7N","entitlementGroupIdHash":"8d58bf4deb18ac7618b28a8936c405932a8efcb2","productName":"Unity Personal","productType":"TuanjieEditor","licenseType":"ULF","expiration":1791384649000,"matchedEntitlements":[{"entitlementId":"com.unity.editor.headless","isPackage":false,"count":1},{"entitlementId":"com.unity.editor.minigame.subplatform.douyin","isPackage":false,"count":1}]}],"responseCode":200,"responseStatus":"Found 1 entitlement groups and 0 free entitlements matching requested entitlement ids","messageType":"EntitlementDetailsResponse"} at 1791121852
[Licensing::Client] Successfully resolved entitlement details
[Licensing::Client] Successfully send message: {"messageType":"EntitlementDetailsRequest","entitlementIds":["com.unity.editor.minigame.subplatform.kuaishou","com.unity.editor.headless"],"packageEntitlementIds":[],"includeCustomData":false} at 1791121852
[Licensing::Client] Successfully receive message: {"entitlementGroups":[{"entitlementGroupId":"F4-W5GR-B6V2-Y5WE-WRK9-GR7N","entitlementGroupIdHash":"8d58bf4deb18ac7618b28a8936c405932a8efcb2","productName":"Unity Personal","productType":"TuanjieEditor","licenseType":"ULF","expiration":1791384649000,"matchedEntitlements":[{"entitlementId":"com.unity.editor.headless","isPackage":false,"count":1},{"entitlementId":"com.unity.editor.minigame.subplatform.kuaishou","isPackage":false,"count":1}]}],"responseCode":200,"responseStatus":"Found 1 entitlement groups and 0 free entitlements matching requested entitlement ids","messageType":"EntitlementDetailsResponse"} at 1791121852
[Licensing::Client] Successfully resolved entitlement details
[Licensing::Client] Successfully send message: {"messageType":"EntitlementDetailsRequest","entitlementIds":["com.unity.editor.minigame.subplatform.minihost","com.unity.editor.headless"],"packageEntitlementIds":[],"includeCustomData":false} at 1791121852
[Licensing::Client] Successfully receive message: {"entitlementGroups":[{"entitlementGroupId":"F4-W5GR-B6V2-Y5WE-WRK9-GR7N","entitlementGroupIdHash":"8d58bf4deb18ac7618b28a8936c405932a8efcb2","productName":"Unity Personal","productType":"TuanjieEditor","licenseType":"ULF","expiration":1791384649000,"matchedEntitlements":[{"entitlementId":"com.unity.editor.headless","isPackage":false,"count":1},{"entitlementId":"com.unity.editor.minigame.subplatform.minihost","isPackage":false,"count":1}]}],"responseCode":200,"responseStatus":"Found 1 entitlement groups and 0 free entitlements matching requested entitlement ids","messageType":"EntitlementDetailsResponse"} at 1791121852
[Licensing::Client] Successfully resolved entitlement details
Mono: successfully reloaded assembly
- Finished resetting the current domain, in  0.463 seconds
Domain Reload Profiling: 774ms
	BeginReloadAssembly (103ms)
		ExecutionOrderSort (0ms)
		DisableScriptedObjects (0ms)
		BackupInstance (0ms)
		ReleaseScriptingObjects (0ms)
		CreateAndSetChildDomain (1ms)
	RebuildCommonClasses (28ms)
	RebuildNativeTypeToScriptingClass (9ms)
	initialDomainReloadingComplete (49ms)
	LoadAllAssembliesAndSetupDomain (122ms)
		LoadAssemblies (104ms)
		RebuildTransferFunctionScriptingTraits (0ms)
		AnalyzeDomain (119ms)
			TypeCache.Refresh (118ms)
				TypeCache.ScanAssembly (107ms)
			ScanForSourceGeneratedMonoScriptInfo (0ms)
			ResolveRequiredComponents (0ms)
	FinalizeReload (463ms)
		ReleaseScriptCaches (0ms)
		RebuildScriptCaches (0ms)
		SetupLoadedEditorAssemblies (428ms)
			LogAssemblyErrors (0ms)
			InitializePlatformSupportModulesInManaged (261ms)
			SetLoadedEditorAssemblies (4ms)
			RefreshPlugins (0ms)
			BeforeProcessingInitializeOnLoad (1ms)
			ProcessInitializeOnLoadAttributes (151ms)
			ProcessInitializeOnLoadMethodAttributes (11ms)
			AfterProcessingInitializeOnLoad (0ms)
			EditorAssembliesLoaded (0ms)
		ExecutionOrderSort2 (0ms)
		AwakeInstancesAfterBackupRestoration (0ms)
[Licensing::Client] Successfully send message: {"messageType":"EntitlementDetailsRequest","entitlementIds":["com.unity.editor.legacy.pro","com.unity.editor.watermarks.disable","com.unity.editor.watermarks.prototyping","com.unity.editor.watermarks.edu","com.unity.editor.watermarks.trial","com.unity.editor.time-limited-license","com.unity.editor.cluster","com.unity.editor.unity.compliant","com.unity.editor.watermarks.forcedisable","com.unity.editor.open-harmony.analytics.disabled","com.unity.editor.mini-game.analytics.disabled","com.unity.editor.unity.expiration.2d","com.unity.editor.unity.expiration.7d","com.unity.editor.headless"],"packageEntitlementIds":[],"includeCustomData":false} at 1791121852
[Licensing::Client] Successfully receive message: {"entitlementGroups":[{"entitlementGroupId":"F4-W5GR-B6V2-Y5WE-WRK9-GR7N","entitlementGroupIdHash":"8d58bf4deb18ac7618b28a8936c405932a8efcb2","productName":"Unity Personal","productType":"TuanjieEditor","licenseType":"ULF","expiration":1791384649000,"matchedEntitlements":[{"entitlementId":"com.unity.editor.headless","isPackage":false,"count":1},{"entitlementId":"com.unity.editor.unity.expiration.2d","isPackage":false,"count":1},{"entitlementId":"com.unity.editor.watermarks.forcedisable","isPackage":false,"count":1},{"entitlementId":"com.unity.editor.unity.compliant","isPackage":false,"count":1},{"entitlementId":"com.unity.editor.mini-game.analytics.disabled","isPackage":false,"count":1},{"entitlementId":"com.unity.editor.time-limited-license","isPackage":false,"count":1}]}],"responseCode":200,"responseStatus":"Found 1 entitlement groups and 0 free entitlements matching requested entitlement ids","messageType":"EntitlementDetailsResponse"} at 1791121852
[Licensing::Client] Successfully resolved entitlement details
Application.AssetDatabase Initial Refresh Start
[ScriptCompilation] Requested script compilation because: InitialRefresh: Force Refresh Recompile flag enabled
[40m[32minfo[39m[22m[49m: Microsoft.Hosting.Lifetime[14]
      Now listening on: http://unix:/tmp/ilpp.sock-f756a1c31a2391e118913e99e0bc0cce
[40m[32minfo[39m[22m[49m: Microsoft.Hosting.Lifetime[0]
      Application started. Press Ctrl+C to shut down.
[40m[32minfo[39m[22m[49m: Microsoft.Hosting.Lifetime[0]
      Hosting environment: Production
[40m[32minfo[39m[22m[49m: Microsoft.Hosting.Lifetime[0]
      Content root path: /Users/qinziqian/Documents/overcooked-like/game/
[40m[32minfo[39m[22m[49m: Microsoft.AspNetCore.Hosting.Diagnostics[1]
      Request starting HTTP/2 POST http://ilpp/UnityILPP.PostProcessing/Ping application/grpc -
[40m[32minfo[39m[22m[49m: Microsoft.AspNetCore.Routing.EndpointMiddleware[0]
      Executing endpoint 'gRPC - /UnityILPP.PostProcessing/Ping'
[40m[32minfo[39m[22m[49m: Microsoft.AspNetCore.Routing.EndpointMiddleware[1]
      Executed endpoint 'gRPC - /UnityILPP.PostProcessing/Ping'
[40m[32minfo[39m[22m[49m: Microsoft.AspNetCore.Hosting.Diagnostics[2]
      Request finished HTTP/2 POST http://ilpp/UnityILPP.PostProcessing/Ping application/grpc - - 200 - application/grpc 32.3922ms
Starting: /Applications/Tuanjie/Hub/Editor/2022.3.61t14/Tuanjie.app/Contents/bee_backend --dont-print-to-structured-log --ipc --defer-dag-verification --dagfile="Library/Bee/200b0aE.dag" --continue-on-failure --profile="Library/Bee/backend1.traceevents" ScriptAssemblies
WorkingDir: /Users/qinziqian/Documents/overcooked-like/game
DisplayProgressbar: Compiling Scripts
ExitCode: 0 Duration: 0s61ms
*** Tundra build success (0.04 seconds), 0 items updated, 158 evaluated
Total cache size 14125764
Total cache size after purge 14125764
AssetDatabase: script compilation time: 0.570687s
Begin MonoManager ReloadAssembly
- Loaded All Assemblies, in  0.344 seconds
Refreshing native plugins compatible for Editor in 4.05 ms, found 7 plugins.
Preloading 0 native plugins for Editor in 0.00 ms.
Refreshing native plugins compatible for Editor in 4.34 ms, found 7 plugins.
Native extension for Android target not found
Native extension for OSXStandalone target not found
Mono: successfully reloaded assembly
- Finished resetting the current domain, in  0.237 seconds
Domain Reload Profiling: 581ms
	BeginReloadAssembly (94ms)
		ExecutionOrderSort (0ms)
		DisableScriptedObjects (4ms)
		BackupInstance (0ms)
		ReleaseScriptingObjects (0ms)
		CreateAndSetChildDomain (18ms)
	RebuildCommonClasses (23ms)
	RebuildNativeTypeToScriptingClass (9ms)
	initialDomainReloadingComplete (16ms)
	LoadAllAssembliesAndSetupDomain (202ms)
		LoadAssemblies (144ms)
		RebuildTransferFunctionScriptingTraits (0ms)
		AnalyzeDomain (112ms)
			TypeCache.Refresh (109ms)
				TypeCache.ScanAssembly (98ms)
			ScanForSourceGeneratedMonoScriptInfo (1ms)
			ResolveRequiredComponents (1ms)
	FinalizeReload (237ms)
		ReleaseScriptCaches (0ms)
		RebuildScriptCaches (0ms)
		SetupLoadedEditorAssemblies (138ms)
			LogAssemblyErrors (0ms)
			InitializePlatformSupportModulesInManaged (10ms)
			SetLoadedEditorAssemblies (3ms)
			RefreshPlugins (0ms)
			BeforeProcessingInitializeOnLoad (20ms)
			ProcessInitializeOnLoadAttributes (92ms)
			ProcessInitializeOnLoadMethodAttributes (13ms)
			AfterProcessingInitializeOnLoad (1ms)
			EditorAssembliesLoaded (0ms)
		ExecutionOrderSort2 (0ms)
		AwakeInstancesAfterBackupRestoration (3ms)
Start importing Packages/cn.tuanjie.codely.bridge/Editor/Bridge/fonts/Inter.ttc using Guid(e5ccdd55a2638f4479b92c50548030bf) Importer(Primary)  -> (artifact id: '5743d2412bd80a9b8c96a9b1c9baa703') in 0.023608 seconds
Start importing Packages/cn.tuanjie.codely.bridge/Editor/Bridge/fonts/FiraMono-Regular.ttf using Guid(c65026091fecbf845938112797b179e5) Importer(Primary)  -> (artifact id: '7ec92211a8e9bbe008fb3cd7df045444') in 0.001854 seconds
Start importing Packages/cn.tuanjie.codely.bridge/Editor/Bridge/fonts/NotoSans-Regular.ttf using Guid(6aaf3e29151e0be47b7e92f0ed091c73) Importer(Primary)  -> (artifact id: '9c9659df347db2817ce7e55eb5716a05') in 0.002197 seconds
Refreshing native plugins compatible for Editor in 2.39 ms, found 7 plugins.
Preloading 0 native plugins for Editor in 0.00 ms.
Asset Pipeline Refresh (id=fcc601908fbd94c9db701646ee569990): Total: 1.590 seconds - Initiated by InitialRefreshV2(ForceSynchronousImport)
	Summary:
		Imports: total=87 (actual=3, local cache=84, cache server=0)
		Asset DB Process Time: managed=1 ms, native=369 ms
		Asset DB Callback time: managed=32 ms, native=11 ms
		Scripting: domain reloads=1, domain reload time=599 ms, compile time=572 ms, other=3 ms
		Project Asset Count: scripts=608, non-scripts=4229
		Asset File Changes: new=0, changed=0, moved=0, deleted=0
		Scan Filter Count: 1
		OnDemandAssets Count:0
	InvokeBeforeRefreshCallbacks: 0.587ms
	ApplyChangesToAssetFolders: 0.028ms
	Scan: 111.577ms
	OnSourceAssetsModified: 0.001ms
	GetAllGuidsForCategorization: 0.268ms
	CategorizeAssets: 44.808ms
	ImportOutOfDateAssets: 282.726ms (-321.989ms without children)
		ImportManagerImport: 30.331ms (1.813ms without children)
			ImportInProcess: 28.486ms
			UpdateCategorizedAssets: 0.032ms
		CompileScripts: 572.136ms
		UnloadImportedAssets: 1.124ms
		ReloadImportedAssets: 0.001ms
		EnsureUptoDateAssetsAreRegisteredWithGuidPM: 0.606ms
		InitializingProgressBar: 0.004ms
		PostProcessAllAssetNotificationsAddChangedAssets: 0.000ms
		OnDemandSchedulerStart: 0.512ms
	PostProcessAllAssets: 40.365ms
	Hotreload: 3.275ms
	GatherAllCurrentPrimaryArtifactRevisions: 0.000ms
	UnloadStreamsBegin: 0.220ms
	PersistCurrentRevisions: 0.461ms
	UnloadStreamsEnd: 0.003ms
	GenerateScriptTypeHashes: 0.000ms
	Untracked: 1105.555ms
Application.AssetDatabase Initial Refresh End
plugin_module success
g_query_callback success 
g_get_assembly_csharp load success 
Launching external process: /Applications/Tuanjie/Hub/Editor/2022.3.61t14/Tuanjie.app/Contents/Tools/TuanjieShaderCompiler
Launched and connected shader compiler TuanjieShaderCompiler after 0.05 seconds
Scanning for USB devices : 0.031ms
Initializing Tuanjie extensions:
[Licensing::Client] Successfully send message: {"messageType":"ProductNameRequest","Value":"studio.palmbay.airport"} at 1791121853
[Licensing::Client] Successfully receive message: {"responseCode":200,"messageType":"ProductNameResponse"} at 1791121853
[Licensing::Client] Error: ProductNameResponse could not be deserialized
[MODES] ModeService[none].Initialize
[MODES] ModeService[none].LoadModes
[MODES] Loading mode Default (0) for mode-current-id-PALM BAY
Unloading 3 Unused Serialized files (Serialized files now loaded: 0)
Unloading 51 unused Assets / (388.4 KB). Loaded Objects now: 959.
Memory consumption went from 111.2 MB to 110.8 MB.
Total: 2.977584 ms (FindLiveObjects: 0.052209 ms CreateObjectMapping: 0.012334 ms MarkObjects: 2.684666 ms  DeleteObjects: 0.228167 ms)

[Licensing::Client] Successfully send message: {"messageType":"EntitlementDetailsRequest","entitlementIds":["com.unity.editor","com.unity.editor.headless"],"packageEntitlementIds":[],"includeCustomData":false} at 1791121854
[Licensing::Client] Successfully receive message: {"entitlementGroups":[{"entitlementGroupId":"F4-W5GR-B6V2-Y5WE-WRK9-GR7N","entitlementGroupIdHash":"8d58bf4deb18ac7618b28a8936c405932a8efcb2","productName":"Unity Personal","productType":"TuanjieEditor","licenseType":"ULF","expiration":1791384649000,"matchedEntitlements":[{"entitlementId":"com.unity.editor","isPackage":false,"count":1},{"entitlementId":"com.unity.editor.headless","isPackage":false,"count":1}]}],"responseCode":200,"responseStatus":"Found 1 entitlement groups and 0 free entitlements matching requested entitlement ids","messageType":"EntitlementDetailsResponse"} at 1791121854
[Licensing::Client] Successfully resolved entitlement details
Refreshing native plugins compatible for Editor in 2.25 ms, found 7 plugins.
Refreshing native plugins compatible for Editor in 1.97 ms, found 7 plugins.
Start importing Assets/Plugins/macOS/PalmBayVideoShare.bundle using Guid(138d74cb9685493c8b6d8be8dd8727b9) Importer(Primary)  -> (artifact id: '6337f4bcbf024da5c597ede620e0b704') in 0.001397 seconds
Refreshing native plugins compatible for Editor in 1.79 ms, found 7 plugins.
Preloading 0 native plugins for Editor in 0.00 ms.
Asset Pipeline Refresh (id=d6a0441e0b946435aba6ebcacf6da922): Total: 0.037 seconds - Initiated by StopAssetImportingV2(NoUpdateAssetOptions)
Found installed macOS SDK 27.0.
[Licensing::Client] Successfully send message: {"messageType":"EntitlementDetailsRequest","entitlementIds":["com.unity.editor","com.unity.editor.headless"],"packageEntitlementIds":[],"includeCustomData":false} at 1791121856
[Licensing::Client] Successfully receive message: {"entitlementGroups":[{"entitlementGroupId":"F4-W5GR-B6V2-Y5WE-WRK9-GR7N","entitlementGroupIdHash":"8d58bf4deb18ac7618b28a8936c405932a8efcb2","productName":"Unity Personal","productType":"TuanjieEditor","licenseType":"ULF","expiration":1791384649000,"matchedEntitlements":[{"entitlementId":"com.unity.editor","isPackage":false,"count":1},{"entitlementId":"com.unity.editor.headless","isPackage":false,"count":1}]}],"responseCode":200,"responseStatus":"Found 1 entitlement groups and 0 free entitlements matching requested entitlement ids","messageType":"EntitlementDetailsResponse"} at 1791121856
[Licensing::Client] Successfully resolved entitlement details
[40m[32minfo[39m[22m[49m: Microsoft.AspNetCore.Hosting.Diagnostics[1]
      Request starting HTTP/2 POST http://ilpp/UnityILPP.PostProcessing/Ping application/grpc -
[40m[32minfo[39m[22m[49m: Microsoft.AspNetCore.Routing.EndpointMiddleware[0]
      Executing endpoint 'gRPC - /UnityILPP.PostProcessing/Ping'
[40m[32minfo[39m[22m[49m: Microsoft.AspNetCore.Routing.EndpointMiddleware[1]
      Executed endpoint 'gRPC - /UnityILPP.PostProcessing/Ping'
[40m[32minfo[39m[22m[49m: Microsoft.AspNetCore.Hosting.Diagnostics[2]
      Request finished HTTP/2 POST http://ilpp/UnityILPP.PostProcessing/Ping application/grpc - - 200 - application/grpc 1.5495ms
Starting: /Applications/Tuanjie/Hub/Editor/2022.3.61t14/Tuanjie.app/Contents/bee_backend --dont-print-to-structured-log --ipc --defer-dag-verification --dagfile="Library/Bee/200b0aESkipCompile.dag" --continue-on-failure --profile="Library/Bee/backend1.traceevents" ScriptAssembliesAndTypeDB
WorkingDir: /Users/qinziqian/Documents/overcooked-like/game
ExitCode: 0 Duration: 0s64ms
*** Tundra build success (0.05 seconds), 0 items updated, 3 evaluated
Total cache size 14125764
Total cache size after purge 14125764
Asset Pipeline Refresh (id=8ff5abf919be04e70930c918fc18ef66): Total: 0.037 seconds - Initiated by RefreshV2(NoUpdateAssetOptions)
[ScriptCompilation] Requested script compilation because: Recompiling scripts for player build.
BuildPlayer: start building target 2
[40m[32minfo[39m[22m[49m: Microsoft.AspNetCore.Hosting.Diagnostics[1]
      Request starting HTTP/2 POST http://ilpp/UnityILPP.PostProcessing/Ping application/grpc -
[40m[32minfo[39m[22m[49m: Microsoft.AspNetCore.Routing.EndpointMiddleware[0]
      Executing endpoint 'gRPC - /UnityILPP.PostProcessing/Ping'
[40m[32minfo[39m[22m[49m: Microsoft.AspNetCore.Routing.EndpointMiddleware[1]
      Executed endpoint 'gRPC - /UnityILPP.PostProcessing/Ping'
[40m[32minfo[39m[22m[49m: Microsoft.AspNetCore.Hosting.Diagnostics[2]
      Request finished HTTP/2 POST http://ilpp/UnityILPP.PostProcessing/Ping application/grpc - - 200 - application/grpc 0.4582ms
Starting: /Applications/Tuanjie/Hub/Editor/2022.3.61t14/Tuanjie.app/Contents/bee_backend --dont-print-to-structured-log --ipc --defer-dag-verification --dagfile="Library/Bee/200b0aP.dag" --continue-on-failure --profile="Library/Bee/backend1.traceevents" ScriptAssembliesAndTypeDB
WorkingDir: /Users/qinziqian/Documents/overcooked-like/game
ExitCode: 0 Duration: 0s268ms
[59/65      0s] CopyFiles Library/Bee/PlayerScriptAssemblies/UnityEngine.UI.pdb
[60/65      0s] CopyFiles Library/Bee/PlayerScriptAssemblies/UnityEngine.UI.dll
[61/65      0s] CopyFiles Library/Bee/PlayerScriptAssemblies/Assembly-CSharp.dll
[62/65      0s] CopyFiles Library/Bee/PlayerScriptAssemblies/Assembly-CSharp.pdb
[64/65      0s] BuildPlayerDataGenerator Library/BuildPlayerData/Player/RuntimeInitializeOnLoads.json (+1 other)
*** Tundra build success (0.25 seconds), 5 items updated, 65 evaluated
Total cache size 14125764
Total cache size after purge 14125764
Rebuilding Data files because Assets/Resources/palmbay-m7-ui-smoke.json is dirty (deleted)
Asset Pipeline Refresh (id=22f7234f1437b4acea2a9fb6eec2d17f): Total: 0.053 seconds - Initiated by RefreshV2(NoUpdateAssetOptions)
Opening scene 'Assets/Scenes/CabinLobby.unity'
Unloading 2 Unused Serialized files (Serialized files now loaded: 0)
Loaded scene 'Assets/Scenes/CabinLobby.unity'
	Deserialize:            15.872 ms
	Integration:            6.523 ms
	Integration of assets:  0.008 ms
	Thread Wait Time:       0.189 ms
	Total Operation Time:   22.592 ms
Unloading 60 unused Assets / (0.6 MB). Loaded Objects now: 2128.
Memory consumption went from 113.9 MB to 113.3 MB.
Total: 3.782250 ms (FindLiveObjects: 0.099208 ms CreateObjectMapping: 0.017583 ms MarkObjects: 3.322458 ms  DeleteObjects: 0.342500 ms)

Created GICache directory at /Users/qinziqian/Library/Caches/cn.yousandi.TuanjieEditor/Tuanjie/GiCache. Took: 0.003s, timestamps: [8.861 - 8.864]
gi::BakeBackendSwitch: switching bake backend from 3 to 2.
[00:00:00] Builtin Sky manager started.
[00:00:00] Finished 1 Bake Ambient Probe job (0.00s execute, 0.00s integrate, 0.01s wallclock)
[00:00:00] Finished 1 Bake Ambient Probe job (0.00s execute, 0.00s integrate, 0.01s wallclock)
Opening scene 'Assets/Scenes/PalmBay.unity'
Unloading 55 Unused Serialized files (Serialized files now loaded: 0)
Loaded scene 'Assets/Scenes/PalmBay.unity'
	Deserialize:            1.536 ms
	Integration:            4.012 ms
	Integration of assets:  0.002 ms
	Thread Wait Time:       0.007 ms
	Total Operation Time:   5.557 ms
Unloading 74 unused Assets / (0.7 MB). Loaded Objects now: 984.
Memory consumption went from 110.7 MB to 110.1 MB.
Total: 3.712000 ms (FindLiveObjects: 0.066917 ms CreateObjectMapping: 0.013375 ms MarkObjects: 3.266792 ms  DeleteObjects: 0.364458 ms)

[00:00:00] Finished 1 Bake Ambient Probe job (0.00s execute, 0.00s integrate, 0.01s wallclock)
Opening scene 'Assets/Scenes/MainLoop.unity'
Unloading 2 Unused Serialized files (Serialized files now loaded: 0)
Loaded scene 'Assets/Scenes/MainLoop.unity'
	Deserialize:            24.595 ms
	Integration:            577.292 ms
	Integration of assets:  0.041 ms
	Thread Wait Time:       -0.031 ms
	Total Operation Time:   601.897 ms
Unloading 1 unused Assets / (0.5 KB). Loaded Objects now: 3301.
Memory consumption went from 112.5 MB to 112.5 MB.
Total: 3.312709 ms (FindLiveObjects: 0.147583 ms CreateObjectMapping: 0.017125 ms MarkObjects: 3.135375 ms  DeleteObjects: 0.012250 ms)

[00:00:00] Finished 1 Bake Ambient Probe job (0.00s execute, 0.00s integrate, 0.01s wallclock)


Mono dependencies included in the build
Dependency assembly - Mono.Security.dll
Dependency assembly - System.IO.Compression.dll
Dependency assembly - System.Drawing.dll
Dependency assembly - System.Data.DataSetExtensions.dll
Dependency assembly - netstandard.dll
Dependency assembly - mscorlib.dll
Dependency assembly - System.Data.dll
Dependency assembly - System.Configuration.dll
Dependency assembly - System.dll
Dependency assembly - Assembly-CSharp.dll
Dependency assembly - System.Net.Http.dll
Dependency assembly - System.Security.dll
Dependency assembly - System.EnterpriseServices.dll
Dependency assembly - System.ComponentModel.Composition.dll
Dependency assembly - System.Numerics.dll
Dependency assembly - System.IO.Compression.FileSystem.dll
Dependency assembly - UnityEngine.UI.dll
Dependency assembly - System.Core.dll
Dependency assembly - System.Transactions.dll
Dependency assembly - System.Xml.dll
Dependency assembly - System.Xml.Linq.dll
Dependency assembly - nunit.framework.dll
Dependency assembly - System.Runtime.Serialization.dll
Dependency assembly - System.ServiceModel.Internals.dll

Unloading 176 Unused Serialized files (Serialized files now loaded: 0)
Unloading 194 unused Assets / (0.8 MB). Loaded Objects now: 992.
Memory consumption went from 114.2 MB to 113.3 MB.
Total: 4.186291 ms (FindLiveObjects: 0.052792 ms CreateObjectMapping: 0.015792 ms MarkObjects: 3.404209 ms  DeleteObjects: 0.712750 ms)

Unloading 0 Unused Serialized files (Serialized files now loaded: 0)
Unloading 0 unused Assets / (0 B). Loaded Objects now: 992.
Memory consumption went from 113.3 MB to 113.3 MB.
Total: 3.203958 ms (FindLiveObjects: 0.063833 ms CreateObjectMapping: 0.013375 ms MarkObjects: 3.123291 ms  DeleteObjects: 0.003167 ms)

Unloading 1 Unused Serialized files (Serialized files now loaded: 0)
Unloading 172 unused Assets / (132.2 MB). Loaded Objects now: 992.
Memory consumption went from 244.5 MB to 112.3 MB.
Total: 11.306625 ms (FindLiveObjects: 0.049667 ms CreateObjectMapping: 0.014334 ms MarkObjects: 3.131084 ms  DeleteObjects: 8.111084 ms)

Compiling shader "Standard" pass "FORWARD" (vp)
    Full variant space:         664
    After settings filtering:   664
    After built-in stripping:   8
    After scriptable stripping: 8
    Processed in 0.00 seconds
    starting compilation...
    finished in 0.00 seconds. Local cache hits 8 (0.00s CPU time), remote cache hits 0 (0.00s CPU time), compiled 0 variants (0.00s CPU time), skipped 0 variants
    Prepared data for serialisation in 0.00s
Compiling shader "Standard" pass "FORWARD" (fp)
    Full variant space:         504
    After settings filtering:   504
    After built-in stripping:   4
    After scriptable stripping: 4
    Processed in 0.00 seconds
    starting compilation...
    finished in 0.00 seconds. Local cache hits 4 (0.00s CPU time), remote cache hits 0 (0.00s CPU time), compiled 0 variants (0.00s CPU time), skipped 0 variants
    Prepared data for serialisation in 0.00s
Compiling shader "Standard" pass "FORWARD_DELTA" (vp)
    Full variant space:         188
    After settings filtering:   188
    After built-in stripping:   13
    After scriptable stripping: 13
    Processed in 0.00 seconds
    starting compilation...
    finished in 0.00 seconds. Local cache hits 13 (0.00s CPU time), remote cache hits 0 (0.00s CPU time), compiled 0 variants (0.00s CPU time), skipped 0 variants
    Prepared data for serialisation in 0.00s
Compiling shader "Standard" pass "FORWARD_DELTA" (fp)
    Full variant space:         188
    After settings filtering:   188
    After built-in stripping:   13
    After scriptable stripping: 13
    Processed in 0.00 seconds
    starting compilation...
    finished in 0.00 seconds. Local cache hits 13 (0.00s CPU time), remote cache hits 0 (0.00s CPU time), compiled 0 variants (0.00s CPU time), skipped 0 variants
    Prepared data for serialisation in 0.00s
Compiling shader "Standard" pass "ShadowCaster" (vp)
    Full variant space:         4
    After settings filtering:   4
    After built-in stripping:   2
    After scriptable stripping: 2
    Processed in 0.00 seconds
    starting compilation...
    finished in 0.00 seconds. Local cache hits 2 (0.00s CPU time), remote cache hits 0 (0.00s CPU time), compiled 0 variants (0.00s CPU time), skipped 0 variants
    Prepared data for serialisation in 0.00s
Compiling shader "Standard" pass "ShadowCaster" (fp)
    Full variant space:         4
    After settings filtering:   4
    After built-in stripping:   2
    After scriptable stripping: 2
    Processed in 0.00 seconds
    starting compilation...
    finished in 0.00 seconds. Local cache hits 2 (0.00s CPU time), remote cache hits 0 (0.00s CPU time), compiled 0 variants (0.00s CPU time), skipped 0 variants
    Prepared data for serialisation in 0.00s
Compiling shader "Standard" pass "DEFERRED" (vp)
    Full variant space:         76
    After settings filtering:   76
    After built-in stripping:   4
    After scriptable stripping: 4
    Processed in 0.00 seconds
    starting compilation...
    finished in 0.00 seconds. Local cache hits 4 (0.00s CPU time), remote cache hits 0 (0.00s CPU time), compiled 0 variants (0.00s CPU time), skipped 0 variants
    Prepared data for serialisation in 0.00s
Compiling shader "Standard" pass "DEFERRED" (fp)
    Full variant space:         76
    After settings filtering:   76
    After built-in stripping:   4
    After scriptable stripping: 4
    Processed in 0.00 seconds
    starting compilation...
    finished in 0.00 seconds. Local cache hits 4 (0.00s CPU time), remote cache hits 0 (0.00s CPU time), compiled 0 variants (0.00s CPU time), skipped 0 variants
    Prepared data for serialisation in 0.00s
Compiling shader "Standard" pass "FORWARD" (vp)
    Full variant space:         208
    After settings filtering:   208
    After built-in stripping:   8
    After scriptable stripping: 8
    Processed in 0.00 seconds
    starting compilation...
    finished in 0.00 seconds. Local cache hits 8 (0.00s CPU time), remote cache hits 0 (0.00s CPU time), compiled 0 variants (0.00s CPU time), skipped 0 variants
    Prepared data for serialisation in 0.00s
Compiling shader "Standard" pass "FORWARD" (fp)
    Full variant space:         148
    After settings filtering:   148
    After built-in stripping:   4
    After scriptable stripping: 4
    Processed in 0.00 seconds
    starting compilation...
    finished in 0.00 seconds. Local cache hits 4 (0.00s CPU time), remote cache hits 0 (0.00s CPU time), compiled 0 variants (0.00s CPU time), skipped 0 variants
    Prepared data for serialisation in 0.00s
Compiling shader "Standard" pass "FORWARD_DELTA" (vp)
    Full variant space:         140
    After settings filtering:   140
    After built-in stripping:   10
    After scriptable stripping: 10
    Processed in 0.00 seconds
    starting compilation...
    finished in 0.00 seconds. Local cache hits 10 (0.00s CPU time), remote cache hits 0 (0.00s CPU time), compiled 0 variants (0.00s CPU time), skipped 0 variants
    Prepared data for serialisation in 0.00s
Compiling shader "Standard" pass "FORWARD_DELTA" (fp)
    Full variant space:         140
    After settings filtering:   140
    After built-in stripping:   10
    After scriptable stripping: 10
    Processed in 0.00 seconds
    starting compilation...
    finished in 0.00 seconds. Local cache hits 10 (0.00s CPU time), remote cache hits 0 (0.00s CPU time), compiled 0 variants (0.00s CPU time), skipped 0 variants
    Prepared data for serialisation in 0.00s
Compiling shader "Standard" pass "ShadowCaster" (vp)
    Full variant space:         2
    After settings filtering:   2
    After built-in stripping:   2
    After scriptable stripping: 2
    Processed in 0.00 seconds
    starting compilation...
    finished in 0.00 seconds. Local cache hits 2 (0.00s CPU time), remote cache hits 0 (0.00s CPU time), compiled 0 variants (0.00s CPU time), skipped 0 variants
    Prepared data for serialisation in 0.00s
Compiling shader "Standard" pass "ShadowCaster" (fp)
    Full variant space:         2
    After settings filtering:   2
    After built-in stripping:   2
    After scriptable stripping: 2
    Processed in 0.00 seconds
    starting compilation...
    finished in 0.00 seconds. Local cache hits 2 (0.00s CPU time), remote cache hits 0 (0.00s CPU time), compiled 0 variants (0.00s CPU time), skipped 0 variants
    Prepared data for serialisation in 0.00s
Serialized binary data for shader Standard in 0.00s
    metal (total internal programs: 86, unique: 72)
Compiling shader "Skybox/Procedural" pass "" (vp)
    Full variant space:         3
    After settings filtering:   3
    After built-in stripping:   3
    After scriptable stripping: 3
    Processed in 0.00 seconds
    starting compilation...
    finished in 0.00 seconds. Local cache hits 3 (0.00s CPU time), remote cache hits 0 (0.00s CPU time), compiled 0 variants (0.00s CPU time), skipped 0 variants
    Prepared data for serialisation in 0.00s
Compiling shader "Skybox/Procedural" pass "" (fp)
    Full variant space:         3
    After settings filtering:   3
    After built-in stripping:   3
    After scriptable stripping: 3
    Processed in 0.00 seconds
    starting compilation...
    finished in 0.00 seconds. Local cache hits 3 (0.00s CPU time), remote cache hits 0 (0.00s CPU time), compiled 0 variants (0.00s CPU time), skipped 0 variants
    Prepared data for serialisation in 0.00s
Serialized binary data for shader Skybox/Procedural in 0.00s
    metal (total internal programs: 6, unique: 6)
Compiling shader "Legacy Shaders/VertexLit" pass "" (vp)
    Full variant space:         12
    After settings filtering:   12
    After built-in stripping:   3
    After scriptable stripping: 3
    Processed in 0.00 seconds
    starting compilation...
    finished in 0.00 seconds. Local cache hits 3 (0.00s CPU time), remote cache hits 0 (0.00s CPU time), compiled 0 variants (0.00s CPU time), skipped 0 variants
    Prepared data for serialisation in 0.00s
Compiling shader "Legacy Shaders/VertexLit" pass "" (fp)
    Full variant space:         12
    After settings filtering:   12
    After built-in stripping:   3
    After scriptable stripping: 3
    Processed in 0.00 seconds
    starting compilation...
    finished in 0.00 seconds. Local cache hits 3 (0.00s CPU time), remote cache hits 0 (0.00s CPU time), compiled 0 variants (0.00s CPU time), skipped 0 variants
    Prepared data for serialisation in 0.00s
Compiling shader "Legacy Shaders/VertexLit" pass "" (vp)
    Full variant space:         4
    After settings filtering:   4
    After built-in stripping:   1
    After scriptable stripping: 1
    Processed in 0.00 seconds
    starting compilation...
    finished in 0.00 seconds. Local cache hits 1 (0.00s CPU time), remote cache hits 0 (0.00s CPU time), compiled 0 variants (0.00s CPU time), skipped 0 variants
    Prepared data for serialisation in 0.00s
Compiling shader "Legacy Shaders/VertexLit" pass "" (fp)
    Full variant space:         4
    After settings filtering:   4
    After built-in stripping:   1
    After scriptable stripping: 1
    Processed in 0.00 seconds
    starting compilation...
    finished in 0.00 seconds. Local cache hits 1 (0.00s CPU time), remote cache hits 0 (0.00s CPU time), compiled 0 variants (0.00s CPU time), skipped 0 variants
    Prepared data for serialisation in 0.00s
Compiling shader "Legacy Shaders/VertexLit" pass "ShadowCaster" (vp)
    Full variant space:         4
    After settings filtering:   4
    After built-in stripping:   2
    After scriptable stripping: 2
    Processed in 0.00 seconds
    starting compilation...
    finished in 0.00 seconds. Local cache hits 2 (0.00s CPU time), remote cache hits 0 (0.00s CPU time), compiled 0 variants (0.00s CPU time), skipped 0 variants
    Prepared data for serialisation in 0.00s
Compiling shader "Legacy Shaders/VertexLit" pass "ShadowCaster" (fp)
    Full variant space:         4
    After settings filtering:   4
    After built-in stripping:   2
    After scriptable stripping: 2
    Processed in 0.00 seconds
    starting compilation...
    finished in 0.00 seconds. Local cache hits 2 (0.00s CPU time), remote cache hits 0 (0.00s CPU time), compiled 0 variants (0.00s CPU time), skipped 0 variants
    Prepared data for serialisation in 0.00s
Serialized binary data for shader Legacy Shaders/VertexLit in 0.00s
    metal (total internal programs: 12, unique: 12)
Compiling shader "Legacy Shaders/Diffuse" pass "FORWARD" (vp)
    Full variant space:         664
    After settings filtering:   664
    After built-in stripping:   8
    After scriptable stripping: 8
    Processed in 0.00 seconds
    starting compilation...
    finished in 0.00 seconds. Local cache hits 8 (0.00s CPU time), remote cache hits 0 (0.00s CPU time), compiled 0 variants (0.00s CPU time), skipped 0 variants
    Prepared data for serialisation in 0.00s
Compiling shader "Legacy Shaders/Diffuse" pass "FORWARD" (fp)
    Full variant space:         504
    After settings filtering:   504
    After built-in stripping:   4
    After scriptable stripping: 4
    Processed in 0.00 seconds
    starting compilation...
    finished in 0.00 seconds. Local cache hits 4 (0.00s CPU time), remote cache hits 0 (0.00s CPU time), compiled 0 variants (0.00s CPU time), skipped 0 variants
    Prepared data for serialisation in 0.00s
Compiling shader "Legacy Shaders/Diffuse" pass "FORWARD" (vp)
    Full variant space:         20
    After settings filtering:   20
    After built-in stripping:   5
    After scriptable stripping: 5
    Processed in 0.00 seconds
    starting compilation...
    finished in 0.00 seconds. Local cache hits 5 (0.00s CPU time), remote cache hits 0 (0.00s CPU time), compiled 0 variants (0.00s CPU time), skipped 0 variants
    Prepared data for serialisation in 0.00s
Compiling shader "Legacy Shaders/Diffuse" pass "FORWARD" (fp)
    Full variant space:         20
    After settings filtering:   20
    After built-in stripping:   5
    After scriptable stripping: 5
    Processed in 0.00 seconds
    starting compilation...
    finished in 0.00 seconds. Local cache hits 5 (0.00s CPU time), remote cache hits 0 (0.00s CPU time), compiled 0 variants (0.00s CPU time), skipped 0 variants
    Prepared data for serialisation in 0.00s
Compiling shader "Legacy Shaders/Diffuse" pass "DEFERRED" (vp)
    Full variant space:         76
    After settings filtering:   76
    After built-in stripping:   4
    After scriptable stripping: 4
    Processed in 0.00 seconds
    starting compilation...
    finished in 0.00 seconds. Local cache hits 4 (0.00s CPU time), remote cache hits 0 (0.00s CPU time), compiled 0 variants (0.00s CPU time), skipped 0 variants
    Prepared data for serialisation in 0.00s
Compiling shader "Legacy Shaders/Diffuse" pass "DEFERRED" (fp)
    Full variant space:         76
    After settings filtering:   76
    After built-in stripping:   4
    After scriptable stripping: 4
    Processed in 0.00 seconds
    starting compilation...
    finished in 0.00 seconds. Local cache hits 4 (0.00s CPU time), remote cache hits 0 (0.00s CPU time), compiled 0 variants (0.00s CPU time), skipped 0 variants
    Prepared data for serialisation in 0.00s
Serialized binary data for shader Legacy Shaders/Diffuse in 0.00s
    metal (total internal programs: 30, unique: 29)
Compiling shader "Hidden/Internal-StencilWrite" pass "" (vp)
    Full variant space:         1
    After settings filtering:   1
    After built-in stripping:   1
    After scriptable stripping: 1
    Processed in 0.00 seconds
    starting compilation...
    finished in 0.00 seconds. Local cache hits 1 (0.00s CPU time), remote cache hits 0 (0.00s CPU time), compiled 0 variants (0.00s CPU time), skipped 0 variants
    Prepared data for serialisation in 0.00s
Compiling shader "Hidden/Internal-StencilWrite" pass "" (fp)
    Full variant space:         1
    After settings filtering:   1
    After built-in stripping:   1
    After scriptable stripping: 1
    Processed in 0.00 seconds
    starting compilation...
    finished in 0.00 seconds. Local cache hits 1 (0.00s CPU time), remote cache hits 0 (0.00s CPU time), compiled 0 variants (0.00s CPU time), skipped 0 variants
    Prepared data for serialisation in 0.00s
Serialized binary data for shader Hidden/Internal-StencilWrite in 0.00s
    metal (total internal programs: 2, unique: 2)
Compiling shader "Hidden/Internal-DepthNormalsTexture" pass "" (vp)
    Full variant space:         1
    After settings filtering:   1
    After built-in stripping:   1
    After scriptable stripping: 1
    Processed in 0.00 seconds
    starting compilation...
    finished in 0.00 seconds. Local cache hits 1 (0.00s CPU time), remote cache hits 0 (0.00s CPU time), compiled 0 variants (0.00s CPU time), skipped 0 variants
    Prepared data for serialisation in 0.00s
Compiling shader "Hidden/Internal-DepthNormalsTexture" pass "" (fp)
    Full variant space:         1
    After settings filtering:   1
    After built-in stripping:   1
    After scriptable stripping: 1
    Processed in 0.00 seconds
    starting compilation...
    finished in 0.00 seconds. Local cache hits 1 (0.00s CPU time), remote cache hits 0 (0.00s CPU time), compiled 0 variants (0.00s CPU time), skipped 0 variants
    Prepared data for serialisation in 0.00s
Compiling shader "Hidden/Internal-DepthNormalsTexture" pass "" (vp)
    Full variant space:         1
    After settings filtering:   1
    After built-in stripping:   1
    After scriptable stripping: 1
    Processed in 0.00 seconds
    starting compilation...
    finished in 0.00 seconds. Local cache hits 1 (0.00s CPU time), remote cache hits 0 (0.00s CPU time), compiled 0 variants (0.00s CPU time), skipped 0 variants
    Prepared data for serialisation in 0.00s
Compiling shader "Hidden/Internal-DepthNormalsTexture" pass "" (fp)
    Full variant space:         1
    After settings filtering:   1
    After built-in stripping:   1
    After scriptable stripping: 1
    Processed in 0.00 seconds
    starting compilation...
    finished in 0.00 seconds. Local cache hits 1 (0.00s CPU time), remote cache hits 0 (0.00s CPU time), compiled 0 variants (0.00s CPU time), skipped 0 variants
    Prepared data for serialisation in 0.00s
Compiling shader "Hidden/Internal-DepthNormalsTexture" pass "" (vp)
    Full variant space:         1
    After settings filtering:   1
    After built-in stripping:   1
    After scriptable stripping: 1
    Processed in 0.00 seconds
    starting compilation...
    finished in 0.00 seconds. Local cache hits 1 (0.00s CPU time), remote cache hits 0 (0.00s CPU time), compiled 0 variants (0.00s CPU time), skipped 0 variants
    Prepared data for serialisation in 0.00s
Compiling shader "Hidden/Internal-DepthNormalsTexture" pass "" (fp)
    Full variant space:         1
    After settings filtering:   1
    After built-in stripping:   1
    After scriptable stripping: 1
    Processed in 0.00 seconds
    starting compilation...
    finished in 0.00 seconds. Local cache hits 1 (0.00s CPU time), remote cache hits 0 (0.00s CPU time), compiled 0 variants (0.00s CPU time), skipped 0 variants
    Prepared data for serialisation in 0.00s
Compiling shader "Hidden/Internal-DepthNormalsTexture" pass "" (vp)
    Full variant space:         1
    After settings filtering:   1
    After built-in stripping:   1
    After scriptable stripping: 1
    Processed in 0.00 seconds
    starting compilation...
    finished in 0.00 seconds. Local cache hits 1 (0.00s CPU time), remote cache hits 0 (0.00s CPU time), compiled 0 variants (0.00s CPU time), skipped 0 variants
    Prepared data for serialisation in 0.00s
Compiling shader "Hidden/Internal-DepthNormalsTexture" pass "" (fp)
    Full variant space:         1
    After settings filtering:   1
    After built-in stripping:   1
    After scriptable stripping: 1
    Processed in 0.00 seconds
    starting compilation...
    finished in 0.00 seconds. Local cache hits 1 (0.00s CPU time), remote cache hits 0 (0.00s CPU time), compiled 0 variants (0.00s CPU time), skipped 0 variants
    Prepared data for serialisation in 0.00s
Compiling shader "Hidden/Internal-DepthNormalsTexture" pass "" (vp)
    Full variant space:         1
    After settings filtering:   1
    After built-in stripping:   1
    After scriptable stripping: 1
    Processed in 0.00 seconds
    starting compilation...
    finished in 0.00 seconds. Local cache hits 1 (0.00s CPU time), remote cache hits 0 (0.00s CPU time), compiled 0 variants (0.00s CPU time), skipped 0 variants
    Prepared data for serialisation in 0.00s
Compiling shader "Hidden/Internal-DepthNormalsTexture" pass "" (fp)
    Full variant space:         1
    After settings filtering:   1
    After built-in stripping:   1
    After scriptable stripping: 1
    Processed in 0.00 seconds
    starting compilation...
    finished in 0.00 seconds. Local cache hits 1 (0.00s CPU time), remote cache hits 0 (0.00s CPU time), compiled 0 variants (0.00s CPU time), skipped 0 variants
    Prepared data for serialisation in 0.00s
Compiling shader "Hidden/Internal-DepthNormalsTexture" pass "" (vp)
    Full variant space:         1
    After settings filtering:   1
    After built-in stripping:   1
    After scriptable stripping: 1
    Processed in 0.00 seconds
    starting compilation...
    finished in 0.00 seconds. Local cache hits 1 (0.00s CPU time), remote cache hits 0 (0.00s CPU time), compiled 0 variants (0.00s CPU time), skipped 0 variants
    Prepared data for serialisation in 0.00s
Compiling shader "Hidden/Internal-DepthNormalsTexture" pass "" (fp)
    Full variant space:         1
    After settings filtering:   1
    After built-in stripping:   1
    After scriptable stripping: 1
    Processed in 0.00 seconds
    starting compilation...
    finished in 0.00 seconds. Local cache hits 1 (0.00s CPU time), remote cache hits 0 (0.00s CPU time), compiled 0 variants (0.00s CPU time), skipped 0 variants
    Prepared data for serialisation in 0.00s
Compiling shader "Hidden/Internal-DepthNormalsTexture" pass "" (vp)
    Full variant space:         1
    After settings filtering:   1
    After built-in stripping:   1
    After scriptable stripping: 1
    Processed in 0.00 seconds
    starting compilation...
    finished in 0.00 seconds. Local cache hits 1 (0.00s CPU time), remote cache hits 0 (0.00s CPU time), compiled 0 variants (0.00s CPU time), skipped 0 variants
    Prepared data for serialisation in 0.00s
Compiling shader "Hidden/Internal-DepthNormalsTexture" pass "" (fp)
    Full variant space:         1
    After settings filtering:   1
    After built-in stripping:   1
    After scriptable stripping: 1
    Processed in 0.00 seconds
    starting compilation...
    finished in 0.00 seconds. Local cache hits 1 (0.00s CPU time), remote cache hits 0 (0.00s CPU time), compiled 0 variants (0.00s CPU time), skipped 0 variants
    Prepared data for serialisation in 0.00s
Compiling shader "Hidden/Internal-DepthNormalsTexture" pass "" (vp)
    Full variant space:         1
    After settings filtering:   1
    After built-in stripping:   1
    After scriptable stripping: 1
    Processed in 0.00 seconds
    starting compilation...
    finished in 0.00 seconds. Local cache hits 1 (0.00s CPU time), remote cache hits 0 (0.00s CPU time), compiled 0 variants (0.00s CPU time), skipped 0 variants
    Prepared data for serialisation in 0.00s
Compiling shader "Hidden/Internal-DepthNormalsTexture" pass "" (fp)
    Full variant space:         1
    After settings filtering:   1
    After built-in stripping:   1
    After scriptable stripping: 1
    Processed in 0.00 seconds
    starting compilation...
    finished in 0.00 seconds. Local cache hits 1 (0.00s CPU time), remote cache hits 0 (0.00s CPU time), compiled 0 variants (0.00s CPU time), skipped 0 variants
    Prepared data for serialisation in 0.00s
Compiling shader "Hidden/Internal-DepthNormalsTexture" pass "" (vp)
    Full variant space:         1
    After settings filtering:   1
    After built-in stripping:   1
    After scriptable stripping: 1
    Processed in 0.00 seconds
    starting compilation...
    finished in 0.00 seconds. Local cache hits 1 (0.00s CPU time), remote cache hits 0 (0.00s CPU time), compiled 0 variants (0.00s CPU time), skipped 0 variants
    Prepared data for serialisation in 0.00s
Compiling shader "Hidden/Internal-DepthNormalsTexture" pass "" (fp)
    Full variant space:         1
    After settings filtering:   1
    After built-in stripping:   1
    After scriptable stripping: 1
    Processed in 0.00 seconds
    starting compilation...
    finished in 0.00 seconds. Local cache hits 1 (0.00s CPU time), remote cache hits 0 (0.00s CPU time), compiled 0 variants (0.00s CPU time), skipped 0 variants
    Prepared data for serialisation in 0.00s
Compiling shader "Hidden/Internal-DepthNormalsTexture" pass "" (vp)
    Full variant space:         1
    After settings filtering:   1
    After built-in stripping:   1
    After scriptable stripping: 1
    Processed in 0.00 seconds
    starting compilation...
    finished in 0.00 seconds. Local cache hits 1 (0.00s CPU time), remote cache hits 0 (0.00s CPU time), compiled 0 variants (0.00s CPU time), skipped 0 variants
    Prepared data for serialisation in 0.00s
Compiling shader "Hidden/Internal-DepthNormalsTexture" pass "" (fp)
    Full variant space:         1
    After settings filtering:   1
    After built-in stripping:   1
    After scriptable stripping: 1
    Processed in 0.00 seconds
    starting compilation...
    finished in 0.00 seconds. Local cache hits 1 (0.00s CPU time), remote cache hits 0 (0.00s CPU time), compiled 0 variants (0.00s CPU time), skipped 0 variants
    Prepared data for serialisation in 0.00s
Serialized binary data for shader Hidden/Internal-DepthNormalsTexture in 0.00s
    metal (total internal programs: 20, unique: 16)
Compiling shader "Hidden/Internal-ScreenSpaceShadows" pass "" (vp)
    Full variant space:         4
    After settings filtering:   4
    After built-in stripping:   4
    After scriptable stripping: 4
    Processed in 0.00 seconds
    starting compilation...
    finished in 0.00 seconds. Local cache hits 4 (0.00s CPU time), remote cache hits 0 (0.00s CPU time), compiled 0 variants (0.00s CPU time), skipped 0 variants
    Prepared data for serialisation in 0.00s
Compiling shader "Hidden/Internal-ScreenSpaceShadows" pass "" (fp)
    Full variant space:         4
    After settings filtering:   4
    After built-in stripping:   4
    After scriptable stripping: 4
    Processed in 0.00 seconds
    starting compilation...
    finished in 0.00 seconds. Local cache hits 4 (0.00s CPU time), remote cache hits 0 (0.00s CPU time), compiled 0 variants (0.00s CPU time), skipped 0 variants
    Prepared data for serialisation in 0.00s
Compiling shader "Hidden/Internal-ScreenSpaceShadows" pass "" (vp)
    Full variant space:         4
    After settings filtering:   4
    After built-in stripping:   4
    After scriptable stripping: 4
    Processed in 0.00 seconds
    starting compilation...
    finished in 0.00 seconds. Local cache hits 4 (0.00s CPU time), remote cache hits 0 (0.00s CPU time), compiled 0 variants (0.00s CPU time), skipped 0 variants
    Prepared data for serialisation in 0.00s
Compiling shader "Hidden/Internal-ScreenSpaceShadows" pass "" (fp)
    Full variant space:         4
    After settings filtering:   4
    After built-in stripping:   4
    After scriptable stripping: 4
    Processed in 0.00 seconds
    starting compilation...
    finished in 0.00 seconds. Local cache hits 4 (0.00s CPU time), remote cache hits 0 (0.00s CPU time), compiled 0 variants (0.00s CPU time), skipped 0 variants
    Prepared data for serialisation in 0.00s
Compiling shader "Hidden/Internal-ScreenSpaceShadows" pass "" (vp)
    Full variant space:         4
    After settings filtering:   4
    After built-in stripping:   4
    After scriptable stripping: 4
    Processed in 0.00 seconds
    starting compilation...
    finished in 0.00 seconds. Local cache hits 4 (0.00s CPU time), remote cache hits 0 (0.00s CPU time), compiled 0 variants (0.00s CPU time), skipped 0 variants
    Prepared data for serialisation in 0.00s
Compiling shader "Hidden/Internal-ScreenSpaceShadows" pass "" (fp)
    Full variant space:         4
    After settings filtering:   4
    After built-in stripping:   4
    After scriptable stripping: 4
    Processed in 0.00 seconds
    starting compilation...
    finished in 0.00 seconds. Local cache hits 4 (0.00s CPU time), remote cache hits 0 (0.00s CPU time), compiled 0 variants (0.00s CPU time), skipped 0 variants
    Prepared data for serialisation in 0.00s
Compiling shader "Hidden/Internal-ScreenSpaceShadows" pass "" (vp)
    Full variant space:         4
    After settings filtering:   4
    After built-in stripping:   4
    After scriptable stripping: 4
    Processed in 0.00 seconds
    starting compilation...
    finished in 0.00 seconds. Local cache hits 4 (0.00s CPU time), remote cache hits 0 (0.00s CPU time), compiled 0 variants (0.00s CPU time), skipped 0 variants
    Prepared data for serialisation in 0.00s
Compiling shader "Hidden/Internal-ScreenSpaceShadows" pass "" (fp)
    Full variant space:         4
    After settings filtering:   4
    After built-in stripping:   4
    After scriptable stripping: 4
    Processed in 0.00 seconds
    starting compilation...
    finished in 0.00 seconds. Local cache hits 4 (0.00s CPU time), remote cache hits 0 (0.00s CPU time), compiled 0 variants (0.00s CPU time), skipped 0 variants
    Prepared data for serialisation in 0.00s
Serialized binary data for shader Hidden/Internal-ScreenSpaceShadows in 0.00s
    metal (total internal programs: 32, unique: 20)
Compiling shader "Hidden/Internal-CombineDepthNormals" pass "" (vp)
    Full variant space:         1
    After settings filtering:   1
    After built-in stripping:   1
    After scriptable stripping: 1
    Processed in 0.00 seconds
    starting compilation...
    finished in 0.00 seconds. Local cache hits 1 (0.00s CPU time), remote cache hits 0 (0.00s CPU time), compiled 0 variants (0.00s CPU time), skipped 0 variants
    Prepared data for serialisation in 0.00s
Compiling shader "Hidden/Internal-CombineDepthNormals" pass "" (fp)
    Full variant space:         1
    After settings filtering:   1
    After built-in stripping:   1
    After scriptable stripping: 1
    Processed in 0.00 seconds
    starting compilation...
    finished in 0.00 seconds. Local cache hits 1 (0.00s CPU time), remote cache hits 0 (0.00s CPU time), compiled 0 variants (0.00s CPU time), skipped 0 variants
    Prepared data for serialisation in 0.00s
Serialized binary data for shader Hidden/Internal-CombineDepthNormals in 0.00s
    metal (total internal programs: 2, unique: 2)
Compiling shader "Hidden/BlitCopy" pass "" (vp)
    Full variant space:         1
    After settings filtering:   1
    After built-in stripping:   1
    After scriptable stripping: 1
    Processed in 0.00 seconds
    starting compilation...
    finished in 0.00 seconds. Local cache hits 1 (0.00s CPU time), remote cache hits 0 (0.00s CPU time), compiled 0 variants (0.00s CPU time), skipped 0 variants
    Prepared data for serialisation in 0.00s
Compiling shader "Hidden/BlitCopy" pass "" (fp)
    Full variant space:         1
    After settings filtering:   1
    After built-in stripping:   1
    After scriptable stripping: 1
    Processed in 0.00 seconds
    starting compilation...
    finished in 0.00 seconds. Local cache hits 1 (0.00s CPU time), remote cache hits 0 (0.00s CPU time), compiled 0 variants (0.00s CPU time), skipped 0 variants
    Prepared data for serialisation in 0.00s
Serialized binary data for shader Hidden/BlitCopy in 0.00s
    metal (total internal programs: 2, unique: 2)
Compiling shader "Hidden/BlitCopyDepth" pass "" (vp)
    Full variant space:         1
    After settings filtering:   1
    After built-in stripping:   1
    After scriptable stripping: 1
    Processed in 0.00 seconds
    starting compilation...
    finished in 0.00 seconds. Local cache hits 1 (0.00s CPU time), remote cache hits 0 (0.00s CPU time), compiled 0 variants (0.00s CPU time), skipped 0 variants
    Prepared data for serialisation in 0.00s
Compiling shader "Hidden/BlitCopyDepth" pass "" (fp)
    Full variant space:         1
    After settings filtering:   1
    After built-in stripping:   1
    After scriptable stripping: 1
    Processed in 0.00 seconds
    starting compilation...
    finished in 0.00 seconds. Local cache hits 1 (0.00s CPU time), remote cache hits 0 (0.00s CPU time), compiled 0 variants (0.00s CPU time), skipped 0 variants
    Prepared data for serialisation in 0.00s
Serialized binary data for shader Hidden/BlitCopyDepth in 0.00s
    metal (total internal programs: 2, unique: 2)
Compiling shader "Hidden/ConvertTexture" pass "" (vp)
    Full variant space:         1
    After settings filtering:   1
    After built-in stripping:   1
    After scriptable stripping: 1
    Processed in 0.00 seconds
    starting compilation...
    finished in 0.00 seconds. Local cache hits 1 (0.00s CPU time), remote cache hits 0 (0.00s CPU time), compiled 0 variants (0.00s CPU time), skipped 0 variants
    Prepared data for serialisation in 0.00s
Compiling shader "Hidden/ConvertTexture" pass "" (fp)
    Full variant space:         1
    After settings filtering:   1
    After built-in stripping:   1
    After scriptable stripping: 1
    Processed in 0.00 seconds
    starting compilation...
    finished in 0.00 seconds. Local cache hits 1 (0.00s CPU time), remote cache hits 0 (0.00s CPU time), compiled 0 variants (0.00s CPU time), skipped 0 variants
    Prepared data for serialisation in 0.00s
Serialized binary data for shader Hidden/ConvertTexture in 0.00s
    metal (total internal programs: 2, unique: 2)
Compiling shader "Hidden/Internal-DeferredShading" pass "" (vp)
    Full variant space:         94
    After settings filtering:   94
    After built-in stripping:   26
    After scriptable stripping: 26
    Processed in 0.00 seconds
    starting compilation...
    finished in 0.00 seconds. Local cache hits 26 (0.01s CPU time), remote cache hits 0 (0.00s CPU time), compiled 0 variants (0.00s CPU time), skipped 0 variants
    Prepared data for serialisation in 0.00s
Compiling shader "Hidden/Internal-DeferredShading" pass "" (fp)
    Full variant space:         94
    After settings filtering:   94
    After built-in stripping:   26
    After scriptable stripping: 26
    Processed in 0.00 seconds
    starting compilation...
    finished in 0.00 seconds. Local cache hits 26 (0.01s CPU time), remote cache hits 0 (0.00s CPU time), compiled 0 variants (0.00s CPU time), skipped 0 variants
    Prepared data for serialisation in 0.00s
Compiling shader "Hidden/Internal-DeferredShading" pass "" (vp)
    Full variant space:         1
    After settings filtering:   1
    After built-in stripping:   1
    After scriptable stripping: 1
    Processed in 0.00 seconds
    starting compilation...
    finished in 0.00 seconds. Local cache hits 1 (0.00s CPU time), remote cache hits 0 (0.00s CPU time), compiled 0 variants (0.00s CPU time), skipped 0 variants
    Prepared data for serialisation in 0.00s
Compiling shader "Hidden/Internal-DeferredShading" pass "" (fp)
    Full variant space:         1
    After settings filtering:   1
    After built-in stripping:   1
    After scriptable stripping: 1
    Processed in 0.00 seconds
    starting compilation...
    finished in 0.00 seconds. Local cache hits 1 (0.00s CPU time), remote cache hits 0 (0.00s CPU time), compiled 0 variants (0.00s CPU time), skipped 0 variants
    Prepared data for serialisation in 0.00s
Serialized binary data for shader Hidden/Internal-DeferredShading in 0.00s
    metal (total internal programs: 54, unique: 54)
Compiling shader "Hidden/Internal-DeferredReflections" pass "" (vp)
    Full variant space:         1
    After settings filtering:   1
    After built-in stripping:   1
    After scriptable stripping: 1
    Processed in 0.00 seconds
    starting compilation...
    finished in 0.00 seconds. Local cache hits 1 (0.00s CPU time), remote cache hits 0 (0.00s CPU time), compiled 0 variants (0.00s CPU time), skipped 0 variants
    Prepared data for serialisation in 0.00s
Compiling shader "Hidden/Internal-DeferredReflections" pass "" (fp)
    Full variant space:         1
    After settings filtering:   1
    After built-in stripping:   1
    After scriptable stripping: 1
    Processed in 0.00 seconds
    starting compilation...
    finished in 0.00 seconds. Local cache hits 1 (0.00s CPU time), remote cache hits 0 (0.00s CPU time), compiled 0 variants (0.00s CPU time), skipped 0 variants
    Prepared data for serialisation in 0.00s
Compiling shader "Hidden/Internal-DeferredReflections" pass "" (vp)
    Full variant space:         2
    After settings filtering:   2
    After built-in stripping:   2
    After scriptable stripping: 2
    Processed in 0.00 seconds
    starting compilation...
    finished in 0.00 seconds. Local cache hits 2 (0.00s CPU time), remote cache hits 0 (0.00s CPU time), compiled 0 variants (0.00s CPU time), skipped 0 variants
    Prepared data for serialisation in 0.00s
Compiling shader "Hidden/Internal-DeferredReflections" pass "" (fp)
    Full variant space:         2
    After settings filtering:   2
    After built-in stripping:   2
    After scriptable stripping: 2
    Processed in 0.00 seconds
    starting compilation...
    finished in 0.00 seconds. Local cache hits 2 (0.00s CPU time), remote cache hits 0 (0.00s CPU time), compiled 0 variants (0.00s CPU time), skipped 0 variants
    Prepared data for serialisation in 0.00s
Serialized binary data for shader Hidden/Internal-DeferredReflections in 0.00s
    metal (total internal programs: 6, unique: 6)
Compiling shader "Hidden/Internal-MotionVectors" pass "" (vp)
    Full variant space:         1
    After settings filtering:   1
    After built-in stripping:   1
    After scriptable stripping: 1
    Processed in 0.00 seconds
    starting compilation...
    finished in 0.00 seconds. Local cache hits 1 (0.00s CPU time), remote cache hits 0 (0.00s CPU time), compiled 0 variants (0.00s CPU time), skipped 0 variants
    Prepared data for serialisation in 0.00s
Compiling shader "Hidden/Internal-MotionVectors" pass "" (fp)
    Full variant space:         1
    After settings filtering:   1
    After built-in stripping:   1
    After scriptable stripping: 1
    Processed in 0.00 seconds
    starting compilation...
    finished in 0.00 seconds. Local cache hits 1 (0.00s CPU time), remote cache hits 0 (0.00s CPU time), compiled 0 variants (0.00s CPU time), skipped 0 variants
    Prepared data for serialisation in 0.00s
Compiling shader "Hidden/Internal-MotionVectors" pass "" (vp)
    Full variant space:         1
    After settings filtering:   1
    After built-in stripping:   1
    After scriptable stripping: 1
    Processed in 0.00 seconds
    starting compilation...
    finished in 0.00 seconds. Local cache hits 1 (0.00s CPU time), remote cache hits 0 (0.00s CPU time), compiled 0 variants (0.00s CPU time), skipped 0 variants
    Prepared data for serialisation in 0.00s
Compiling shader "Hidden/Internal-MotionVectors" pass "" (fp)
    Full variant space:         1
    After settings filtering:   1
    After built-in stripping:   1
    After scriptable stripping: 1
    Processed in 0.00 seconds
    starting compilation...
    finished in 0.00 seconds. Local cache hits 1 (0.00s CPU time), remote cache hits 0 (0.00s CPU time), compiled 0 variants (0.00s CPU time), skipped 0 variants
    Prepared data for serialisation in 0.00s
Compiling shader "Hidden/Internal-MotionVectors" pass "" (vp)
    Full variant space:         1
    After settings filtering:   1
    After built-in stripping:   1
    After scriptable stripping: 1
    Processed in 0.00 seconds
    starting compilation...
    finished in 0.00 seconds. Local cache hits 1 (0.00s CPU time), remote cache hits 0 (0.00s CPU time), compiled 0 variants (0.00s CPU time), skipped 0 variants
    Prepared data for serialisation in 0.00s
Compiling shader "Hidden/Internal-MotionVectors" pass "" (fp)
    Full variant space:         1
    After settings filtering:   1
    After built-in stripping:   1
    After scriptable stripping: 1
    Processed in 0.00 seconds
    starting compilation...
    finished in 0.00 seconds. Local cache hits 1 (0.00s CPU time), remote cache hits 0 (0.00s CPU time), compiled 0 variants (0.00s CPU time), skipped 0 variants
    Prepared data for serialisation in 0.00s
Serialized binary data for shader Hidden/Internal-MotionVectors in 0.00s
    metal (total internal programs: 6, unique: 5)
Compiling shader "Hidden/Internal-Flare" pass "" (vp)
    Full variant space:         1
    After settings filtering:   1
    After built-in stripping:   1
    After scriptable stripping: 1
    Processed in 0.00 seconds
    starting compilation...
    finished in 0.00 seconds. Local cache hits 1 (0.00s CPU time), remote cache hits 0 (0.00s CPU time), compiled 0 variants (0.00s CPU time), skipped 0 variants
    Prepared data for serialisation in 0.00s
Compiling shader "Hidden/Internal-Flare" pass "" (fp)
    Full variant space:         1
    After settings filtering:   1
    After built-in stripping:   1
    After scriptable stripping: 1
    Processed in 0.00 seconds
    starting compilation...
    finished in 0.00 seconds. Local cache hits 1 (0.00s CPU time), remote cache hits 0 (0.00s CPU time), compiled 0 variants (0.00s CPU time), skipped 0 variants
    Prepared data for serialisation in 0.00s
Serialized binary data for shader Hidden/Internal-Flare in 0.00s
    metal (total internal programs: 2, unique: 2)
Compiling shader "Hidden/Internal-Halo" pass "" (vp)
    Full variant space:         4
    After settings filtering:   4
    After built-in stripping:   1
    After scriptable stripping: 1
    Processed in 0.00 seconds
    starting compilation...
    finished in 0.00 seconds. Local cache hits 1 (0.00s CPU time), remote cache hits 0 (0.00s CPU time), compiled 0 variants (0.00s CPU time), skipped 0 variants
    Prepared data for serialisation in 0.00s
Compiling shader "Hidden/Internal-Halo" pass "" (fp)
    Full variant space:         4
    After settings filtering:   4
    After built-in stripping:   1
    After scriptable stripping: 1
    Processed in 0.00 seconds
    starting compilation...
    finished in 0.00 seconds. Local cache hits 1 (0.00s CPU time), remote cache hits 0 (0.00s CPU time), compiled 0 variants (0.00s CPU time), skipped 0 variants
    Prepared data for serialisation in 0.00s
Serialized binary data for shader Hidden/Internal-Halo in 0.00s
    metal (total internal programs: 2, unique: 2)
Compiling shader "Hidden/BlitCopyWithDepth" pass "" (vp)
    Full variant space:         1
    After settings filtering:   1
    After built-in stripping:   1
    After scriptable stripping: 1
    Processed in 0.00 seconds
    starting compilation...
    finished in 0.00 seconds. Local cache hits 1 (0.00s CPU time), remote cache hits 0 (0.00s CPU time), compiled 0 variants (0.00s CPU time), skipped 0 variants
    Prepared data for serialisation in 0.00s
Compiling shader "Hidden/BlitCopyWithDepth" pass "" (fp)
    Full variant space:         1
    After settings filtering:   1
    After built-in stripping:   1
    After scriptable stripping: 1
    Processed in 0.00 seconds
    starting compilation...
    finished in 0.00 seconds. Local cache hits 1 (0.00s CPU time), remote cache hits 0 (0.00s CPU time), compiled 0 variants (0.00s CPU time), skipped 0 variants
    Prepared data for serialisation in 0.00s
Serialized binary data for shader Hidden/BlitCopyWithDepth in 0.00s
    metal (total internal programs: 2, unique: 2)
Compiling shader "Hidden/BlitToDepth" pass "" (vp)
    Full variant space:         1
    After settings filtering:   1
    After built-in stripping:   1
    After scriptable stripping: 1
    Processed in 0.00 seconds
    starting compilation...
    finished in 0.00 seconds. Local cache hits 1 (0.00s CPU time), remote cache hits 0 (0.00s CPU time), compiled 0 variants (0.00s CPU time), skipped 0 variants
    Prepared data for serialisation in 0.00s
Compiling shader "Hidden/BlitToDepth" pass "" (fp)
    Full variant space:         1
    After settings filtering:   1
    After built-in stripping:   1
    After scriptable stripping: 1
    Processed in 0.00 seconds
    starting compilation...
    finished in 0.00 seconds. Local cache hits 1 (0.00s CPU time), remote cache hits 0 (0.00s CPU time), compiled 0 variants (0.00s CPU time), skipped 0 variants
    Prepared data for serialisation in 0.00s
Serialized binary data for shader Hidden/BlitToDepth in 0.00s
    metal (total internal programs: 2, unique: 2)
Compiling shader "Hidden/BlitToDepth_MSAA" pass "" (vp)
    Full variant space:         1
    After settings filtering:   1
    After built-in stripping:   1
    After scriptable stripping: 1
    Processed in 0.00 seconds
    starting compilation...
    finished in 0.00 seconds. Local cache hits 1 (0.00s CPU time), remote cache hits 0 (0.00s CPU time), compiled 0 variants (0.00s CPU time), skipped 0 variants
    Prepared data for serialisation in 0.00s
Compiling shader "Hidden/BlitToDepth_MSAA" pass "" (fp)
    Full variant space:         1
    After settings filtering:   1
    After built-in stripping:   1
    After scriptable stripping: 1
    Processed in 0.00 seconds
    starting compilation...
    finished in 0.00 seconds. Local cache hits 1 (0.00s CPU time), remote cache hits 0 (0.00s CPU time), compiled 0 variants (0.00s CPU time), skipped 0 variants
    Prepared data for serialisation in 0.00s
Serialized binary data for shader Hidden/BlitToDepth_MSAA in 0.00s
    metal (total internal programs: 2, unique: 2)
Compiling shader "Hidden/BlitCopyHDRTonemap" pass "" (vp)
    Full variant space:         1
    After settings filtering:   1
    After built-in stripping:   1
    After scriptable stripping: 1
    Processed in 0.00 seconds
    starting compilation...
    finished in 0.00 seconds. Local cache hits 1 (0.00s CPU time), remote cache hits 0 (0.00s CPU time), compiled 0 variants (0.00s CPU time), skipped 0 variants
    Prepared data for serialisation in 0.00s
Compiling shader "Hidden/BlitCopyHDRTonemap" pass "" (fp)
    Full variant space:         1
    After settings filtering:   1
    After built-in stripping:   1
    After scriptable stripping: 1
    Processed in 0.00 seconds
    starting compilation...
    finished in 0.00 seconds. Local cache hits 1 (0.00s CPU time), remote cache hits 0 (0.00s CPU time), compiled 0 variants (0.00s CPU time), skipped 0 variants
    Prepared data for serialisation in 0.00s
Serialized binary data for shader Hidden/BlitCopyHDRTonemap in 0.00s
    metal (total internal programs: 2, unique: 2)
Compiling shader "Hidden/BlitCopyHDRTonemappedToHDRTonemap" pass "" (vp)
    Full variant space:         1
    After settings filtering:   1
    After built-in stripping:   1
    After scriptable stripping: 1
    Processed in 0.00 seconds
    starting compilation...
    finished in 0.00 seconds. Local cache hits 1 (0.00s CPU time), remote cache hits 0 (0.00s CPU time), compiled 0 variants (0.00s CPU time), skipped 0 variants
    Prepared data for serialisation in 0.00s
Compiling shader "Hidden/BlitCopyHDRTonemappedToHDRTonemap" pass "" (fp)
    Full variant space:         1
    After settings filtering:   1
    After built-in stripping:   1
    After scriptable stripping: 1
    Processed in 0.00 seconds
    starting compilation...
    finished in 0.00 seconds. Local cache hits 1 (0.00s CPU time), remote cache hits 0 (0.00s CPU time), compiled 0 variants (0.00s CPU time), skipped 0 variants
    Prepared data for serialisation in 0.00s
Serialized binary data for shader Hidden/BlitCopyHDRTonemappedToHDRTonemap in 0.00s
    metal (total internal programs: 2, unique: 2)
Compiling shader "Hidden/Internal-DebugPattern" pass "Target Color and DepthStencil" (vp)
    Full variant space:         1
    After settings filtering:   1
    After built-in stripping:   1
    After scriptable stripping: 1
    Processed in 0.00 seconds
    starting compilation...
    finished in 0.00 seconds. Local cache hits 1 (0.00s CPU time), remote cache hits 0 (0.00s CPU time), compiled 0 variants (0.00s CPU time), skipped 0 variants
    Prepared data for serialisation in 0.00s
Compiling shader "Hidden/Internal-DebugPattern" pass "Target Color and DepthStencil" (fp)
    Full variant space:         1
    After settings filtering:   1
    After built-in stripping:   1
    After scriptable stripping: 1
    Processed in 0.00 seconds
    starting compilation...
    finished in 0.00 seconds. Local cache hits 1 (0.00s CPU time), remote cache hits 0 (0.00s CPU time), compiled 0 variants (0.00s CPU time), skipped 0 variants
    Prepared data for serialisation in 0.00s
Compiling shader "Hidden/Internal-DebugPattern" pass "Target only Color" (vp)
    Full variant space:         1
    After settings filtering:   1
    After built-in stripping:   1
    After scriptable stripping: 1
    Processed in 0.00 seconds
    starting compilation...
    finished in 0.00 seconds. Local cache hits 1 (0.00s CPU time), remote cache hits 0 (0.00s CPU time), compiled 0 variants (0.00s CPU time), skipped 0 variants
    Prepared data for serialisation in 0.00s
Compiling shader "Hidden/Internal-DebugPattern" pass "Target only Color" (fp)
    Full variant space:         1
    After settings filtering:   1
    After built-in stripping:   1
    After scriptable stripping: 1
    Processed in 0.00 seconds
    starting compilation...
    finished in 0.00 seconds. Local cache hits 1 (0.00s CPU time), remote cache hits 0 (0.00s CPU time), compiled 0 variants (0.00s CPU time), skipped 0 variants
    Prepared data for serialisation in 0.00s
Compiling shader "Hidden/Internal-DebugPattern" pass "Target only DepthStencil" (vp)
    Full variant space:         1
    After settings filtering:   1
    After built-in stripping:   1
    After scriptable stripping: 1
    Processed in 0.00 seconds
    starting compilation...
    finished in 0.00 seconds. Local cache hits 1 (0.00s CPU time), remote cache hits 0 (0.00s CPU time), compiled 0 variants (0.00s CPU time), skipped 0 variants
    Prepared data for serialisation in 0.00s
Compiling shader "Hidden/Internal-DebugPattern" pass "Target only DepthStencil" (fp)
    Full variant space:         1
    After settings filtering:   1
    After built-in stripping:   1
    After scriptable stripping: 1
    Processed in 0.00 seconds
    starting compilation...
    finished in 0.00 seconds. Local cache hits 1 (0.00s CPU time), remote cache hits 0 (0.00s CPU time), compiled 0 variants (0.00s CPU time), skipped 0 variants
    Prepared data for serialisation in 0.00s
Serialized binary data for shader Hidden/Internal-DebugPattern in 0.00s
    metal (total internal programs: 6, unique: 4)
Compiling shader "Hidden/BlitCopyHDRTonemappedToSDR" pass "" (vp)
    Full variant space:         1
    After settings filtering:   1
    After built-in stripping:   1
    After scriptable stripping: 1
    Processed in 0.00 seconds
    starting compilation...
    finished in 0.00 seconds. Local cache hits 1 (0.00s CPU time), remote cache hits 0 (0.00s CPU time), compiled 0 variants (0.00s CPU time), skipped 0 variants
    Prepared data for serialisation in 0.00s
Compiling shader "Hidden/BlitCopyHDRTonemappedToSDR" pass "" (fp)
    Full variant space:         1
    After settings filtering:   1
    After built-in stripping:   1
    After scriptable stripping: 1
    Processed in 0.00 seconds
    starting compilation...
    finished in 0.00 seconds. Local cache hits 1 (0.00s CPU time), remote cache hits 0 (0.00s CPU time), compiled 0 variants (0.00s CPU time), skipped 0 variants
    Prepared data for serialisation in 0.00s
Serialized binary data for shader Hidden/BlitCopyHDRTonemappedToSDR in 0.00s
    metal (total internal programs: 2, unique: 2)
Compiling shader "Hidden/Internal-GUITextureClip" pass "" (vp)
    Full variant space:         1
    After settings filtering:   1
    After built-in stripping:   1
    After scriptable stripping: 1
    Processed in 0.00 seconds
    starting compilation...
    finished in 0.00 seconds. Local cache hits 1 (0.00s CPU time), remote cache hits 0 (0.00s CPU time), compiled 0 variants (0.00s CPU time), skipped 0 variants
    Prepared data for serialisation in 0.00s
Compiling shader "Hidden/Internal-GUITextureClip" pass "" (fp)
    Full variant space:         1
    After settings filtering:   1
    After built-in stripping:   1
    After scriptable stripping: 1
    Processed in 0.00 seconds
    starting compilation...
    finished in 0.00 seconds. Local cache hits 1 (0.00s CPU time), remote cache hits 0 (0.00s CPU time), compiled 0 variants (0.00s CPU time), skipped 0 variants
    Prepared data for serialisation in 0.00s
Compiling shader "Hidden/Internal-GUITextureClip" pass "" (vp)
    Full variant space:         1
    After settings filtering:   1
    After built-in stripping:   1
    After scriptable stripping: 1
    Processed in 0.00 seconds
    starting compilation...
    finished in 0.00 seconds. Local cache hits 1 (0.00s CPU time), remote cache hits 0 (0.00s CPU time), compiled 0 variants (0.00s CPU time), skipped 0 variants
    Prepared data for serialisation in 0.00s
Compiling shader "Hidden/Internal-GUITextureClip" pass "" (fp)
    Full variant space:         1
    After settings filtering:   1
    After built-in stripping:   1
    After scriptable stripping: 1
    Processed in 0.00 seconds
    starting compilation...
    finished in 0.00 seconds. Local cache hits 1 (0.00s CPU time), remote cache hits 0 (0.00s CPU time), compiled 0 variants (0.00s CPU time), skipped 0 variants
    Prepared data for serialisation in 0.00s
Serialized binary data for shader Hidden/Internal-GUITextureClip in 0.00s
    metal (total internal programs: 4, unique: 2)
Compiling shader "Hidden/Internal-GUITextureClipText" pass "" (vp)
    Full variant space:         1
    After settings filtering:   1
    After built-in stripping:   1
    After scriptable stripping: 1
    Processed in 0.00 seconds
    starting compilation...
    finished in 0.00 seconds. Local cache hits 1 (0.00s CPU time), remote cache hits 0 (0.00s CPU time), compiled 0 variants (0.00s CPU time), skipped 0 variants
    Prepared data for serialisation in 0.00s
Compiling shader "Hidden/Internal-GUITextureClipText" pass "" (fp)
    Full variant space:         1
    After settings filtering:   1
    After built-in stripping:   1
    After scriptable stripping: 1
    Processed in 0.00 seconds
    starting compilation...
    finished in 0.00 seconds. Local cache hits 1 (0.00s CPU time), remote cache hits 0 (0.00s CPU time), compiled 0 variants (0.00s CPU time), skipped 0 variants
    Prepared data for serialisation in 0.00s
Compiling shader "Hidden/Internal-GUITextureClipText" pass "" (vp)
    Full variant space:         1
    After settings filtering:   1
    After built-in stripping:   1
    After scriptable stripping: 1
    Processed in 0.00 seconds
    starting compilation...
    finished in 0.00 seconds. Local cache hits 1 (0.00s CPU time), remote cache hits 0 (0.00s CPU time), compiled 0 variants (0.00s CPU time), skipped 0 variants
    Prepared data for serialisation in 0.00s
Compiling shader "Hidden/Internal-GUITextureClipText" pass "" (fp)
    Full variant space:         1
    After settings filtering:   1
    After built-in stripping:   1
    After scriptable stripping: 1
    Processed in 0.00 seconds
    starting compilation...
    finished in 0.00 seconds. Local cache hits 1 (0.00s CPU time), remote cache hits 0 (0.00s CPU time), compiled 0 variants (0.00s CPU time), skipped 0 variants
    Prepared data for serialisation in 0.00s
Serialized binary data for shader Hidden/Internal-GUITextureClipText in 0.00s
    metal (total internal programs: 4, unique: 2)
Compiling shader "Hidden/Internal-GUITexture" pass "" (vp)
    Full variant space:         1
    After settings filtering:   1
    After built-in stripping:   1
    After scriptable stripping: 1
    Processed in 0.00 seconds
    starting compilation...
    finished in 0.00 seconds. Local cache hits 1 (0.00s CPU time), remote cache hits 0 (0.00s CPU time), compiled 0 variants (0.00s CPU time), skipped 0 variants
    Prepared data for serialisation in 0.00s
Compiling shader "Hidden/Internal-GUITexture" pass "" (fp)
    Full variant space:         1
    After settings filtering:   1
    After built-in stripping:   1
    After scriptable stripping: 1
    Processed in 0.00 seconds
    starting compilation...
    finished in 0.00 seconds. Local cache hits 1 (0.00s CPU time), remote cache hits 0 (0.00s CPU time), compiled 0 variants (0.00s CPU time), skipped 0 variants
    Prepared data for serialisation in 0.00s
Compiling shader "Hidden/Internal-GUITexture" pass "" (vp)
    Full variant space:         1
    After settings filtering:   1
    After built-in stripping:   1
    After scriptable stripping: 1
    Processed in 0.00 seconds
    starting compilation...
    finished in 0.00 seconds. Local cache hits 1 (0.00s CPU time), remote cache hits 0 (0.00s CPU time), compiled 0 variants (0.00s CPU time), skipped 0 variants
    Prepared data for serialisation in 0.00s
Compiling shader "Hidden/Internal-GUITexture" pass "" (fp)
    Full variant space:         1
    After settings filtering:   1
    After built-in stripping:   1
    After scriptable stripping: 1
    Processed in 0.00 seconds
    starting compilation...
    finished in 0.00 seconds. Local cache hits 1 (0.00s CPU time), remote cache hits 0 (0.00s CPU time), compiled 0 variants (0.00s CPU time), skipped 0 variants
    Prepared data for serialisation in 0.00s
Serialized binary data for shader Hidden/Internal-GUITexture in 0.00s
    metal (total internal programs: 4, unique: 2)
Compiling shader "Hidden/Internal-GUITextureBlit" pass "" (vp)
    Full variant space:         1
    After settings filtering:   1
    After built-in stripping:   1
    After scriptable stripping: 1
    Processed in 0.00 seconds
    starting compilation...
    finished in 0.00 seconds. Local cache hits 1 (0.00s CPU time), remote cache hits 0 (0.00s CPU time), compiled 0 variants (0.00s CPU time), skipped 0 variants
    Prepared data for serialisation in 0.00s
Compiling shader "Hidden/Internal-GUITextureBlit" pass "" (fp)
    Full variant space:         1
    After settings filtering:   1
    After built-in stripping:   1
    After scriptable stripping: 1
    Processed in 0.00 seconds
    starting compilation...
    finished in 0.00 seconds. Local cache hits 1 (0.00s CPU time), remote cache hits 0 (0.00s CPU time), compiled 0 variants (0.00s CPU time), skipped 0 variants
    Prepared data for serialisation in 0.00s
Compiling shader "Hidden/Internal-GUITextureBlit" pass "" (vp)
    Full variant space:         1
    After settings filtering:   1
    After built-in stripping:   1
    After scriptable stripping: 1
    Processed in 0.00 seconds
    starting compilation...
    finished in 0.00 seconds. Local cache hits 1 (0.00s CPU time), remote cache hits 0 (0.00s CPU time), compiled 0 variants (0.00s CPU time), skipped 0 variants
    Prepared data for serialisation in 0.00s
Compiling shader "Hidden/Internal-GUITextureBlit" pass "" (fp)
    Full variant space:         1
    After settings filtering:   1
    After built-in stripping:   1
    After scriptable stripping: 1
    Processed in 0.00 seconds
    starting compilation...
    finished in 0.00 seconds. Local cache hits 1 (0.00s CPU time), remote cache hits 0 (0.00s CPU time), compiled 0 variants (0.00s CPU time), skipped 0 variants
    Prepared data for serialisation in 0.00s
Serialized binary data for shader Hidden/Internal-GUITextureBlit in 0.00s
    metal (total internal programs: 4, unique: 2)
Compiling shader "Hidden/Internal-GUIRoundedRect" pass "" (vp)
    Full variant space:         1
    After settings filtering:   1
    After built-in stripping:   1
    After scriptable stripping: 1
    Processed in 0.00 seconds
    starting compilation...
    finished in 0.00 seconds. Local cache hits 1 (0.00s CPU time), remote cache hits 0 (0.00s CPU time), compiled 0 variants (0.00s CPU time), skipped 0 variants
    Prepared data for serialisation in 0.00s
Compiling shader "Hidden/Internal-GUIRoundedRect" pass "" (fp)
    Full variant space:         1
    After settings filtering:   1
    After built-in stripping:   1
    After scriptable stripping: 1
    Processed in 0.00 seconds
    starting compilation...
    finished in 0.00 seconds. Local cache hits 1 (0.00s CPU time), remote cache hits 0 (0.00s CPU time), compiled 0 variants (0.00s CPU time), skipped 0 variants
    Prepared data for serialisation in 0.00s
Compiling shader "Hidden/Internal-GUIRoundedRect" pass "" (vp)
    Full variant space:         1
    After settings filtering:   1
    After built-in stripping:   1
    After scriptable stripping: 1
    Processed in 0.00 seconds
    starting compilation...
    finished in 0.00 seconds. Local cache hits 1 (0.00s CPU time), remote cache hits 0 (0.00s CPU time), compiled 0 variants (0.00s CPU time), skipped 0 variants
    Prepared data for serialisation in 0.00s
Compiling shader "Hidden/Internal-GUIRoundedRect" pass "" (fp)
    Full variant space:         1
    After settings filtering:   1
    After built-in stripping:   1
    After scriptable stripping: 1
    Processed in 0.00 seconds
    starting compilation...
    finished in 0.00 seconds. Local cache hits 1 (0.00s CPU time), remote cache hits 0 (0.00s CPU time), compiled 0 variants (0.00s CPU time), skipped 0 variants
    Prepared data for serialisation in 0.00s
Serialized binary data for shader Hidden/Internal-GUIRoundedRect in 0.00s
    metal (total internal programs: 4, unique: 2)
Compiling shader "Hidden/Internal-GUIRoundedRectWithColorPerBorder" pass "" (vp)
    Full variant space:         1
    After settings filtering:   1
    After built-in stripping:   1
    After scriptable stripping: 1
    Processed in 0.00 seconds
    starting compilation...
    finished in 0.00 seconds. Local cache hits 1 (0.00s CPU time), remote cache hits 0 (0.00s CPU time), compiled 0 variants (0.00s CPU time), skipped 0 variants
    Prepared data for serialisation in 0.00s
Compiling shader "Hidden/Internal-GUIRoundedRectWithColorPerBorder" pass "" (fp)
    Full variant space:         1
    After settings filtering:   1
    After built-in stripping:   1
    After scriptable stripping: 1
    Processed in 0.00 seconds
    starting compilation...
    finished in 0.00 seconds. Local cache hits 1 (0.00s CPU time), remote cache hits 0 (0.00s CPU time), compiled 0 variants (0.00s CPU time), skipped 0 variants
    Prepared data for serialisation in 0.00s
Compiling shader "Hidden/Internal-GUIRoundedRectWithColorPerBorder" pass "" (vp)
    Full variant space:         1
    After settings filtering:   1
    After built-in stripping:   1
    After scriptable stripping: 1
    Processed in 0.00 seconds
    starting compilation...
    finished in 0.00 seconds. Local cache hits 1 (0.00s CPU time), remote cache hits 0 (0.00s CPU time), compiled 0 variants (0.00s CPU time), skipped 0 variants
    Prepared data for serialisation in 0.00s
Compiling shader "Hidden/Internal-GUIRoundedRectWithColorPerBorder" pass "" (fp)
    Full variant space:         1
    After settings filtering:   1
    After built-in stripping:   1
    After scriptable stripping: 1
    Processed in 0.00 seconds
    starting compilation...
    finished in 0.00 seconds. Local cache hits 1 (0.00s CPU time), remote cache hits 0 (0.00s CPU time), compiled 0 variants (0.00s CPU time), skipped 0 variants
    Prepared data for serialisation in 0.00s
Serialized binary data for shader Hidden/Internal-GUIRoundedRectWithColorPerBorder in 0.00s
    metal (total internal programs: 4, unique: 2)
Compiling shader "Hidden/Internal-UIRDefault" pass "" (vp)
    Full variant space:         1
    After settings filtering:   1
    After built-in stripping:   1
    After scriptable stripping: 1
    Processed in 0.00 seconds
    starting compilation...
    finished in 0.00 seconds. Local cache hits 1 (0.00s CPU time), remote cache hits 0 (0.00s CPU time), compiled 0 variants (0.00s CPU time), skipped 0 variants
    Prepared data for serialisation in 0.00s
Compiling shader "Hidden/Internal-UIRDefault" pass "" (fp)
    Full variant space:         1
    After settings filtering:   1
    After built-in stripping:   1
    After scriptable stripping: 1
    Processed in 0.00 seconds
    starting compilation...
    finished in 0.00 seconds. Local cache hits 1 (0.00s CPU time), remote cache hits 0 (0.00s CPU time), compiled 0 variants (0.00s CPU time), skipped 0 variants
    Prepared data for serialisation in 0.00s
Compiling shader "Hidden/Internal-UIRDefault" pass "" (vp)
    Full variant space:         1
    After settings filtering:   1
    After built-in stripping:   1
    After scriptable stripping: 1
    Processed in 0.00 seconds
    starting compilation...
    finished in 0.00 seconds. Local cache hits 1 (0.00s CPU time), remote cache hits 0 (0.00s CPU time), compiled 0 variants (0.00s CPU time), skipped 0 variants
    Prepared data for serialisation in 0.00s
Compiling shader "Hidden/Internal-UIRDefault" pass "" (fp)
    Full variant space:         1
    After settings filtering:   1
    After built-in stripping:   1
    After scriptable stripping: 1
    Processed in 0.00 seconds
    starting compilation...
    finished in 0.00 seconds. Local cache hits 1 (0.00s CPU time), remote cache hits 0 (0.00s CPU time), compiled 0 variants (0.00s CPU time), skipped 0 variants
    Prepared data for serialisation in 0.00s
Serialized binary data for shader Hidden/Internal-UIRDefault in 0.00s
    metal (total internal programs: 4, unique: 4)
Compiling shader "Hidden/Internal-UIRAtlasBlitCopy" pass "" (vp)
    Full variant space:         1
    After settings filtering:   1
    After built-in stripping:   1
    After scriptable stripping: 1
    Processed in 0.00 seconds
    starting compilation...
    finished in 0.00 seconds. Local cache hits 1 (0.00s CPU time), remote cache hits 0 (0.00s CPU time), compiled 0 variants (0.00s CPU time), skipped 0 variants
    Prepared data for serialisation in 0.00s
Compiling shader "Hidden/Internal-UIRAtlasBlitCopy" pass "" (fp)
    Full variant space:         1
    After settings filtering:   1
    After built-in stripping:   1
    After scriptable stripping: 1
    Processed in 0.00 seconds
    starting compilation...
    finished in 0.00 seconds. Local cache hits 1 (0.00s CPU time), remote cache hits 0 (0.00s CPU time), compiled 0 variants (0.00s CPU time), skipped 0 variants
    Prepared data for serialisation in 0.00s
Serialized binary data for shader Hidden/Internal-UIRAtlasBlitCopy in 0.00s
    metal (total internal programs: 2, unique: 2)
Compiling shader "Hidden/Internal-UIRDefaultWorld" pass "" (vp)
    Full variant space:         1
    After settings filtering:   1
    After built-in stripping:   1
    After scriptable stripping: 1
    Processed in 0.00 seconds
    starting compilation...
    finished in 0.00 seconds. Local cache hits 1 (0.00s CPU time), remote cache hits 0 (0.00s CPU time), compiled 0 variants (0.00s CPU time), skipped 0 variants
    Prepared data for serialisation in 0.00s
Compiling shader "Hidden/Internal-UIRDefaultWorld" pass "" (fp)
    Full variant space:         1
    After settings filtering:   1
    After built-in stripping:   1
    After scriptable stripping: 1
    Processed in 0.00 seconds
    starting compilation...
    finished in 0.00 seconds. Local cache hits 1 (0.00s CPU time), remote cache hits 0 (0.00s CPU time), compiled 0 variants (0.00s CPU time), skipped 0 variants
    Prepared data for serialisation in 0.00s
Compiling shader "Hidden/Internal-UIRDefaultWorld" pass "" (vp)
    Full variant space:         1
    After settings filtering:   1
    After built-in stripping:   1
    After scriptable stripping: 1
    Processed in 0.00 seconds
    starting compilation...
    finished in 0.00 seconds. Local cache hits 1 (0.00s CPU time), remote cache hits 0 (0.00s CPU time), compiled 0 variants (0.00s CPU time), skipped 0 variants
    Prepared data for serialisation in 0.00s
Compiling shader "Hidden/Internal-UIRDefaultWorld" pass "" (fp)
    Full variant space:         1
    After settings filtering:   1
    After built-in stripping:   1
    After scriptable stripping: 1
    Processed in 0.00 seconds
    starting compilation...
    finished in 0.00 seconds. Local cache hits 1 (0.00s CPU time), remote cache hits 0 (0.00s CPU time), compiled 0 variants (0.00s CPU time), skipped 0 variants
    Prepared data for serialisation in 0.00s
Serialized binary data for shader Hidden/Internal-UIRDefaultWorld in 0.00s
    metal (total internal programs: 4, unique: 4)
Compiling shader "Sprites/Default" pass "" (vp)
    Full variant space:         8
    After settings filtering:   8
    After built-in stripping:   4
    After scriptable stripping: 4
    Processed in 0.00 seconds
    starting compilation...
    finished in 0.00 seconds. Local cache hits 4 (0.00s CPU time), remote cache hits 0 (0.00s CPU time), compiled 0 variants (0.00s CPU time), skipped 0 variants
    Prepared data for serialisation in 0.00s
Compiling shader "Sprites/Default" pass "" (fp)
    Full variant space:         8
    After settings filtering:   8
    After built-in stripping:   4
    After scriptable stripping: 4
    Processed in 0.00 seconds
    starting compilation...
    finished in 0.00 seconds. Local cache hits 4 (0.00s CPU time), remote cache hits 0 (0.00s CPU time), compiled 0 variants (0.00s CPU time), skipped 0 variants
    Prepared data for serialisation in 0.00s
Serialized binary data for shader Sprites/Default in 0.00s
    metal (total internal programs: 8, unique: 8)
Compiling shader "Sprites/Mask" pass "" (vp)
    Full variant space:         4
    After settings filtering:   4
    After built-in stripping:   4
    After scriptable stripping: 4
    Processed in 0.00 seconds
    starting compilation...
    finished in 0.00 seconds. Local cache hits 4 (0.00s CPU time), remote cache hits 0 (0.00s CPU time), compiled 0 variants (0.00s CPU time), skipped 0 variants
    Prepared data for serialisation in 0.00s
Compiling shader "Sprites/Mask" pass "" (fp)
    Full variant space:         4
    After settings filtering:   4
    After built-in stripping:   4
    After scriptable stripping: 4
    Processed in 0.00 seconds
    starting compilation...
    finished in 0.00 seconds. Local cache hits 4 (0.00s CPU time), remote cache hits 0 (0.00s CPU time), compiled 0 variants (0.00s CPU time), skipped 0 variants
    Prepared data for serialisation in 0.00s
Serialized binary data for shader Sprites/Mask in 0.00s
    metal (total internal programs: 8, unique: 8)
Compiling shader "UI/Default" pass "Default" (vp)
    Full variant space:         4
    After settings filtering:   4
    After built-in stripping:   4
    After scriptable stripping: 4
    Processed in 0.00 seconds
    starting compilation...
    finished in 0.00 seconds. Local cache hits 4 (0.00s CPU time), remote cache hits 0 (0.00s CPU time), compiled 0 variants (0.00s CPU time), skipped 0 variants
    Prepared data for serialisation in 0.00s
Compiling shader "UI/Default" pass "Default" (fp)
    Full variant space:         4
    After settings filtering:   4
    After built-in stripping:   4
    After scriptable stripping: 4
    Processed in 0.00 seconds
    starting compilation...
    finished in 0.00 seconds. Local cache hits 4 (0.00s CPU time), remote cache hits 0 (0.00s CPU time), compiled 0 variants (0.00s CPU time), skipped 0 variants
    Prepared data for serialisation in 0.00s
Serialized binary data for shader UI/Default in 0.00s
    metal (total internal programs: 8, unique: 8)
Compiling shader "UI/DefaultETC1" pass "Default" (vp)
    Full variant space:         4
    After settings filtering:   4
    After built-in stripping:   4
    After scriptable stripping: 4
    Processed in 0.00 seconds
    starting compilation...
    finished in 0.00 seconds. Local cache hits 4 (0.00s CPU time), remote cache hits 0 (0.00s CPU time), compiled 0 variants (0.00s CPU time), skipped 0 variants
    Prepared data for serialisation in 0.00s
Compiling shader "UI/DefaultETC1" pass "Default" (fp)
    Full variant space:         4
    After settings filtering:   4
    After built-in stripping:   4
    After scriptable stripping: 4
    Processed in 0.00 seconds
    starting compilation...
    finished in 0.00 seconds. Local cache hits 4 (0.00s CPU time), remote cache hits 0 (0.00s CPU time), compiled 0 variants (0.00s CPU time), skipped 0 variants
    Prepared data for serialisation in 0.00s
Serialized binary data for shader UI/DefaultETC1 in 0.00s
    metal (total internal programs: 8, unique: 8)
Compiling shader "Hidden/CubeBlur" pass "" (vp)
    Full variant space:         1
    After settings filtering:   1
    After built-in stripping:   1
    After scriptable stripping: 1
    Processed in 0.00 seconds
    starting compilation...
    finished in 0.00 seconds. Local cache hits 1 (0.00s CPU time), remote cache hits 0 (0.00s CPU time), compiled 0 variants (0.00s CPU time), skipped 0 variants
    Prepared data for serialisation in 0.00s
Compiling shader "Hidden/CubeBlur" pass "" (fp)
    Full variant space:         1
    After settings filtering:   1
    After built-in stripping:   1
    After scriptable stripping: 1
    Processed in 0.00 seconds
    starting compilation...
    finished in 0.00 seconds. Local cache hits 1 (0.00s CPU time), remote cache hits 0 (0.00s CPU time), compiled 0 variants (0.00s CPU time), skipped 0 variants
    Prepared data for serialisation in 0.00s
Compiling shader "Hidden/CubeBlur" pass "" (vp)
    Full variant space:         1
    After settings filtering:   1
    After built-in stripping:   1
    After scriptable stripping: 1
    Processed in 0.00 seconds
    starting compilation...
    finished in 0.00 seconds. Local cache hits 1 (0.00s CPU time), remote cache hits 0 (0.00s CPU time), compiled 0 variants (0.00s CPU time), skipped 0 variants
    Prepared data for serialisation in 0.00s
Compiling shader "Hidden/CubeBlur" pass "" (fp)
    Full variant space:         1
    After settings filtering:   1
    After built-in stripping:   1
    After scriptable stripping: 1
    Processed in 0.00 seconds
    starting compilation...
    finished in 0.00 seconds. Local cache hits 1 (0.00s CPU time), remote cache hits 0 (0.00s CPU time), compiled 0 variants (0.00s CPU time), skipped 0 variants
    Prepared data for serialisation in 0.00s
Serialized binary data for shader Hidden/CubeBlur in 0.00s
    metal (total internal programs: 4, unique: 3)
Compiling shader "Hidden/CubeCopy" pass "" (vp)
    Full variant space:         1
    After settings filtering:   1
    After built-in stripping:   1
    After scriptable stripping: 1
    Processed in 0.00 seconds
    starting compilation...
    finished in 0.00 seconds. Local cache hits 1 (0.00s CPU time), remote cache hits 0 (0.00s CPU time), compiled 0 variants (0.00s CPU time), skipped 0 variants
    Prepared data for serialisation in 0.00s
Compiling shader "Hidden/CubeCopy" pass "" (fp)
    Full variant space:         1
    After settings filtering:   1
    After built-in stripping:   1
    After scriptable stripping: 1
    Processed in 0.00 seconds
    starting compilation...
    finished in 0.00 seconds. Local cache hits 1 (0.00s CPU time), remote cache hits 0 (0.00s CPU time), compiled 0 variants (0.00s CPU time), skipped 0 variants
    Prepared data for serialisation in 0.00s
Compiling shader "Hidden/CubeCopy" pass "" (vp)
    Full variant space:         1
    After settings filtering:   1
    After built-in stripping:   1
    After scriptable stripping: 1
    Processed in 0.00 seconds
    starting compilation...
    finished in 0.00 seconds. Local cache hits 1 (0.00s CPU time), remote cache hits 0 (0.00s CPU time), compiled 0 variants (0.00s CPU time), skipped 0 variants
    Prepared data for serialisation in 0.00s
Compiling shader "Hidden/CubeCopy" pass "" (fp)
    Full variant space:         1
    After settings filtering:   1
    After built-in stripping:   1
    After scriptable stripping: 1
    Processed in 0.00 seconds
    starting compilation...
    finished in 0.00 seconds. Local cache hits 1 (0.00s CPU time), remote cache hits 0 (0.00s CPU time), compiled 0 variants (0.00s CPU time), skipped 0 variants
    Prepared data for serialisation in 0.00s
Serialized binary data for shader Hidden/CubeCopy in 0.00s
    metal (total internal programs: 4, unique: 2)
Compiling shader "Hidden/CubeBlend" pass "" (vp)
    Full variant space:         1
    After settings filtering:   1
    After built-in stripping:   1
    After scriptable stripping: 1
    Processed in 0.00 seconds
    starting compilation...
    finished in 0.00 seconds. Local cache hits 1 (0.00s CPU time), remote cache hits 0 (0.00s CPU time), compiled 0 variants (0.00s CPU time), skipped 0 variants
    Prepared data for serialisation in 0.00s
Compiling shader "Hidden/CubeBlend" pass "" (fp)
    Full variant space:         1
    After settings filtering:   1
    After built-in stripping:   1
    After scriptable stripping: 1
    Processed in 0.00 seconds
    starting compilation...
    finished in 0.00 seconds. Local cache hits 1 (0.00s CPU time), remote cache hits 0 (0.00s CPU time), compiled 0 variants (0.00s CPU time), skipped 0 variants
    Prepared data for serialisation in 0.00s
Compiling shader "Hidden/CubeBlend" pass "" (vp)
    Full variant space:         1
    After settings filtering:   1
    After built-in stripping:   1
    After scriptable stripping: 1
    Processed in 0.00 seconds
    starting compilation...
    finished in 0.00 seconds. Local cache hits 1 (0.00s CPU time), remote cache hits 0 (0.00s CPU time), compiled 0 variants (0.00s CPU time), skipped 0 variants
    Prepared data for serialisation in 0.00s
Compiling shader "Hidden/CubeBlend" pass "" (fp)
    Full variant space:         1
    After settings filtering:   1
    After built-in stripping:   1
    After scriptable stripping: 1
    Processed in 0.00 seconds
    starting compilation...
    finished in 0.00 seconds. Local cache hits 1 (0.00s CPU time), remote cache hits 0 (0.00s CPU time), compiled 0 variants (0.00s CPU time), skipped 0 variants
    Prepared data for serialisation in 0.00s
Serialized binary data for shader Hidden/CubeBlend in 0.00s
    metal (total internal programs: 4, unique: 2)
Compiling shader "Hidden/VR/BlitTexArraySlice" pass "" (vp)
    Full variant space:         1
    After settings filtering:   1
    After built-in stripping:   1
    After scriptable stripping: 1
    Processed in 0.00 seconds
    starting compilation...
    finished in 0.00 seconds. Local cache hits 1 (0.00s CPU time), remote cache hits 0 (0.00s CPU time), compiled 0 variants (0.00s CPU time), skipped 0 variants
    Prepared data for serialisation in 0.00s
Compiling shader "Hidden/VR/BlitTexArraySlice" pass "" (fp)
    Full variant space:         1
    After settings filtering:   1
    After built-in stripping:   1
    After scriptable stripping: 1
    Processed in 0.00 seconds
    starting compilation...
    finished in 0.00 seconds. Local cache hits 1 (0.00s CPU time), remote cache hits 0 (0.00s CPU time), compiled 0 variants (0.00s CPU time), skipped 0 variants
    Prepared data for serialisation in 0.00s
Serialized binary data for shader Hidden/VR/BlitTexArraySlice in 0.00s
    metal (total internal programs: 2, unique: 2)
Compiling shader "Hidden/Internal-ODSWorldTexture" pass "" (vp)
    Full variant space:         1
    After settings filtering:   1
    After built-in stripping:   1
    After scriptable stripping: 1
    Processed in 0.00 seconds
    starting compilation...
    finished in 0.00 seconds. Local cache hits 1 (0.00s CPU time), remote cache hits 0 (0.00s CPU time), compiled 0 variants (0.00s CPU time), skipped 0 variants
    Prepared data for serialisation in 0.00s
Compiling shader "Hidden/Internal-ODSWorldTexture" pass "" (fp)
    Full variant space:         1
    After settings filtering:   1
    After built-in stripping:   1
    After scriptable stripping: 1
    Processed in 0.00 seconds
    starting compilation...
    finished in 0.00 seconds. Local cache hits 1 (0.00s CPU time), remote cache hits 0 (0.00s CPU time), compiled 0 variants (0.00s CPU time), skipped 0 variants
    Prepared data for serialisation in 0.00s
Compiling shader "Hidden/Internal-ODSWorldTexture" pass "" (vp)
    Full variant space:         1
    After settings filtering:   1
    After built-in stripping:   1
    After scriptable stripping: 1
    Processed in 0.00 seconds
    starting compilation...
    finished in 0.00 seconds. Local cache hits 1 (0.00s CPU time), remote cache hits 0 (0.00s CPU time), compiled 0 variants (0.00s CPU time), skipped 0 variants
    Prepared data for serialisation in 0.00s
Compiling shader "Hidden/Internal-ODSWorldTexture" pass "" (fp)
    Full variant space:         1
    After settings filtering:   1
    After built-in stripping:   1
    After scriptable stripping: 1
    Processed in 0.00 seconds
    starting compilation...
    finished in 0.00 seconds. Local cache hits 1 (0.00s CPU time), remote cache hits 0 (0.00s CPU time), compiled 0 variants (0.00s CPU time), skipped 0 variants
    Prepared data for serialisation in 0.00s
Compiling shader "Hidden/Internal-ODSWorldTexture" pass "" (vp)
    Full variant space:         1
    After settings filtering:   1
    After built-in stripping:   1
    After scriptable stripping: 1
    Processed in 0.00 seconds
    starting compilation...
    finished in 0.00 seconds. Local cache hits 1 (0.00s CPU time), remote cache hits 0 (0.00s CPU time), compiled 0 variants (0.00s CPU time), skipped 0 variants
    Prepared data for serialisation in 0.00s
Compiling shader "Hidden/Internal-ODSWorldTexture" pass "" (fp)
    Full variant space:         1
    After settings filtering:   1
    After built-in stripping:   1
    After scriptable stripping: 1
    Processed in 0.00 seconds
    starting compilation...
    finished in 0.00 seconds. Local cache hits 1 (0.00s CPU time), remote cache hits 0 (0.00s CPU time), compiled 0 variants (0.00s CPU time), skipped 0 variants
    Prepared data for serialisation in 0.00s
Compiling shader "Hidden/Internal-ODSWorldTexture" pass "" (vp)
    Full variant space:         1
    After settings filtering:   1
    After built-in stripping:   1
    After scriptable stripping: 1
    Processed in 0.00 seconds
    starting compilation...
    finished in 0.00 seconds. Local cache hits 1 (0.00s CPU time), remote cache hits 0 (0.00s CPU time), compiled 0 variants (0.00s CPU time), skipped 0 variants
    Prepared data for serialisation in 0.00s
Compiling shader "Hidden/Internal-ODSWorldTexture" pass "" (fp)
    Full variant space:         1
    After settings filtering:   1
    After built-in stripping:   1
    After scriptable stripping: 1
    Processed in 0.00 seconds
    starting compilation...
    finished in 0.00 seconds. Local cache hits 1 (0.00s CPU time), remote cache hits 0 (0.00s CPU time), compiled 0 variants (0.00s CPU time), skipped 0 variants
    Prepared data for serialisation in 0.00s
Compiling shader "Hidden/Internal-ODSWorldTexture" pass "" (vp)
    Full variant space:         1
    After settings filtering:   1
    After built-in stripping:   1
    After scriptable stripping: 1
    Processed in 0.00 seconds
    starting compilation...
    finished in 0.00 seconds. Local cache hits 1 (0.00s CPU time), remote cache hits 0 (0.00s CPU time), compiled 0 variants (0.00s CPU time), skipped 0 variants
    Prepared data for serialisation in 0.00s
Compiling shader "Hidden/Internal-ODSWorldTexture" pass "" (fp)
    Full variant space:         1
    After settings filtering:   1
    After built-in stripping:   1
    After scriptable stripping: 1
    Processed in 0.00 seconds
    starting compilation...
    finished in 0.00 seconds. Local cache hits 1 (0.00s CPU time), remote cache hits 0 (0.00s CPU time), compiled 0 variants (0.00s CPU time), skipped 0 variants
    Prepared data for serialisation in 0.00s
Compiling shader "Hidden/Internal-ODSWorldTexture" pass "" (vp)
    Full variant space:         1
    After settings filtering:   1
    After built-in stripping:   1
    After scriptable stripping: 1
    Processed in 0.00 seconds
    starting compilation...
    finished in 0.00 seconds. Local cache hits 1 (0.00s CPU time), remote cache hits 0 (0.00s CPU time), compiled 0 variants (0.00s CPU time), skipped 0 variants
    Prepared data for serialisation in 0.00s
Compiling shader "Hidden/Internal-ODSWorldTexture" pass "" (fp)
    Full variant space:         1
    After settings filtering:   1
    After built-in stripping:   1
    After scriptable stripping: 1
    Processed in 0.00 seconds
    starting compilation...
    finished in 0.00 seconds. Local cache hits 1 (0.00s CPU time), remote cache hits 0 (0.00s CPU time), compiled 0 variants (0.00s CPU time), skipped 0 variants
    Prepared data for serialisation in 0.00s
Compiling shader "Hidden/Internal-ODSWorldTexture" pass "" (vp)
    Full variant space:         1
    After settings filtering:   1
    After built-in stripping:   1
    After scriptable stripping: 1
    Processed in 0.00 seconds
    starting compilation...
    finished in 0.00 seconds. Local cache hits 1 (0.00s CPU time), remote cache hits 0 (0.00s CPU time), compiled 0 variants (0.00s CPU time), skipped 0 variants
    Prepared data for serialisation in 0.00s
Compiling shader "Hidden/Internal-ODSWorldTexture" pass "" (fp)
    Full variant space:         1
    After settings filtering:   1
    After built-in stripping:   1
    After scriptable stripping: 1
    Processed in 0.00 seconds
    starting compilation...
    finished in 0.00 seconds. Local cache hits 1 (0.00s CPU time), remote cache hits 0 (0.00s CPU time), compiled 0 variants (0.00s CPU time), skipped 0 variants
    Prepared data for serialisation in 0.00s
Compiling shader "Hidden/Internal-ODSWorldTexture" pass "" (vp)
    Full variant space:         1
    After settings filtering:   1
    After built-in stripping:   1
    After scriptable stripping: 1
    Processed in 0.00 seconds
    starting compilation...
    finished in 0.00 seconds. Local cache hits 1 (0.00s CPU time), remote cache hits 0 (0.00s CPU time), compiled 0 variants (0.00s CPU time), skipped 0 variants
    Prepared data for serialisation in 0.00s
Compiling shader "Hidden/Internal-ODSWorldTexture" pass "" (fp)
    Full variant space:         1
    After settings filtering:   1
    After built-in stripping:   1
    After scriptable stripping: 1
    Processed in 0.00 seconds
    starting compilation...
    finished in 0.00 seconds. Local cache hits 1 (0.00s CPU time), remote cache hits 0 (0.00s CPU time), compiled 0 variants (0.00s CPU time), skipped 0 variants
    Prepared data for serialisation in 0.00s
Compiling shader "Hidden/Internal-ODSWorldTexture" pass "" (vp)
    Full variant space:         1
    After settings filtering:   1
    After built-in stripping:   1
    After scriptable stripping: 1
    Processed in 0.00 seconds
    starting compilation...
    finished in 0.00 seconds. Local cache hits 1 (0.00s CPU time), remote cache hits 0 (0.00s CPU time), compiled 0 variants (0.00s CPU time), skipped 0 variants
    Prepared data for serialisation in 0.00s
Compiling shader "Hidden/Internal-ODSWorldTexture" pass "" (fp)
    Full variant space:         1
    After settings filtering:   1
    After built-in stripping:   1
    After scriptable stripping: 1
    Processed in 0.00 seconds
    starting compilation...
    finished in 0.00 seconds. Local cache hits 1 (0.00s CPU time), remote cache hits 0 (0.00s CPU time), compiled 0 variants (0.00s CPU time), skipped 0 variants
    Prepared data for serialisation in 0.00s
Compiling shader "Hidden/Internal-ODSWorldTexture" pass "" (vp)
    Full variant space:         1
    After settings filtering:   1
    After built-in stripping:   1
    After scriptable stripping: 1
    Processed in 0.00 seconds
    starting compilation...
    finished in 0.00 seconds. Local cache hits 1 (0.00s CPU time), remote cache hits 0 (0.00s CPU time), compiled 0 variants (0.00s CPU time), skipped 0 variants
    Prepared data for serialisation in 0.00s
Compiling shader "Hidden/Internal-ODSWorldTexture" pass "" (fp)
    Full variant space:         1
    After settings filtering:   1
    After built-in stripping:   1
    After scriptable stripping: 1
    Processed in 0.00 seconds
    starting compilation...
    finished in 0.00 seconds. Local cache hits 1 (0.00s CPU time), remote cache hits 0 (0.00s CPU time), compiled 0 variants (0.00s CPU time), skipped 0 variants
    Prepared data for serialisation in 0.00s
Serialized binary data for shader Hidden/Internal-ODSWorldTexture in 0.00s
    metal (total internal programs: 20, unique: 14)
Compiling shader "Hidden/Internal-CubemapToEquirect" pass "" (vp)
    Full variant space:         1
    After settings filtering:   1
    After built-in stripping:   1
    After scriptable stripping: 1
    Processed in 0.00 seconds
    starting compilation...
    finished in 0.00 seconds. Local cache hits 1 (0.00s CPU time), remote cache hits 0 (0.00s CPU time), compiled 0 variants (0.00s CPU time), skipped 0 variants
    Prepared data for serialisation in 0.00s
Compiling shader "Hidden/Internal-CubemapToEquirect" pass "" (fp)
    Full variant space:         1
    After settings filtering:   1
    After built-in stripping:   1
    After scriptable stripping: 1
    Processed in 0.00 seconds
    starting compilation...
    finished in 0.00 seconds. Local cache hits 1 (0.00s CPU time), remote cache hits 0 (0.00s CPU time), compiled 0 variants (0.00s CPU time), skipped 0 variants
    Prepared data for serialisation in 0.00s
Serialized binary data for shader Hidden/Internal-CubemapToEquirect in 0.00s
    metal (total internal programs: 2, unique: 2)
    Prepared data for serialisation in 0.00s
    Prepared data for serialisation in 0.00s
Compiling shader "Hidden/VR/BlitFromTex2DToTexArraySlice" pass "" (vp)
    Full variant space:         1
    After settings filtering:   1
    After built-in stripping:   1
    After scriptable stripping: 1
    Processed in 0.00 seconds
    starting compilation...
    finished in 0.00 seconds. Local cache hits 0 (0.00s CPU time), remote cache hits 0 (0.00s CPU time), compiled 0 variants (0.00s CPU time), skipped 1 variants
    Prepared data for serialisation in 0.00s
Compiling shader "Hidden/VR/BlitFromTex2DToTexArraySlice" pass "" (fp)
    Full variant space:         1
    After settings filtering:   1
    After built-in stripping:   1
    After scriptable stripping: 1
    Processed in 0.00 seconds
    starting compilation...
    finished in 0.00 seconds. Local cache hits 0 (0.00s CPU time), remote cache hits 0 (0.00s CPU time), compiled 0 variants (0.00s CPU time), skipped 1 variants
    Prepared data for serialisation in 0.00s
Compiling shader "Hidden/VR/BlitFromTex2DToTexArraySlice" pass "" (gp)
    Full variant space:         1
    After settings filtering:   1
    After built-in stripping:   1
    After scriptable stripping: 1
    Processed in 0.00 seconds
    starting compilation...
    finished in 0.00 seconds. Local cache hits 0 (0.00s CPU time), remote cache hits 0 (0.00s CPU time), compiled 0 variants (0.00s CPU time), skipped 1 variants
    Prepared data for serialisation in 0.00s
Serialized binary data for shader Hidden/VR/BlitFromTex2DToTexArraySlice in 0.00s
    metal (total internal programs: 0, unique: 0)
Compiling shader "Hidden/VR/BlitCopyHDRTonemapTexArraySlice" pass "" (vp)
    Full variant space:         1
    After settings filtering:   1
    After built-in stripping:   1
    After scriptable stripping: 1
    Processed in 0.00 seconds
    starting compilation...
    finished in 0.00 seconds. Local cache hits 1 (0.00s CPU time), remote cache hits 0 (0.00s CPU time), compiled 0 variants (0.00s CPU time), skipped 0 variants
    Prepared data for serialisation in 0.00s
Compiling shader "Hidden/VR/BlitCopyHDRTonemapTexArraySlice" pass "" (fp)
    Full variant space:         1
    After settings filtering:   1
    After built-in stripping:   1
    After scriptable stripping: 1
    Processed in 0.00 seconds
    starting compilation...
    finished in 0.00 seconds. Local cache hits 1 (0.00s CPU time), remote cache hits 0 (0.00s CPU time), compiled 0 variants (0.00s CPU time), skipped 0 variants
    Prepared data for serialisation in 0.00s
Serialized binary data for shader Hidden/VR/BlitCopyHDRTonemapTexArraySlice in 0.00s
    metal (total internal programs: 2, unique: 2)
Compiling shader "Hidden/VR/BlitCopyHDRTonemappedToHDRTonemapTexArraySlice" pass "" (vp)
    Full variant space:         1
    After settings filtering:   1
    After built-in stripping:   1
    After scriptable stripping: 1
    Processed in 0.00 seconds
    starting compilation...
    finished in 0.00 seconds. Local cache hits 1 (0.00s CPU time), remote cache hits 0 (0.00s CPU time), compiled 0 variants (0.00s CPU time), skipped 0 variants
    Prepared data for serialisation in 0.00s
Compiling shader "Hidden/VR/BlitCopyHDRTonemappedToHDRTonemapTexArraySlice" pass "" (fp)
    Full variant space:         1
    After settings filtering:   1
    After built-in stripping:   1
    After scriptable stripping: 1
    Processed in 0.00 seconds
    starting compilation...
    finished in 0.00 seconds. Local cache hits 1 (0.00s CPU time), remote cache hits 0 (0.00s CPU time), compiled 0 variants (0.00s CPU time), skipped 0 variants
    Prepared data for serialisation in 0.00s
Serialized binary data for shader Hidden/VR/BlitCopyHDRTonemappedToHDRTonemapTexArraySlice in 0.00s
    metal (total internal programs: 2, unique: 2)
Compiling shader "Hidden/VR/BlitCopyHDRTonemappedToSDRTexArraySlice" pass "" (vp)
    Full variant space:         1
    After settings filtering:   1
    After built-in stripping:   1
    After scriptable stripping: 1
    Processed in 0.00 seconds
    starting compilation...
    finished in 0.00 seconds. Local cache hits 1 (0.00s CPU time), remote cache hits 0 (0.00s CPU time), compiled 0 variants (0.00s CPU time), skipped 0 variants
    Prepared data for serialisation in 0.00s
Compiling shader "Hidden/VR/BlitCopyHDRTonemappedToSDRTexArraySlice" pass "" (fp)
    Full variant space:         1
    After settings filtering:   1
    After built-in stripping:   1
    After scriptable stripping: 1
    Processed in 0.00 seconds
    starting compilation...
    finished in 0.00 seconds. Local cache hits 1 (0.00s CPU time), remote cache hits 0 (0.00s CPU time), compiled 0 variants (0.00s CPU time), skipped 0 variants
    Prepared data for serialisation in 0.00s
Serialized binary data for shader Hidden/VR/BlitCopyHDRTonemappedToSDRTexArraySlice in 0.00s
    metal (total internal programs: 2, unique: 2)
Compiling shader "Hidden/VideoComposite" pass "Default" (vp)
    Full variant space:         1
    After settings filtering:   1
    After built-in stripping:   1
    After scriptable stripping: 1
    Processed in 0.00 seconds
    starting compilation...
    finished in 0.00 seconds. Local cache hits 1 (0.00s CPU time), remote cache hits 0 (0.00s CPU time), compiled 0 variants (0.00s CPU time), skipped 0 variants
    Prepared data for serialisation in 0.00s
Compiling shader "Hidden/VideoComposite" pass "Default" (fp)
    Full variant space:         1
    After settings filtering:   1
    After built-in stripping:   1
    After scriptable stripping: 1
    Processed in 0.00 seconds
    starting compilation...
    finished in 0.00 seconds. Local cache hits 1 (0.00s CPU time), remote cache hits 0 (0.00s CPU time), compiled 0 variants (0.00s CPU time), skipped 0 variants
    Prepared data for serialisation in 0.00s
Serialized binary data for shader Hidden/VideoComposite in 0.00s
    metal (total internal programs: 2, unique: 2)
Compiling shader "Hidden/VideoDecode" pass "YCbCr_To_RGB1" (vp)
    Full variant space:         2
    After settings filtering:   2
    After built-in stripping:   2
    After scriptable stripping: 2
    Processed in 0.00 seconds
    starting compilation...
    finished in 0.00 seconds. Local cache hits 2 (0.00s CPU time), remote cache hits 0 (0.00s CPU time), compiled 0 variants (0.00s CPU time), skipped 0 variants
    Prepared data for serialisation in 0.00s
Compiling shader "Hidden/VideoDecode" pass "YCbCr_To_RGB1" (fp)
    Full variant space:         2
    After settings filtering:   2
    After built-in stripping:   2
    After scriptable stripping: 2
    Processed in 0.00 seconds
    starting compilation...
    finished in 0.00 seconds. Local cache hits 2 (0.00s CPU time), remote cache hits 0 (0.00s CPU time), compiled 0 variants (0.00s CPU time), skipped 0 variants
    Prepared data for serialisation in 0.00s
Compiling shader "Hidden/VideoDecode" pass "YCbCrA_To_RGBAFull" (vp)
    Full variant space:         2
    After settings filtering:   2
    After built-in stripping:   2
    After scriptable stripping: 2
    Processed in 0.00 seconds
    starting compilation...
    finished in 0.00 seconds. Local cache hits 2 (0.00s CPU time), remote cache hits 0 (0.00s CPU time), compiled 0 variants (0.00s CPU time), skipped 0 variants
    Prepared data for serialisation in 0.00s
Compiling shader "Hidden/VideoDecode" pass "YCbCrA_To_RGBAFull" (fp)
    Full variant space:         2
    After settings filtering:   2
    After built-in stripping:   2
    After scriptable stripping: 2
    Processed in 0.00 seconds
    starting compilation...
    finished in 0.00 seconds. Local cache hits 2 (0.00s CPU time), remote cache hits 0 (0.00s CPU time), compiled 0 variants (0.00s CPU time), skipped 0 variants
    Prepared data for serialisation in 0.00s
Compiling shader "Hidden/VideoDecode" pass "YCbCrA_To_RGBA" (vp)
    Full variant space:         2
    After settings filtering:   2
    After built-in stripping:   2
    After scriptable stripping: 2
    Processed in 0.00 seconds
    starting compilation...
    finished in 0.00 seconds. Local cache hits 2 (0.00s CPU time), remote cache hits 0 (0.00s CPU time), compiled 0 variants (0.00s CPU time), skipped 0 variants
    Prepared data for serialisation in 0.00s
Compiling shader "Hidden/VideoDecode" pass "YCbCrA_To_RGBA" (fp)
    Full variant space:         2
    After settings filtering:   2
    After built-in stripping:   2
    After scriptable stripping: 2
    Processed in 0.00 seconds
    starting compilation...
    finished in 0.00 seconds. Local cache hits 2 (0.00s CPU time), remote cache hits 0 (0.00s CPU time), compiled 0 variants (0.00s CPU time), skipped 0 variants
    Prepared data for serialisation in 0.00s
Compiling shader "Hidden/VideoDecode" pass "Flip_RGBA_To_RGBA" (vp)
    Full variant space:         2
    After settings filtering:   2
    After built-in stripping:   2
    After scriptable stripping: 2
    Processed in 0.00 seconds
    starting compilation...
    finished in 0.00 seconds. Local cache hits 2 (0.00s CPU time), remote cache hits 0 (0.00s CPU time), compiled 0 variants (0.00s CPU time), skipped 0 variants
    Prepared data for serialisation in 0.00s
Compiling shader "Hidden/VideoDecode" pass "Flip_RGBA_To_RGBA" (fp)
    Full variant space:         2
    After settings filtering:   2
    After built-in stripping:   2
    After scriptable stripping: 2
    Processed in 0.00 seconds
    starting compilation...
    finished in 0.00 seconds. Local cache hits 2 (0.00s CPU time), remote cache hits 0 (0.00s CPU time), compiled 0 variants (0.00s CPU time), skipped 0 variants
    Prepared data for serialisation in 0.00s
Compiling shader "Hidden/VideoDecode" pass "Flip_RGBASplit_To_RGBA" (vp)
    Full variant space:         2
    After settings filtering:   2
    After built-in stripping:   2
    After scriptable stripping: 2
    Processed in 0.00 seconds
    starting compilation...
    finished in 0.00 seconds. Local cache hits 2 (0.00s CPU time), remote cache hits 0 (0.00s CPU time), compiled 0 variants (0.00s CPU time), skipped 0 variants
    Prepared data for serialisation in 0.00s
Compiling shader "Hidden/VideoDecode" pass "Flip_RGBASplit_To_RGBA" (fp)
    Full variant space:         2
    After settings filtering:   2
    After built-in stripping:   2
    After scriptable stripping: 2
    Processed in 0.00 seconds
    starting compilation...
    finished in 0.00 seconds. Local cache hits 2 (0.00s CPU time), remote cache hits 0 (0.00s CPU time), compiled 0 variants (0.00s CPU time), skipped 0 variants
    Prepared data for serialisation in 0.00s
Compiling shader "Hidden/VideoDecode" pass "Flip_NV12_To_RGB1" (vp)
    Full variant space:         2
    After settings filtering:   2
    After built-in stripping:   2
    After scriptable stripping: 2
    Processed in 0.00 seconds
    starting compilation...
    finished in 0.00 seconds. Local cache hits 2 (0.00s CPU time), remote cache hits 0 (0.00s CPU time), compiled 0 variants (0.00s CPU time), skipped 0 variants
    Prepared data for serialisation in 0.00s
Compiling shader "Hidden/VideoDecode" pass "Flip_NV12_To_RGB1" (fp)
    Full variant space:         2
    After settings filtering:   2
    After built-in stripping:   2
    After scriptable stripping: 2
    Processed in 0.00 seconds
    starting compilation...
    finished in 0.00 seconds. Local cache hits 2 (0.00s CPU time), remote cache hits 0 (0.00s CPU time), compiled 0 variants (0.00s CPU time), skipped 0 variants
    Prepared data for serialisation in 0.00s
Compiling shader "Hidden/VideoDecode" pass "Flip_NV12_To_RGBA" (vp)
    Full variant space:         2
    After settings filtering:   2
    After built-in stripping:   2
    After scriptable stripping: 2
    Processed in 0.00 seconds
    starting compilation...
    finished in 0.00 seconds. Local cache hits 2 (0.00s CPU time), remote cache hits 0 (0.00s CPU time), compiled 0 variants (0.00s CPU time), skipped 0 variants
    Prepared data for serialisation in 0.00s
Compiling shader "Hidden/VideoDecode" pass "Flip_NV12_To_RGBA" (fp)
    Full variant space:         2
    After settings filtering:   2
    After built-in stripping:   2
    After scriptable stripping: 2
    Processed in 0.00 seconds
    starting compilation...
    finished in 0.00 seconds. Local cache hits 2 (0.00s CPU time), remote cache hits 0 (0.00s CPU time), compiled 0 variants (0.00s CPU time), skipped 0 variants
    Prepared data for serialisation in 0.00s
Compiling shader "Hidden/VideoDecode" pass "Flip_P010_To_RGB1" (vp)
    Full variant space:         1
    After settings filtering:   1
    After built-in stripping:   1
    After scriptable stripping: 1
    Processed in 0.00 seconds
    starting compilation...
    finished in 0.00 seconds. Local cache hits 1 (0.00s CPU time), remote cache hits 0 (0.00s CPU time), compiled 0 variants (0.00s CPU time), skipped 0 variants
    Prepared data for serialisation in 0.00s
Compiling shader "Hidden/VideoDecode" pass "Flip_P010_To_RGB1" (fp)
    Full variant space:         1
    After settings filtering:   1
    After built-in stripping:   1
    After scriptable stripping: 1
    Processed in 0.00 seconds
    starting compilation...
    finished in 0.00 seconds. Local cache hits 1 (0.00s CPU time), remote cache hits 0 (0.00s CPU time), compiled 0 variants (0.00s CPU time), skipped 0 variants
    Prepared data for serialisation in 0.00s
Serialized binary data for shader Hidden/VideoDecode in 0.00s
    metal (total internal programs: 30, unique: 19)
    Prepared data for serialisation in 0.00s
    Prepared data for serialisation in 0.00s
    Prepared data for serialisation in 0.00s
    Prepared data for serialisation in 0.00s
Serialized binary data for shader Hidden/VideoDecodeOSX in 0.00s
    metal (total internal programs: 0, unique: 0)
Compiling shader "Hidden/TextCore/Distance Field SSD" pass "" (vp)
    Full variant space:         1
    After settings filtering:   1
    After built-in stripping:   1
    After scriptable stripping: 1
    Processed in 0.00 seconds
    starting compilation...
    finished in 0.00 seconds. Local cache hits 1 (0.00s CPU time), remote cache hits 0 (0.00s CPU time), compiled 0 variants (0.00s CPU time), skipped 0 variants
    Prepared data for serialisation in 0.00s
Compiling shader "Hidden/TextCore/Distance Field SSD" pass "" (fp)
    Full variant space:         1
    After settings filtering:   1
    After built-in stripping:   1
    After scriptable stripping: 1
    Processed in 0.00 seconds
    starting compilation...
    finished in 0.00 seconds. Local cache hits 1 (0.00s CPU time), remote cache hits 0 (0.00s CPU time), compiled 0 variants (0.00s CPU time), skipped 0 variants
    Prepared data for serialisation in 0.00s
Serialized binary data for shader Hidden/TextCore/Distance Field SSD in 0.00s
    metal (total internal programs: 2, unique: 2)
[40m[32minfo[39m[22m[49m: Microsoft.AspNetCore.Hosting.Diagnostics[1]
      Request starting HTTP/2 POST http://ilpp/UnityILPP.PostProcessing/Ping application/grpc -
[40m[32minfo[39m[22m[49m: Microsoft.AspNetCore.Routing.EndpointMiddleware[0]
      Executing endpoint 'gRPC - /UnityILPP.PostProcessing/Ping'
[40m[32minfo[39m[22m[49m: Microsoft.AspNetCore.Routing.EndpointMiddleware[1]
      Executed endpoint 'gRPC - /UnityILPP.PostProcessing/Ping'
[40m[32minfo[39m[22m[49m: Microsoft.AspNetCore.Hosting.Diagnostics[2]
      Request finished HTTP/2 POST http://ilpp/UnityILPP.PostProcessing/Ping application/grpc - - 200 - application/grpc 0.2612ms
Starting: /Applications/Tuanjie/Hub/Editor/2022.3.61t14/Tuanjie.app/Contents/bee_backend --dont-print-to-structured-log --ipc --dagfile="Library/Bee/Player9290679f.dag" --profile="Library/Bee/backend1.traceevents" Player
WorkingDir: /Users/qinziqian/Documents/overcooked-like/game
DisplayProgressbar: Incremental Player Build
[ 37/357    0s] WriteText Library/Bee/artifacts/MacStandalonePlayerBuildProgram/Data/app.info
[ 38/357    0s] WriteText Library/Bee/artifacts/csharpactions/boot.config_l6pt.info
[ 39/357    0s] CopyFiles Builds/Palm Bay.app/Contents/Resources/Data/level0
[ 40/357    0s] CopyFiles Builds/Palm Bay.app/Contents/Resources/Data/level2
[ 41/357    0s] CopyFiles Builds/Palm Bay.app/Contents/Resources/Data/level1
[ 42/357    0s] CopyFiles Builds/Palm Bay.app/Contents/Resources/Data/app.info
[ 43/357    0s] CopyFiles Builds/Palm Bay.app/Contents/Resources/Data/level1.resS
[ 44/357    0s] CopyFiles Builds/Palm Bay.app/Contents/Resources/Data/level0.resS
[ 45/357    0s] CopyFiles Builds/Palm Bay.app/Contents/Resources/Data/globalgamemanagers.assets.resS
[ 46/357    0s] CopyFiles Builds/Palm Bay.app/Contents/Resources/Data/globalgamemanagers.assets
[ 47/357    0s] CopyFiles Builds/Palm Bay.app/Contents/Resources/Data/level2.resS
[ 54/357    0s] CopyFiles Builds/Palm Bay.app/Contents/Resources/Data/resources.assets
[ 83/357    0s] CopyFiles Builds/Palm Bay.app/Contents/Resources/Data/Resources/tuanjie_builtin_extra
[ 94/357    0s] CopyFiles Builds/Palm Bay.app/Contents/Resources/Data/sharedassets2.assets
[ 96/357    0s] CopyFiles Builds/Palm Bay.app/Contents/Resources/Data/sharedassets1.assets
[ 98/357    0s] CopyFiles Builds/Palm Bay.app/Contents/Resources/Data/sharedassets0.assets
[ 99/357    0s] CopyFiles Builds/Palm Bay.app/Contents/Resources/Data/globalgamemanagers
[100/357    0s] CopyFiles Builds/Palm Bay.app/Contents/Resources/PlayerIcon.icns
[234/357    0s] CopyFiles Builds/Palm Bay.app/Contents/Resources/Data/Managed/Assembly-CSharp.dll
[353/357    0s] AddBootConfigGUID Library/Bee/artifacts/MacStandalonePlayerBuildProgram/boot.config
[354/357    0s] CopyFiles Builds/Palm Bay.app/Contents/Resources/Data/boot.config
[355/357    0s] MacOSCodeSignBundleCopy Builds/Palm Bay.app/Contents/PlugIns/PalmBayVideoShare.bundle/Contents/Info.plist (+2 others)
[356/357    0s] MacOSCodeSignBundleInPlace Builds/Palm Bay.app/Contents/MacOS/PALM BAY (+1 other)
*** Tundra build success (0.43 seconds), 23 items updated, 357 evaluated
Total cache size 14125764
Total cache size after purge 14125764
Refreshing native plugins compatible for Editor in 4.25 ms, found 7 plugins.
Preloading 0 native plugins for Editor in 0.00 ms.

-------------------------------------------------------------------------------
Build Report
Uncompressed usage by category (Percentages based on user generated assets only):
Textures               3.0 mb	 93.0% 
Meshes                 48.2 kb	 1.4% 
Animations             0.0 kb	 0.0% 
Sounds                 0.0 kb	 0.0% 
Shaders                59.0 kb	 1.8% 
Other Assets           104.3 kb	 3.1% 
Levels                 0.0 kb	 0.0% 
Scripts                12.8 kb	 0.4% 
Included DLLs          0.0 kb	 0.0% 
File headers           9.7 kb	 0.3% 
Total User Assets      3.3 mb	 100.0% 
Complete build size    111.6 mb
Used Assets and files from the Resources folder, sorted by uncompressed size:
 2.7 mb	 2.4% Built-in Texture2D: Splash Screen Unity Logo
 384.5 kb	 0.3% Built-in Cubemap: 
 59.6 kb	 0.1% Resources/tuanjie_builtin_extra
 1.0 kb	 0.0% Assets/Generated/MainLoop/Mesh_114 20.asset
 1.0 kb	 0.0% Assets/Generated/MainLoop/Mesh_113 20.asset
 1.0 kb	 0.0% Assets/Generated/MainLoop/Mesh_109 20.asset
 0.9 kb	 0.0% Assets/Generated/MainLoop/Mesh_57 20.asset
 0.9 kb	 0.0% Assets/Generated/MainLoop/Mesh_49 20.asset
 0.9 kb	 0.0% Assets/Generated/MainLoop/Mesh_41 20.asset
 0.9 kb	 0.0% Assets/Generated/MainLoop/Mesh_33 20.asset
 0.9 kb	 0.0% Assets/Generated/MainLoop/Mesh_25 25.asset
 0.9 kb	 0.0% Assets/Generated/MainLoop/Mesh_111 20.asset
 0.9 kb	 0.0% Assets/Generated/MainLoop/Mesh_110 20.asset
 0.9 kb	 0.0% Assets/Generated/MainLoop/Material_99 20.mat
 0.9 kb	 0.0% Assets/Generated/MainLoop/Material_98 20.mat
 0.9 kb	 0.0% Assets/Generated/MainLoop/Material_97 20.mat
 0.9 kb	 0.0% Assets/Generated/MainLoop/Material_96 20.mat
 0.9 kb	 0.0% Assets/Generated/MainLoop/Material_95 20.mat
 0.9 kb	 0.0% Assets/Generated/MainLoop/Material_94 20.mat
 0.9 kb	 0.0% Assets/Generated/MainLoop/Material_93 20.mat
 0.9 kb	 0.0% Assets/Generated/MainLoop/Material_92 20.mat
 0.9 kb	 0.0% Assets/Generated/MainLoop/Material_91 20.mat
 0.9 kb	 0.0% Assets/Generated/MainLoop/Material_90 22.mat
 0.9 kb	 0.0% Assets/Generated/MainLoop/Material_89 22.mat
 0.9 kb	 0.0% Assets/Generated/MainLoop/Material_88 22.mat
 0.9 kb	 0.0% Assets/Generated/MainLoop/Material_87 25.mat
 0.9 kb	 0.0% Assets/Generated/MainLoop/Material_86 25.mat
 0.9 kb	 0.0% Assets/Generated/MainLoop/Material_85 25.mat
 0.9 kb	 0.0% Assets/Generated/MainLoop/Material_84 25.mat
 0.9 kb	 0.0% Assets/Generated/MainLoop/Material_83 25.mat
 0.9 kb	 0.0% Assets/Generated/MainLoop/Material_82 25.mat
 0.9 kb	 0.0% Assets/Generated/MainLoop/Material_81 25.mat
 0.9 kb	 0.0% Assets/Generated/MainLoop/Material_80 25.mat
 0.9 kb	 0.0% Assets/Generated/MainLoop/Material_79 25.mat
 0.9 kb	 0.0% Assets/Generated/MainLoop/Material_78 25.mat
 0.9 kb	 0.0% Assets/Generated/MainLoop/Material_77 25.mat
 0.9 kb	 0.0% Assets/Generated/MainLoop/Material_76 25.mat
 0.9 kb	 0.0% Assets/Generated/MainLoop/Material_75 25.mat
 0.9 kb	 0.0% Assets/Generated/MainLoop/Material_74 25.mat
 0.9 kb	 0.0% Assets/Generated/MainLoop/Material_73 25.mat
 0.9 kb	 0.0% Assets/Generated/MainLoop/Material_72 25.mat
 0.9 kb	 0.0% Assets/Generated/MainLoop/Material_71 25.mat
 0.9 kb	 0.0% Assets/Generated/MainLoop/Material_70 23.mat
 0.9 kb	 0.0% Assets/Generated/MainLoop/Material_69 23.mat
 0.9 kb	 0.0% Assets/Generated/MainLoop/Material_68 23.mat
 0.9 kb	 0.0% Assets/Generated/MainLoop/Material_67 23.mat
 0.9 kb	 0.0% Assets/Generated/MainLoop/Material_66 20.mat
 0.9 kb	 0.0% Assets/Generated/MainLoop/Material_65 20.mat
 0.9 kb	 0.0% Assets/Generated/MainLoop/Material_135 20.mat
 0.9 kb	 0.0% Assets/Generated/MainLoop/Material_134 20.mat
 0.9 kb	 0.0% Assets/Generated/MainLoop/Material_133 20.mat
 0.9 kb	 0.0% Assets/Generated/MainLoop/Material_132 20.mat
 0.9 kb	 0.0% Assets/Generated/MainLoop/Material_131 20.mat
 0.9 kb	 0.0% Assets/Generated/MainLoop/Material_130 20.mat
 0.9 kb	 0.0% Assets/Generated/MainLoop/Material_129 20.mat
 0.9 kb	 0.0% Assets/Generated/MainLoop/Material_128 20.mat
 0.9 kb	 0.0% Assets/Generated/MainLoop/Material_127 20.mat
 0.9 kb	 0.0% Assets/Generated/MainLoop/Material_126 20.mat
 0.9 kb	 0.0% Assets/Generated/MainLoop/Material_125 20.mat
 0.9 kb	 0.0% Assets/Generated/MainLoop/Material_124 20.mat
 0.9 kb	 0.0% Assets/Generated/MainLoop/Material_123 20.mat
 0.9 kb	 0.0% Assets/Generated/MainLoop/Material_122 20.mat
 0.9 kb	 0.0% Assets/Generated/MainLoop/Material_121 20.mat
 0.9 kb	 0.0% Assets/Generated/MainLoop/Material_120 20.mat
 0.9 kb	 0.0% Assets/Generated/MainLoop/Material_119 20.mat
 0.9 kb	 0.0% Assets/Generated/MainLoop/Material_118 20.mat
 0.9 kb	 0.0% Assets/Generated/MainLoop/Material_117 20.mat
 0.9 kb	 0.0% Assets/Generated/MainLoop/Material_116 20.mat
 0.9 kb	 0.0% Assets/Generated/MainLoop/Material_115 20.mat
 0.9 kb	 0.0% Assets/Generated/MainLoop/Material_108 20.mat
 0.9 kb	 0.0% Assets/Generated/MainLoop/Material_107 20.mat
 0.9 kb	 0.0% Assets/Generated/MainLoop/Material_106 20.mat
 0.9 kb	 0.0% Assets/Generated/MainLoop/Material_105 20.mat
 0.9 kb	 0.0% Assets/Generated/MainLoop/Material_104 20.mat
 0.9 kb	 0.0% Assets/Generated/MainLoop/Material_103 20.mat
 0.9 kb	 0.0% Assets/Generated/MainLoop/Material_102 20.mat
 0.9 kb	 0.0% Assets/Generated/MainLoop/Material_101 20.mat
 0.9 kb	 0.0% Assets/Generated/MainLoop/Material_100 20.mat
 0.9 kb	 0.0% Assets/Generated/CabinLobby/Material_9 16.mat
 0.9 kb	 0.0% Assets/Generated/CabinLobby/Material_8 16.mat
 0.9 kb	 0.0% Assets/Generated/CabinLobby/Material_7 16.mat
 0.9 kb	 0.0% Assets/Generated/CabinLobby/Material_6 16.mat
 0.9 kb	 0.0% Assets/Generated/CabinLobby/Material_5 16.mat
 0.9 kb	 0.0% Assets/Generated/CabinLobby/Material_49 16.mat
 0.9 kb	 0.0% Assets/Generated/CabinLobby/Material_48 16.mat
 0.9 kb	 0.0% Assets/Generated/CabinLobby/Material_47 16.mat
 0.9 kb	 0.0% Assets/Generated/CabinLobby/Material_46 16.mat
 0.9 kb	 0.0% Assets/Generated/CabinLobby/Material_45 16.mat
 0.9 kb	 0.0% Assets/Generated/CabinLobby/Material_44 16.mat
 0.9 kb	 0.0% Assets/Generated/CabinLobby/Material_43 16.mat
 0.9 kb	 0.0% Assets/Generated/CabinLobby/Material_42 16.mat
 0.9 kb	 0.0% Assets/Generated/CabinLobby/Material_41 16.mat
 0.9 kb	 0.0% Assets/Generated/CabinLobby/Material_40 16.mat
 0.9 kb	 0.0% Assets/Generated/CabinLobby/Material_4 16.mat
 0.9 kb	 0.0% Assets/Generated/CabinLobby/Material_39 16.mat
 0.9 kb	 0.0% Assets/Generated/CabinLobby/Material_38 16.mat
 0.9 kb	 0.0% Assets/Generated/CabinLobby/Material_37 16.mat
 0.9 kb	 0.0% Assets/Generated/CabinLobby/Material_36 16.mat
 0.9 kb	 0.0% Assets/Generated/CabinLobby/Material_35 16.mat
 0.9 kb	 0.0% Assets/Generated/CabinLobby/Material_34 16.mat
 0.9 kb	 0.0% Assets/Generated/CabinLobby/Material_33 16.mat
 0.9 kb	 0.0% Assets/Generated/CabinLobby/Material_32 16.mat
 0.9 kb	 0.0% Assets/Generated/CabinLobby/Material_31 16.mat
 0.9 kb	 0.0% Assets/Generated/CabinLobby/Material_30 16.mat
 0.9 kb	 0.0% Assets/Generated/CabinLobby/Material_3 16.mat
 0.9 kb	 0.0% Assets/Generated/CabinLobby/Material_29 16.mat
 0.9 kb	 0.0% Assets/Generated/CabinLobby/Material_28 16.mat
 0.9 kb	 0.0% Assets/Generated/CabinLobby/Material_27 16.mat
 0.9 kb	 0.0% Assets/Generated/CabinLobby/Material_26 16.mat
 0.9 kb	 0.0% Assets/Generated/CabinLobby/Material_25 16.mat
 0.9 kb	 0.0% Assets/Generated/CabinLobby/Material_24 16.mat
 0.9 kb	 0.0% Assets/Generated/CabinLobby/Material_23 16.mat
 0.9 kb	 0.0% Assets/Generated/CabinLobby/Material_22 16.mat
 0.9 kb	 0.0% Assets/Generated/CabinLobby/Material_21 16.mat
 0.9 kb	 0.0% Assets/Generated/CabinLobby/Material_20 16.mat
 0.9 kb	 0.0% Assets/Generated/CabinLobby/Material_2 16.mat
 0.9 kb	 0.0% Assets/Generated/CabinLobby/Material_19 16.mat
 0.9 kb	 0.0% Assets/Generated/CabinLobby/Material_18 16.mat
 0.9 kb	 0.0% Assets/Generated/CabinLobby/Material_17 16.mat
 0.9 kb	 0.0% Assets/Generated/CabinLobby/Material_16 16.mat
 0.9 kb	 0.0% Assets/Generated/CabinLobby/Material_15 16.mat
 0.9 kb	 0.0% Assets/Generated/CabinLobby/Material_14 16.mat
 0.9 kb	 0.0% Assets/Generated/CabinLobby/Material_13 16.mat
 0.9 kb	 0.0% Assets/Generated/CabinLobby/Material_12 16.mat
 0.9 kb	 0.0% Assets/Generated/CabinLobby/Material_11 16.mat
 0.9 kb	 0.0% Assets/Generated/CabinLobby/Material_10 16.mat
 0.9 kb	 0.0% Assets/Generated/CabinLobby/Material_1 16.mat
 0.9 kb	 0.0% Assets/Generated/CabinLobby/Material_0 16.mat
 0.9 kb	 0.0% Assets/Generated/MainLoop/Mesh_24 25.asset
 0.9 kb	 0.0% Assets/Generated/MainLoop/Mesh_23 25.asset
 0.9 kb	 0.0% Assets/Generated/MainLoop/Mesh_22 25.asset
 0.9 kb	 0.0% Assets/Generated/MainLoop/Mesh_21 25.asset
 0.9 kb	 0.0% Assets/Generated/MainLoop/Mesh_20 25.asset
 0.9 kb	 0.0% Assets/Generated/MainLoop/Mesh_19 25.asset
 0.9 kb	 0.0% Assets/Generated/MainLoop/Mesh_18 25.asset
 0.9 kb	 0.0% Assets/Generated/MainLoop/Mesh_17 25.asset
 0.9 kb	 0.0% Assets/Generated/MainLoop/Mesh_16 25.asset
 0.9 kb	 0.0% Assets/Generated/MainLoop/Mesh_15 25.asset
 0.9 kb	 0.0% Assets/Generated/MainLoop/Mesh_14 25.asset
 0.9 kb	 0.0% Assets/Generated/MainLoop/Mesh_13 25.asset
 0.7 kb	 0.0% Assets/Generated/MainLoop/Mesh_9 25.asset
 0.7 kb	 0.0% Assets/Generated/MainLoop/Mesh_8 25.asset
 0.7 kb	 0.0% Assets/Generated/MainLoop/Mesh_7 25.asset
 0.7 kb	 0.0% Assets/Generated/MainLoop/Mesh_6 25.asset
 0.7 kb	 0.0% Assets/Generated/MainLoop/Mesh_5 25.asset
 0.7 kb	 0.0% Assets/Generated/MainLoop/Mesh_4 25.asset
 0.7 kb	 0.0% Assets/Generated/MainLoop/Mesh_12 25.asset
 0.7 kb	 0.0% Assets/Generated/MainLoop/Mesh_112 20.asset
 0.7 kb	 0.0% Assets/Generated/MainLoop/Mesh_11 25.asset
 0.7 kb	 0.0% Assets/Generated/MainLoop/Mesh_10 25.asset
 0.6 kb	 0.0% Assets/Generated/MainLoop/Mesh_3 25.asset
 0.6 kb	 0.0% Assets/Generated/MainLoop/Mesh_2 25.asset
 0.6 kb	 0.0% Assets/Generated/MainLoop/Mesh_1 25.asset
 0.6 kb	 0.0% Assets/Generated/MainLoop/Mesh_0 25.asset
 0.5 kb	 0.0% Assets/Generated/MainLoop/Mesh_64 23.asset
 0.5 kb	 0.0% Assets/Generated/MainLoop/Mesh_63 23.asset
 0.5 kb	 0.0% Assets/Generated/MainLoop/Mesh_62 23.asset
 0.5 kb	 0.0% Assets/Generated/MainLoop/Mesh_61 23.asset
 0.5 kb	 0.0% Assets/Generated/MainLoop/Mesh_60 20.asset
 0.5 kb	 0.0% Assets/Generated/MainLoop/Mesh_59 20.asset
 0.5 kb	 0.0% Assets/Generated/MainLoop/Mesh_58 20.asset
 0.5 kb	 0.0% Assets/Generated/MainLoop/Mesh_56 20.asset
 0.5 kb	 0.0% Assets/Generated/MainLoop/Mesh_55 20.asset
 0.5 kb	 0.0% Assets/Generated/MainLoop/Mesh_54 20.asset
 0.5 kb	 0.0% Assets/Generated/MainLoop/Mesh_53 20.asset
 0.5 kb	 0.0% Assets/Generated/MainLoop/Mesh_52 20.asset
 0.5 kb	 0.0% Assets/Generated/MainLoop/Mesh_51 20.asset
 0.5 kb	 0.0% Assets/Generated/MainLoop/Mesh_50 20.asset
 0.5 kb	 0.0% Assets/Generated/MainLoop/Mesh_48 20.asset
 0.5 kb	 0.0% Assets/Generated/MainLoop/Mesh_47 20.asset
 0.5 kb	 0.0% Assets/Generated/MainLoop/Mesh_46 20.asset
 0.5 kb	 0.0% Assets/Generated/MainLoop/Mesh_45 20.asset
 0.5 kb	 0.0% Assets/Generated/MainLoop/Mesh_44 20.asset
 0.5 kb	 0.0% Assets/Generated/MainLoop/Mesh_43 20.asset
 0.5 kb	 0.0% Assets/Generated/MainLoop/Mesh_42 20.asset
 0.5 kb	 0.0% Assets/Generated/MainLoop/Mesh_40 20.asset
 0.5 kb	 0.0% Assets/Generated/MainLoop/Mesh_39 20.asset
 0.5 kb	 0.0% Assets/Generated/MainLoop/Mesh_38 20.asset
 0.5 kb	 0.0% Assets/Generated/MainLoop/Mesh_37 20.asset
 0.5 kb	 0.0% Assets/Generated/MainLoop/Mesh_36 20.asset
 0.5 kb	 0.0% Assets/Generated/MainLoop/Mesh_35 20.asset
 0.5 kb	 0.0% Assets/Generated/MainLoop/Mesh_34 20.asset
 0.5 kb	 0.0% Assets/Generated/MainLoop/Mesh_32 22.asset
 0.5 kb	 0.0% Assets/Generated/MainLoop/Mesh_31 22.asset
 0.5 kb	 0.0% Assets/Generated/MainLoop/Mesh_30 22.asset
 0.5 kb	 0.0% Assets/Generated/MainLoop/Mesh_29 22.asset
 0.5 kb	 0.0% Assets/Generated/MainLoop/Mesh_28 22.asset
 0.5 kb	 0.0% Assets/Generated/MainLoop/Mesh_27 25.asset
 0.5 kb	 0.0% Assets/Generated/MainLoop/Mesh_26 25.asset
 0.4 kb	 0.0% Built-in Sprite: 
 0.3 kb	 0.0% Assets/Resources/palmbay-auth.json
 0.1 kb	 0.0% Packages/com.unity.ugui/Runtime/UI/Core/Layout/HorizontalOrVerticalLayoutGroup.cs
 0.1 kb	 0.0% Packages/com.unity.ugui/Runtime/EventSystem/InputModules/StandaloneInputModule.cs
 0.1 kb	 0.0% Assets/Scripts/Core/Progress/FirestoreProgressProtocol.cs
 0.1 kb	 0.0% Packages/com.unity.ugui/Runtime/UI/Core/Utility/ReflectionMethodsCache.cs
 0.1 kb	 0.0% Packages/com.unity.ugui/Runtime/UI/Core/MultipleDisplayUtilities.cs
 0.1 kb	 0.0% Packages/com.unity.ugui/Runtime/UI/Core/Layout/HorizontalLayoutGroup.cs
 0.1 kb	 0.0% Packages/com.unity.ugui/Runtime/UI/Core/IGraphicEnabledDisabled.cs
 0.1 kb	 0.0% Packages/com.unity.ugui/Runtime/UI/Core/GraphicRebuildTracker.cs
 0.1 kb	 0.0% Packages/com.unity.ugui/Runtime/UI/Core/Culling/RectangularVertexClipper.cs
 0.1 kb	 0.0% Packages/com.unity.ugui/Runtime/EventSystem/Raycasters/Physics2DRaycaster.cs
 0.1 kb	 0.0% Packages/com.unity.ugui/Runtime/EventSystem/InputModules/PointerInputModule.cs
 0.1 kb	 0.0% Assets/Scripts/Progress/UnityProgressTransport.cs
 0.1 kb	 0.0% Assets/Scripts/Progress/AccountProgressRuntime.cs
 0.1 kb	 0.0% Assets/Scripts/Core/Shift/PracticeFlightScheduler.cs
 0.1 kb	 0.0% Assets/Scripts/Core/Results/SettlementEligibility.cs
 0.1 kb	 0.0% Packages/com.unity.ugui/Runtime/UI/Animation/CoroutineTween.cs
 0.1 kb	 0.0% Packages/com.unity.ugui/Runtime/EventSystem/EventInterfaces.cs
 0.1 kb	 0.0% Assets/Scripts/Identity/FirebaseTokenResponse.cs
 0.1 kb	 0.0% Packages/com.unity.ugui/Runtime/UI/Core/SetPropertyUtility.cs
 0.1 kb	 0.0% Packages/com.unity.ugui/Runtime/UI/Core/MaterialModifiers/IMaterialModifier.cs
 0.1 kb	 0.0% Packages/com.unity.ugui/Runtime/UI/Core/Layout/VerticalLayoutGroup.cs
 0.1 kb	 0.0% Packages/com.unity.ugui/Runtime/UI/Core/Layout/ContentSizeFitter.cs
 0.1 kb	 0.0% Packages/com.unity.ugui/Runtime/UI/Core/Layout/AspectRatioFitter.cs
 0.1 kb	 0.0% Packages/com.unity.ugui/Runtime/UI/Core/FontUpdateTracker.cs
 0.1 kb	 0.0% Packages/com.unity.ugui/Runtime/UI/Core/CanvasUpdateRegistry.cs
 0.1 kb	 0.0% Packages/com.unity.ugui/Runtime/UI/Core/AnimationTriggers.cs
 0.1 kb	 0.0% Packages/com.unity.ugui/Runtime/EventSystem/Raycasters/PhysicsRaycaster.cs
 0.1 kb	 0.0% Packages/com.unity.ugui/Runtime/EventSystem/Raycasters/BaseRaycaster.cs
 0.1 kb	 0.0% Packages/com.unity.ugui/Runtime/EventSystem/RaycasterManager.cs
 0.1 kb	 0.0% Packages/com.unity.ugui/Runtime/EventSystem/RaycastResult.cs
 0.1 kb	 0.0% Packages/com.unity.ugui/Runtime/EventSystem/InputModules/TouchInputModule.cs
 0.1 kb	 0.0% Packages/com.unity.ugui/Runtime/EventSystem/InputModules/BaseInputModule.cs
 0.1 kb	 0.0% Packages/com.unity.ugui/Runtime/EventSystem/ExecuteEvents.cs
 0.1 kb	 0.0% Packages/com.unity.ugui/Runtime/EventSystem/EventData/PointerEventData.cs
 0.1 kb	 0.0% Packages/com.unity.ugui/Runtime/EventSystem/EventData/BaseEventData.cs
 0.1 kb	 0.0% Packages/com.unity.ugui/Runtime/EventSystem/EventData/AxisEventData.cs
 0.1 kb	 0.0% Assets/Scripts/Sharing/SilentVideoEncoder.cs
 0.1 kb	 0.0% Assets/Scripts/Presentation/SceneLayoutMarker.cs
 0.1 kb	 0.0% Assets/Scripts/Identity/LoopbackOAuthServer.cs
 0.1 kb	 0.0% Assets/Scripts/Identity/AgeVerificationStore.cs
 0.1 kb	 0.0% Assets/Scripts/Core/SingleFlightCycle.cs
 0.1 kb	 0.0% Assets/Scripts/Core/Results/ReplayExportTimeline.cs
 0.1 kb	 0.0% Assets/Scripts/Core/Progress/ProgressSyncService.cs
 0.1 kb	 0.0% Assets/Scripts/Core/Progress/ProgressSettlement.cs
 0.1 kb	 0.0% Assets/Scripts/Core/AirportSimulation.cs
 0.1 kb	 0.0% Packages/com.unity.ugui/Runtime/UI/Core/VertexModifiers/PositionAsUV1.cs
 0.1 kb	 0.0% Packages/com.unity.ugui/Runtime/UI/Core/VertexModifiers/IMeshModifier.cs
 0.1 kb	 0.0% Packages/com.unity.ugui/Runtime/UI/Core/VertexModifiers/BaseMeshEffect.cs
 0.1 kb	 0.0% Packages/com.unity.ugui/Runtime/UI/Core/StencilMaterial.cs
 0.1 kb	 0.0% Packages/com.unity.ugui/Runtime/UI/Core/MaskableGraphic.cs
 0.1 kb	 0.0% Packages/com.unity.ugui/Runtime/UI/Core/MaskUtilities.cs
 0.1 kb	 0.0% Packages/com.unity.ugui/Runtime/UI/Core/Layout/LayoutUtility.cs
 0.1 kb	 0.0% Packages/com.unity.ugui/Runtime/UI/Core/Layout/LayoutRebuilder.cs
 0.1 kb	 0.0% Packages/com.unity.ugui/Runtime/UI/Core/Layout/LayoutElement.cs
 0.1 kb	 0.0% Packages/com.unity.ugui/Runtime/UI/Core/Layout/ILayoutElement.cs
 0.1 kb	 0.0% Packages/com.unity.ugui/Runtime/UI/Core/Layout/GridLayoutGroup.cs
 0.1 kb	 0.0% Packages/com.unity.ugui/Runtime/UI/Core/GraphicRegistry.cs
 0.1 kb	 0.0% Packages/com.unity.ugui/Runtime/UI/Core/GraphicRaycaster.cs
 0.1 kb	 0.0% Packages/com.unity.ugui/Runtime/UI/Core/DefaultControls.cs
 0.1 kb	 0.0% Packages/com.unity.ugui/Runtime/UI/Core/Culling/ClipperRegistry.cs
 0.1 kb	 0.0% Packages/com.unity.ugui/Runtime/EventSystem/UIBehaviour.cs
 0.1 kb	 0.0% Packages/com.unity.ugui/Runtime/EventSystem/InputModules/BaseInput.cs
 0.1 kb	 0.0% Packages/com.unity.ugui/Runtime/EventSystem/EventTrigger.cs
 0.1 kb	 0.0% Packages/com.unity.ugui/Runtime/EventSystem/EventSystem.cs
 0.1 kb	 0.0% Assets/Scripts/Presentation/VirtualJoystick.cs
 0.1 kb	 0.0% Assets/Scripts/Presentation/SceneLayoutSync.cs
 0.1 kb	 0.0% Assets/Scripts/Presentation/AirportHudCanvas.cs
 0.1 kb	 0.0% Assets/Scripts/Presentation/ActionHoldButton.cs
 0.1 kb	 0.0% Assets/Scripts/Identity/OAuthSecurity.cs
 0.1 kb	 0.0% Assets/Scripts/Identity/FirebaseRestAuth.cs
 0.1 kb	 0.0% Assets/Scripts/Gameplay/AircraftMotion.cs
 0.1 kb	 0.0% Assets/Scripts/Diagnostics/M7PlayerSmoke.cs
 0.1 kb	 0.0% Assets/Scripts/Core/Shift/ShiftSnapshot.cs
 0.1 kb	 0.0% Assets/Scripts/Core/Progress/ProgressOutbox.cs
 0.1 kb	 0.0% Assets/Scripts/Core/Net/SnapshotBuffer.cs
 0.1 kb	 0.0% Assets/Scripts/Core/Net/ReliableControl.cs
 0.1 kb	 0.0% Assets/Scripts/Core/Net/LoopbackTransport.cs
 0.1 kb	 0.0% Assets/Scripts/Core/Auth/PlayerProfile.cs
 0.1 kb	 0.0% Assets/Scripts/Core/Net/UdpBeacon.cs
 0.1 kb	 0.0% Assets/Scripts/Core/GameEvents.cs
 0.1 kb	 0.0% Packages/com.unity.ugui/Runtime/UI/Core/Utility/VertexHelper.cs
 0.1 kb	 0.0% Packages/com.unity.ugui/Runtime/UI/Core/ToggleGroup.cs
 0.1 kb	 0.0% Packages/com.unity.ugui/Runtime/UI/Core/SpriteState.cs
 0.1 kb	 0.0% Packages/com.unity.ugui/Runtime/UI/Core/Selectable.cs
 0.1 kb	 0.0% Packages/com.unity.ugui/Runtime/UI/Core/Scrollbar.cs
 0.1 kb	 0.0% Packages/com.unity.ugui/Runtime/UI/Core/ScrollRect.cs
 0.1 kb	 0.0% Packages/com.unity.ugui/Runtime/UI/Core/RectMask2D.cs
 0.1 kb	 0.0% Packages/com.unity.ugui/Runtime/UI/Core/Navigation.cs
 0.1 kb	 0.0% Packages/com.unity.ugui/Runtime/UI/Core/Layout/LayoutGroup.cs
 0.1 kb	 0.0% Packages/com.unity.ugui/Runtime/UI/Core/Layout/CanvasScaler.cs
 0.1 kb	 0.0% Packages/com.unity.ugui/Runtime/UI/Core/InputField.cs
 0.1 kb	 0.0% Packages/com.unity.ugui/Runtime/UI/Core/IMaskable.cs
 0.1 kb	 0.0% Packages/com.unity.ugui/Runtime/UI/Core/ColorBlock.cs
 0.1 kb	 0.0% Assets/Scripts/Presentation/LobbyCanvas.cs
 0.1 kb	 0.0% Assets/Scripts/Presentation/CabinWorld.cs
 0.1 kb	 0.0% Assets/Scripts/Presentation/AirportWorld.cs
 0.1 kb	 0.0% Assets/Scripts/Presentation/AirportStyle.cs
 0.1 kb	 0.0% Assets/Scripts/Gameplay/ShareService.cs
 0.1 kb	 0.0% Assets/Scripts/Gameplay/NetSession.cs
 0.1 kb	 0.0% Assets/Scripts/Gameplay/MainLoopGame.cs
 0.1 kb	 0.0% Assets/Scripts/Gameplay/Level1Map.cs
 0.1 kb	 0.0% Assets/Scripts/Gameplay/AndroidNet.cs
 0.1 kb	 0.0% Assets/Scripts/Gameplay/AirportGame.cs
 0.1 kb	 0.0% Assets/Scripts/Core/Shift/ShiftEvents.cs
 0.1 kb	 0.0% Assets/Scripts/Core/Net/UdpSession.cs
 0.1 kb	 0.0% Assets/Scripts/Core/Net/RoomManager.cs
 0.1 kb	 0.0% Assets/Scripts/Core/Net/NetProtocol.cs
 0.1 kb	 0.0% Assets/Scripts/Core/Auth/IAuthService.cs
 0.1 kb	 0.0% Assets/Scripts/Core/Auth/BotMemory.cs
 0.1 kb	 0.0% Packages/com.unity.ugui/Runtime/UI/Core/Culling/IClipRegion.cs
 0.1 kb	 0.0% Packages/com.unity.ugui/Runtime/UI/Core/VertexModifiers/Shadow.cs
 0.1 kb	 0.0% Packages/com.unity.ugui/Runtime/UI/Core/VertexModifiers/Outline.cs
 0.1 kb	 0.0% Packages/com.unity.ugui/Runtime/UI/Core/Toggle.cs
 0.1 kb	 0.0% Packages/com.unity.ugui/Runtime/UI/Core/Slider.cs
 0.1 kb	 0.0% Packages/com.unity.ugui/Runtime/UI/Core/RawImage.cs
 0.1 kb	 0.0% Packages/com.unity.ugui/Runtime/UI/Core/Image.cs
 0.1 kb	 0.0% Packages/com.unity.ugui/Runtime/UI/Core/IMask.cs
 0.1 kb	 0.0% Packages/com.unity.ugui/Runtime/UI/Core/Graphic.cs
 0.1 kb	 0.0% Packages/com.unity.ugui/Runtime/UI/Core/FontData.cs
 0.1 kb	 0.0% Packages/com.unity.ugui/Runtime/UI/Core/Dropdown.cs
 0.1 kb	 0.0% Packages/com.unity.ugui/Runtime/UI/Core/Culling/Clipping.cs
 0.1 kb	 0.0% Packages/com.unity.ugui/Runtime/UI/Core/Button.cs
 0.1 kb	 0.0% Assets/Scripts/Presentation/UiKit.cs
 0.1 kb	 0.0% Assets/Scripts/Gameplay/LobbyApp.cs
 0.1 kb	 0.0% Assets/Scripts/Gameplay/AppState.cs
 0.1 kb	 0.0% Assets/Scripts/Core/Shift/ShiftSim.cs
 0.1 kb	 0.0% Assets/Scripts/Core/Net/MiniJson.cs
 0.1 kb	 0.0% Assets/Scripts/Core/Net/ISession.cs
 0.1 kb	 0.0% Assets/Scripts/Core/Auth/AgeCheck.cs
 0.1 kb	 0.0% Packages/com.unity.ugui/Runtime/UI/Core/Text.cs
 0.1 kb	 0.0% Packages/com.unity.ugui/Runtime/UI/Core/Misc.cs
 0.1 kb	 0.0% Packages/com.unity.ugui/Runtime/UI/Core/Mask.cs
-------------------------------------------------------------------------------
Unloading 224 Unused Serialized files (Serialized files now loaded: 0)
Unloading 174 unused Assets / (0.8 MB). Loaded Objects now: 1002.
Memory consumption went from 119.6 MB to 118.8 MB.
Total: 4.246458 ms (FindLiveObjects: 0.058042 ms CreateObjectMapping: 0.014250 ms MarkObjects: 3.638584 ms  DeleteObjects: 0.534833 ms)

Build Finished, Result: Success.
ExitCode: 0 Duration: 0s550ms
Launching external process: /Applications/Tuanjie/Hub/Editor/2022.3.61t14/Tuanjie.app/Contents/il2cpp/build/deploy/Analytics
##utp:{"type":"PlayerBuildInfo","version":2,"phase":"Immediate","time":1791121860465,"processId":50950,"steps":[{"description":"Preprocess Player","duration":2305},{"description":"Prepare For Build","duration":37},{"description":"ProducePlayerScriptAssemblies","duration":726},{"description":"Verify Build setup","duration":28},{"description":"Prepare assets for target platform","duration":57},{"description":"Prepare splash screen","duration":1},{"description":"Building scenes","duration":862},{"description":"Build scripts DLLs","duration":701},{"description":"Build GlobalGameManagers file","duration":85},{"description":"Writing asset files","duration":61},{"description":"Building Resources/tuanjie_builtin_extra","duration":81},{"description":"Write data build dirty tracking information","duration":17},{"description":"Postprocess built player","duration":938}],"duration":5899}
Unloading 0 Unused Serialized files (Serialized files now loaded: 0)
Loaded scene 'Temp/__Backupscenes/0.backup'
	Deserialize:            0.465 ms
	Integration:            2.961 ms
	Integration of assets:  0.001 ms
	Thread Wait Time:       0.011 ms
	Total Operation Time:   3.438 ms
Unloading 0 unused Assets / (0 B). Loaded Objects now: 995.
Memory consumption went from 114.1 MB to 114.1 MB.
Total: 3.049792 ms (FindLiveObjects: 0.057167 ms CreateObjectMapping: 0.012292 ms MarkObjects: 2.976625 ms  DeleteObjects: 0.003375 ms)

PALM_BAY_BUILD_READY entry=CabinLobby scenes=3
UnityEngine.StackTraceUtility:ExtractStackTrace () (at /Users/bokken/build/output/dev/tj/Runtime/Export/Scripting/StackTrace.cs:37)
UnityEngine.DebugLogHandler:LogFormat (UnityEngine.LogType,UnityEngine.Object,string,object[])
UnityEngine.Logger:Log (UnityEngine.LogType,object)
UnityEngine.Debug:Log (object)
DemoBuilder:BuildMac () (at Assets/Editor/DemoBuilder.cs:91)

(Filename: Assets/Editor/DemoBuilder.cs Line: 91)

Batchmode quit successfully invoked - shutting down!
Killing ADB server in 0.041678 seconds.
Thread 0x16fd07000 may have been prematurely finalized
Input System module state changed to: ShutdownInProgress.
Input System polling thread exited.
Input System module state changed to: Shutdown.
[Licensing::IpcConnector] License Notification channel disconnected successfully.
[Licensing::IpcConnector] License Client channel disconnected successfully.
Shutting down server...
Thread 0x17004f000 may have been prematurely finalized
[40m[32minfo[39m[22m[49m: Microsoft.Hosting.Lifetime[0]
      Application is shutting down...
Cleanup mono
debugger-agent: Unable to listen on 53
[Performance] Application.InitializeProject                                                                                   :        1 samples, Peak.  4.25 s (1.0x), Avg.  4.25 s, Total. 4.254 s (34.5%)
[Performance] Application.PackageManager.StartServer                                                                          :        1 samples, Peak.  2.39 ms (1.0x), Avg.  2.39 ms, Total. 2.387 ms (0.0%)
[Performance] Application.AcquireProjectLock                                                                                  :        1 samples, Peak.  2.85 ms (1.0x), Avg.  2.85 ms, Total. 2.853 ms (0.0%)
[Performance] Application.InitializeEngineNoGraphics                                                                          :        1 samples, Peak.  88.7 ms (1.0x), Avg.  88.7 ms, Total. 88.73 ms (0.7%)
[Performance] Application.PackageManager.Initialize                                                                           :        1 samples, Peak.   430 ms (1.0x), Avg.   430 ms, Total. 430.2 ms (3.5%)
[Performance] Connecting to Package Manager                                                                                   :       44 samples, Peak.  92.0 us (40.9x), Avg.  2.25 us, Total. 98.96 us (0.0%)
[Performance] PackageManager::Api::RunRequestSynchronously                                                                    :       12 samples, Peak.  6.63 us (2.2x), Avg.  3.05 us, Total. 36.58 us (0.0%)
[Performance] Application.EngineGraphics.Initialize                                                                           :        1 samples, Peak.  35.5 ms (1.0x), Avg.  35.5 ms, Total. 35.49 ms (0.3%)
[Performance] Application.GI.Initialize                                                                                       :        1 samples, Peak.   694 us (1.0x), Avg.   694 us, Total. 693.6 us (0.0%)
[Performance] Application.LoadAllDefaultResourcesFromEditor                                                                   :        1 samples, Peak.  1.28 ms (1.0x), Avg.  1.28 ms, Total. 1.283 ms (0.0%)
[Performance] Application.LoadMonoAssemblies                                                                                  :        1 samples, Peak.   783 ms (1.0x), Avg.   783 ms, Total. 783.1 ms (6.4%)
[Performance] RestoreManagedReferences                                                                                        :        2 samples, Peak.  48.3 ms (2.0x), Avg.  24.2 ms, Total. 48.30 ms (0.4%)
[Performance] InitializeOnLoad BuildProfileHelperManager                                                                      :        2 samples, Peak.  77.8 ms (1.9x), Avg.  41.6 ms, Total. 83.26 ms (0.7%)
[Performance] InitializeOnLoad SceneSearch                                                                                    :        2 samples, Peak.   131 us (1.3x), Avg.   103 us, Total. 206.1 us (0.0%)
[Performance] InitializeOnLoad DrivenRectTransformUndo                                                                        :        2 samples, Peak.   221 us (1.2x), Avg.   187 us, Total. 373.0 us (0.0%)
[Performance] InitializeOnLoad EditMode                                                                                       :        2 samples, Peak.   229 us (1.1x), Avg.   207 us, Total. 414.6 us (0.0%)
[Performance] InitializeOnLoad PlayModeDownload                                                                               :        2 samples, Peak.   581 us (1.8x), Avg.   325 us, Total. 649.1 us (0.0%)
[Performance] InitializeOnLoad ShortcutIntegration                                                                            :        2 samples, Peak.  53.1 us (1.3x), Avg.  41.9 us, Total. 83.75 us (0.0%)
[Performance] InitializeOnLoad ManagedDebuggerWindow                                                                          :        2 samples, Peak.   478 us (1.1x), Avg.   445 us, Total. 890.5 us (0.0%)
[Performance] InitializeOnLoad MenuItems                                                                                      :        2 samples, Peak.   229 us (1.2x), Avg.   195 us, Total. 390.5 us (0.0%)
[Performance] InitializeOnLoad ConsoleEntrance                                                                                :        2 samples, Peak.   265 us (1.1x), Avg.   231 us, Total. 462.3 us (0.0%)
[Performance] InitializeOnLoad MixerEffectDefinitionReloader                                                                  :        2 samples, Peak.  2.08 ms (1.3x), Avg.  1.55 ms, Total. 3.101 ms (0.0%)
[Performance] InitializeOnLoad SearchService                                                                                  :        2 samples, Peak.  65.3 us (1.0x), Avg.  64.4 us, Total. 128.7 us (0.0%)
[Performance] InitializeOnLoad CloudBuild                                                                                     :        2 samples, Peak.  2.83 us (1.2x), Avg.  2.31 us, Total. 4.625 us (0.0%)
[Performance] InitializeOnLoad PrefabInstanceChangedListener                                                                  :        2 samples, Peak.  97.7 us (1.1x), Avg.  87.9 us, Total. 175.7 us (0.0%)
[Performance] InitializeOnLoad ManagedDebugger                                                                                :        2 samples, Peak.   292 ns (1.3x), Avg.   230 ns, Total. 459.0 ns (0.0%)
[Performance] InitializeOnLoad AssetStoreContext                                                                              :        2 samples, Peak.  14.9 ms (1.7x), Avg.  8.58 ms, Total. 17.15 ms (0.1%)
[Performance] InitializeOnLoad NativeFormatImporterUtility                                                                    :        2 samples, Peak.  1.59 ms (1.2x), Avg.  1.35 ms, Total. 2.696 ms (0.0%)
[Performance] InitializeOnLoad ObjectSelectorSearch                                                                           :        2 samples, Peak.  35.0 us (1.2x), Avg.  30.2 us, Total. 60.33 us (0.0%)
[Performance] InitializeOnLoad CacheServerWindow                                                                              :        2 samples, Peak.  11.2 us (1.1x), Avg.  9.77 us, Total. 19.54 us (0.0%)
[Performance] InitializeOnLoad PoolManager                                                                                    :        2 samples, Peak.  31.6 us (1.0x), Avg.  30.8 us, Total. 61.62 us (0.0%)
[Performance] InitializeOnLoad UISystemProfilerRenderService                                                                  :        2 samples, Peak.  6.79 us (1.0x), Avg.  6.67 us, Total. 13.33 us (0.0%)
[Performance] InitializeOnLoad ProfilerConnectionPopupWindow                                                                  :        2 samples, Peak.  15.8 us (1.0x), Avg.  15.4 us, Total. 30.71 us (0.0%)
[Performance] InitializeOnLoad ProjectSearch                                                                                  :        2 samples, Peak.  28.9 us (1.2x), Avg.  23.2 us, Total. 46.42 us (0.0%)
[Performance] InitializeOnLoad TuanjiePathAndNameFix                                                                          :        2 samples, Peak.   103 us (1.0x), Avg.  99.2 us, Total. 198.3 us (0.0%)
[Performance] InitializeOnLoad UnityConnect                                                                                   :        2 samples, Peak.   458 ns (1.2x), Avg.   396 ns, Total. 791.0 ns (0.0%)
[Performance] InitializeOnLoad WindowLayout                                                                                   :        2 samples, Peak.  25.2 us (1.1x), Avg.  22.4 us, Total. 44.83 us (0.0%)
[Performance] InitializeOnLoad SettingsService                                                                                :        2 samples, Peak.  7.87 us (1.1x), Avg.  7.40 us, Total. 14.79 us (0.0%)
[Performance] InitializeOnLoad AddComponentWindow                                                                             :        2 samples, Peak.  66.5 us (1.0x), Avg.  64.7 us, Total. 129.4 us (0.0%)
[Performance] InitializeOnLoad EditorMonitor                                                                                  :        2 samples, Peak.   473 us (1.1x), Avg.   412 us, Total. 823.3 us (0.0%)
[Performance] InitializeOnLoad RetainedMode                                                                                   :        2 samples, Peak.  1.53 ms (1.0x), Avg.  1.47 ms, Total. 2.932 ms (0.0%)
[Performance] InitializeOnLoad EditorShaderLoader                                                                             :        2 samples, Peak.   496 us (1.2x), Avg.   423 us, Total. 845.8 us (0.0%)
[Performance] InitializeOnLoad EditorDelegateRegistration                                                                     :        2 samples, Peak.   362 us (1.0x), Avg.   354 us, Total. 707.9 us (0.0%)
[Performance] InitializeOnLoad UIDocumentHierarchyWatcher                                                                     :        2 samples, Peak.  43.1 us (1.0x), Avg.  41.8 us, Total. 83.54 us (0.0%)
[Performance] InitializeOnLoad LiveReloadTrackerCreator                                                                       :        2 samples, Peak.   128 us (1.1x), Avg.   118 us, Total. 235.8 us (0.0%)
[Performance] InitializeOnLoad UxmlObjectEditorFactories                                                                      :        2 samples, Peak.   356 us (1.1x), Avg.   335 us, Total. 670.8 us (0.0%)
[Performance] InitializeOnLoad UXMLEditorFactories                                                                            :        2 samples, Peak.  36.9 ms (1.0x), Avg.  36.2 ms, Total. 72.48 ms (0.6%)
[Performance] InitializeOnLoad PurchasingService                                                                              :        2 samples, Peak.  4.91 ms (1.1x), Avg.  4.62 ms, Total. 9.245 ms (0.1%)
[Performance] InitializeOnLoad CloudBuildPoller                                                                               :        2 samples, Peak.  72.2 us (1.1x), Avg.  67.7 us, Total. 135.5 us (0.0%)
[Performance] InitializeOnLoad EditorGameServicesAnalytics                                                                    :        2 samples, Peak.   805 us (1.1x), Avg.   717 us, Total. 1.433 ms (0.0%)
[Performance] InitializeOnLoad AnalyticsService                                                                               :        2 samples, Peak.   129 us (1.1x), Avg.   118 us, Total. 236.4 us (0.0%)
[Performance] InitializeOnLoad BuildService                                                                                   :        2 samples, Peak.  96.5 us (1.0x), Avg.  95.7 us, Total. 191.3 us (0.0%)
[Performance] InitializeOnLoad AdsService                                                                                     :        2 samples, Peak.   268 us (1.1x), Avg.   253 us, Total. 505.6 us (0.0%)
[Performance] InitializeOnLoad UDPService                                                                                     :        2 samples, Peak.  93.8 us (1.0x), Avg.  90.7 us, Total. 181.4 us (0.0%)
[Performance] InitializeOnLoad CrashService                                                                                   :        2 samples, Peak.  99.3 us (1.1x), Avg.  92.1 us, Total. 184.2 us (0.0%)
[Performance] InitializeOnLoad ServicesRepository                                                                             :        2 samples, Peak.  1.62 us (1.2x), Avg.  1.40 us, Total. 2.792 us (0.0%)
[Performance] InitializeOnLoad SearchWindow                                                                                   :        2 samples, Peak.   124 us (1.3x), Avg.  97.6 us, Total. 195.3 us (0.0%)
[Performance] InitializeOnLoad CustomIndexers                                                                                 :        2 samples, Peak.  14.1 ms (1.1x), Avg.  12.9 ms, Total. 25.89 ms (0.2%)
[Performance] InitializeOnLoad SearchMonitor                                                                                  :        2 samples, Peak.   686 us (1.1x), Avg.   614 us, Total. 1.228 ms (0.0%)
[Performance] InitializeOnLoad ParameterControllerEditor                                                                      :        2 samples, Peak.  26.1 us (1.0x), Avg.  24.9 us, Total. 49.71 us (0.0%)
[Performance] InitializeOnLoad LayerSettingsWindow                                                                            :        2 samples, Peak.  28.6 us (1.8x), Avg.  15.9 us, Total. 31.75 us (0.0%)
[Performance] InitializeOnLoad PackageManagerHookGUIDConverter.RegisterPackagesEventHandler                                   :        2 samples, Peak.   601 us (1.8x), Avg.   331 us, Total. 661.9 us (0.0%)
[Performance] InitializeOnLoad EditorDragAndDrop.RegisterEditorClient                                                         :        2 samples, Peak.   152 us (1.0x), Avg.   145 us, Total. 289.5 us (0.0%)
[Performance] InitializeOnLoad EditorEventCallbacks.InitializeFontAssetResourceChangeCallBacks                                :        2 samples, Peak.   737 us (1.1x), Avg.   673 us, Total. 1.345 ms (0.0%)
[Performance] InitializeOnLoad SceneTemplateService.Init                                                                      :        2 samples, Peak.   789 us (1.0x), Avg.   762 us, Total. 1.525 ms (0.0%)
[Performance] InitializeOnLoad DiagnosticSwitchesConsoleMessage.Init                                                          :        2 samples, Peak.  2.12 ms (1.5x), Avg.  1.44 ms, Total. 2.870 ms (0.0%)
[Performance] InitializeOnLoad EditorWindow.Initialize                                                                        :        2 samples, Peak.   147 us (1.0x), Avg.   146 us, Total. 292.8 us (0.0%)
[Performance] InitializeOnLoad MemoryProfilerCompilationGuard.InjectCompileGuard                                              :        2 samples, Peak.  97.8 us (1.0x), Avg.  94.1 us, Total. 188.2 us (0.0%)
[Performance] InitializeOnLoad ToolShortcutContext.Init                                                                       :        2 samples, Peak.  67.2 us (1.0x), Avg.  65.7 us, Total. 131.3 us (0.0%)
[Performance] InitializeOnLoad SceneVisibilityManager.Initialize                                                              :        2 samples, Peak.  2.23 ms (1.6x), Avg.  1.39 ms, Total. 2.781 ms (0.0%)
[Performance] InitializeOnLoad AssetPostprocessingInternal.RefreshCustomDependencies                                          :        2 samples, Peak.  2.30 ms (1.2x), Avg.  1.94 ms, Total. 3.877 ms (0.0%)
[Performance] InitializeOnLoad SysrootManager.Initialize                                                                      :        2 samples, Peak.   297 us (1.0x), Avg.   297 us, Total. 594.6 us (0.0%)
[Performance] InitializeOnLoad ScopedRegistryAddedPopup.SubscribeToRegistriesAdded                                            :        2 samples, Peak.   120 us (1.1x), Avg.   107 us, Total. 213.9 us (0.0%)
[Performance] InitializeOnLoad PackageManagerWindow.EditorInitializedInSafeMode                                               :        2 samples, Peak.  68.2 us (1.5x), Avg.  45.3 us, Total. 90.67 us (0.0%)
[Performance] AssemblyReloadEvents.afterAssemblyReload: UnityEditor.PackageManager.TuanjiePathAndNameFix.FixTuanjieNameOrPath :        2 samples, Peak.  2.27 ms (1.2x), Avg.  1.91 ms, Total. 3.814 ms (0.0%)
[Performance] AssemblyReloadEvents.afterAssemblyReload: UnityEditor.SceneTemplate.SceneTemplateService.AfterAssemblyReload    :        2 samples, Peak.  2.26 ms (1.9x), Avg.  1.22 ms, Total. 2.438 ms (0.0%)
[Performance] ProcessService.EditorAfterLoadAllAssemblies                                                                     :        2 samples, Peak.   270 us (1.2x), Avg.   225 us, Total. 450.7 us (0.0%)
[Performance] Application.ReadLicenseInfo                                                                                     :        1 samples, Peak.  14.4 ms (1.0x), Avg.  14.4 ms, Total. 14.38 ms (0.1%)
[Performance] Application.InitialRefresh                                                                                      :        1 samples, Peak.  1.60 s (1.0x), Avg.  1.60 s, Total. 1.596 s (13.0%)
[Performance] Compiling Scripts                                                                                               :        1 samples, Peak.   571 ms (1.0x), Avg.   571 ms, Total. 570.7 ms (4.6%)
[Performance] AssemblyReloadEvents.beforeAssemblyReload: UnityEditor.SceneTemplate.SceneTemplateService.BeforeAssemblyReload  :        1 samples, Peak.   392 us (1.0x), Avg.   392 us, Total. 391.7 us (0.0%)
[Performance] InitializeOnLoad M3ReplayFailureCapture                                                                         :        1 samples, Peak.   109 us (1.0x), Avg.   109 us, Total. 108.7 us (0.0%)
[Performance] InitializeOnLoad M3FuelPlaytest                                                                                 :        1 samples, Peak.   143 us (1.0x), Avg.   143 us, Total. 142.8 us (0.0%)
[Performance] InitializeOnLoad M7IdentityReview                                                                               :        1 samples, Peak.  35.2 us (1.0x), Avg.  35.2 us, Total. 35.21 us (0.0%)
[Performance] InitializeOnLoad M6ResultsCapture                                                                               :        1 samples, Peak.  31.9 us (1.0x), Avg.  31.9 us, Total. 31.92 us (0.0%)
[Performance] InitializeOnLoad NetPlaytest                                                                                    :        1 samples, Peak.  99.5 us (1.0x), Avg.  99.5 us, Total. 99.50 us (0.0%)
[Performance] InitializeOnLoad MainLoopPlaytest                                                                               :        1 samples, Peak.  29.6 us (1.0x), Avg.  29.6 us, Total. 29.58 us (0.0%)
[Performance] InitializeOnLoad M2LobbyCapture                                                                                 :        1 samples, Peak.  32.2 us (1.0x), Avg.  32.2 us, Total. 32.21 us (0.0%)
[Performance] InitializeOnLoad MacVideoShareBuilder                                                                           :        1 samples, Peak.  72.4 us (1.0x), Avg.  72.4 us, Total. 72.38 us (0.0%)
[Performance] InitializeOnLoad M4CoopCapture                                                                                  :        1 samples, Peak.   487 us (1.0x), Avg.   487 us, Total. 486.8 us (0.0%)
[Performance] InitializeOnLoad M1ReviewCapture                                                                                :        1 samples, Peak.  35.1 us (1.0x), Avg.  35.1 us, Total. 35.12 us (0.0%)
[Performance] InitializeOnLoad CodelyToolbar                                                                                  :        1 samples, Peak.  94.1 us (1.0x), Avg.  94.1 us, Total. 94.12 us (0.0%)
[Performance] InitializeOnLoad CodelyLayoutInstaller                                                                          :        1 samples, Peak.  39.5 us (1.0x), Avg.  39.5 us, Total. 39.50 us (0.0%)
[Performance] InitializeOnLoad SelectionChangedNotifier                                                                       :        1 samples, Peak.  70.0 us (1.0x), Avg.  70.0 us, Total. 70.04 us (0.0%)
[Performance] InitializeOnLoad UnityTcpBridge                                                                                 :        1 samples, Peak.   309 us (1.0x), Avg.   309 us, Total. 309.3 us (0.0%)
[Performance] InitializeOnLoad BridgeUpdateRestartPrompt                                                                      :        1 samples, Peak.  33.1 us (1.0x), Avg.  33.1 us, Total. 33.12 us (0.0%)
[Performance] InitializeOnLoad TmpEssentialsAutoImporter                                                                      :        1 samples, Peak.  35.8 us (1.0x), Avg.  35.8 us, Total. 35.83 us (0.0%)
[Performance] InitializeOnLoad NativeDllLoader                                                                                :        1 samples, Peak.   394 us (1.0x), Avg.   394 us, Total. 393.5 us (0.0%)
[Performance] InitializeOnLoad DialogWatcher                                                                                  :        1 samples, Peak.   641 us (1.0x), Avg.   641 us, Total. 641.2 us (0.0%)
[Performance] InitializeOnLoad StepJobRunner                                                                                  :        1 samples, Peak.  2.40 ms (1.0x), Avg.  2.40 ms, Total. 2.401 ms (0.0%)
[Performance] InitializeOnLoad ManageWindowBridge                                                                             :        1 samples, Peak.   463 us (1.0x), Avg.   463 us, Total. 463.2 us (0.0%)
[Performance] InitializeOnLoad PrefabLayoutRebuilder                                                                          :        1 samples, Peak.   170 us (1.0x), Avg.   170 us, Total. 170.0 us (0.0%)
[Performance] InitializeOnLoad ManageScreenshot.ScheduleStaleCaptureWindowCleanup                                             :        1 samples, Peak.  1.54 ms (1.0x), Avg.  1.54 ms, Total. 1.539 ms (0.0%)
[Performance] InitializeOnLoad ManageInput.Initialize                                                                         :        1 samples, Peak.   103 us (1.0x), Avg.   103 us, Total. 102.8 us (0.0%)
[Performance] InitializeOnLoad NativeWindowBridgeHost.OnDomainReload                                                          :        1 samples, Peak.  3.68 ms (1.0x), Avg.  3.68 ms, Total. 3.680 ms (0.0%)
[Performance] InitializeOnLoad DrillWindow.AutoOpenOnLoadIfDrillIncomplete                                                    :        1 samples, Peak.  1.14 ms (1.0x), Avg.  1.14 ms, Total. 1.139 ms (0.0%)
[Performance] InitializeOnLoad CodelyWindow.RegisterReloadEvents                                                              :        1 samples, Peak.   309 us (1.0x), Avg.   309 us, Total. 308.7 us (0.0%)
[Performance] InitializeOnLoad CodelyLogger.Init                                                                              :        1 samples, Peak.  44.0 us (1.0x), Avg.  44.0 us, Total. 44.04 us (0.0%)
[Performance] DidReloadScriptsAdvancedDropdownWindow.OnScriptReload                                                           :        1 samples, Peak.   143 us (1.0x), Avg.   143 us, Total. 143.3 us (0.0%)
[Performance] PresetManagerPostProcessor.OnPreprocessAsset                                                                    :        4 samples, Peak.   195 us (3.5x), Avg.  55.4 us, Total. 221.6 us (0.0%)
[Performance] CancelSplashScreenOnAssetChange.OnPreprocessAsset                                                               :        4 samples, Peak.  93.5 us (3.6x), Avg.  25.7 us, Total. 102.7 us (0.0%)
[Performance] AssetDatabase.ImportAssets                                                                                      :        4 samples, Peak.   541 ns (1.5x), Avg.   354 ns, Total. 1.415 us (0.0%)
[Performance] VersionControl.Task.Wait                                                                                        :        1 samples, Peak.  8.46 us (1.0x), Avg.  8.46 us, Total. 8.458 us (0.0%)
[Performance] BuilderAssetPostprocessor.OnPostprocessAllAssets                                                                :        4 samples, Peak.  2.55 ms (2.0x), Avg.  1.26 ms, Total. 5.057 ms (0.0%)
[Performance] ArtifactBrowserPostProcessor.OnPostprocessAllAssets                                                             :        4 samples, Peak.   459 us (2.0x), Avg.   231 us, Total. 922.3 us (0.0%)
[Performance] AssetEvents.OnPostprocessAllAssets                                                                              :        8 samples, Peak.   116 us (3.0x), Avg.  39.2 us, Total. 313.4 us (0.0%)
[Performance] AudioMixerPostprocessor.OnPostprocessAllAssets                                                                  :        4 samples, Peak.   196 us (2.0x), Avg.  99.0 us, Total. 396.1 us (0.0%)
[Performance] DomainReloadPostprocessor.OnPostprocessAllAssets                                                                :        4 samples, Peak.  1.38 ms (2.0x), Avg.   700 us, Total. 2.799 ms (0.0%)
[Performance] StyleCatalogPostProcessor.OnPostprocessAllAssets                                                                :        4 samples, Peak.  13.3 ms (2.0x), Avg.  6.63 ms, Total. 26.52 ms (0.2%)
[Performance] BuildCatalog                                                                                                    :        1 samples, Peak.  12.4 ms (1.0x), Avg.  12.4 ms, Total. 12.44 ms (0.1%)
[Performance] ModelImporterPostProcessor.OnPostprocessAllAssets                                                               :        4 samples, Peak.   706 us (2.0x), Avg.   361 us, Total. 1.444 ms (0.0%)
[Performance] RetainedModeAssetPostprocessor.OnPostprocessAllAssets                                                           :        4 samples, Peak.  1.69 ms (2.0x), Avg.   848 us, Total. 3.392 ms (0.0%)
[Performance] AssetChangedListener.OnPostprocessAllAssets                                                                     :        4 samples, Peak.  1.53 ms (1.7x), Avg.   883 us, Total. 3.533 ms (0.0%)
[Performance] SpeedTreePostProcessor.OnPostprocessAllAssets                                                                   :        4 samples, Peak.   189 us (1.9x), Avg.  98.2 us, Total. 392.9 us (0.0%)
[Performance] TextAssetPostProcessor.OnPostprocessAllAssets                                                                   :        4 samples, Peak.   335 us (1.9x), Avg.   172 us, Total. 687.5 us (0.0%)
[Performance] SyncVS.PostprocessSyncProject                                                                                   :        2 samples, Peak.   985 us (2.0x), Avg.   495 us, Total. 990.9 us (0.0%)
[Performance] Application.ImportPackagesAndSetTemplateWhenCreatingProject                                                     :        1 samples, Peak.  18.6 ms (1.0x), Avg.  18.6 ms, Total. 18.59 ms (0.2%)
[Performance] Application.SyncCurrentColorSpace                                                                               :        1 samples, Peak.  84.1 ms (1.0x), Avg.  84.1 ms, Total. 84.10 ms (0.7%)
[Performance] Application.OnUsbDevicesChanged                                                                                 :        1 samples, Peak.  69.6 us (1.0x), Avg.  69.6 us, Total. 69.58 us (0.0%)
[Performance] Application.AssetInstanceCacheUpdate                                                                            :        1 samples, Peak.   208 ns (1.0x), Avg.   208 ns, Total. 208.0 ns (0.0%)
[Performance] Application.UnityExtensions.Initialize                                                                          :        1 samples, Peak.   874 us (1.0x), Avg.   874 us, Total. 874.0 us (0.0%)
[Performance] CodeEditorProjectSync.SyncEditorProject                                                                         :        1 samples, Peak.  44.5 us (1.0x), Avg.  44.5 us, Total. 44.50 us (0.0%)
[Performance] Application.ExecuteStartups                                                                                     :        1 samples, Peak.  47.6 ms (1.0x), Avg.  47.6 ms, Total. 47.64 ms (0.4%)
[Performance] Menu.RegisterMenuInterface                                                                                      :       26 samples, Peak.   416 ns (4.3x), Avg.  97.8 ns, Total. 2.543 us (0.0%)
[Performance] Gizmo.RebuildRenderers                                                                                          :        2 samples, Peak.  41.9 ms (1.6x), Avg.  26.9 ms, Total. 53.84 ms (0.4%)
[Performance] Gizmo.AddGizmoRenderers                                                                                         :       68 samples, Peak.  1.30 ms (45.3x), Avg.  28.8 us, Total. 1.957 ms (0.0%)
[Performance] Application.editorInitializingProject                                                                           :        1 samples, Peak.   759 us (1.0x), Avg.   759 us, Total. 758.8 us (0.0%)
[Performance] Application.InitializeMenu                                                                                      :        1 samples, Peak.  35.7 ms (1.0x), Avg.  35.7 ms, Total. 35.70 ms (0.3%)
[Performance] Menu.RebuildAll                                                                                                 :        1 samples, Peak.  35.7 ms (1.0x), Avg.  35.7 ms, Total. 35.68 ms (0.3%)
[Performance] Menu.BuildRegisteredMenuInterfaces                                                                              :        1 samples, Peak.  32.5 ms (1.0x), Avg.  32.5 ms, Total. 32.45 ms (0.3%)
[Performance] Menu.FilterMenuItem                                                                                             :      491 samples, Peak.  15.7 ms (462.2x), Avg.  33.9 us, Total. 16.64 ms (0.1%)
[Performance] UpdateAllMenus                                                                                                  :        1 samples, Peak.   453 us (1.0x), Avg.   453 us, Total. 453.2 us (0.0%)
[Performance] EditorSceneManager.sceneClosing: UnityEditor.SceneVisibilityManager.EditorSceneManagerOnSceneClosing            :        7 samples, Peak.   171 us (6.2x), Avg.  27.6 us, Total. 193.2 us (0.0%)
[Performance] GUIView.RepaintAll.PlayerLoopController                                                                         :        4 samples, Peak.  3.83 us (2.5x), Avg.  1.53 us, Total. 6.125 us (0.0%)
[Performance] EditorSceneManager.newSceneCreated: UnityEditor.SceneTemplate.SceneTemplateService.OnNewSceneCreated            :        3 samples, Peak.   162 us (2.9x), Avg.  55.5 us, Total. 166.6 us (0.0%)
[Performance] EditorSceneManager.newSceneCreated: UnityEditor.SceneVisibilityManager.EditorSceneManagerOnNewSceneCreated      :        3 samples, Peak.   101 us (2.5x), Avg.  40.3 us, Total. 120.8 us (0.0%)
[Performance] EditorSceneManager.newSceneCreated: UnityEditor.SceneManagement.StageNavigationManager.OnNewSceneCreated        :        3 samples, Peak.  33.7 us (2.5x), Avg.  13.4 us, Total. 40.29 us (0.0%)
[Performance] Application.InvokeFinishedLoadingProject                                                                        :        1 samples, Peak.  6.30 ms (1.0x), Avg.  6.30 ms, Total. 6.302 ms (0.1%)
[Performance] ProcessService.OnProjectLoaded                                                                                  :        1 samples, Peak.  32.1 us (1.0x), Avg.  32.1 us, Total. 32.12 us (0.0%)
[Performance] AssetDatabase.ImportAsset                                                                                       :        1 samples, Peak.  37.2 ms (1.0x), Avg.  37.2 ms, Total. 37.15 ms (0.3%)
[Performance] Inspector.InitOrRebuild                                                                                         :        5 samples, Peak.   328 us (1.6x), Avg.   200 us, Total. 997.6 us (0.0%)
[Performance] BuilderAssetModificationProcessor.OnWillSaveAssets                                                              :        2 samples, Peak.   272 us (1.9x), Avg.   140 us, Total. 280.2 us (0.0%)
[Performance] TerrainModificationProcessor.OnWillSaveAssets                                                                   :        2 samples, Peak.   434 us (1.9x), Avg.   226 us, Total. 452.0 us (0.0%)
[Performance] Application.Message                                                                                             :       93 samples, Peak.  2.04 us (12.5x), Avg.   163 ns, Total. 15.17 us (0.0%)
[Performance] Application.Idle                                                                                                :       93 samples, Peak.  3.40 ms (1.0x), Avg.  3.33 ms, Total. 309.8 ms (2.5%)
[Performance] GenerateAssemblyTypeInfos                                                                                       :        2 samples, Peak.  19.3 ms (1.5x), Avg.  12.9 ms, Total. 25.82 ms (0.2%)
[Performance] AssetDatabase.Refresh                                                                                           :        1 samples, Peak.  37.2 ms (1.0x), Avg.  37.2 ms, Total. 37.25 ms (0.3%)
[Performance] EditorSceneManager.sceneOpened: UnityEditor.SceneTemplate.SceneTemplateService.OnSceneOpened                    :        3 samples, Peak.   183 us (3.0x), Avg.  61.6 us, Total. 184.7 us (0.0%)
[Performance] EditorSceneManager.sceneOpened: UnityEditor.SceneVisibilityManager.EditorSceneManagerOnSceneOpened              :        3 samples, Peak.   118 us (2.9x), Avg.  40.8 us, Total. 122.4 us (0.0%)
[Performance] EditorSceneManager.sceneOpened: UnityEditor.SceneManagement.StageNavigationManager.OnSceneOpened                :        3 samples, Peak.  35.5 us (2.8x), Avg.  12.6 us, Total. 37.92 us (0.0%)
[Performance] UnityBuildPostprocessor.OnProcessScene                                                                          :        3 samples, Peak.   369 us (2.4x), Avg.   153 us, Total. 459.3 us (0.0%)
[Performance] EditorApplication.quitting: UnityTcp.Editor.Native.NativeDllLoader.OnEditorQuitting                             :        1 samples, Peak.   129 us (1.0x), Avg.   129 us, Total. 129.4 us (0.0%)
[Performance] EditorApplication.quitting: UnityTcp.Editor.Tools.ManageWindowBridge.OnEditorQuitting                           :        1 samples, Peak.  32.9 ms (1.0x), Avg.  32.9 ms, Total. 32.92 ms (0.3%)
[Performance] EditorApplication.quitting: UnityTcp.Editor.Tools.ManageScreenshot.CleanupRecordingBeforeDomainExit             :        1 samples, Peak.  24.4 us (1.0x), Avg.  24.4 us, Total. 24.38 us (0.0%)
[Performance] EditorApplication.quitting: Cn.Tuanjie.Codely.Editor.CodelyWindow.OnEditorQuitting                              :        1 samples, Peak.   554 us (1.0x), Avg.   554 us, Total. 553.5 us (0.0%)
[Performance] EditorApplication.quitting: callback in UnityEditor.TextCore.Text.EditorEventCallbacks                          :        1 samples, Peak.  2.40 ms (1.0x), Avg.  2.40 ms, Total. 2.396 ms (0.0%)
[Performance] Killing ADB server                                                                                              :        1 samples, Peak.  43.5 ms (1.0x), Avg.  43.5 ms, Total. 43.55 ms (0.4%)
[Performance] Application.Shutdown.PauseProfilerSession                                                                       :        1 samples, Peak.  33.7 us (1.0x), Avg.  33.7 us, Total. 33.67 us (0.0%)
[Performance] Application.Shutdown.PauseAssetImportWorkers                                                                    :        1 samples, Peak.   233 us (1.0x), Avg.   233 us, Total. 233.3 us (0.0%)
[Performance] Application.Shutdown.SaveAssets                                                                                 :        1 samples, Peak.  1.42 ms (1.0x), Avg.  1.42 ms, Total. 1.422 ms (0.0%)
[Performance] Application.Shutdown.CleanupRenderPipeline                                                                      :        1 samples, Peak.  6.63 us (1.0x), Avg.  6.63 us, Total. 6.625 us (0.0%)
[Performance] Application.Shutdown.StopPreloadManager                                                                         :        1 samples, Peak.  11.1 ms (1.0x), Avg.  11.1 ms, Total. 11.05 ms (0.1%)
[Performance] Application.Shutdown.DestroyWorld                                                                               :        1 samples, Peak.   604 us (1.0x), Avg.   604 us, Total. 604.0 us (0.0%)
[Performance] Application.Shutdown.CleanupAfterLoad                                                                           :        1 samples, Peak.  2.66 ms (1.0x), Avg.  2.66 ms, Total. 2.663 ms (0.0%)
[Performance] Application.Shutdown.Progress                                                                                   :        1 samples, Peak.  28.6 us (1.0x), Avg.  28.6 us, Total. 28.63 us (0.0%)
[Performance] Application.Shutdown.GICleanupManagers                                                                          :        1 samples, Peak.   544 us (1.0x), Avg.   544 us, Total. 544.5 us (0.0%)
[Performance] Application.Shutdown.MenuCleanupClass                                                                           :        1 samples, Peak.  81.2 us (1.0x), Avg.  81.2 us, Total. 81.21 us (0.0%)
[Performance] Application.Shutdown.ADBSaveStateBeforeShutdown                                                                 :        1 samples, Peak.  9.42 us (1.0x), Avg.  9.42 us, Total. 9.417 us (0.0%)
[Performance] Application.Shutdown.RemoteShutdown                                                                             :        1 samples, Peak.   666 ns (1.0x), Avg.   666 ns, Total. 666.0 ns (0.0%)
[Performance] Application.Shutdown.CleanupVCProvider                                                                          :        1 samples, Peak.  11.4 us (1.0x), Avg.  11.4 us, Total. 11.42 us (0.0%)
[Performance] Application.Shutdown.InputShutdown                                                                              :        1 samples, Peak.   250 us (1.0x), Avg.   250 us, Total. 249.8 us (0.0%)
[Performance] Application.Shutdown.GizmoManagerDestroy                                                                        :        1 samples, Peak.   333 us (1.0x), Avg.   333 us, Total. 333.0 us (0.0%)
[Performance] Application.Shutdown.ProfilerSession                                                                            :        1 samples, Peak.   177 us (1.0x), Avg.   177 us, Total. 176.9 us (0.0%)
[Performance] Application.Shutdown.ReleaseGfxWindowOnAllGUIViews                                                              :        1 samples, Peak.  1.50 us (1.0x), Avg.  1.50 us, Total. 1.500 us (0.0%)
[Performance] Application.Shutdown.CleanupEngine                                                                              :        1 samples, Peak.   146 ms (1.0x), Avg.   146 ms, Total. 146.3 ms (1.2%)
[Performance] Application.Shutdown.CleanupAssetDatabase                                                                       :        1 samples, Peak.  2.19 ms (1.0x), Avg.  2.19 ms, Total. 2.193 ms (0.0%)
[Performance] Application.Shutdown.ScriptCompilationCleanUp                                                                   :        1 samples, Peak.  18.5 us (1.0x), Avg.  18.5 us, Total. 18.50 us (0.0%)
[Performance] Application.Shutdown.DestroyJobSystem                                                                           :        1 samples, Peak.   284 us (1.0x), Avg.   284 us, Total. 283.9 us (0.0%)
[Performance] Application.Shutdown.CleanupPersistentManager                                                                   :        1 samples, Peak.   850 us (1.0x), Avg.   850 us, Total. 850.0 us (0.0%)
[Performance] Application.Shutdown.CleanupAsyncReadManager                                                                    :        1 samples, Peak.  83.2 us (1.0x), Avg.  83.2 us, Total. 83.25 us (0.0%)
[Performance] Application.Shutdown.CleanupMono                                                                                :        1 samples, Peak.  32.0 ms (1.0x), Avg.  32.0 ms, Total. 32.05 ms (0.3%)
[Performance] Application.Shutdown.CleanupStdConverters                                                                       :        1 samples, Peak.  7.58 us (1.0x), Avg.  7.58 us, Total. 7.583 us (0.0%)
[Performance] Application.Shutdown.UnloadAllPlatformSupportModuleNativeDlls                                                   :        1 samples, Peak.   458 ns (1.0x), Avg.   458 ns, Total. 458.0 ns (0.0%)
[Performance] Application.Shutdown.UnloadAllPlatformSupportNativeLibraries                                                    :        1 samples, Peak.   208 ns (1.0x), Avg.   208 ns, Total. 208.0 ns (0.0%)
[Performance] Application.Shutdown.CleanupAutoDocumentation                                                                   :        1 samples, Peak.   129 us (1.0x), Avg.   129 us, Total. 128.5 us (0.0%)
[Performance] Application.Shutdown.ShaderNameManagerDestroy                                                                   :        1 samples, Peak.  29.2 us (1.0x), Avg.  29.2 us, Total. 29.21 us (0.0%)
[Performance] Application.Shutdown.CleanupCacheServer                                                                         :        1 samples, Peak.   166 ns (1.0x), Avg.   166 ns, Total. 166.0 ns (0.0%)
[Performance] Application.Shutdown.Virtualization_Shutdown                                                                    :        1 samples, Peak.   208 ns (1.0x), Avg.   208 ns, Total. 208.0 ns (0.0%)
[Performance] Application.Shutdown.DevConnections                                                                             :        1 samples, Peak.  82.3 us (1.0x), Avg.  82.3 us, Total. 82.29 us (0.0%)
Exiting batchmode successfully now!
[Package Manager] Server::Kill -- Server was shutdown
