Tuanjie Editor version:  2022.3.61t14 (3a70663b70e0)
Branch:                  tuanjie/1.6/staging
Build type:              Release
Batch mode:              YES
macOS version:           Version 27.2 (Build 26B5091g)
Darwin version:          27.2.0
Architecture:            arm64
Running under Rosetta:   NO
Available memory:        16384 MB
[Licensing::Module] Trying to connect to existing licensing client channel...
[Licensing::IpcConnector] Successfully connected to the License Client on channel: "LicenseClient-qinziqian" at "2026-10-06T01:41:05.357801Z"
[Licensing::Client] Error: Code 10 while verifying Licensing Client signature (process Id: 68805, path: "/Applications/Tuanjie Hub.app/Contents/Frameworks/TuanjieLicensingClient_V1.app/Contents/MacOS/Tuanjie.Licensing.Client")
[Licensing::Module] Error: LicensingClient has failed validation; ignoring
[Licensing::Client] Successfully send message: {"messageType":"HandshakeRequest","protocolVersion":"1.12","userAgent":"TuanjieEditor/2022.3.61t14 (Macintosh; U; Intel Mac OS X 27.2; zh-Hans-CN)","externalCorrelationId":"8890014967018962258"} at 1791250865
[Licensing::Client] Successfully receive message: {"protocolVersion":"1.12","sessionId":"eaaee4ba8d3a401daa62be6eef4f3d4a","context":{"DeviceName":"Link's MBP","DeviceModel":"Mac17,2","PhysicalMemoryMB":"16384","SystemLanguageISO":"zh-Hans-CN","ProcessorCount":"10","ProcessorType":"Apple M5","OperatingSystem":"Mac OS X 27.2.0","OperatingSystemNumeric":"270200","Legacy.MachineBinding1":"A12EBA94-6CAE-536D-8639-8B28F22AAE12","Legacy.MachineBinding2":"HWF12RQ93K","Legacy.MachineBinding4":null,"Legacy.MachineBinding5":"5c:9b:a6:84:6a:ac","EnvironmentUser":"qinziqian","EnvironmentDomain":"Links-MBP","EnvironmentHostname":"Links-MBP"},"assemblyProductVersion":"1.14.0+af049b8","machineId":"2qJXSmjy+8qC9zvVypdceXsI7UU=","correlationId":"357929abc37252d6bd49b24238c1b4a9","responseCode":200,"responseStatus":"Handshake successful","messageType":"HandshakeResponse"} at 1791250865
[Licensing::Client] Handshaking with LicensingClient:
  Version:                 1.14.0+af049b8
  Session Id:              eaaee4ba8d3a401daa62be6eef4f3d4a
  Correlation Id:          357929abc37252d6bd49b24238c1b4a9
  External correlation Id: 8890014967018962258
  Machine Id:              2qJXSmjy+8qC9zvVypdceXsI7UU=
[Licensing::Module] Successfully connected to LicensingClient on channel: "LicenseClient-qinziqian" (connect: 0.00s, validation: 0.01s, handshake: 0.34s)
[Licensing::IpcConnector] Successfully connected to the License Notification on channel: "LicenseClient-qinziqian-notifications" at "2026-10-06T01:41:05.70562Z"
[Licensing::Module] Error: Access token is unavailable; failed to update
[Licensing::Client] Successfully send message: {"messageType":"UpdateLicenseRequest","AccessToken":"","OrgId":"","ProjectId":"","forceUpdateLicense":true} at 1791250865
[Licensing::Client] Successfully receive message: {"responseCode":200,"responseStatus":"Licenses updated.","messageType":"UpdateLicenseResponse"} at 1791250866
[Licensing::Client] Successfully updated license
[Licensing::Client] Successfully send message: {"messageType":"EntitlementDetailsRequest","entitlementIds":["com.unity.editor.legacy.pro","com.unity.editor.headless"],"packageEntitlementIds":[],"includeCustomData":false} at 1791250866
[Licensing::Client] Successfully receive message: {"entitlementGroups":[{"entitlementGroupId":"F4-W5GR-B6V2-Y5WE-WRK9-GR7N","entitlementGroupIdHash":"8d58bf4deb18ac7618b28a8936c405932a8efcb2","productName":"Unity Personal","productType":"TuanjieEditor","licenseType":"ULF","expiration":1791513665000,"matchedEntitlements":[{"entitlementId":"com.unity.editor.headless","isPackage":false,"count":1}]}],"responseCode":200,"responseStatus":"Found 1 entitlement groups and 0 free entitlements matching requested entitlement ids","messageType":"EntitlementDetailsResponse"} at 1791250866
[Licensing::Client] Successfully resolved entitlement details
[Licensing::Module] Serial number assigned to: "F4-W5GR-B6V2-Y5WE-WRK9-XXXX"
Pro License: NO
[Licensing::Client] Successfully send message: {"messageType":"EntitlementDetailsRequest","entitlementIds":["com.unity.editor.headless","com.unity.editor.ui"],"packageEntitlementIds":[],"includeCustomData":false} at 1791250866
[Licensing::Client] Successfully receive message: {"entitlementGroups":[{"entitlementGroupId":"F4-W5GR-B6V2-Y5WE-WRK9-GR7N","entitlementGroupIdHash":"8d58bf4deb18ac7618b28a8936c405932a8efcb2","productName":"Unity Personal","productType":"TuanjieEditor","licenseType":"ULF","expiration":1791513665000,"matchedEntitlements":[{"entitlementId":"com.unity.editor.ui","isPackage":false,"count":1},{"entitlementId":"com.unity.editor.headless","isPackage":false,"count":1}]}],"responseCode":200,"responseStatus":"Found 1 entitlement groups and 0 free entitlements matching requested entitlement ids","messageType":"EntitlementDetailsResponse"} at 1791250866
[Licensing::Client] Successfully resolved entitlement details
Launching external process: /Applications/Tuanjie/Hub/Editor/2022.3.61t14/Tuanjie.app/Contents/Resources/PackageManager/Server/TuanjiePackageManager

COMMAND LINE ARGUMENTS:
/Applications/Tuanjie/Hub/Editor/2022.3.61t14/Tuanjie.app/Contents/MacOS/Tuanjie
-batchmode
-projectPath
/private/var/folders/19/jlz3f3_12q1d22xb7lhnbk700000gp/T/palmbay-netplay.CKsvBS/client
-executeMethod
NetPlaytest.RunClientFuel
-logFile
/Users/qinziqian/Documents/overcooked-like/game/Evidence/net-client-session5.log
Successfully changed project path to: /private/var/folders/19/jlz3f3_12q1d22xb7lhnbk700000gp/T/palmbay-netplay.CKsvBS/client
/private/var/folders/19/jlz3f3_12q1d22xb7lhnbk700000gp/T/palmbay-netplay.CKsvBS/client
[Memory] Configuration Parameters - Can be set up in boot.config
    "memorysetup-bucket-allocator-granularity=16"
    "memorysetup-bucket-allocator-bucket-count=8"
    "memorysetup-bucket-allocator-block-size=33554432"
    "memorysetup-bucket-allocator-block-count=8"
    "memorysetup-main-allocator-block-size=16777216"
    "memorysetup-thread-allocator-block-size=16777216"
    "memorysetup-gfx-main-allocator-block-size=16777216"
    "memorysetup-gfx-thread-allocator-block-size=16777216"
    "memorysetup-cache-allocator-block-size=4194304"
    "memorysetup-typetree-allocator-block-size=2097152"
    "memorysetup-profiler-bucket-allocator-granularity=16"
    "memorysetup-profiler-bucket-allocator-bucket-count=8"
    "memorysetup-profiler-bucket-allocator-block-size=33554432"
    "memorysetup-profiler-bucket-allocator-block-count=8"
    "memorysetup-profiler-allocator-block-size=16777216"
    "memorysetup-profiler-editor-allocator-block-size=1048576"
    "memorysetup-temp-allocator-size-main=16777216"
    "memorysetup-job-temp-allocator-block-size=2097152"
    "memorysetup-job-temp-allocator-block-size-background=1048576"
    "memorysetup-job-temp-allocator-reduction-small-platforms=262144"
    "memorysetup-allocator-temp-initial-block-size-main=262144"
    "memorysetup-allocator-temp-initial-block-size-worker=262144"
    "memorysetup-temp-allocator-size-background-worker=32768"
    "memorysetup-temp-allocator-size-job-worker=262144"
    "memorysetup-temp-allocator-size-preload-manager=33554432"
    "memorysetup-temp-allocator-size-nav-mesh-worker=65536"
    "memorysetup-temp-allocator-size-audio-worker=65536"
    "memorysetup-temp-allocator-size-cloud-worker=32768"
    "memorysetup-temp-allocator-size-gi-baking-worker=262144"
    "memorysetup-temp-allocator-size-gfx=262144"
Player connection [8621359872]  Target information:

Player connection [8621359872]  * "[IP] 192.168.123.27 [Port] 55505 [Flags] 2 [Guid] 165849972 [EditorId] 165849972 [Version] 1048832 [Id] OSXEditor(0,Links-MBP.local) [Debug] 1 [PackageName] OSXEditor [ProjectName] Editor" 

Player connection [8621359872]  * "[IP] 192.168.200.66 [Port] 55505 [Flags] 2 [Guid] 165849972 [EditorId] 165849972 [Version] 1048832 [Id] OSXEditor(0,Links-MBP.local) [Debug] 1 [PackageName] OSXEditor [ProjectName] Editor" 

Player connection [8621359872] Host joined multi-casting on [225.0.0.222:54997]...
Player connection [8621359872] Host joined alternative multi-casting on [225.0.0.222:34997]...
Input System module state changed to: Initialized.
AS: AutoStreaming module initializing.
Begin write certificate to file.
Write certificate complete, return 1.
StartServer, cert is /Users/qinziqian/Library/Tuanjie/68845-rest-certificate.pem
Start HTTP server port 38001, HTTPS server port 38444.
[Package Manager] UpmClient::Connect -- Connected to IPC stream "Upm-68845" after 0.4 seconds.
[Licensing::Client] Successfully send message: {"messageType":"EntitlementDetailsRequest","entitlementIds":["com.unity.editor.last.activation.date","com.unity.editor.headless"],"packageEntitlementIds":[],"includeCustomData":false} at 1791250866
[Licensing::Client] Successfully receive message: {"entitlementGroups":[{"entitlementGroupId":"F4-W5GR-B6V2-Y5WE-WRK9-GR7N","entitlementGroupIdHash":"8d58bf4deb18ac7618b28a8936c405932a8efcb2","productName":"Unity Personal","productType":"TuanjieEditor","licenseType":"ULF","expiration":1791513665000,"matchedEntitlements":[{"entitlementId":"com.unity.editor.headless","isPackage":false,"count":1},{"entitlementId":"com.unity.editor.last.activation.date","isPackage":false,"count":1}]}],"responseCode":200,"responseStatus":"Found 1 entitlement groups and 0 free entitlements matching requested entitlement ids","messageType":"EntitlementDetailsResponse"} at 1791250866
[Licensing::Client] Successfully resolved entitlement details
[Licensing::Client] Successfully send message: {"messageType":"EntitlementDetailsRequest","entitlementIds":["com.unity.editor.disable-splash-screen","com.unity.editor.headless"],"packageEntitlementIds":[],"includeCustomData":false} at 1791250866
[Licensing::Client] Successfully receive message: {"entitlementGroups":[{"entitlementGroupId":"F4-W5GR-B6V2-Y5WE-WRK9-GR7N","entitlementGroupIdHash":"8d58bf4deb18ac7618b28a8936c405932a8efcb2","productName":"Unity Personal","productType":"TuanjieEditor","licenseType":"ULF","expiration":1791513665000,"matchedEntitlements":[{"entitlementId":"com.unity.editor.headless","isPackage":false,"count":1}]}],"responseCode":200,"responseStatus":"Found 1 entitlement groups and 0 free entitlements matching requested entitlement ids","messageType":"EntitlementDetailsResponse"} at 1791250866
[Licensing::Client] Successfully resolved entitlement details
[Licensing::Client] Successfully send message: {"messageType":"EntitlementDetailsRequest","entitlementIds":["com.unity.editor.allow-mix-usage","com.unity.editor.headless"],"packageEntitlementIds":[],"includeCustomData":false} at 1791250866
[Licensing::Client] Successfully receive message: {"entitlementGroups":[{"entitlementGroupId":"F4-W5GR-B6V2-Y5WE-WRK9-GR7N","entitlementGroupIdHash":"8d58bf4deb18ac7618b28a8936c405932a8efcb2","productName":"Unity Personal","productType":"TuanjieEditor","licenseType":"ULF","expiration":1791513665000,"matchedEntitlements":[{"entitlementId":"com.unity.editor.headless","isPackage":false,"count":1}]}],"responseCode":200,"responseStatus":"Found 1 entitlement groups and 0 free entitlements matching requested entitlement ids","messageType":"EntitlementDetailsResponse"} at 1791250866
[Licensing::Client] Successfully resolved entitlement details
[Package Manager] Restoring resolved packages state from cache
[Licensing::Client] Successfully send message: {"messageType":"EntitlementDetailsRequest","entitlementIds":[],"packageEntitlementIds":["com.unity.modules.audio","com.unity.modules.androidjni","com.unity.modules.imgui","com.unity.modules.physics","com.unity.modules.jsonserialize","com.unity.modules.screencapture","com.unity.modules.ui","cn.tuanjie.codely.bridge","com.unity.modules.imageconversion","com.unity.ugui","com.unity.modules.unitywebrequest","com.unity.ext.nunit"],"includeCustomData":false} at 1791250866
[Licensing::Client] Successfully receive message: {"freeEntitlementIds":["com.unity.modules.audio","com.unity.modules.androidjni","com.unity.modules.imgui","com.unity.modules.physics","com.unity.modules.jsonserialize","com.unity.modules.screencapture","com.unity.modules.ui","cn.tuanjie.codely.bridge","com.unity.modules.imageconversion","com.unity.ugui","com.unity.modules.unitywebrequest","com.unity.ext.nunit"],"responseCode":200,"responseStatus":"Found 0 entitlement groups and 12 free entitlements matching requested entitlement ids","messageType":"EntitlementDetailsResponse"} at 1791250866
[Licensing::Client] Successfully resolved entitlement details
[Package Manager] Registered 12 packages:
  Packages from [https://packages.tuanjie.cn]:
    com.unity.ext.nunit@1.0.6 (location: /private/var/folders/19/jlz3f3_12q1d22xb7lhnbk700000gp/T/palmbay-netplay.CKsvBS/client/Library/PackageCache/com.unity.ext.nunit@1.0.6)
  Built-in packages:
    com.unity.modules.audio@1.0.0 (location: /private/var/folders/19/jlz3f3_12q1d22xb7lhnbk700000gp/T/palmbay-netplay.CKsvBS/client/Library/PackageCache/com.unity.modules.audio@1.0.0)
    com.unity.modules.androidjni@1.0.0 (location: /private/var/folders/19/jlz3f3_12q1d22xb7lhnbk700000gp/T/palmbay-netplay.CKsvBS/client/Library/PackageCache/com.unity.modules.androidjni@1.0.0)
    com.unity.modules.imgui@1.0.0 (location: /private/var/folders/19/jlz3f3_12q1d22xb7lhnbk700000gp/T/palmbay-netplay.CKsvBS/client/Library/PackageCache/com.unity.modules.imgui@1.0.0)
    com.unity.modules.physics@1.0.0 (location: /private/var/folders/19/jlz3f3_12q1d22xb7lhnbk700000gp/T/palmbay-netplay.CKsvBS/client/Library/PackageCache/com.unity.modules.physics@1.0.0)
    com.unity.modules.jsonserialize@1.0.0 (location: /private/var/folders/19/jlz3f3_12q1d22xb7lhnbk700000gp/T/palmbay-netplay.CKsvBS/client/Library/PackageCache/com.unity.modules.jsonserialize@1.0.0)
    com.unity.modules.screencapture@1.0.0 (location: /private/var/folders/19/jlz3f3_12q1d22xb7lhnbk700000gp/T/palmbay-netplay.CKsvBS/client/Library/PackageCache/com.unity.modules.screencapture@1.0.0)
    com.unity.modules.ui@1.0.0 (location: /private/var/folders/19/jlz3f3_12q1d22xb7lhnbk700000gp/T/palmbay-netplay.CKsvBS/client/Library/PackageCache/com.unity.modules.ui@1.0.0)
    com.unity.modules.imageconversion@1.0.0 (location: /private/var/folders/19/jlz3f3_12q1d22xb7lhnbk700000gp/T/palmbay-netplay.CKsvBS/client/Library/PackageCache/com.unity.modules.imageconversion@1.0.0)
    com.unity.ugui@1.0.0 (location: /private/var/folders/19/jlz3f3_12q1d22xb7lhnbk700000gp/T/palmbay-netplay.CKsvBS/client/Library/PackageCache/com.unity.ugui@1.0.0)
    com.unity.modules.unitywebrequest@1.0.0 (location: /private/var/folders/19/jlz3f3_12q1d22xb7lhnbk700000gp/T/palmbay-netplay.CKsvBS/client/Library/PackageCache/com.unity.modules.unitywebrequest@1.0.0)
  Local packages:
    cn.tuanjie.codely.bridge@file:/private/var/folders/19/jlz3f3_12q1d22xb7lhnbk700000gp/T/palmbay-netplay.CKsvBS/client/.codely.packages/cn.tuanjie.codely.bridge@1.0.85-785dea6a (location: /private/var/folders/19/jlz3f3_12q1d22xb7lhnbk700000gp/T/palmbay-netplay.CKsvBS/client/.codely.packages/cn.tuanjie.codely.bridge@1.0.85-785dea6a)
[Subsystems] No new subsystems found in resolved package list.
Package Manager log level set to [2]
[Package Manager] Done registering packages in 0.12 seconds
[Package Manager] Done resolving packages in 0.71 seconds
[Package Manager] Registered 12 packages:
  Packages from [https://packages.tuanjie.cn]:
    com.unity.ext.nunit@1.0.6 (location: /private/var/folders/19/jlz3f3_12q1d22xb7lhnbk700000gp/T/palmbay-netplay.CKsvBS/client/Library/PackageCache/com.unity.ext.nunit@1.0.6)
  Built-in packages:
    com.unity.modules.audio@1.0.0 (location: /private/var/folders/19/jlz3f3_12q1d22xb7lhnbk700000gp/T/palmbay-netplay.CKsvBS/client/Library/PackageCache/com.unity.modules.audio@1.0.0)
    com.unity.modules.androidjni@1.0.0 (location: /private/var/folders/19/jlz3f3_12q1d22xb7lhnbk700000gp/T/palmbay-netplay.CKsvBS/client/Library/PackageCache/com.unity.modules.androidjni@1.0.0)
    com.unity.modules.imgui@1.0.0 (location: /private/var/folders/19/jlz3f3_12q1d22xb7lhnbk700000gp/T/palmbay-netplay.CKsvBS/client/Library/PackageCache/com.unity.modules.imgui@1.0.0)
    com.unity.modules.physics@1.0.0 (location: /private/var/folders/19/jlz3f3_12q1d22xb7lhnbk700000gp/T/palmbay-netplay.CKsvBS/client/Library/PackageCache/com.unity.modules.physics@1.0.0)
    com.unity.modules.jsonserialize@1.0.0 (location: /private/var/folders/19/jlz3f3_12q1d22xb7lhnbk700000gp/T/palmbay-netplay.CKsvBS/client/Library/PackageCache/com.unity.modules.jsonserialize@1.0.0)
    com.unity.modules.screencapture@1.0.0 (location: /private/var/folders/19/jlz3f3_12q1d22xb7lhnbk700000gp/T/palmbay-netplay.CKsvBS/client/Library/PackageCache/com.unity.modules.screencapture@1.0.0)
    com.unity.modules.ui@1.0.0 (location: /private/var/folders/19/jlz3f3_12q1d22xb7lhnbk700000gp/T/palmbay-netplay.CKsvBS/client/Library/PackageCache/com.unity.modules.ui@1.0.0)
    com.unity.modules.imageconversion@1.0.0 (location: /private/var/folders/19/jlz3f3_12q1d22xb7lhnbk700000gp/T/palmbay-netplay.CKsvBS/client/Library/PackageCache/com.unity.modules.imageconversion@1.0.0)
    com.unity.ugui@1.0.0 (location: /private/var/folders/19/jlz3f3_12q1d22xb7lhnbk700000gp/T/palmbay-netplay.CKsvBS/client/Library/PackageCache/com.unity.ugui@1.0.0)
    com.unity.modules.unitywebrequest@1.0.0 (location: /private/var/folders/19/jlz3f3_12q1d22xb7lhnbk700000gp/T/palmbay-netplay.CKsvBS/client/Library/PackageCache/com.unity.modules.unitywebrequest@1.0.0)
  Local packages:
    cn.tuanjie.codely.bridge@file:/private/var/folders/19/jlz3f3_12q1d22xb7lhnbk700000gp/T/palmbay-netplay.CKsvBS/client/.codely.packages/cn.tuanjie.codely.bridge@1.0.85-785dea6a (location: /private/var/folders/19/jlz3f3_12q1d22xb7lhnbk700000gp/T/palmbay-netplay.CKsvBS/client/.codely.packages/cn.tuanjie.codely.bridge@1.0.85-785dea6a)
[Subsystems] No new subsystems found in resolved package list.
[Package Manager] Done registering packages in 0.00 seconds
Refreshing native plugins compatible for Editor in 13.25 ms, found 7 plugins.
Preloading 0 native plugins for Editor in 0.00 ms.
Initialize engine version: 2022.3.61t14 (3a70663b70e0)
[Subsystems] Discovering subsystems at path /Applications/Tuanjie/Hub/Editor/2022.3.61t14/Tuanjie.app/Contents/Resources/UnitySubsystems
[Subsystems] Discovering subsystems at path /private/var/folders/19/jlz3f3_12q1d22xb7lhnbk700000gp/T/palmbay-netplay.CKsvBS/client/Assets
GfxDevice: creating device client; threaded=0; jobified=0
 preferred device: Apple M5 (high power)
Metal devices available: 1
0: Apple M5 (high power)
Using device Apple M5 (high power)
Initializing Metal device caps: Apple M5
[Licensing::Client] Successfully send message: {"messageType":"EntitlementDetailsRequest","entitlementIds":["com.unity.editor.cluster","com.unity.editor.headless"],"packageEntitlementIds":[],"includeCustomData":false} at 1791250867
[Licensing::Client] Successfully receive message: {"entitlementGroups":[{"entitlementGroupId":"F4-W5GR-B6V2-Y5WE-WRK9-GR7N","entitlementGroupIdHash":"8d58bf4deb18ac7618b28a8936c405932a8efcb2","productName":"Unity Personal","productType":"TuanjieEditor","licenseType":"ULF","expiration":1791513665000,"matchedEntitlements":[{"entitlementId":"com.unity.editor.headless","isPackage":false,"count":1}]}],"responseCode":200,"responseStatus":"Found 1 entitlement groups and 0 free entitlements matching requested entitlement ids","messageType":"EntitlementDetailsResponse"} at 1791250867
[Licensing::Client] Successfully resolved entitlement details
Initialize mono
Mono path[0] = '/Applications/Tuanjie/Hub/Editor/2022.3.61t14/Tuanjie.app/Contents/Managed'
Mono path[1] = '/Applications/Tuanjie/Hub/Editor/2022.3.61t14/Tuanjie.app/Contents/MonoBleedingEdge/lib/mono/unityjit-macos'
Mono config path = '/Applications/Tuanjie/Hub/Editor/2022.3.61t14/Tuanjie.app/Contents/MonoBleedingEdge/etc'
Using monoOptions --debugger-agent=transport=dt_socket,embedding=1,server=y,suspend=n,address=0.0.0.0:56845
Using cacheserver namespaces - metadata:defaultmetadata, artifacts:defaultartifacts
Using cacheserver namespaces - metadata:defaultmetadata, artifacts:defaultartifacts
ImportWorker Server TCP listen port: 0
Begin MonoManager ReloadAssembly
Registering precompiled tuanjie dll's ...
Register platform support module: /Applications/Tuanjie/Hub/Editor/2022.3.61t14/Tuanjie.app/Contents/PlaybackEngines/MacStandaloneSupport/UnityEditor.OSXStandalone.Extensions.dll
[Licensing::Client] Successfully send message: {"messageType":"EntitlementDetailsRequest","entitlementIds":["com.unity.editor.platforms.android","com.unity.editor.headless"],"packageEntitlementIds":[],"includeCustomData":false} at 1791250868
[Licensing::Client] Successfully receive message: {"entitlementGroups":[{"entitlementGroupId":"F4-W5GR-B6V2-Y5WE-WRK9-GR7N","entitlementGroupIdHash":"8d58bf4deb18ac7618b28a8936c405932a8efcb2","productName":"Unity Personal","productType":"TuanjieEditor","licenseType":"ULF","expiration":1791513665000,"matchedEntitlements":[{"entitlementId":"com.unity.editor.platforms.android","isPackage":false,"count":1},{"entitlementId":"com.unity.editor.headless","isPackage":false,"count":1}]}],"responseCode":200,"responseStatus":"Found 1 entitlement groups and 0 free entitlements matching requested entitlement ids","messageType":"EntitlementDetailsResponse"} at 1791250868
[Licensing::Client] Successfully resolved entitlement details
Register platform support module: /Applications/Tuanjie/Hub/Editor/2022.3.61t14/PlaybackEngines/AndroidPlayer/UnityEditor.Android.Extensions.dll
Registered in 0.014031 seconds.
- Loaded All Assemblies, in  0.250 seconds
Native extension for Android target not found
Android Extension - Scanning For ADB Devices 91 ms
Native extension for OSXStandalone target not found
[Licensing::Client] Successfully send message: {"messageType":"EntitlementDetailsRequest","entitlementIds":["com.unity.editor.minigame.subplatform.wechat","com.unity.editor.headless"],"packageEntitlementIds":[],"includeCustomData":false} at 1791250868
[Licensing::Client] Successfully receive message: {"entitlementGroups":[{"entitlementGroupId":"F4-W5GR-B6V2-Y5WE-WRK9-GR7N","entitlementGroupIdHash":"8d58bf4deb18ac7618b28a8936c405932a8efcb2","productName":"Unity Personal","productType":"TuanjieEditor","licenseType":"ULF","expiration":1791513665000,"matchedEntitlements":[{"entitlementId":"com.unity.editor.headless","isPackage":false,"count":1},{"entitlementId":"com.unity.editor.minigame.subplatform.wechat","isPackage":false,"count":1}]}],"responseCode":200,"responseStatus":"Found 1 entitlement groups and 0 free entitlements matching requested entitlement ids","messageType":"EntitlementDetailsResponse"} at 1791250868
[Licensing::Client] Successfully resolved entitlement details
[Licensing::Client] Successfully send message: {"messageType":"EntitlementDetailsRequest","entitlementIds":["com.unity.editor.minigame.subplatform.douyin","com.unity.editor.headless"],"packageEntitlementIds":[],"includeCustomData":false} at 1791250868
[Licensing::Client] Successfully receive message: {"entitlementGroups":[{"entitlementGroupId":"F4-W5GR-B6V2-Y5WE-WRK9-GR7N","entitlementGroupIdHash":"8d58bf4deb18ac7618b28a8936c405932a8efcb2","productName":"Unity Personal","productType":"TuanjieEditor","licenseType":"ULF","expiration":1791513665000,"matchedEntitlements":[{"entitlementId":"com.unity.editor.headless","isPackage":false,"count":1},{"entitlementId":"com.unity.editor.minigame.subplatform.douyin","isPackage":false,"count":1}]}],"responseCode":200,"responseStatus":"Found 1 entitlement groups and 0 free entitlements matching requested entitlement ids","messageType":"EntitlementDetailsResponse"} at 1791250868
[Licensing::Client] Successfully resolved entitlement details
[Licensing::Client] Successfully send message: {"messageType":"EntitlementDetailsRequest","entitlementIds":["com.unity.editor.minigame.subplatform.kuaishou","com.unity.editor.headless"],"packageEntitlementIds":[],"includeCustomData":false} at 1791250868
[Licensing::Client] Successfully receive message: {"entitlementGroups":[{"entitlementGroupId":"F4-W5GR-B6V2-Y5WE-WRK9-GR7N","entitlementGroupIdHash":"8d58bf4deb18ac7618b28a8936c405932a8efcb2","productName":"Unity Personal","productType":"TuanjieEditor","licenseType":"ULF","expiration":1791513665000,"matchedEntitlements":[{"entitlementId":"com.unity.editor.headless","isPackage":false,"count":1},{"entitlementId":"com.unity.editor.minigame.subplatform.kuaishou","isPackage":false,"count":1}]}],"responseCode":200,"responseStatus":"Found 1 entitlement groups and 0 free entitlements matching requested entitlement ids","messageType":"EntitlementDetailsResponse"} at 1791250868
[Licensing::Client] Successfully resolved entitlement details
[Licensing::Client] Successfully send message: {"messageType":"EntitlementDetailsRequest","entitlementIds":["com.unity.editor.minigame.subplatform.minihost","com.unity.editor.headless"],"packageEntitlementIds":[],"includeCustomData":false} at 1791250868
[Licensing::Client] Successfully receive message: {"entitlementGroups":[{"entitlementGroupId":"F4-W5GR-B6V2-Y5WE-WRK9-GR7N","entitlementGroupIdHash":"8d58bf4deb18ac7618b28a8936c405932a8efcb2","productName":"Unity Personal","productType":"TuanjieEditor","licenseType":"ULF","expiration":1791513665000,"matchedEntitlements":[{"entitlementId":"com.unity.editor.headless","isPackage":false,"count":1},{"entitlementId":"com.unity.editor.minigame.subplatform.minihost","isPackage":false,"count":1}]}],"responseCode":200,"responseStatus":"Found 1 entitlement groups and 0 free entitlements matching requested entitlement ids","messageType":"EntitlementDetailsResponse"} at 1791250868
[Licensing::Client] Successfully resolved entitlement details
Mono: successfully reloaded assembly
- Finished resetting the current domain, in  0.323 seconds
Domain Reload Profiling: 574ms
	BeginReloadAssembly (68ms)
		ExecutionOrderSort (0ms)
		DisableScriptedObjects (0ms)
		BackupInstance (0ms)
		ReleaseScriptingObjects (0ms)
		CreateAndSetChildDomain (1ms)
	RebuildCommonClasses (23ms)
	RebuildNativeTypeToScriptingClass (9ms)
	initialDomainReloadingComplete (44ms)
	LoadAllAssembliesAndSetupDomain (107ms)
		LoadAssemblies (68ms)
		RebuildTransferFunctionScriptingTraits (0ms)
		AnalyzeDomain (105ms)
			TypeCache.Refresh (104ms)
				TypeCache.ScanAssembly (94ms)
			ScanForSourceGeneratedMonoScriptInfo (0ms)
			ResolveRequiredComponents (0ms)
	FinalizeReload (323ms)
		ReleaseScriptCaches (0ms)
		RebuildScriptCaches (0ms)
		SetupLoadedEditorAssemblies (291ms)
			LogAssemblyErrors (0ms)
			InitializePlatformSupportModulesInManaged (146ms)
			SetLoadedEditorAssemblies (3ms)
			RefreshPlugins (0ms)
			BeforeProcessingInitializeOnLoad (1ms)
			ProcessInitializeOnLoadAttributes (132ms)
			ProcessInitializeOnLoadMethodAttributes (9ms)
			AfterProcessingInitializeOnLoad (0ms)
			EditorAssembliesLoaded (0ms)
		ExecutionOrderSort2 (0ms)
		AwakeInstancesAfterBackupRestoration (0ms)
[Licensing::Client] Successfully send message: {"messageType":"EntitlementDetailsRequest","entitlementIds":["com.unity.editor.legacy.pro","com.unity.editor.watermarks.disable","com.unity.editor.watermarks.prototyping","com.unity.editor.watermarks.edu","com.unity.editor.watermarks.trial","com.unity.editor.time-limited-license","com.unity.editor.cluster","com.unity.editor.unity.compliant","com.unity.editor.watermarks.forcedisable","com.unity.editor.open-harmony.analytics.disabled","com.unity.editor.mini-game.analytics.disabled","com.unity.editor.unity.expiration.2d","com.unity.editor.unity.expiration.7d","com.unity.editor.headless"],"packageEntitlementIds":[],"includeCustomData":false} at 1791250868
[Licensing::Client] Successfully receive message: {"entitlementGroups":[{"entitlementGroupId":"F4-W5GR-B6V2-Y5WE-WRK9-GR7N","entitlementGroupIdHash":"8d58bf4deb18ac7618b28a8936c405932a8efcb2","productName":"Unity Personal","productType":"TuanjieEditor","licenseType":"ULF","expiration":1791513665000,"matchedEntitlements":[{"entitlementId":"com.unity.editor.headless","isPackage":false,"count":1},{"entitlementId":"com.unity.editor.unity.expiration.2d","isPackage":false,"count":1},{"entitlementId":"com.unity.editor.watermarks.forcedisable","isPackage":false,"count":1},{"entitlementId":"com.unity.editor.unity.compliant","isPackage":false,"count":1},{"entitlementId":"com.unity.editor.mini-game.analytics.disabled","isPackage":false,"count":1},{"entitlementId":"com.unity.editor.time-limited-license","isPackage":false,"count":1}]}],"responseCode":200,"responseStatus":"Found 1 entitlement groups and 0 free entitlements matching requested entitlement ids","messageType":"EntitlementDetailsResponse"} at 1791250868
[Licensing::Client] Successfully resolved entitlement details
Application.AssetDatabase Initial Refresh Start
[40m[32minfo[39m[22m[49m: Microsoft.Hosting.Lifetime[14]
      Now listening on: http://unix:/tmp/ilpp.sock-b7fcee172a58ceddb03cafc1ee82d311
[40m[32minfo[39m[22m[49m: Microsoft.Hosting.Lifetime[0]
      Application started. Press Ctrl+C to shut down.
[40m[32minfo[39m[22m[49m: Microsoft.Hosting.Lifetime[0]
      Hosting environment: Production
[40m[32minfo[39m[22m[49m: Microsoft.Hosting.Lifetime[0]
      Content root path: /private/var/folders/19/jlz3f3_12q1d22xb7lhnbk700000gp/T/palmbay-netplay.CKsvBS/client/
[40m[32minfo[39m[22m[49m: Microsoft.AspNetCore.Hosting.Diagnostics[1]
      Request starting HTTP/2 POST http://ilpp/UnityILPP.PostProcessing/Ping application/grpc -
[40m[32minfo[39m[22m[49m: Microsoft.AspNetCore.Routing.EndpointMiddleware[0]
      Executing endpoint 'gRPC - /UnityILPP.PostProcessing/Ping'
[40m[32minfo[39m[22m[49m: Microsoft.AspNetCore.Routing.EndpointMiddleware[1]
      Executed endpoint 'gRPC - /UnityILPP.PostProcessing/Ping'
[40m[32minfo[39m[22m[49m: Microsoft.AspNetCore.Hosting.Diagnostics[2]
      Request finished HTTP/2 POST http://ilpp/UnityILPP.PostProcessing/Ping application/grpc - - 200 - application/grpc 32.6216ms
Starting: /Applications/Tuanjie/Hub/Editor/2022.3.61t14/Tuanjie.app/Contents/bee_backend --dont-print-to-structured-log --ipc --defer-dag-verification --dagfile="Library/Bee/200b0aE.dag" --continue-on-failure --profile="Library/Bee/backend1.traceevents" ScriptAssemblies
WorkingDir: /private/var/folders/19/jlz3f3_12q1d22xb7lhnbk700000gp/T/palmbay-netplay.CKsvBS/client
DisplayProgressbar: Compiling Scripts
ExitCode: 0 Duration: 0s52ms
*** Tundra build success (0.04 seconds), 0 items updated, 158 evaluated
Total cache size 14598992
Total cache size after purge 14598992
AssetDatabase: script compilation time: 0.481377s
Begin MonoManager ReloadAssembly
- Loaded All Assemblies, in  0.306 seconds
Refreshing native plugins compatible for Editor in 4.35 ms, found 7 plugins.
Preloading 0 native plugins for Editor in 0.00 ms.
Start importing ProjectSettings/ProjectSettings.asset using Guid(00000000000000004000000000000000) Importer(Primary)  -> (artifact id: 'fdfd65e3601898180a505ef65fd1edd0') in 0.008730 seconds
Refreshing native plugins compatible for Editor in 4.69 ms, found 7 plugins.
Native extension for Android target not found
Native extension for OSXStandalone target not found
Mono: successfully reloaded assembly
- Finished resetting the current domain, in  0.208 seconds
Domain Reload Profiling: 514ms
	BeginReloadAssembly (86ms)
		ExecutionOrderSort (0ms)
		DisableScriptedObjects (3ms)
		BackupInstance (0ms)
		ReleaseScriptingObjects (0ms)
		CreateAndSetChildDomain (14ms)
	RebuildCommonClasses (23ms)
	RebuildNativeTypeToScriptingClass (9ms)
	initialDomainReloadingComplete (14ms)
	LoadAllAssembliesAndSetupDomain (174ms)
		LoadAssemblies (125ms)
		RebuildTransferFunctionScriptingTraits (0ms)
		AnalyzeDomain (101ms)
			TypeCache.Refresh (98ms)
				TypeCache.ScanAssembly (89ms)
			ScanForSourceGeneratedMonoScriptInfo (1ms)
			ResolveRequiredComponents (1ms)
	FinalizeReload (208ms)
		ReleaseScriptCaches (0ms)
		RebuildScriptCaches (0ms)
		SetupLoadedEditorAssemblies (124ms)
			LogAssemblyErrors (0ms)
			InitializePlatformSupportModulesInManaged (8ms)
			SetLoadedEditorAssemblies (3ms)
			RefreshPlugins (0ms)
			BeforeProcessingInitializeOnLoad (17ms)
			ProcessInitializeOnLoadAttributes (84ms)
			ProcessInitializeOnLoadMethodAttributes (11ms)
			AfterProcessingInitializeOnLoad (1ms)
			EditorAssembliesLoaded (0ms)
		ExecutionOrderSort2 (0ms)
		AwakeInstancesAfterBackupRestoration (2ms)
plugin_module success
g_query_callback success 
g_get_assembly_csharp load success 
Launching external process: /Applications/Tuanjie/Hub/Editor/2022.3.61t14/Tuanjie.app/Contents/Tools/TuanjieShaderCompiler
Launched and connected shader compiler TuanjieShaderCompiler after 0.04 seconds
Refreshing native plugins compatible for Editor in 2.46 ms, found 7 plugins.
Preloading 0 native plugins for Editor in 0.00 ms.
Asset Pipeline Refresh (id=00c5ed5ae591d48b98360364b6ecf007): Total: 1.526 seconds - Initiated by InitialRefreshV2(ForceSynchronousImport)
	Summary:
		Imports: total=1 (actual=1, local cache=0, cache server=0)
		Asset DB Process Time: managed=1 ms, native=394 ms
		Asset DB Callback time: managed=30 ms, native=81 ms
		Scripting: domain reloads=1, domain reload time=531 ms, compile time=483 ms, other=3 ms
		Project Asset Count: scripts=612, non-scripts=4612
		Asset File Changes: new=0, changed=1, moved=0, deleted=0
		Scan Filter Count: 1
		OnDemandAssets Count:0
	InvokeBeforeRefreshCallbacks: 0.533ms
	ApplyChangesToAssetFolders: 0.040ms
	Scan: 139.057ms
	OnSourceAssetsModified: 1.550ms
	GetAllGuidsForCategorization: 0.367ms
	CategorizeAssets: 60.256ms
	ImportOutOfDateAssets: 236.260ms (-260.599ms without children)
		ImportManagerImport: 11.603ms (2.649ms without children)
			ImportInProcess: 8.943ms
			UpdateCategorizedAssets: 0.012ms
		CompileScripts: 482.501ms
		ReloadNativeAssets: 0.000ms
		UnloadImportedAssets: 0.927ms
		ReloadImportedAssets: 0.000ms
		EnsureUptoDateAssetsAreRegisteredWithGuidPM: 1.145ms
		InitializingProgressBar: 0.000ms
		PostProcessAllAssetNotificationsAddChangedAssets: 0.000ms
		OnDemandSchedulerStart: 0.681ms
	PostProcessAllAssets: 155.615ms
	Hotreload: 2.995ms
	GatherAllCurrentPrimaryArtifactRevisions: 0.198ms
	UnloadStreamsBegin: 0.201ms
	PersistCurrentRevisions: 0.439ms
	UnloadStreamsEnd: 0.005ms
	GenerateScriptTypeHashes: 0.000ms
	Untracked: 928.042ms
Application.AssetDatabase Initial Refresh End
Scanning for USB devices : 0.027ms
Initializing Tuanjie extensions:
[Licensing::Client] Successfully send message: {"messageType":"ProductNameRequest","Value":"studio.palmbay.airport"} at 1791250870
[Licensing::Client] Successfully receive message: {"responseCode":200,"messageType":"ProductNameResponse"} at 1791250870
[Licensing::Client] Error: ProductNameResponse could not be deserialized
[MODES] ModeService[none].Initialize
[MODES] ModeService[none].LoadModes
[MODES] Loading mode Default (0) for mode-current-id-Netplay-CKsvBS-client5
Unloading 3 Unused Serialized files (Serialized files now loaded: 0)
Unloading 52 unused Assets / (388.1 KB). Loaded Objects now: 981.
Memory consumption went from 96.9 MB to 96.5 MB.
Total: 2.468958 ms (FindLiveObjects: 0.040291 ms CreateObjectMapping: 0.012375 ms MarkObjects: 2.261500 ms  DeleteObjects: 0.154542 ms)

Opening scene 'Assets/Scenes/CabinLobby.unity'
Unloading 0 Unused Serialized files (Serialized files now loaded: 0)
Loaded scene 'Assets/Scenes/CabinLobby.unity'
	Deserialize:            23.806 ms
	Integration:            10.006 ms
	Integration of assets:  0.008 ms
	Thread Wait Time:       0.001 ms
	Total Operation Time:   33.822 ms
Unloading 1 unused Assets / (0.5 KB). Loaded Objects now: 2861.
Memory consumption went from 97.0 MB to 97.0 MB.
Total: 2.293333 ms (FindLiveObjects: 0.104583 ms CreateObjectMapping: 0.014291 ms MarkObjects: 2.166833 ms  DeleteObjects: 0.007250 ms)

[Project] Loading completed in 5.000 seconds
	Project init time: 				4.021 seconds
		Template init time: 		0.000 seconds
		Package Manager init time: 		0.400 seconds
		Asset Database init time: 		0.910 seconds
		Global illumination init time: 	0.001 seconds
		Assemblies load time: 			0.581 seconds
		Tuanjie extensions init time: 	0.001 seconds
		Asset Database refresh time: 	1.574 seconds
	Scene opening time: 			0.100 seconds
##utp:{"type":"ProjectInfo","version":2,"phase":"Immediate","time":1791250870352,"processId":68845,"projectLoad":5.000404625,"projectInit":4.02128275,"templateInit":0.0,"packageManagerInit":0.40012525,"assetDatabaseInit":0.909504458,"globalIlluminationInit":0.000565125,"assembliesLoad":0.580840458,"unityExtensionsInit":0.000668583,"assetDatabaseRefresh":1.57441525,"sceneOpening":0.099841375}
##utp:{"type":"EditorInfo","version":2,"phase":"Immediate","time":1791250870352,"processId":68845,"editorVersion":"2022.3.61t14 (3a70663b70e0)","branch":"tuanjie/1.6/staging","buildType":"Release","platform":"OSX"}
Subscribe to USB device events
Thread 0x16ddd7000 may have been prematurely finalized
CachePath: /Users/qinziqian/Library/Caches/Tuanjie/Palm Bay Netplaytest CKsvBS client5_Netplay-CKsvBS-client5
CachePath: /Users/qinziqian/Library/Caches/Tuanjie/Palm Bay Netplaytest CKsvBS client5_Netplay-CKsvBS-client5
Reloading assemblies for play mode.
Reloading assemblies after forced synchronous recompile.
Begin MonoManager ReloadAssembly
[NWB-WebRTC] SendDataChannelMessage rejected: dataChannel=null len=24
[NWB-C++] SendDataChannelMessage REJECTED (len=24)
- Loaded All Assemblies, in  0.152 seconds
Refreshing native plugins compatible for Editor in 4.02 ms, found 7 plugins.
Native extension for Android target not found
Native extension for OSXStandalone target not found
Mono: successfully reloaded assembly
- Finished resetting the current domain, in  0.239 seconds
Domain Reload Profiling: 391ms
	BeginReloadAssembly (91ms)
		ExecutionOrderSort (0ms)
		DisableScriptedObjects (3ms)
		BackupInstance (0ms)
		ReleaseScriptingObjects (0ms)
		CreateAndSetChildDomain (18ms)
	RebuildCommonClasses (22ms)
	RebuildNativeTypeToScriptingClass (9ms)
	initialDomainReloadingComplete (14ms)
	LoadAllAssembliesAndSetupDomain (15ms)
		LoadAssemblies (56ms)
		RebuildTransferFunctionScriptingTraits (0ms)
		AnalyzeDomain (7ms)
			TypeCache.Refresh (4ms)
				TypeCache.ScanAssembly (0ms)
			ScanForSourceGeneratedMonoScriptInfo (0ms)
			ResolveRequiredComponents (1ms)
	FinalizeReload (239ms)
		ReleaseScriptCaches (0ms)
		RebuildScriptCaches (0ms)
		SetupLoadedEditorAssemblies (128ms)
			LogAssemblyErrors (0ms)
			InitializePlatformSupportModulesInManaged (8ms)
			SetLoadedEditorAssemblies (3ms)
			RefreshPlugins (0ms)
			BeforeProcessingInitializeOnLoad (17ms)
			ProcessInitializeOnLoadAttributes (86ms)
			ProcessInitializeOnLoadMethodAttributes (13ms)
			AfterProcessingInitializeOnLoad (1ms)
			EditorAssembliesLoaded (0ms)
		ExecutionOrderSort2 (0ms)
		AwakeInstancesAfterBackupRestoration (3ms)
Asset Pipeline Refresh (id=6596e771e2de848db820235d6858be51): Total: 0.554 seconds - Initiated by StopAssetImportingV2(ForceSynchronousImport | ForceDomainReload)
	Summary:
		Imports: total=0 (actual=0, local cache=0, cache server=0)
		Asset DB Process Time: managed=0 ms, native=141 ms
		Asset DB Callback time: managed=8 ms, native=0 ms
		Scripting: domain reloads=1, domain reload time=402 ms, compile time=1 ms, other=0 ms
		Project Asset Count: scripts=612, non-scripts=4612
		Asset File Changes: new=0, changed=0, moved=0, deleted=0
		Scan Filter Count: 0
		OnDemandAssets Count:0
	InvokeBeforeRefreshCallbacks: 0.566ms
	ApplyChangesToAssetFolders: 0.016ms
	Scan: 0.000ms
	OnSourceAssetsModified: 0.001ms
	GetAllGuidsForCategorization: 0.310ms
	CategorizeAssets: 44.411ms
	ImportOutOfDateAssets: 249.645ms (247.330ms without children)
		CompileScripts: 1.134ms
		CollectScriptTypesHashes: 0.011ms
		ReloadNativeAssets: 0.034ms
		UnloadImportedAssets: 0.254ms
		EnsureUptoDateAssetsAreRegisteredWithGuidPM: 0.601ms
		InitializingProgressBar: 0.000ms
		PostProcessAllAssetNotificationsAddChangedAssets: 0.000ms
		OnDemandSchedulerStart: 0.281ms
	PostProcessAllAssets: 8.455ms
	GatherAllCurrentPrimaryArtifactRevisions: 0.178ms
	UnloadStreamsBegin: 0.111ms
	PersistCurrentRevisions: 0.186ms
	UnloadStreamsEnd: 0.017ms
	GenerateScriptTypeHashes: 0.000ms
	Untracked: 250.027ms
AppState: beacon 收听套接绑定失败，自动发现不可用。Address already in use
UnityEngine.StackTraceUtility:ExtractStackTrace () (at /Users/bokken/build/output/dev/tj/Runtime/Export/Scripting/StackTrace.cs:37)
UnityEngine.DebugLogHandler:LogFormat (UnityEngine.LogType,UnityEngine.Object,string,object[])
UnityEngine.Logger:Log (UnityEngine.LogType,object)
UnityEngine.Debug:LogWarning (object)
IslandAirport.AppState:Awake () (at Assets/Scripts/Gameplay/AppState.cs:192)
UnityEngine.GameObject:AddComponent (System.Type) (at /Users/bokken/build/output/dev/tj/Runtime/Export/Scripting/GameObject.bindings.cs:240)
UnityEngine.GameObject:AddComponent<IslandAirport.AppState> () (at /Users/bokken/build/output/dev/tj/Runtime/Export/Scripting/GameObject.bindings.cs:245)
IslandAirport.AppState:Ensure () (at Assets/Scripts/Gameplay/AppState.cs:147)
IslandAirport.LobbyApp:Awake () (at Assets/Scripts/Gameplay/LobbyApp.cs:137)

(Filename: Assets/Scripts/Gameplay/AppState.cs Line: 192)

Loaded scene 'Temp/__Backupscenes/0.backup'
	Deserialize:            10.280 ms
	Integration:            78.730 ms
	Integration of assets:  0.037 ms
	Thread Wait Time:       0.002 ms
	Total Operation Time:   89.049 ms
[MODES] ModeService[none].Initialize
[MODES] ModeService[none].LoadModes
[MODES] Loading mode Default (0) for mode-current-id-Netplay-CKsvBS-client5
[NWB-WebRTC] SendDataChannelMessage rejected: dataChannel=null len=54
[NWB-C++] SendDataChannelMessage REJECTED (len=54)
[NWB-WebRTC] SendDataChannelMessage rejected: dataChannel=null len=33
[NWB-C++] SendDataChannelMessage REJECTED (len=33)
Created GICache directory at /Users/qinziqian/Library/Caches/cn.yousandi.TuanjieEditor/Tuanjie/GiCache. Took: 0.003s, timestamps: [5.844 - 5.847]
Unloading 59 Unused Serialized files (Serialized files now loaded: 0)
UnloadTime: 2.897791 ms
Loaded scene 'Assets/Scenes/PalmBay.unity'
	Deserialize:            1.429 ms
	Integration:            51.386 ms
	Integration of assets:  0.001 ms
	Thread Wait Time:       0.009 ms
	Total Operation Time:   52.826 ms
Unloading 124 unused Assets / (235.4 KB). Loaded Objects now: 4124.
Memory consumption went from 104.6 MB to 104.4 MB.
Total: 3.232500 ms (FindLiveObjects: 0.138625 ms CreateObjectMapping: 0.024500 ms MarkObjects: 2.964792 ms  DeleteObjects: 0.104333 ms)

Unloading 75 Unused Serialized files (Serialized files now loaded: 0)
UnloadTime: 3.061333 ms
Loaded scene 'Temp/__Backupscenes/0.backup'
	Deserialize:            25.356 ms
	Integration:            7.186 ms
	Integration of assets:  0.314 ms
	Thread Wait Time:       -0.002 ms
	Total Operation Time:   32.854 ms
Unloading 89 unused Assets / (196.8 KB). Loaded Objects now: 3120.
Memory consumption went from 90.2 MB to 90.0 MB.
Total: 4.093583 ms (FindLiveObjects: 0.165375 ms CreateObjectMapping: 0.023541 ms MarkObjects: 3.744625 ms  DeleteObjects: 0.159667 ms)

NETPLAY_PASSED client-fuel Session 5 (M3.3r) client used single-tap Remote UDP input for every nozzle, valve, hose, movement, disconnect/resume and spill cleanup action; fuel flowed with neutral input and the client mirror matched host fuel state.
UnityEngine.StackTraceUtility:ExtractStackTrace () (at /Users/bokken/build/output/dev/tj/Runtime/Export/Scripting/StackTrace.cs:37)
UnityEngine.DebugLogHandler:LogFormat (UnityEngine.LogType,UnityEngine.Object,string,object[])
UnityEngine.Logger:Log (UnityEngine.LogType,object)
UnityEngine.Debug:Log (object)
NetPlaytest:Complete (bool,string) (at Assets/Editor/NetPlaytest.cs:1699)
NetPlaytest:AdvanceClientFuel (double,single) (at Assets/Editor/NetPlaytest.Fuel.cs:1021)
NetPlaytest:AdvanceScenario (double,single) (at Assets/Editor/NetPlaytest.cs:329)
NetPlaytest:Poll () (at Assets/Editor/NetPlaytest.cs:219)
UnityEditor.EditorApplication:Internal_CallUpdateFunctions () (at /Users/bokken/build/output/dev/tj/Editor/Mono/EditorApplication.cs:387)

(Filename: Assets/Editor/NetPlaytest.cs Line: 1699)

Thread 0x16d62f000 may have been prematurely finalized
CachePath: /Users/qinziqian/Library/Caches/Tuanjie/Palm Bay Netplaytest CKsvBS client5_Netplay-CKsvBS-client5
Unloading 0 Unused Serialized files (Serialized files now loaded: 0)
Loaded scene 'Temp/__Backupscenes/0.backup'
	Deserialize:            2.852 ms
	Integration:            3.614 ms
	Integration of assets:  0.001 ms
	Thread Wait Time:       0.009 ms
	Total Operation Time:   6.477 ms
Unloading 0 unused Assets / (94.5 KB). Loaded Objects now: 2915.
Memory consumption went from 88.2 MB to 88.1 MB.
Total: 3.095792 ms (FindLiveObjects: 0.099459 ms CreateObjectMapping: 0.015625 ms MarkObjects: 2.971584 ms  DeleteObjects: 0.008750 ms)

[UnityConnectServicesConfig] config is NOT valid, switching to default
gi::BakeBackendSwitch: switching bake backend from 3 to 2.
[00:00:00] Builtin Sky manager started.
Killing ADB server in 0.038718 seconds.
Thread 0x16ddd7000 may have been prematurely finalized
Input System module state changed to: ShutdownInProgress.
Input System polling thread exited.
Input System module state changed to: Shutdown.
[Licensing::IpcConnector] License Notification channel disconnected successfully.
[Licensing::IpcConnector] License Client channel disconnected successfully.
Shutting down server...
Thread 0x16e34f000 may have been prematurely finalized
[40m[32minfo[39m[22m[49m: Microsoft.Hosting.Lifetime[0]
      Application is shutting down...
Cleanup mono
debugger-agent: Unable to listen on 53
[Performance] Application.InitializeProject                                                                                        :        1 samples, Peak.  4.02 s (1.0x), Avg.  4.02 s, Total. 4.021 s (9.3%)
[Performance] Application.PackageManager.StartServer                                                                               :        1 samples, Peak.  1.14 ms (1.0x), Avg.  1.14 ms, Total. 1.139 ms (0.0%)
[Performance] Application.AcquireProjectLock                                                                                       :        1 samples, Peak.  3.19 ms (1.0x), Avg.  3.19 ms, Total. 3.195 ms (0.0%)
[Performance] Application.InitializeEngineNoGraphics                                                                               :        1 samples, Peak.   236 ms (1.0x), Avg.   236 ms, Total. 235.7 ms (0.5%)
[Performance] Application.PackageManager.Initialize                                                                                :        1 samples, Peak.   400 ms (1.0x), Avg.   400 ms, Total. 400.1 ms (0.9%)
[Performance] Connecting to Package Manager                                                                                        :       41 samples, Peak.  43.6 us (26.8x), Avg.  1.62 us, Total. 66.62 us (0.0%)
[Performance] PackageManager::Api::RunRequestSynchronously                                                                         :       14 samples, Peak.  1.88 us (1.5x), Avg.  1.24 us, Total. 17.38 us (0.0%)
[Performance] Application.EngineGraphics.Initialize                                                                                :        1 samples, Peak.  24.6 ms (1.0x), Avg.  24.6 ms, Total. 24.64 ms (0.1%)
[Performance] Application.GI.Initialize                                                                                            :        1 samples, Peak.   565 us (1.0x), Avg.   565 us, Total. 565.5 us (0.0%)
[Performance] Application.LoadAllDefaultResourcesFromEditor                                                                        :        1 samples, Peak.  1.25 ms (1.0x), Avg.  1.25 ms, Total. 1.246 ms (0.0%)
[Performance] Application.LoadMonoAssemblies                                                                                       :        1 samples, Peak.   581 ms (1.0x), Avg.   581 ms, Total. 580.8 ms (1.3%)
[Performance] RestoreManagedReferences                                                                                             :        3 samples, Peak.  54.4 ms (1.6x), Avg.  33.1 ms, Total. 99.19 ms (0.2%)
[Performance] InitializeOnLoad BuildProfileHelperManager                                                                           :        3 samples, Peak.  68.8 ms (2.6x), Avg.  26.0 ms, Total. 78.00 ms (0.2%)
[Performance] InitializeOnLoad SceneSearch                                                                                         :        3 samples, Peak.  99.1 us (1.3x), Avg.  79.2 us, Total. 237.6 us (0.0%)
[Performance] InitializeOnLoad DrivenRectTransformUndo                                                                             :        3 samples, Peak.   187 us (1.2x), Avg.   158 us, Total. 475.0 us (0.0%)
[Performance] InitializeOnLoad EditMode                                                                                            :        3 samples, Peak.   224 us (1.2x), Avg.   192 us, Total. 576.2 us (0.0%)
[Performance] InitializeOnLoad PlayModeDownload                                                                                    :        3 samples, Peak.   312 us (2.2x), Avg.   143 us, Total. 429.7 us (0.0%)
[Performance] InitializeOnLoad ShortcutIntegration                                                                                 :        3 samples, Peak.  38.7 us (1.2x), Avg.  31.3 us, Total. 93.88 us (0.0%)
[Performance] InitializeOnLoad ManagedDebuggerWindow                                                                               :        3 samples, Peak.   425 us (1.1x), Avg.   390 us, Total. 1.171 ms (0.0%)
[Performance] InitializeOnLoad MenuItems                                                                                           :        3 samples, Peak.   199 us (1.2x), Avg.   165 us, Total. 496.5 us (0.0%)
[Performance] InitializeOnLoad ConsoleEntrance                                                                                     :        3 samples, Peak.   206 us (1.1x), Avg.   192 us, Total. 575.3 us (0.0%)
[Performance] InitializeOnLoad MixerEffectDefinitionReloader                                                                       :        3 samples, Peak.  1.43 ms (1.3x), Avg.  1.11 ms, Total. 3.327 ms (0.0%)
[Performance] InitializeOnLoad SearchService                                                                                       :        3 samples, Peak.  66.0 us (1.1x), Avg.  62.4 us, Total. 187.2 us (0.0%)
[Performance] InitializeOnLoad CloudBuild                                                                                          :        3 samples, Peak.  5.54 us (1.5x), Avg.  3.65 us, Total. 10.96 us (0.0%)
[Performance] InitializeOnLoad PrefabInstanceChangedListener                                                                       :        3 samples, Peak.  95.7 us (1.2x), Avg.  78.1 us, Total. 234.4 us (0.0%)
[Performance] InitializeOnLoad ManagedDebugger                                                                                     :        3 samples, Peak.   250 ns (1.1x), Avg.   222 ns, Total. 666.0 ns (0.0%)
[Performance] InitializeOnLoad AssetStoreContext                                                                                   :        3 samples, Peak.  14.9 ms (1.4x), Avg.  10.5 ms, Total. 31.65 ms (0.1%)
[Performance] InitializeOnLoad NativeFormatImporterUtility                                                                         :        3 samples, Peak.  1.40 ms (1.2x), Avg.  1.17 ms, Total. 3.510 ms (0.0%)
[Performance] InitializeOnLoad ObjectSelectorSearch                                                                                :        3 samples, Peak.  34.0 us (1.2x), Avg.  29.0 us, Total. 87.00 us (0.0%)
[Performance] InitializeOnLoad CacheServerWindow                                                                                   :        3 samples, Peak.  10.5 us (1.2x), Avg.  8.86 us, Total. 26.58 us (0.0%)
[Performance] InitializeOnLoad PoolManager                                                                                         :        3 samples, Peak.  28.0 us (1.0x), Avg.  27.4 us, Total. 82.29 us (0.0%)
[Performance] InitializeOnLoad UISystemProfilerRenderService                                                                       :        3 samples, Peak.  6.42 us (1.1x), Avg.  6.00 us, Total. 18.00 us (0.0%)
[Performance] InitializeOnLoad ProfilerConnectionPopupWindow                                                                       :        3 samples, Peak.  16.1 us (1.1x), Avg.  15.3 us, Total. 45.83 us (0.0%)
[Performance] InitializeOnLoad ProjectSearch                                                                                       :        3 samples, Peak.  27.5 us (1.2x), Avg.  23.4 us, Total. 70.08 us (0.0%)
[Performance] InitializeOnLoad TuanjiePathAndNameFix                                                                               :        3 samples, Peak.  90.0 us (1.0x), Avg.  87.3 us, Total. 262.0 us (0.0%)
[Performance] InitializeOnLoad UnityConnect                                                                                        :        3 samples, Peak.   333 ns (1.3x), Avg.   250 ns, Total. 749.0 ns (0.0%)
[Performance] InitializeOnLoad WindowLayout                                                                                        :        3 samples, Peak.  27.5 us (1.2x), Avg.  22.4 us, Total. 67.33 us (0.0%)
[Performance] InitializeOnLoad SettingsService                                                                                     :        3 samples, Peak.  7.12 us (1.1x), Avg.  6.63 us, Total. 19.88 us (0.0%)
[Performance] InitializeOnLoad AddComponentWindow                                                                                  :        3 samples, Peak.  62.5 us (1.0x), Avg.  61.3 us, Total. 183.8 us (0.0%)
[Performance] InitializeOnLoad EditorMonitor                                                                                       :        3 samples, Peak.   453 us (1.1x), Avg.   400 us, Total. 1.201 ms (0.0%)
[Performance] InitializeOnLoad RetainedMode                                                                                        :        3 samples, Peak.  1.42 ms (1.0x), Avg.  1.36 ms, Total. 4.076 ms (0.0%)
[Performance] InitializeOnLoad EditorShaderLoader                                                                                  :        3 samples, Peak.   487 us (1.2x), Avg.   391 us, Total. 1.173 ms (0.0%)
[Performance] InitializeOnLoad EditorDelegateRegistration                                                                          :        3 samples, Peak.   334 us (1.0x), Avg.   326 us, Total. 976.7 us (0.0%)
[Performance] InitializeOnLoad UIDocumentHierarchyWatcher                                                                          :        3 samples, Peak.  43.4 us (1.1x), Avg.  39.9 us, Total. 119.7 us (0.0%)
[Performance] InitializeOnLoad LiveReloadTrackerCreator                                                                            :        3 samples, Peak.   121 us (1.1x), Avg.   110 us, Total. 331.1 us (0.0%)
[Performance] InitializeOnLoad UxmlObjectEditorFactories                                                                           :        3 samples, Peak.   340 us (1.0x), Avg.   324 us, Total. 971.6 us (0.0%)
[Performance] InitializeOnLoad UXMLEditorFactories                                                                                 :        3 samples, Peak.  35.7 ms (1.0x), Avg.  34.6 ms, Total. 103.9 ms (0.2%)
[Performance] InitializeOnLoad PurchasingService                                                                                   :        3 samples, Peak.  4.50 ms (1.1x), Avg.  4.21 ms, Total. 12.62 ms (0.0%)
[Performance] InitializeOnLoad CloudBuildPoller                                                                                    :        3 samples, Peak.  62.6 us (1.0x), Avg.  61.6 us, Total. 184.7 us (0.0%)
[Performance] InitializeOnLoad EditorGameServicesAnalytics                                                                         :        3 samples, Peak.   711 us (1.2x), Avg.   599 us, Total. 1.797 ms (0.0%)
[Performance] InitializeOnLoad AnalyticsService                                                                                    :        3 samples, Peak.   105 us (1.0x), Avg.   104 us, Total. 313.4 us (0.0%)
[Performance] InitializeOnLoad BuildService                                                                                        :        3 samples, Peak.  92.8 us (1.0x), Avg.  90.6 us, Total. 271.9 us (0.0%)
[Performance] InitializeOnLoad AdsService                                                                                          :        3 samples, Peak.   224 us (1.0x), Avg.   220 us, Total. 659.8 us (0.0%)
[Performance] InitializeOnLoad UDPService                                                                                          :        3 samples, Peak.  85.8 us (1.0x), Avg.  84.5 us, Total. 253.5 us (0.0%)
[Performance] InitializeOnLoad CrashService                                                                                        :        3 samples, Peak.  87.3 us (1.0x), Avg.  85.1 us, Total. 255.2 us (0.0%)
[Performance] InitializeOnLoad ServicesRepository                                                                                  :        3 samples, Peak.   250 ns (1.2x), Avg.   209 ns, Total. 626.0 ns (0.0%)
[Performance] InitializeOnLoad SearchWindow                                                                                        :        3 samples, Peak.  80.1 us (1.1x), Avg.  73.7 us, Total. 221.0 us (0.0%)
[Performance] InitializeOnLoad CustomIndexers                                                                                      :        3 samples, Peak.  9.80 ms (1.0x), Avg.  9.44 ms, Total. 28.33 ms (0.1%)
[Performance] InitializeOnLoad SearchMonitor                                                                                       :        3 samples, Peak.   609 us (1.1x), Avg.   568 us, Total. 1.703 ms (0.0%)
[Performance] InitializeOnLoad ParameterControllerEditor                                                                           :        3 samples, Peak.  17.9 us (1.4x), Avg.  12.7 us, Total. 38.00 us (0.0%)
[Performance] InitializeOnLoad LayerSettingsWindow                                                                                 :        3 samples, Peak.  15.9 us (1.4x), Avg.  11.4 us, Total. 34.33 us (0.0%)
[Performance] InitializeOnLoad PackageManagerHookGUIDConverter.RegisterPackagesEventHandler                                        :        3 samples, Peak.   491 us (2.4x), Avg.   203 us, Total. 608.1 us (0.0%)
[Performance] InitializeOnLoad EditorDragAndDrop.RegisterEditorClient                                                              :        3 samples, Peak.   131 us (1.0x), Avg.   125 us, Total. 375.5 us (0.0%)
[Performance] InitializeOnLoad EditorEventCallbacks.InitializeFontAssetResourceChangeCallBacks                                     :        3 samples, Peak.   671 us (1.1x), Avg.   612 us, Total. 1.835 ms (0.0%)
[Performance] InitializeOnLoad SceneTemplateService.Init                                                                           :        3 samples, Peak.   723 us (1.0x), Avg.   706 us, Total. 2.117 ms (0.0%)
[Performance] InitializeOnLoad DiagnosticSwitchesConsoleMessage.Init                                                               :        3 samples, Peak.  2.32 ms (1.5x), Avg.  1.60 ms, Total. 4.800 ms (0.0%)
[Performance] InitializeOnLoad EditorWindow.Initialize                                                                             :        3 samples, Peak.   133 us (1.0x), Avg.   129 us, Total. 387.8 us (0.0%)
[Performance] InitializeOnLoad MemoryProfilerCompilationGuard.InjectCompileGuard                                                   :        3 samples, Peak.  89.0 us (1.0x), Avg.  85.9 us, Total. 257.7 us (0.0%)
[Performance] InitializeOnLoad ToolShortcutContext.Init                                                                            :        3 samples, Peak.  63.7 us (1.0x), Avg.  62.4 us, Total. 187.2 us (0.0%)
[Performance] InitializeOnLoad SceneVisibilityManager.Initialize                                                                   :        3 samples, Peak.  1.92 ms (2.0x), Avg.   955 us, Total. 2.864 ms (0.0%)
[Performance] InitializeOnLoad AssetPostprocessingInternal.RefreshCustomDependencies                                               :        3 samples, Peak.  1.93 ms (1.4x), Avg.  1.36 ms, Total. 4.074 ms (0.0%)
[Performance] InitializeOnLoad SysrootManager.Initialize                                                                           :        3 samples, Peak.   270 us (1.0x), Avg.   264 us, Total. 792.0 us (0.0%)
[Performance] InitializeOnLoad ScopedRegistryAddedPopup.SubscribeToRegistriesAdded                                                 :        3 samples, Peak.   105 us (1.3x), Avg.  82.5 us, Total. 247.5 us (0.0%)
[Performance] InitializeOnLoad PackageManagerWindow.EditorInitializedInSafeMode                                                    :        3 samples, Peak.  58.8 us (1.9x), Avg.  31.2 us, Total. 93.54 us (0.0%)
[Performance] AssemblyReloadEvents.afterAssemblyReload: UnityEditor.PackageManager.TuanjiePathAndNameFix.FixTuanjieNameOrPath      :        3 samples, Peak.  2.31 ms (1.3x), Avg.  1.80 ms, Total. 5.404 ms (0.0%)
[Performance] AssemblyReloadEvents.afterAssemblyReload: UnityEditor.SceneTemplate.SceneTemplateService.AfterAssemblyReload         :        3 samples, Peak.  2.02 ms (1.5x), Avg.  1.38 ms, Total. 4.126 ms (0.0%)
[Performance] ProcessService.EditorAfterLoadAllAssemblies                                                                          :        3 samples, Peak.   198 us (1.1x), Avg.   179 us, Total. 536.0 us (0.0%)
[Performance] Application.ReadLicenseInfo                                                                                          :        1 samples, Peak.  13.7 ms (1.0x), Avg.  13.7 ms, Total. 13.69 ms (0.0%)
[Performance] Application.InitialRefresh                                                                                           :        1 samples, Peak.  1.53 s (1.0x), Avg.  1.53 s, Total. 1.531 s (3.5%)
[Performance] ShaderImporter.SourceAssetModified                                                                                   :        2 samples, Peak.   542 ns (1.2x), Avg.   458 ns, Total. 917.0 ns (0.0%)
[Performance] ShaderIncludeImporter.SourceAssetModified                                                                            :        2 samples, Peak.   625 ns (1.2x), Avg.   521 ns, Total. 1.042 us (0.0%)
[Performance] Compiling Scripts                                                                                                    :        1 samples, Peak.   481 ms (1.0x), Avg.   481 ms, Total. 481.4 ms (1.1%)
[Performance] AssemblyReloadEvents.beforeAssemblyReload: UnityEditor.SceneTemplate.SceneTemplateService.BeforeAssemblyReload       :        2 samples, Peak.   262 us (1.1x), Avg.   242 us, Total. 484.1 us (0.0%)
[Performance] PresetManagerPostProcessor.OnPreprocessAsset                                                                         :        1 samples, Peak.   686 us (1.0x), Avg.   686 us, Total. 685.6 us (0.0%)
[Performance] CancelSplashScreenOnAssetChange.OnPreprocessAsset                                                                    :        1 samples, Peak.  76.8 us (1.0x), Avg.  76.8 us, Total. 76.83 us (0.0%)
[Performance] InitializeOnLoad M3ReplayFailureCapture                                                                              :        2 samples, Peak.  96.7 us (1.0x), Avg.  96.6 us, Total. 193.3 us (0.0%)
[Performance] InitializeOnLoad M3FuelPlaytest                                                                                      :        2 samples, Peak.   129 us (1.0x), Avg.   129 us, Total. 257.8 us (0.0%)
[Performance] InitializeOnLoad M7IdentityReview                                                                                    :        2 samples, Peak.  33.8 us (1.0x), Avg.  33.1 us, Total. 66.21 us (0.0%)
[Performance] InitializeOnLoad M6ResultsCapture                                                                                    :        2 samples, Peak.  39.0 us (1.2x), Avg.  33.7 us, Total. 67.33 us (0.0%)
[Performance] InitializeOnLoad MacVideoShareBuilder                                                                                :        2 samples, Peak.  64.1 us (1.0x), Avg.  63.5 us, Total. 127.0 us (0.0%)
[Performance] InitializeOnLoad MainLoopPlaytest                                                                                    :        2 samples, Peak.  26.8 us (1.1x), Avg.  25.2 us, Total. 50.33 us (0.0%)
[Performance] InitializeOnLoad M2LobbyCapture                                                                                      :        2 samples, Peak.  30.2 us (1.0x), Avg.  30.1 us, Total. 60.21 us (0.0%)
[Performance] InitializeOnLoad NetPlaytest                                                                                         :        2 samples, Peak.  97.3 us (1.0x), Avg.  94.0 us, Total. 188.1 us (0.0%)
[Performance] InitializeOnLoad M4CoopCapture                                                                                       :        2 samples, Peak.   453 us (1.0x), Avg.   451 us, Total. 901.8 us (0.0%)
[Performance] InitializeOnLoad M1ReviewCapture                                                                                     :        2 samples, Peak.  35.4 us (1.1x), Avg.  33.2 us, Total. 66.46 us (0.0%)
[Performance] InitializeOnLoad CodelyToolbar                                                                                       :        2 samples, Peak.  84.4 us (1.0x), Avg.  83.2 us, Total. 166.5 us (0.0%)
[Performance] InitializeOnLoad CodelyLayoutInstaller                                                                               :        2 samples, Peak.  36.5 us (1.0x), Avg.  36.4 us, Total. 72.71 us (0.0%)
[Performance] InitializeOnLoad SelectionChangedNotifier                                                                            :        2 samples, Peak.  59.0 us (1.0x), Avg.  58.9 us, Total. 117.8 us (0.0%)
[Performance] InitializeOnLoad UnityTcpBridge                                                                                      :        2 samples, Peak.   265 us (1.0x), Avg.   264 us, Total. 527.2 us (0.0%)
[Performance] InitializeOnLoad BridgeUpdateRestartPrompt                                                                           :        2 samples, Peak.  30.6 us (1.0x), Avg.  30.5 us, Total. 60.96 us (0.0%)
[Performance] InitializeOnLoad TmpEssentialsAutoImporter                                                                           :        2 samples, Peak.  30.1 us (1.0x), Avg.  30.0 us, Total. 59.96 us (0.0%)
[Performance] InitializeOnLoad NativeDllLoader                                                                                     :        2 samples, Peak.   328 us (1.0x), Avg.   326 us, Total. 651.6 us (0.0%)
[Performance] InitializeOnLoad DialogWatcher                                                                                       :        2 samples, Peak.   554 us (1.1x), Avg.   497 us, Total. 994.0 us (0.0%)
[Performance] InitializeOnLoad StepJobRunner                                                                                       :        2 samples, Peak.  2.28 ms (1.0x), Avg.  2.20 ms, Total. 4.403 ms (0.0%)
[Performance] InitializeOnLoad ManageWindowBridge                                                                                  :        2 samples, Peak.   419 us (1.0x), Avg.   410 us, Total. 819.8 us (0.0%)
[Performance] InitializeOnLoad PrefabLayoutRebuilder                                                                               :        2 samples, Peak.   126 us (1.0x), Avg.   124 us, Total. 247.9 us (0.0%)
[Performance] InitializeOnLoad ManageScreenshot.ScheduleStaleCaptureWindowCleanup                                                  :        2 samples, Peak.  1.51 ms (1.1x), Avg.  1.37 ms, Total. 2.738 ms (0.0%)
[Performance] InitializeOnLoad ManageInput.Initialize                                                                              :        2 samples, Peak.   103 us (1.0x), Avg.   102 us, Total. 204.8 us (0.0%)
[Performance] InitializeOnLoad NativeWindowBridgeHost.OnDomainReload                                                               :        2 samples, Peak.  3.39 ms (1.1x), Avg.  3.12 ms, Total. 6.250 ms (0.0%)
[Performance] InitializeOnLoad DrillWindow.AutoOpenOnLoadIfDrillIncomplete                                                         :        2 samples, Peak.  1.09 ms (1.0x), Avg.  1.08 ms, Total. 2.152 ms (0.0%)
[Performance] InitializeOnLoad CodelyWindow.RegisterReloadEvents                                                                   :        2 samples, Peak.   319 us (1.0x), Avg.   314 us, Total. 628.4 us (0.0%)
[Performance] InitializeOnLoad CodelyLogger.Init                                                                                   :        2 samples, Peak.  53.4 us (1.1x), Avg.  50.6 us, Total. 101.3 us (0.0%)
[Performance] DidReloadScriptsAdvancedDropdownWindow.OnScriptReload                                                                :        2 samples, Peak.   126 us (1.0x), Avg.   122 us, Total. 243.0 us (0.0%)
[Performance] AssetDatabase.ImportAssets                                                                                           :        3 samples, Peak.   375 ns (1.6x), Avg.   236 ns, Total. 708.0 ns (0.0%)
[Performance] VersionControl.Task.Wait                                                                                             :        1 samples, Peak. 10.00 us (1.0x), Avg. 10.00 us, Total. 10.000 us (0.0%)
[Performance] BuilderAssetPostprocessor.OnPostprocessAllAssets                                                                     :        2 samples, Peak.  3.17 ms (1.0x), Avg.  3.12 ms, Total. 6.243 ms (0.0%)
[Performance] ArtifactBrowserPostProcessor.OnPostprocessAllAssets                                                                  :        2 samples, Peak.   349 us (1.0x), Avg.   348 us, Total. 696.1 us (0.0%)
[Performance] AssetEvents.OnPostprocessAllAssets                                                                                   :        4 samples, Peak.   115 us (1.6x), Avg.  73.7 us, Total. 295.0 us (0.0%)
[Performance] AudioMixerPostprocessor.OnPostprocessAllAssets                                                                       :        2 samples, Peak.   177 us (1.0x), Avg.   176 us, Total. 352.4 us (0.0%)
[Performance] DomainReloadPostprocessor.OnPostprocessAllAssets                                                                     :        4 samples, Peak.  1.50 ms (1.1x), Avg.  1.37 ms, Total. 5.475 ms (0.0%)
[Performance] StyleCatalogPostProcessor.OnPostprocessAllAssets                                                                     :        2 samples, Peak.  12.3 ms (1.0x), Avg.  12.3 ms, Total. 24.54 ms (0.1%)
[Performance] BuildCatalog                                                                                                         :        1 samples, Peak.  11.6 ms (1.0x), Avg.  11.6 ms, Total. 11.58 ms (0.0%)
[Performance] ModelImporterPostProcessor.OnPostprocessAllAssets                                                                    :        2 samples, Peak.   639 us (1.0x), Avg.   638 us, Total. 1.277 ms (0.0%)
[Performance] RetainedModeAssetPostprocessor.OnPostprocessAllAssets                                                                :        2 samples, Peak.  1.40 ms (1.0x), Avg.  1.40 ms, Total. 2.806 ms (0.0%)
[Performance] AssetChangedListener.OnPostprocessAllAssets                                                                          :        2 samples, Peak.  1.18 ms (1.0x), Avg.  1.18 ms, Total. 2.353 ms (0.0%)
[Performance] SpeedTreePostProcessor.OnPostprocessAllAssets                                                                        :        2 samples, Peak.   128 us (1.0x), Avg.   127 us, Total. 253.7 us (0.0%)
[Performance] TextAssetPostProcessor.OnPostprocessAllAssets                                                                        :        2 samples, Peak.   262 us (1.0x), Avg.   262 us, Total. 523.5 us (0.0%)
[Performance] SyncVS.PostprocessSyncProject                                                                                        :        2 samples, Peak.   858 us (1.0x), Avg.   848 us, Total. 1.695 ms (0.0%)
[Performance] Application.ImportPackagesAndSetTemplateWhenCreatingProject                                                          :        1 samples, Peak.  18.0 ms (1.0x), Avg.  18.0 ms, Total. 17.97 ms (0.0%)
[Performance] Application.SyncCurrentColorSpace                                                                                    :        1 samples, Peak.  7.07 ms (1.0x), Avg.  7.07 ms, Total. 7.072 ms (0.0%)
[Performance] Application.OnUsbDevicesChanged                                                                                      :        1 samples, Peak.  58.5 us (1.0x), Avg.  58.5 us, Total. 58.54 us (0.0%)
[Performance] Application.AssetInstanceCacheUpdate                                                                                 :        1 samples, Peak.   166 ns (1.0x), Avg.   166 ns, Total. 166.0 ns (0.0%)
[Performance] Application.UnityExtensions.Initialize                                                                               :        1 samples, Peak.   669 us (1.0x), Avg.   669 us, Total. 669.0 us (0.0%)
[Performance] CodeEditorProjectSync.SyncEditorProject                                                                              :        1 samples, Peak.  37.2 us (1.0x), Avg.  37.2 us, Total. 37.17 us (0.0%)
[Performance] Application.ExecuteStartups                                                                                          :        1 samples, Peak.  34.1 ms (1.0x), Avg.  34.1 ms, Total. 34.11 ms (0.1%)
[Performance] Menu.RegisterMenuInterface                                                                                           :       26 samples, Peak.   292 ns (3.2x), Avg.  91.3 ns, Total. 2.374 us (0.0%)
[Performance] Gizmo.RebuildRenderers                                                                                               :        4 samples, Peak.  29.1 ms (1.8x), Avg.  15.8 ms, Total. 63.31 ms (0.1%)
[Performance] Gizmo.AddGizmoRenderers                                                                                              :      136 samples, Peak.  1.08 ms (47.1x), Avg.  22.9 us, Total. 3.120 ms (0.0%)
[Performance] Application.editorInitializingProject                                                                                :        1 samples, Peak.  2.14 ms (1.0x), Avg.  2.14 ms, Total. 2.142 ms (0.0%)
[Performance] Application.FinishLoadingProject                                                                                     :        1 samples, Peak.  99.8 ms (1.0x), Avg.  99.8 ms, Total. 99.84 ms (0.2%)
[Performance] Application.InitializeMenu                                                                                           :        1 samples, Peak.  29.0 ms (1.0x), Avg.  29.0 ms, Total. 28.99 ms (0.1%)
[Performance] Menu.RebuildAll                                                                                                      :        1 samples, Peak.  29.0 ms (1.0x), Avg.  29.0 ms, Total. 28.98 ms (0.1%)
[Performance] Menu.BuildRegisteredMenuInterfaces                                                                                   :        1 samples, Peak.  26.3 ms (1.0x), Avg.  26.3 ms, Total. 26.30 ms (0.1%)
[Performance] Menu.FilterMenuItem                                                                                                  :      875 samples, Peak.  12.7 ms (857.5x), Avg.  14.8 us, Total. 12.97 ms (0.0%)
[Performance] UpdateAllMenus                                                                                                       :        2 samples, Peak.  19.9 ms (2.0x), Avg.  10.1 ms, Total. 20.18 ms (0.0%)
[Performance] EditorSceneManager.sceneClosing: UnityEditor.SceneVisibilityManager.EditorSceneManagerOnSceneClosing                 :        4 samples, Peak.   161 us (2.1x), Avg.  78.3 us, Total. 313.2 us (0.0%)
[Performance] GUIView.RepaintAll.PlayerLoopController                                                                              :   355195 samples, Peak.  12.9 us (297.2x), Avg.  43.3 ns, Total. 15.39 ms (0.0%)
[Performance] EditorSceneManager.newSceneCreated: UnityEditor.SceneTemplate.SceneTemplateService.OnNewSceneCreated                 :        1 samples, Peak.   160 us (1.0x), Avg.   160 us, Total. 159.7 us (0.0%)
[Performance] EditorSceneManager.newSceneCreated: UnityEditor.SceneVisibilityManager.EditorSceneManagerOnNewSceneCreated           :        1 samples, Peak.  98.5 us (1.0x), Avg.  98.5 us, Total. 98.50 us (0.0%)
[Performance] EditorSceneManager.newSceneCreated: UnityEditor.SceneManagement.StageNavigationManager.OnNewSceneCreated             :        1 samples, Peak.  33.8 us (1.0x), Avg.  33.8 us, Total. 33.79 us (0.0%)
[Performance] Application.InvokeFinishedLoadingProject                                                                             :        1 samples, Peak.  5.76 ms (1.0x), Avg.  5.76 ms, Total. 5.765 ms (0.0%)
[Performance] ProcessService.OnProjectLoaded                                                                                       :        1 samples, Peak.  28.4 us (1.0x), Avg.  28.4 us, Total. 28.37 us (0.0%)
[Performance] EditorSceneManager.sceneOpening: UnityEditor.SceneVisibilityManager.EditorSceneManagerOnSceneOpening                 :        1 samples, Peak.  65.1 us (1.0x), Avg.  65.1 us, Total. 65.12 us (0.0%)
[Performance] Inspector.InitOrRebuild                                                                                              :        3 samples, Peak.   196 us (1.3x), Avg.   153 us, Total. 460.0 us (0.0%)
[Performance] EditorSceneManager.sceneOpened: UnityEditor.SceneTemplate.SceneTemplateService.OnSceneOpened                         :        1 samples, Peak.   135 us (1.0x), Avg.   135 us, Total. 134.7 us (0.0%)
[Performance] EditorSceneManager.sceneOpened: UnityEditor.SceneVisibilityManager.EditorSceneManagerOnSceneOpened                   :        1 samples, Peak.  55.2 us (1.0x), Avg.  55.2 us, Total. 55.17 us (0.0%)
[Performance] EditorSceneManager.sceneOpened: UnityEditor.SceneManagement.StageNavigationManager.OnSceneOpened                     :        1 samples, Peak.  28.6 us (1.0x), Avg.  28.6 us, Total. 28.62 us (0.0%)
[Performance] EditorApplication.playModeStateChanged                                                                               :        2 samples, Peak.   934 us (1.8x), Avg.   518 us, Total. 1.036 ms (0.0%)
[Performance] EditorApplication.playModeStateChanged: UnityEditor.PackageManager.UI.Internal.ApplicationProxy.PlayModeStateChanged :        4 samples, Peak.  99.0 us (2.0x), Avg.  50.3 us, Total. 201.2 us (0.0%)
[Performance] EditorApplication.playModeStateChanged: UnityEditor.PackageManager.UI.Internal.PlayModeDownload.PlayModeStateChanged :        4 samples, Peak.   197 us (2.8x), Avg.  69.4 us, Total. 277.6 us (0.0%)
[Performance] EditorApplication.playModeStateChanged: UnityEditor.ObjectPool.PoolManager.OnEditorStateChange                       :        4 samples, Peak.  82.0 us (2.1x), Avg.  38.7 us, Total. 154.9 us (0.0%)
[Performance] EditorApplication.playModeStateChanged: UnityTcp.Editor.Tools.ManageInput.OnPlayModeStateChanged                     :        4 samples, Peak.  22.0 us (2.0x), Avg.  11.3 us, Total. 45.17 us (0.0%)
[Performance] EditorApplication.playModeStateChanged: UnityTcp.Editor.Native.NativeWindowBridgeHost.OnPlayModeStateChanged         :        4 samples, Peak.   139 us (2.0x), Avg.  70.5 us, Total. 282.1 us (0.0%)
[Performance] EditorApplication.playModeStateChanged: Cn.Tuanjie.Codely.Editor.CodelyWindow.OnPlayModeStateChanged                 :        4 samples, Peak.   117 us (1.8x), Avg.  64.9 us, Total. 259.6 us (0.0%)
[Performance] EditorApplication.playModeStateChanged: UnityEditor.SceneManagement.EditorSceneManager.PlayModeStateChangedCallback  :        4 samples, Peak.  22.1 us (2.1x), Avg.  10.4 us, Total. 41.67 us (0.0%)
[Performance] EditorApplication.playModeStateChanged: UnityEditor.SceneVisibilityManager.EditorApplicationPlayModeStateChanged     :        4 samples, Peak.  16.7 us (2.1x), Avg.  7.88 us, Total. 31.50 us (0.0%)
[Performance] Application.InvokeProjectWasLoaded                                                                                   :        1 samples, Peak.  17.3 us (1.0x), Avg.  17.3 us, Total. 17.33 us (0.0%)
[Performance] Application.Tick                                                                                                     :   355192 samples, Peak.   973 ms (32442.5x), Avg.  30.0 us, Total. 10.65 s (24.6%)
[Performance] CheckLicensingClient                                                                                                 :        8 samples, Peak.  4.71 us (1.7x), Avg.  2.82 us, Total. 22.54 us (0.0%)
[Performance] CheckLicensingClientNotification                                                                                     :        8 samples, Peak.  7.92 us (1.6x), Avg.  4.98 us, Total. 39.83 us (0.0%)
[Performance] LicenseActivated.Tick                                                                                                :        1 samples, Peak.  5.71 us (1.0x), Avg.  5.71 us, Total. 5.708 us (0.0%)
[Performance] Application.TickVersionControl                                                                                       :   355193 samples, Peak.  26.7 us (209.9x), Avg.   127 ns, Total. 45.12 ms (0.1%)
[Performance] MonoCompiler.Tick                                                                                                    :      186 samples, Peak.   835 ms (185.8x), Avg.  4.50 ms, Total. 836.3 ms (1.9%)
[Performance] Application.EnterPlayMode                                                                                            :        1 samples, Peak.   823 ms (1.0x), Avg.   823 ms, Total. 823.5 ms (1.9%)
[Performance] Application.Reload                                                                                                   :        1 samples, Peak.   554 ms (1.0x), Avg.   554 ms, Total. 554.0 ms (1.3%)
[Performance] AssemblyReloadEvents.beforeAssemblyReload: UnityTcp.Editor.Native.NativeDllLoader.OnBeforeAssemblyReload             :        1 samples, Peak.  70.7 us (1.0x), Avg.  70.7 us, Total. 70.71 us (0.0%)
[Performance] AssemblyReloadEvents.beforeAssemblyReload: UnityTcp.Editor.Helpers.DetachedJobs.FlushIfDirty                         :        1 samples, Peak.   200 us (1.0x), Avg.   200 us, Total. 199.5 us (0.0%)
[Performance] AssemblyReloadEvents.beforeAssemblyReload: UnityTcp.Editor.Helpers.StepJobRunner.Save                                :        1 samples, Peak.   182 us (1.0x), Avg.   182 us, Total. 182.2 us (0.0%)
[Performance] AssemblyReloadEvents.beforeAssemblyReload: UnityTcp.Editor.Tools.ManageWindowBridge.OnBeforeAssemblyReload           :        1 samples, Peak.  14.1 us (1.0x), Avg.  14.1 us, Total. 14.08 us (0.0%)
[Performance] AssemblyReloadEvents.beforeAssemblyReload: UnityTcp.Editor.Tools.ManageScreenshot.CleanupRecordingBeforeDomainExit   :        1 samples, Peak.  15.9 us (1.0x), Avg.  15.9 us, Total. 15.92 us (0.0%)
[Performance] AssemblyReloadEvents.beforeAssemblyReload: UnityTcp.Editor.Native.NativeWindowBridgeHost.OnBeforeAssemblyReload      :        1 samples, Peak.  14.9 ms (1.0x), Avg.  14.9 ms, Total. 14.93 ms (0.0%)
[Performance] AssemblyReloadEvents.beforeAssemblyReload: Cn.Tuanjie.Codely.Editor.CodelyWindow.OnBeforeAssemblyReload              :        1 samples, Peak.   339 us (1.0x), Avg.   339 us, Total. 339.2 us (0.0%)
[Performance] SceneDataContainer.TransformHierarchyChangedSetParentCallback                                                        :     5127 samples, Peak.  10.1 us (31.7x), Avg.   318 ns, Total. 1.630 ms (0.0%)
[Performance] SceneVisibilityState.IsFlagSetInParents                                                                              :    13443 samples, Peak.  7.62 us (40.4x), Avg.   189 ns, Total. 2.535 ms (0.0%)
[Performance] UnityBuildPostprocessor.OnProcessScene                                                                               :        3 samples, Peak.   511 us (2.7x), Avg.   191 us, Total. 573.3 us (0.0%)
[Performance] UnityConnect.Tick                                                                                                    :        2 samples, Peak.  5.68 ms (2.0x), Avg.  2.86 ms, Total. 5.716 ms (0.0%)
[Performance] UnityVersionControl.Tick                                                                                             :        2 samples, Peak.   292 ns (1.4x), Avg.   209 ns, Total. 417.0 ns (0.0%)
[Performance] CurlRequest.Tick                                                                                                     :      370 samples, Peak.  43.1 us (56.0x), Avg.   769 ns, Total. 284.5 us (0.0%)
[Performance] HubClient.Tick                                                                                                       :      370 samples, Peak.  3.83 us (49.5x), Avg.  77.5 ns, Total. 28.67 us (0.0%)
[Performance] AssetDatabase.Tick                                                                                                   :      370 samples, Peak.  34.2 us (146.8x), Avg.   233 ns, Total. 86.33 us (0.0%)
[Performance] SceneBackgroundTask.Tick                                                                                             :      247 samples, Peak.  1.88 us (9.4x), Avg.   200 ns, Total. 49.37 us (0.0%)
[Performance] Scheduler.Tick                                                                                                       :     3633 samples, Peak.  1.45 ms (712.1x), Avg.  2.04 us, Total. 7.421 ms (0.0%)
[Performance] RepaintAllProfilerWindows                                                                                            :       75 samples, Peak.   169 us (41.7x), Avg.  4.05 us, Total. 303.5 us (0.0%)
[Performance] PlayerUpdates.Tick                                                                                                   :      735 samples, Peak.   142 us (19.8x), Avg.  7.19 us, Total. 5.283 ms (0.0%)
[Performance] Application.TickGlobalCallbacks                                                                                      :   355193 samples, Peak.  36.0 ms (16201.5x), Avg.  2.22 us, Total. 790.1 ms (1.8%)
[Performance] EditorAnalytics.Tick                                                                                                 :      149 samples, Peak.  19.4 us (5.4x), Avg.  3.61 us, Total. 538.1 us (0.0%)
[Performance] Video.Update                                                                                                         :   355193 samples, Peak.  15.0 us (223.2x), Avg.  67.4 ns, Total. 23.93 ms (0.1%)
[Performance] Application.TickProgress                                                                                             :   355193 samples, Peak.  9.22 ms (118941.8x), Avg.  77.6 ns, Total. 27.55 ms (0.1%)
[Performance] Application.TickSceneTracker                                                                                         :   355192 samples, Peak.   149 ms (8270.8x), Avg.  18.0 us, Total. 6.379 s (14.7%)
[Performance] EditorApplication.update                                                                                             :   355192 samples, Peak.   149 ms (8604.7x), Avg.  17.3 us, Total. 6.132 s (14.2%)
[Performance] EditorApplication.update: UnityEditor.PackageManager.UI.Internal.ApplicationProxy.OnUpdate                           :   355193 samples, Peak.   398 us (2057.8x), Avg.   193 ns, Total. 68.71 ms (0.2%)
[Performance] EditorApplication.update: M3ReplayFailureCapture.Poll                                                                :   355193 samples, Peak.   193 us (598.9x), Avg.   322 ns, Total. 114.5 ms (0.3%)
[Performance] EditorApplication.update: M3FuelPlaytest.Poll                                                                        :   355193 samples, Peak.   139 us (811.8x), Avg.   171 ns, Total. 60.83 ms (0.1%)
[Performance] EditorApplication.update: M7IdentityReview.Poll                                                                      :   355193 samples, Peak.   240 us (1441.9x), Avg.   167 ns, Total. 59.21 ms (0.1%)
[Performance] EditorApplication.update: M6ResultsCapture.Poll                                                                      :   355193 samples, Peak.   115 us (686.0x), Avg.   167 ns, Total. 59.39 ms (0.1%)
[Performance] EditorApplication.update: MainLoopPlaytest.Poll                                                                      :   355193 samples, Peak.   159 us (934.4x), Avg.   170 ns, Total. 60.35 ms (0.1%)
[Performance] EditorApplication.update: M2LobbyCapture.Poll                                                                        :   355193 samples, Peak.   103 us (621.3x), Avg.   165 ns, Total. 58.74 ms (0.1%)
[Performance] EditorApplication.update: NetPlaytest.Poll                                                                           :   355192 samples, Peak.   148 ms (50594.8x), Avg.  2.93 us, Total. 1.042 s (2.4%)
[Performance] EditorApplication.update: M4CoopCapture.Poll                                                                         :   355192 samples, Peak.   121 us (662.0x), Avg.   183 ns, Total. 65.08 ms (0.2%)
[Performance] EditorApplication.update: M1ReviewCapture.Poll                                                                       :   355192 samples, Peak.  95.2 us (584.6x), Avg.   163 ns, Total. 57.85 ms (0.1%)
[Performance] EditorApplication.update: UnityTcp.Editor.Windows.CodelyToolbar.EnsureAttached                                       :   355192 samples, Peak.   302 us (26.2x), Avg.  11.5 us, Total. 4.097 s (9.5%)
[Performance] EditorApplication.update: UnityEditor.SceneManagement.StageNavigationManager.Update                                  :   355192 samples, Peak.   255 us (1940.1x), Avg.   131 ns, Total. 46.63 ms (0.1%)
[Performance] ConsoleLog.Tick                                                                                                      :      186 samples, Peak.   107 us (58.7x), Avg.  1.82 us, Total. 337.8 us (0.0%)
[Performance] HierarchyWindow.Tick                                                                                                 :      247 samples, Peak.   260 us (23.8x), Avg.  10.9 us, Total. 2.703 ms (0.0%)
[Performance] EditorApplication.hierarchyChanged: Unity.UIElements.Editor.UIDocumentHierarchyWatcher.OnHierarchyChanged            :       19 samples, Peak.  79.4 us (16.3x), Avg.  4.87 us, Total. 92.50 us (0.0%)
[Performance] Inspector.Tick                                                                                                       :      247 samples, Peak.  78.0 ms (219.0x), Avg.   356 us, Total. 88.00 ms (0.2%)
[Performance] EditorApplication.delayCall: UnityEditor.ShortcutManagement.ShortcutIntegration.EnsureShortcutsAreInitialized        :        1 samples, Peak.  20.0 ms (1.0x), Avg.  20.0 ms, Total. 20.04 ms (0.0%)
[Performance] EditorApplication.delayCall: callback in IslandAirport.Editor.MacVideoShareBuilder                                   :        1 samples, Peak.   116 us (1.0x), Avg.   116 us, Total. 115.7 us (0.0%)
[Performance] EditorApplication.delayCall: UnityTcp.Editor.Windows.CodelyToolbar.AttachToToolbar                                   :      247 samples, Peak.  1.05 ms (64.1x), Avg.  16.3 us, Total. 4.037 ms (0.0%)
[Performance] EditorApplication.delayCall: Cn.Tuanjie.Codely.Editor.CodelyLayoutInstaller.InstallCodelyLayout                      :        1 samples, Peak.  26.9 ms (1.0x), Avg.  26.9 ms, Total. 26.89 ms (0.1%)
[Performance] EditorApplication.delayCall: UnityTcp.Editor.Helpers.BridgeUpdateRestartPrompt.TryShowPendingPrompt                  :        1 samples, Peak.   135 us (1.0x), Avg.   135 us, Total. 135.0 us (0.0%)
[Performance] EditorApplication.delayCall: callback in UnityTcp.Editor.Tools.ManageScreenshot                                      :        1 samples, Peak.   123 us (1.0x), Avg.   123 us, Total. 122.6 us (0.0%)
[Performance] EditorApplication.delayCall: callback in UnityTcp.Editor.Native.NativeWindowBridgeHost                               :        1 samples, Peak.  28.5 ms (1.0x), Avg.  28.5 ms, Total. 28.49 ms (0.1%)
[Performance] EditorApplication.delayCall: callback in UnityEditor.EditorWindow                                                    :        1 samples, Peak.   903 us (1.0x), Avg.   903 us, Total. 903.1 us (0.0%)
[Performance] EditorApplication.delayCall: callback in UnityEditor.EditorTools.ToolShortcutContext                                 :        1 samples, Peak.  62.0 us (1.0x), Avg.  62.0 us, Total. 62.04 us (0.0%)
[Performance] EditorApplication.delayCall: callback in UnityEditor.SceneVisibilityManager                                          :        1 samples, Peak.  24.8 us (1.0x), Avg.  24.8 us, Total. 24.79 us (0.0%)
[Performance] Tooltip.Tick                                                                                                         :      734 samples, Peak.  4.25 us (24.4x), Avg.   174 ns, Total. 127.8 us (0.0%)
[Performance] Application.RequestRepaintForPanels                                                                                  :   355192 samples, Peak.   232 us (508.8x), Avg.   456 ns, Total. 162.0 ms (0.4%)
[Performance] Application.UpdateScene                                                                                              :   355192 samples, Peak.  85.4 ms (17387.0x), Avg.  4.91 us, Total. 1.744 s (4.0%)
[Performance] PackageImporter.Tick                                                                                                 :      185 samples, Peak.  2.21 us (7.3x), Avg.   301 ns, Total. 55.67 us (0.0%)
[Performance] InspectorBackground.Tick                                                                                             :      247 samples, Peak.   458 ns (4.3x), Avg.   107 ns, Total. 26.54 us (0.0%)
[Performance] BurstDebug.Tick                                                                                                      :       75 samples, Peak.  2.42 us (5.5x), Avg.   438 ns, Total. 32.88 us (0.0%)
[Performance] Application.ChangeLayoutIfNeeded                                                                                     :   355192 samples, Peak.  12.8 us (312.4x), Avg.  40.8 ns, Total. 14.50 ms (0.0%)
[Performance] AsyncReadManager.ForceCloseFiles                                                                                     :       38 samples, Peak.  88.5 us (15.3x), Avg.  5.79 us, Total. 220.2 us (0.0%)
[Performance] Application.Message                                                                                                  :   355192 samples, Peak.  17.3 us (300.1x), Avg.  57.8 ns, Total. 20.51 ms (0.0%)
[Performance] Application.ExitPlayMode                                                                                             :        1 samples, Peak.  26.0 ms (1.0x), Avg.  26.0 ms, Total. 26.05 ms (0.1%)
[Performance] CoreBusinessMetrics.Tick                                                                                             :        1 samples, Peak.  46.5 us (1.0x), Avg.  46.5 us, Total. 46.46 us (0.0%)
[Performance] GI.Tick                                                                                                              :        1 samples, Peak.   495 us (1.0x), Avg.   495 us, Total. 494.9 us (0.0%)
[Performance] UnitySynchronization.ExecuteTasks                                                                                    :        1 samples, Peak.  2.58 us (1.0x), Avg.  2.58 us, Total. 2.583 us (0.0%)
[Performance] Application.TickPreloadManager                                                                                       :        1 samples, Peak.  2.75 us (1.0x), Avg.  2.75 us, Total. 2.750 us (0.0%)
[Performance] Application.Shutdown.SaveDefaultWindowPreferences                                                                    :        1 samples, Peak.  34.7 us (1.0x), Avg.  34.7 us, Total. 34.75 us (0.0%)
[Performance] Application.Shutdown.SaveSceneManagerSetup                                                                           :        1 samples, Peak.   176 us (1.0x), Avg.   176 us, Total. 176.0 us (0.0%)
[Performance] Application.Shutdown.CleanupAllContainerWindows                                                                      :        1 samples, Peak.   250 ns (1.0x), Avg.   250 ns, Total. 250.0 ns (0.0%)
[Performance] EditorApplication.quitting: UnityTcp.Editor.Native.NativeDllLoader.OnEditorQuitting                                  :        1 samples, Peak.   126 us (1.0x), Avg.   126 us, Total. 126.2 us (0.0%)
[Performance] EditorApplication.quitting: UnityTcp.Editor.Tools.ManageWindowBridge.OnEditorQuitting                                :        1 samples, Peak.   160 us (1.0x), Avg.   160 us, Total. 159.8 us (0.0%)
[Performance] EditorApplication.quitting: UnityTcp.Editor.Tools.ManageScreenshot.CleanupRecordingBeforeDomainExit                  :        1 samples, Peak.  13.7 us (1.0x), Avg.  13.7 us, Total. 13.71 us (0.0%)
[Performance] EditorApplication.quitting: Cn.Tuanjie.Codely.Editor.CodelyWindow.OnEditorQuitting                                   :        1 samples, Peak.   396 us (1.0x), Avg.   396 us, Total. 396.0 us (0.0%)
[Performance] EditorApplication.quitting: callback in UnityEditor.TextCore.Text.EditorEventCallbacks                               :        1 samples, Peak.  2.43 ms (1.0x), Avg.  2.43 ms, Total. 2.426 ms (0.0%)
[Performance] Killing ADB server                                                                                                   :        1 samples, Peak.  39.0 ms (1.0x), Avg.  39.0 ms, Total. 39.00 ms (0.1%)
[Performance] Application.Shutdown.PauseProfilerSession                                                                            :        1 samples, Peak.  19.9 us (1.0x), Avg.  19.9 us, Total. 19.87 us (0.0%)
[Performance] Application.Shutdown.PauseAssetImportWorkers                                                                         :        1 samples, Peak.   213 us (1.0x), Avg.   213 us, Total. 213.3 us (0.0%)
[Performance] Application.Shutdown.SaveAssets                                                                                      :        1 samples, Peak.  3.62 ms (1.0x), Avg.  3.62 ms, Total. 3.616 ms (0.0%)
[Performance] BuilderAssetModificationProcessor.OnWillSaveAssets                                                                   :        1 samples, Peak.   332 us (1.0x), Avg.   332 us, Total. 331.8 us (0.0%)
[Performance] TerrainModificationProcessor.OnWillSaveAssets                                                                        :        1 samples, Peak.   404 us (1.0x), Avg.   404 us, Total. 404.3 us (0.0%)
[Performance] Application.Shutdown.CleanupRenderPipeline                                                                           :        1 samples, Peak.  4.83 us (1.0x), Avg.  4.83 us, Total. 4.834 us (0.0%)
[Performance] Application.Shutdown.StopPreloadManager                                                                              :        1 samples, Peak.  11.0 ms (1.0x), Avg.  11.0 ms, Total. 11.04 ms (0.0%)
[Performance] Application.Shutdown.DestroyWorld                                                                                    :        1 samples, Peak.  1.01 ms (1.0x), Avg.  1.01 ms, Total. 1.011 ms (0.0%)
[Performance] Application.Shutdown.CleanupAfterLoad                                                                                :        1 samples, Peak.  2.39 ms (1.0x), Avg.  2.39 ms, Total. 2.391 ms (0.0%)
[Performance] Application.Shutdown.Progress                                                                                        :        1 samples, Peak.  6.96 us (1.0x), Avg.  6.96 us, Total. 6.958 us (0.0%)
[Performance] Application.Shutdown.GICleanupManagers                                                                               :        1 samples, Peak.   526 us (1.0x), Avg.   526 us, Total. 526.5 us (0.0%)
[Performance] Application.Shutdown.MenuCleanupClass                                                                                :        1 samples, Peak.  72.5 us (1.0x), Avg.  72.5 us, Total. 72.46 us (0.0%)
[Performance] Application.Shutdown.ADBSaveStateBeforeShutdown                                                                      :        1 samples, Peak.  6.58 us (1.0x), Avg.  6.58 us, Total. 6.583 us (0.0%)
[Performance] Application.Shutdown.RemoteShutdown                                                                                  :        1 samples, Peak.   625 ns (1.0x), Avg.   625 ns, Total. 625.0 ns (0.0%)
[Performance] Application.Shutdown.CleanupVCProvider                                                                               :        1 samples, Peak.  5.58 us (1.0x), Avg.  5.58 us, Total. 5.583 us (0.0%)
[Performance] Application.Shutdown.InputShutdown                                                                                   :        1 samples, Peak.   191 us (1.0x), Avg.   191 us, Total. 191.5 us (0.0%)
[Performance] Application.Shutdown.GizmoManagerDestroy                                                                             :        1 samples, Peak.   445 us (1.0x), Avg.   445 us, Total. 444.7 us (0.0%)
[Performance] Application.Shutdown.ProfilerSession                                                                                 :        1 samples, Peak.  94.3 us (1.0x), Avg.  94.3 us, Total. 94.25 us (0.0%)
[Performance] Application.Shutdown.ReleaseGfxWindowOnAllGUIViews                                                                   :        1 samples, Peak.  1.63 us (1.0x), Avg.  1.63 us, Total. 1.625 us (0.0%)
[Performance] Application.Shutdown.CleanupEngine                                                                                   :        1 samples, Peak.   128 ms (1.0x), Avg.   128 ms, Total. 128.4 ms (0.3%)
[Performance] Application.Shutdown.CleanupAssetDatabase                                                                            :        1 samples, Peak.  1.67 ms (1.0x), Avg.  1.67 ms, Total. 1.668 ms (0.0%)
[Performance] Application.Shutdown.ScriptCompilationCleanUp                                                                        :        1 samples, Peak.  11.5 us (1.0x), Avg.  11.5 us, Total. 11.46 us (0.0%)
[Performance] Application.Shutdown.DestroyJobSystem                                                                                :        1 samples, Peak.   259 us (1.0x), Avg.   259 us, Total. 259.4 us (0.0%)
[Performance] Application.Shutdown.CleanupPersistentManager                                                                        :        1 samples, Peak.   792 us (1.0x), Avg.   792 us, Total. 791.7 us (0.0%)
[Performance] Application.Shutdown.CleanupAsyncReadManager                                                                         :        1 samples, Peak.  68.8 us (1.0x), Avg.  68.8 us, Total. 68.83 us (0.0%)
[Performance] Application.Shutdown.CleanupMono                                                                                     :        1 samples, Peak.  26.3 ms (1.0x), Avg.  26.3 ms, Total. 26.35 ms (0.1%)
[Performance] Application.Shutdown.CleanupStdConverters                                                                            :        1 samples, Peak.  6.96 us (1.0x), Avg.  6.96 us, Total. 6.958 us (0.0%)
[Performance] Application.Shutdown.UnloadAllPlatformSupportModuleNativeDlls                                                        :        1 samples, Peak.   417 ns (1.0x), Avg.   417 ns, Total. 417.0 ns (0.0%)
[Performance] Application.Shutdown.UnloadAllPlatformSupportNativeLibraries                                                         :        1 samples, Peak.   167 ns (1.0x), Avg.   167 ns, Total. 167.0 ns (0.0%)
[Performance] Application.Shutdown.CleanupAutoDocumentation                                                                        :        1 samples, Peak.   120 us (1.0x), Avg.   120 us, Total. 120.5 us (0.0%)
[Performance] Application.Shutdown.ShaderNameManagerDestroy                                                                        :        1 samples, Peak.  21.2 us (1.0x), Avg.  21.2 us, Total. 21.21 us (0.0%)
[Performance] Application.Shutdown.CleanupCacheServer                                                                              :        1 samples, Peak.   208 ns (1.0x), Avg.   208 ns, Total. 208.0 ns (0.0%)
[Performance] Application.Shutdown.Virtualization_Shutdown                                                                         :        1 samples, Peak.   125 ns (1.0x), Avg.   125 ns, Total. 125.0 ns (0.0%)
[Performance] Application.Shutdown.DevConnections                                                                                  :        1 samples, Peak.  56.1 us (1.0x), Avg.  56.1 us, Total. 56.13 us (0.0%)
[Package Manager] Server::Kill -- Server was shutdown
Checking for leaked weakptr:
  Found no leaked weakptrs.
Memory Statistics:
[ALLOC_TEMP_TLS] TLS Allocator
  StackAllocators : 
    [ALLOC_TEMP_CurlRequest]
      Initial Block Size 64.0 KB
      Current Block Size 64.0 KB
      Peak Allocated Bytes 0 B
      Overflow Count 0
    [ALLOC_TEMP_MAIN]
      Peak usage frame count: [4.0 KB-8.0 KB]: 2911 frames, [8.0 KB-16.0 KB]: 3 frames, [16.0 KB-32.0 KB]: 1 frames, [32.0 KB-64.0 KB]: 1 frames, [128.0 KB-256.0 KB]: 1 frames, [256.0 KB-0.5 MB]: 2 frames, [4.0 MB-8.0 MB]: 4 frames, [8.0 MB-16.0 MB]: 1 frames
      Initial Block Size 16.0 MB
      Current Block Size 16.0 MB
      Peak Allocated Bytes 13.3 MB
      Overflow Count 0
    [ALLOC_TEMP_Background Job.Worker 8]
      Initial Block Size 32.0 KB
      Current Block Size 32.0 KB
      Peak Allocated Bytes 0 B
      Overflow Count 0
    [ALLOC_TEMP_Job.Worker 4]
      Initial Block Size 256.0 KB
      Current Block Size 256.0 KB
      Peak Allocated Bytes 20.7 KB
      Overflow Count 1
    [ALLOC_TEMP_BakingJobs.Worker 5]
      Initial Block Size 256.0 KB
      Current Block Size 256.0 KB
      Peak Allocated Bytes 0 B
      Overflow Count 0
    [ALLOC_TEMP_Background Job.Worker 11]
      Initial Block Size 32.0 KB
      Current Block Size 32.0 KB
      Peak Allocated Bytes 0 B
      Overflow Count 0
    [ALLOC_TEMP_Background Job.Worker 3]
      Initial Block Size 32.0 KB
      Current Block Size 32.0 KB
      Peak Allocated Bytes 0 B
      Overflow Count 0
    [ALLOC_TEMP_BatchDeleteObjects]
      Initial Block Size 64.0 KB
      Current Block Size 64.0 KB
      Peak Allocated Bytes 0 B
      Overflow Count 0
    [ALLOC_TEMP_CoreBusinessMetricsCache]
      Initial Block Size 64.0 KB
      Current Block Size 64.0 KB
      Peak Allocated Bytes 7.9 KB
      Overflow Count 0
    [ALLOC_TEMP_REST Message Handler]
      Initial Block Size 64.0 KB
      Current Block Size 64.0 KB
      Peak Allocated Bytes 0 B
      Overflow Count 0
    [ALLOC_TEMP_AssetDatabase.IOService]
      Initial Block Size 64.0 KB
      Current Block Size 64.0 KB
      Peak Allocated Bytes 0 B
      Overflow Count 0
    [ALLOC_TEMP_Background Job.Worker 2]
      Initial Block Size 32.0 KB
      Current Block Size 32.0 KB
      Peak Allocated Bytes 141 B
      Overflow Count 0
    [ALLOC_TEMP_Loading.PreloadManager] x 3
      Initial Block Size 32.0 MB
      Current Block Size 32.0 MB
      Peak Allocated Bytes 1.4 MB
      Overflow Count 0
    [ALLOC_TEMP_Profiler.Dispatcher]
      Initial Block Size 64.0 KB
      Current Block Size 64.0 KB
      Peak Allocated Bytes 0 B
      Overflow Count 0
    [ALLOC_TEMP_Job.Worker 3]
      Initial Block Size 256.0 KB
      Current Block Size 0.8 MB
      Peak Allocated Bytes 0.8 MB
      Overflow Count 0
    [ALLOC_TEMP_BakingJobs.Worker 7]
      Initial Block Size 256.0 KB
      Current Block Size 256.0 KB
      Peak Allocated Bytes 0 B
      Overflow Count 0
    [ALLOC_TEMP_Background Job.Worker 5]
      Initial Block Size 32.0 KB
      Current Block Size 32.0 KB
      Peak Allocated Bytes 0 B
      Overflow Count 0
    [ALLOC_TEMP_CurlRequest]
      Initial Block Size 64.0 KB
      Current Block Size 64.0 KB
      Peak Allocated Bytes 0 B
      Overflow Count 0
    [ALLOC_TEMP_Background Job.Worker 13]
      Initial Block Size 32.0 KB
      Current Block Size 32.0 KB
      Peak Allocated Bytes 0 B
      Overflow Count 0
    [ALLOC_TEMP_Job.Worker 2]
      Initial Block Size 256.0 KB
      Current Block Size 256.0 KB
      Peak Allocated Bytes 24.0 KB
      Overflow Count 1
    [ALLOC_TEMP_BakingJobs.Worker 6]
      Initial Block Size 256.0 KB
      Current Block Size 256.0 KB
      Peak Allocated Bytes 0 B
      Overflow Count 0
    [ALLOC_TEMP_Job.Worker 0]
      Initial Block Size 256.0 KB
      Current Block Size 256.0 KB
      Peak Allocated Bytes 18.2 KB
      Overflow Count 0
    [ALLOC_TEMP_Job.Worker 5]
      Initial Block Size 256.0 KB
      Current Block Size 256.0 KB
      Peak Allocated Bytes 20.2 KB
      Overflow Count 1
    [ALLOC_TEMP_ReadCacheIndex] x 3
      Initial Block Size 64.0 KB
      Current Block Size 64.0 KB
      Peak Allocated Bytes 1.0 KB
      Overflow Count 0
    [ALLOC_TEMP_Job.Worker 6]
      Initial Block Size 256.0 KB
      Current Block Size 0.8 MB
      Peak Allocated Bytes 0.8 MB
      Overflow Count 0
    [ALLOC_TEMP_BakingJobs.Worker 8]
      Initial Block Size 256.0 KB
      Current Block Size 256.0 KB
      Peak Allocated Bytes 0 B
      Overflow Count 0
    [ALLOC_TEMP_Background Job.Worker 9]
      Initial Block Size 32.0 KB
      Current Block Size 32.0 KB
      Peak Allocated Bytes 0 B
      Overflow Count 0
    [ALLOC_TEMP_BakingJobs.Worker 1]
      Initial Block Size 256.0 KB
      Current Block Size 256.0 KB
      Peak Allocated Bytes 340 B
      Overflow Count 0
    [ALLOC_TEMP_Loading.AsyncRead]
      Initial Block Size 64.0 KB
      Current Block Size 64.0 KB
      Peak Allocated Bytes 236 B
      Overflow Count 0
    [ALLOC_TEMP_Background Job.Worker 10]
      Initial Block Size 32.0 KB
      Current Block Size 32.0 KB
      Peak Allocated Bytes 0 B
      Overflow Count 0
    [ALLOC_TEMP_Background Job.Worker 6]
      Initial Block Size 32.0 KB
      Current Block Size 32.0 KB
      Peak Allocated Bytes 0 B
      Overflow Count 0
    [ALLOC_TEMP_BakingJobs.Worker 9]
      Initial Block Size 256.0 KB
      Current Block Size 256.0 KB
      Peak Allocated Bytes 0 B
      Overflow Count 0
    [ALLOC_TEMP_Background Job.Worker 1]
      Initial Block Size 32.0 KB
      Current Block Size 32.0 KB
      Peak Allocated Bytes 15.2 KB
      Overflow Count 0
    [ALLOC_TEMP_OSX HID Input]
      Initial Block Size 64.0 KB
      Current Block Size 64.0 KB
      Peak Allocated Bytes 0 B
      Overflow Count 0
    [ALLOC_TEMP_BakingJobs.Worker 2]
      Initial Block Size 256.0 KB
      Current Block Size 256.0 KB
      Peak Allocated Bytes 0 B
      Overflow Count 0
    [ALLOC_TEMP_Background Job.Worker 7]
      Initial Block Size 32.0 KB
      Current Block Size 32.0 KB
      Peak Allocated Bytes 0 B
      Overflow Count 0
    [ALLOC_TEMP_Job.Worker 8]
      Initial Block Size 256.0 KB
      Current Block Size 0.8 MB
      Peak Allocated Bytes 0.8 MB
      Overflow Count 0
    [ALLOC_TEMP_Job.Worker 1]
      Initial Block Size 256.0 KB
      Current Block Size 0.8 MB
      Peak Allocated Bytes 0.8 MB
      Overflow Count 0
    [ALLOC_TEMP_BakingJobs.Worker 0]
      Initial Block Size 256.0 KB
      Current Block Size 256.0 KB
      Peak Allocated Bytes 0 B
      Overflow Count 0
    [ALLOC_TEMP_BakingJobs.Worker 3]
      Initial Block Size 256.0 KB
      Current Block Size 256.0 KB
      Peak Allocated Bytes 0 B
      Overflow Count 0
    [ALLOC_TEMP_EditorTaskManager]
      Initial Block Size 64.0 KB
      Current Block Size 80.0 KB
      Peak Allocated Bytes 64.0 KB
      Overflow Count 0
    [ALLOC_TEMP_Background Job.Worker 15]
      Initial Block Size 32.0 KB
      Current Block Size 32.0 KB
      Peak Allocated Bytes 0 B
      Overflow Count 0
    [ALLOC_TEMP_BakingJobs.Worker 4]
      Initial Block Size 256.0 KB
      Current Block Size 256.0 KB
      Peak Allocated Bytes 0 B
      Overflow Count 0
    [ALLOC_TEMP_Background Job.Worker 12]
      Initial Block Size 32.0 KB
      Current Block Size 32.0 KB
      Peak Allocated Bytes 0 B
      Overflow Count 0
    [ALLOC_TEMP_HTTP REST Server]
      Initial Block Size 64.0 KB
      Current Block Size 64.0 KB
      Peak Allocated Bytes 0 B
      Overflow Count 0
    [ALLOC_TEMP_AssetGarbageCollectorHelper] x 9
      Initial Block Size 64.0 KB
      Current Block Size 64.0 KB
      Peak Allocated Bytes 0 B
      Overflow Count 0
    [ALLOC_TEMP_Background Job.Worker 0]
      Initial Block Size 32.0 KB
      Current Block Size 32.0 KB
      Peak Allocated Bytes 0 B
      Overflow Count 0
    [ALLOC_TEMP_AUDIO_Audio Mixer Thread]
      Initial Block Size 64.0 KB
      Current Block Size 64.0 KB
      Peak Allocated Bytes 0 B
      Overflow Count 0
    [ALLOC_TEMP_Background Job.Worker 4]
      Initial Block Size 32.0 KB
      Current Block Size 32.0 KB
      Peak Allocated Bytes 0 B
      Overflow Count 0
    [ALLOC_TEMP_Background Job.Worker 14]
      Initial Block Size 32.0 KB
      Current Block Size 32.0 KB
      Peak Allocated Bytes 0 B
      Overflow Count 0
    [ALLOC_TEMP_Job.Worker 7]
      Initial Block Size 256.0 KB
      Current Block Size 256.0 KB
      Peak Allocated Bytes 24.0 KB
      Overflow Count 1
    [ALLOC_TEMP_CloudJob.Worker 0]
      Initial Block Size 32.0 KB
      Current Block Size 32.0 KB
      Peak Allocated Bytes 5.0 KB
      Overflow Count 0
[ALLOC_MEMORYPROFILER]
  Peak usage frame count: [128.0 KB-256.0 KB]: 2922 frames, [256.0 KB-0.5 MB]: 2 frames
  Requested Block Size 1.0 MB
  Peak Block count 1
  Peak Allocated memory 356.8 KB
  Peak Large allocation bytes 0 B
[ALLOC_DEFAULT] Dual Thread Allocator
  Peak main deferred allocation count 1439
    [ALLOC_BUCKET]
      Large Block size 32.0 MB
      Used Block count 1
      Peak Allocated bytes 5.5 MB
    [ALLOC_DEFAULT_MAIN]
      Peak usage frame count: [32.0 MB-64.0 MB]: 2924 frames
      Requested Block Size 16.0 MB
      Peak Block count 4
      Peak Allocated memory 52.5 MB
      Peak Large allocation bytes 0 B
    [ALLOC_DEFAULT_THREAD]
      Peak usage frame count: [4.0 MB-8.0 MB]: 2924 frames
      Requested Block Size 16.0 MB
      Peak Block count 1
      Peak Allocated memory 5.1 MB
      Peak Large allocation bytes 0 B
[ALLOC_TEMP_JOB_1_FRAME]
  Initial Block Size 2.0 MB
  Used Block Count 0
  Overflow Count (too large) 0
  Overflow Count (full) 0
[ALLOC_TEMP_JOB_2_FRAMES]
  Initial Block Size 2.0 MB
  Used Block Count 0
  Overflow Count (too large) 0
  Overflow Count (full) 0
[ALLOC_TEMP_JOB_4_FRAMES (JobTemp)]
  Initial Block Size 2.0 MB
  Used Block Count 1
  Overflow Count (too large) 0
  Overflow Count (full) 0
[ALLOC_TEMP_JOB_ASYNC (Background)]
  Initial Block Size 1.0 MB
  Used Block Count 1
  Overflow Count (too large) 0
  Overflow Count (full) 0
[ALLOC_GFX] Dual Thread Allocator
  Peak main deferred allocation count 74
    [ALLOC_BUCKET]
      Large Block size 32.0 MB
      Used Block count 1
      Peak Allocated bytes 5.5 MB
    [ALLOC_GFX_MAIN]
      Peak usage frame count: [4.0 MB-8.0 MB]: 2920 frames, [8.0 MB-16.0 MB]: 4 frames
      Requested Block Size 16.0 MB
      Peak Block count 1
      Peak Allocated memory 13.7 MB
      Peak Large allocation bytes 0 B
    [ALLOC_GFX_THREAD]
      Peak usage frame count: [0-1.0 KB]: 798 frames, [2.0 KB-4.0 KB]: 736 frames, [8.0 KB-16.0 KB]: 1388 frames, [64.0 KB-128.0 KB]: 2 frames
      Requested Block Size 16.0 MB
      Peak Block count 1
      Peak Allocated memory 93.9 KB
      Peak Large allocation bytes 0 B
[ALLOC_CACHEOBJECTS] Dual Thread Allocator
  Peak main deferred allocation count 197
    [ALLOC_BUCKET]
      Large Block size 32.0 MB
      Used Block count 1
      Peak Allocated bytes 5.5 MB
    [ALLOC_CACHEOBJECTS_MAIN]
      Peak usage frame count: [8.0 MB-16.0 MB]: 2923 frames, [32.0 MB-64.0 MB]: 1 frames
      Requested Block Size 4.0 MB
      Peak Block count 6
      Peak Allocated memory 52.4 MB
      Peak Large allocation bytes 33.9 MB
    [ALLOC_CACHEOBJECTS_THREAD]
      Peak usage frame count: [4.0 KB-8.0 KB]: 2186 frames, [0.5 MB-1.0 MB]: 1 frames, [1.0 MB-2.0 MB]: 735 frames, [2.0 MB-4.0 MB]: 2 frames
      Requested Block Size 4.0 MB
      Peak Block count 1
      Peak Allocated memory 3.1 MB
      Peak Large allocation bytes 0 B
[ALLOC_TYPETREE] Dual Thread Allocator
  Peak main deferred allocation count 542
    [ALLOC_BUCKET]
      Large Block size 32.0 MB
      Used Block count 1
      Peak Allocated bytes 5.5 MB
    [ALLOC_TYPETREE_MAIN]
      Peak usage frame count: [128.0 KB-256.0 KB]: 1 frames, [0.5 MB-1.0 MB]: 2922 frames, [2.0 MB-4.0 MB]: 1 frames
      Requested Block Size 2.0 MB
      Peak Block count 2
      Peak Allocated memory 2.5 MB
      Peak Large allocation bytes 0 B
    [ALLOC_TYPETREE_THREAD]
      Peak usage frame count: [32.0 KB-64.0 KB]: 2923 frames, [64.0 KB-128.0 KB]: 1 frames
      Requested Block Size 2.0 MB
      Peak Block count 1
      Peak Allocated memory 90.3 KB
      Peak Large allocation bytes 0 B
[ALLOC_PROFILER]
  Peak usage frame count: [256.0 KB-0.5 MB]: 2924 frames
  Requested Block Size 16.0 MB
  Peak Block count 1
  Peak Allocated memory 448.3 KB
  Peak Large allocation bytes 0 B
    [ALLOC_PROFILER_BUCKET]
      Large Block size 32.0 MB
      Used Block count 1
      Peak Allocated bytes 4.3 KB
[ALLOC_PROFILER_EDITOR]
  Peak usage frame count: [0-1.0 KB]: 2924 frames
  Requested Block Size 1.0 MB
  Peak Block count 0
  Peak Allocated memory 0 B
  Peak Large allocation bytes 0 B
    [ALLOC_PROFILER_BUCKET]
      Large Block size 32.0 MB
      Used Block count 1
      Peak Allocated bytes 4.3 KB
##utp:{"type":"MemoryLeaks","version":2,"phase":"Immediate","time":1791250908704,"processId":68845,"allocatedMemory":11655749,"memoryLabels":[{"Default":20391},{"Permanent":15696},{"Thread":1083692},{"Manager":30554},{"VertexData":12},{"Geometry":280},{"Texture":1208},{"Shader":68824},{"Material":24},{"GfxDevice":38776},{"Animation":312},{"Audio":323988},{"FMODOther":3088},{"FontEngine":328},{"Physics":513},{"Serialization":676},{"Input":9032},{"JobScheduler":41152},{"Mono":40},{"ScriptingNativeRuntime":193824},{"BaseObject":1627372},{"Resource":1000},{"Renderer":2320},{"Transform":48},{"File":6888},{"WebCam":40},{"Culling":40},{"Skinning":24},{"Terrain":1025},{"Wind":24},{"String":23507},{"DynamicArray":57288},{"HashMap":113834},{"Utility":2660354},{"Curl":2047},{"PoolAlloc":1496},{"AI":72},{"TypeTree":5061},{"ScriptManager":640},{"RuntimeInitializeOnLoadManager":80},{"SpriteAtlas":128},{"GI":2600},{"Director":7880},{"CloudService":3376},{"WebRequest":816},{"VR":45709},{"SceneManager":576},{"Video":1096},{"LazyScriptCache":40},{"NativeArray":12},{"Camera":25},{"Secure":9945},{"SerializationCache":1576},{"APIUpdating":11856},{"Subsystems":392},{"VirtualTexturing":57512},{"StaticSafetyDebugInfo":327680},{"Baselib":16},{"EditorGui":80},{"EditorUtility":18295},{"VersionControl":4},{"Undo":720},{"AssetDatabase":4777817},{"RestService":1310},{"EditorGi":376},{"License":3712},{"UnityConnect":25520},{"Collab":641},{"Upm":1920},{"DrivenProperties":96},{"LocalIPC":226},{"ProfilerEditor":10975},{"CoreBusinessMetrics":3741},{"TLS":3431},{"AssetReference":40},{"IPCStream":40}]}
