Tuanjie Editor version:  2022.3.61t14 (3a70663b70e0)
Branch:                  tuanjie/1.6/staging
Build type:              Release
Batch mode:              YES
macOS version:           Version 27.2 (Build 26B5091g)
Darwin version:          27.2.0
Architecture:            arm64
Running under Rosetta:   NO
Available memory:        16384 MB
[Licensing::Module] Trying to connect to existing licensing client channel...
[Licensing::IpcConnector] Successfully connected to the License Client on channel: "LicenseClient-qinziqian" at "2026-10-06T01:39:24.873093Z"
[Licensing::Client] Error: Code 10 while verifying Licensing Client signature (process Id: 67573, path: "/Applications/Tuanjie Hub.app/Contents/Frameworks/TuanjieLicensingClient_V1.app/Contents/MacOS/Tuanjie.Licensing.Client")
[Licensing::Module] Error: LicensingClient has failed validation; ignoring
[Licensing::Client] Successfully send message: {"messageType":"HandshakeRequest","protocolVersion":"1.12","userAgent":"TuanjieEditor/2022.3.61t14 (Macintosh; U; Intel Mac OS X 27.2; zh-Hans-CN)","externalCorrelationId":"1289355347280111767"} at 1791250765
[Licensing::Client] Successfully receive message: {"protocolVersion":"1.12","sessionId":"6751da4f1f774c84ad23ec5dbb9223d2","context":{"DeviceName":"Link's MBP","DeviceModel":"Mac17,2","PhysicalMemoryMB":"16384","SystemLanguageISO":"zh-Hans-CN","ProcessorCount":"10","ProcessorType":"Apple M5","OperatingSystem":"Mac OS X 27.2.0","OperatingSystemNumeric":"270200","Legacy.MachineBinding1":"A12EBA94-6CAE-536D-8639-8B28F22AAE12","Legacy.MachineBinding2":"HWF12RQ93K","Legacy.MachineBinding4":null,"Legacy.MachineBinding5":"5c:9b:a6:84:6a:ac","EnvironmentUser":"qinziqian","EnvironmentDomain":"Links-MBP","EnvironmentHostname":"Links-MBP"},"assemblyProductVersion":"1.14.0+af049b8","machineId":"2qJXSmjy+8qC9zvVypdceXsI7UU=","correlationId":"cb78ddcf1487231aa3b090df3e4700f6","responseCode":200,"responseStatus":"Handshake successful","messageType":"HandshakeResponse"} at 1791250765
[Licensing::Client] Handshaking with LicensingClient:
  Version:                 1.14.0+af049b8
  Session Id:              6751da4f1f774c84ad23ec5dbb9223d2
  Correlation Id:          cb78ddcf1487231aa3b090df3e4700f6
  External correlation Id: 1289355347280111767
  Machine Id:              2qJXSmjy+8qC9zvVypdceXsI7UU=
[Licensing::Module] Successfully connected to LicensingClient on channel: "LicenseClient-qinziqian" (connect: 0.00s, validation: 0.01s, handshake: 0.39s)
[Licensing::IpcConnector] Successfully connected to the License Notification on channel: "LicenseClient-qinziqian-notifications" at "2026-10-06T01:39:25.27111Z"
[Licensing::Module] Error: Access token is unavailable; failed to update
[Licensing::Client] Successfully send message: {"messageType":"UpdateLicenseRequest","AccessToken":"","OrgId":"","ProjectId":"","forceUpdateLicense":true} at 1791250765
[Licensing::Client] Successfully receive message: {"responseCode":200,"responseStatus":"Licenses updated.","messageType":"UpdateLicenseResponse"} at 1791250765
[Licensing::Client] Successfully updated license
[Licensing::Client] Successfully send message: {"messageType":"EntitlementDetailsRequest","entitlementIds":["com.unity.editor.legacy.pro","com.unity.editor.headless"],"packageEntitlementIds":[],"includeCustomData":false} at 1791250765
[Licensing::Client] Successfully receive message: {"entitlementGroups":[{"entitlementGroupId":"F4-W5GR-B6V2-Y5WE-WRK9-GR7N","entitlementGroupIdHash":"8d58bf4deb18ac7618b28a8936c405932a8efcb2","productName":"Unity Personal","productType":"TuanjieEditor","licenseType":"ULF","expiration":1791513565000,"matchedEntitlements":[{"entitlementId":"com.unity.editor.headless","isPackage":false,"count":1}]}],"responseCode":200,"responseStatus":"Found 1 entitlement groups and 0 free entitlements matching requested entitlement ids","messageType":"EntitlementDetailsResponse"} at 1791250765
[Licensing::Client] Successfully resolved entitlement details
[Licensing::Module] Serial number assigned to: "F4-W5GR-B6V2-Y5WE-WRK9-XXXX"
Pro License: NO
[Licensing::Client] Successfully send message: {"messageType":"EntitlementDetailsRequest","entitlementIds":["com.unity.editor.headless","com.unity.editor.ui"],"packageEntitlementIds":[],"includeCustomData":false} at 1791250765
[Licensing::Client] Successfully receive message: {"entitlementGroups":[{"entitlementGroupId":"F4-W5GR-B6V2-Y5WE-WRK9-GR7N","entitlementGroupIdHash":"8d58bf4deb18ac7618b28a8936c405932a8efcb2","productName":"Unity Personal","productType":"TuanjieEditor","licenseType":"ULF","expiration":1791513565000,"matchedEntitlements":[{"entitlementId":"com.unity.editor.ui","isPackage":false,"count":1},{"entitlementId":"com.unity.editor.headless","isPackage":false,"count":1}]}],"responseCode":200,"responseStatus":"Found 1 entitlement groups and 0 free entitlements matching requested entitlement ids","messageType":"EntitlementDetailsResponse"} at 1791250765
[Licensing::Client] Successfully resolved entitlement details
Launching external process: /Applications/Tuanjie/Hub/Editor/2022.3.61t14/Tuanjie.app/Contents/Resources/PackageManager/Server/TuanjiePackageManager

COMMAND LINE ARGUMENTS:
/Applications/Tuanjie/Hub/Editor/2022.3.61t14/Tuanjie.app/Contents/MacOS/Tuanjie
-batchmode
-projectPath
/private/var/folders/19/jlz3f3_12q1d22xb7lhnbk700000gp/T/palmbay-netplay.CKsvBS/client
-executeMethod
NetPlaytest.RunClientMeal
-logFile
/Users/qinziqian/Documents/overcooked-like/game/Evidence/net-client-session3.log
Successfully changed project path to: /private/var/folders/19/jlz3f3_12q1d22xb7lhnbk700000gp/T/palmbay-netplay.CKsvBS/client
/private/var/folders/19/jlz3f3_12q1d22xb7lhnbk700000gp/T/palmbay-netplay.CKsvBS/client
[Memory] Configuration Parameters - Can be set up in boot.config
    "memorysetup-bucket-allocator-granularity=16"
    "memorysetup-bucket-allocator-bucket-count=8"
    "memorysetup-bucket-allocator-block-size=33554432"
    "memorysetup-bucket-allocator-block-count=8"
    "memorysetup-main-allocator-block-size=16777216"
    "memorysetup-thread-allocator-block-size=16777216"
    "memorysetup-gfx-main-allocator-block-size=16777216"
    "memorysetup-gfx-thread-allocator-block-size=16777216"
    "memorysetup-cache-allocator-block-size=4194304"
    "memorysetup-typetree-allocator-block-size=2097152"
    "memorysetup-profiler-bucket-allocator-granularity=16"
    "memorysetup-profiler-bucket-allocator-bucket-count=8"
    "memorysetup-profiler-bucket-allocator-block-size=33554432"
    "memorysetup-profiler-bucket-allocator-block-count=8"
    "memorysetup-profiler-allocator-block-size=16777216"
    "memorysetup-profiler-editor-allocator-block-size=1048576"
    "memorysetup-temp-allocator-size-main=16777216"
    "memorysetup-job-temp-allocator-block-size=2097152"
    "memorysetup-job-temp-allocator-block-size-background=1048576"
    "memorysetup-job-temp-allocator-reduction-small-platforms=262144"
    "memorysetup-allocator-temp-initial-block-size-main=262144"
    "memorysetup-allocator-temp-initial-block-size-worker=262144"
    "memorysetup-temp-allocator-size-background-worker=32768"
    "memorysetup-temp-allocator-size-job-worker=262144"
    "memorysetup-temp-allocator-size-preload-manager=33554432"
    "memorysetup-temp-allocator-size-nav-mesh-worker=65536"
    "memorysetup-temp-allocator-size-audio-worker=65536"
    "memorysetup-temp-allocator-size-cloud-worker=32768"
    "memorysetup-temp-allocator-size-gi-baking-worker=262144"
    "memorysetup-temp-allocator-size-gfx=262144"
Player connection [8621359872]  Target information:

Player connection [8621359872]  * "[IP] 192.168.123.27 [Port] 55505 [Flags] 2 [Guid] 1984063642 [EditorId] 1984063642 [Version] 1048832 [Id] OSXEditor(0,Links-MBP.local) [Debug] 1 [PackageName] OSXEditor [ProjectName] Editor" 

Player connection [8621359872]  * "[IP] 192.168.200.66 [Port] 55505 [Flags] 2 [Guid] 1984063642 [EditorId] 1984063642 [Version] 1048832 [Id] OSXEditor(0,Links-MBP.local) [Debug] 1 [PackageName] OSXEditor [ProjectName] Editor" 

Player connection [8621359872] Host joined multi-casting on [225.0.0.222:54997]...
Player connection [8621359872] Host joined alternative multi-casting on [225.0.0.222:34997]...
Input System module state changed to: Initialized.
AS: AutoStreaming module initializing.
Begin write certificate to file.
Write certificate complete, return 1.
StartServer, cert is /Users/qinziqian/Library/Tuanjie/67605-rest-certificate.pem
Start HTTP server port 38001, HTTPS server port 38444.
[Package Manager] UpmClient::Connect -- Connected to IPC stream "Upm-67605" after 0.6 seconds.
[Licensing::Client] Successfully send message: {"messageType":"EntitlementDetailsRequest","entitlementIds":["com.unity.editor.last.activation.date","com.unity.editor.headless"],"packageEntitlementIds":[],"includeCustomData":false} at 1791250766
[Licensing::Client] Successfully receive message: {"entitlementGroups":[{"entitlementGroupId":"F4-W5GR-B6V2-Y5WE-WRK9-GR7N","entitlementGroupIdHash":"8d58bf4deb18ac7618b28a8936c405932a8efcb2","productName":"Unity Personal","productType":"TuanjieEditor","licenseType":"ULF","expiration":1791513565000,"matchedEntitlements":[{"entitlementId":"com.unity.editor.headless","isPackage":false,"count":1},{"entitlementId":"com.unity.editor.last.activation.date","isPackage":false,"count":1}]}],"responseCode":200,"responseStatus":"Found 1 entitlement groups and 0 free entitlements matching requested entitlement ids","messageType":"EntitlementDetailsResponse"} at 1791250766
[Licensing::Client] Successfully resolved entitlement details
[Licensing::Client] Successfully send message: {"messageType":"EntitlementDetailsRequest","entitlementIds":["com.unity.editor.disable-splash-screen","com.unity.editor.headless"],"packageEntitlementIds":[],"includeCustomData":false} at 1791250766
[Licensing::Client] Successfully receive message: {"entitlementGroups":[{"entitlementGroupId":"F4-W5GR-B6V2-Y5WE-WRK9-GR7N","entitlementGroupIdHash":"8d58bf4deb18ac7618b28a8936c405932a8efcb2","productName":"Unity Personal","productType":"TuanjieEditor","licenseType":"ULF","expiration":1791513565000,"matchedEntitlements":[{"entitlementId":"com.unity.editor.headless","isPackage":false,"count":1}]}],"responseCode":200,"responseStatus":"Found 1 entitlement groups and 0 free entitlements matching requested entitlement ids","messageType":"EntitlementDetailsResponse"} at 1791250766
[Licensing::Client] Successfully resolved entitlement details
[Licensing::Client] Successfully send message: {"messageType":"EntitlementDetailsRequest","entitlementIds":["com.unity.editor.allow-mix-usage","com.unity.editor.headless"],"packageEntitlementIds":[],"includeCustomData":false} at 1791250766
[Licensing::Client] Successfully receive message: {"entitlementGroups":[{"entitlementGroupId":"F4-W5GR-B6V2-Y5WE-WRK9-GR7N","entitlementGroupIdHash":"8d58bf4deb18ac7618b28a8936c405932a8efcb2","productName":"Unity Personal","productType":"TuanjieEditor","licenseType":"ULF","expiration":1791513565000,"matchedEntitlements":[{"entitlementId":"com.unity.editor.headless","isPackage":false,"count":1}]}],"responseCode":200,"responseStatus":"Found 1 entitlement groups and 0 free entitlements matching requested entitlement ids","messageType":"EntitlementDetailsResponse"} at 1791250766
[Licensing::Client] Successfully resolved entitlement details
[Package Manager] Restoring resolved packages state from cache
[Licensing::Client] Successfully send message: {"messageType":"EntitlementDetailsRequest","entitlementIds":[],"packageEntitlementIds":["com.unity.modules.audio","com.unity.modules.androidjni","com.unity.modules.imgui","com.unity.modules.physics","com.unity.modules.jsonserialize","com.unity.modules.screencapture","com.unity.modules.ui","cn.tuanjie.codely.bridge","com.unity.modules.imageconversion","com.unity.ugui","com.unity.modules.unitywebrequest","com.unity.ext.nunit"],"includeCustomData":false} at 1791250766
[Licensing::Client] Successfully receive message: {"freeEntitlementIds":["com.unity.modules.audio","com.unity.modules.androidjni","com.unity.modules.imgui","com.unity.modules.physics","com.unity.modules.jsonserialize","com.unity.modules.screencapture","com.unity.modules.ui","cn.tuanjie.codely.bridge","com.unity.modules.imageconversion","com.unity.ugui","com.unity.modules.unitywebrequest","com.unity.ext.nunit"],"responseCode":200,"responseStatus":"Found 0 entitlement groups and 12 free entitlements matching requested entitlement ids","messageType":"EntitlementDetailsResponse"} at 1791250766
[Licensing::Client] Successfully resolved entitlement details
[Package Manager] Registered 12 packages:
  Packages from [https://packages.tuanjie.cn]:
    com.unity.ext.nunit@1.0.6 (location: /private/var/folders/19/jlz3f3_12q1d22xb7lhnbk700000gp/T/palmbay-netplay.CKsvBS/client/Library/PackageCache/com.unity.ext.nunit@1.0.6)
  Built-in packages:
    com.unity.modules.audio@1.0.0 (location: /private/var/folders/19/jlz3f3_12q1d22xb7lhnbk700000gp/T/palmbay-netplay.CKsvBS/client/Library/PackageCache/com.unity.modules.audio@1.0.0)
    com.unity.modules.androidjni@1.0.0 (location: /private/var/folders/19/jlz3f3_12q1d22xb7lhnbk700000gp/T/palmbay-netplay.CKsvBS/client/Library/PackageCache/com.unity.modules.androidjni@1.0.0)
    com.unity.modules.imgui@1.0.0 (location: /private/var/folders/19/jlz3f3_12q1d22xb7lhnbk700000gp/T/palmbay-netplay.CKsvBS/client/Library/PackageCache/com.unity.modules.imgui@1.0.0)
    com.unity.modules.physics@1.0.0 (location: /private/var/folders/19/jlz3f3_12q1d22xb7lhnbk700000gp/T/palmbay-netplay.CKsvBS/client/Library/PackageCache/com.unity.modules.physics@1.0.0)
    com.unity.modules.jsonserialize@1.0.0 (location: /private/var/folders/19/jlz3f3_12q1d22xb7lhnbk700000gp/T/palmbay-netplay.CKsvBS/client/Library/PackageCache/com.unity.modules.jsonserialize@1.0.0)
    com.unity.modules.screencapture@1.0.0 (location: /private/var/folders/19/jlz3f3_12q1d22xb7lhnbk700000gp/T/palmbay-netplay.CKsvBS/client/Library/PackageCache/com.unity.modules.screencapture@1.0.0)
    com.unity.modules.ui@1.0.0 (location: /private/var/folders/19/jlz3f3_12q1d22xb7lhnbk700000gp/T/palmbay-netplay.CKsvBS/client/Library/PackageCache/com.unity.modules.ui@1.0.0)
    com.unity.modules.imageconversion@1.0.0 (location: /private/var/folders/19/jlz3f3_12q1d22xb7lhnbk700000gp/T/palmbay-netplay.CKsvBS/client/Library/PackageCache/com.unity.modules.imageconversion@1.0.0)
    com.unity.ugui@1.0.0 (location: /private/var/folders/19/jlz3f3_12q1d22xb7lhnbk700000gp/T/palmbay-netplay.CKsvBS/client/Library/PackageCache/com.unity.ugui@1.0.0)
    com.unity.modules.unitywebrequest@1.0.0 (location: /private/var/folders/19/jlz3f3_12q1d22xb7lhnbk700000gp/T/palmbay-netplay.CKsvBS/client/Library/PackageCache/com.unity.modules.unitywebrequest@1.0.0)
  Local packages:
    cn.tuanjie.codely.bridge@file:/private/var/folders/19/jlz3f3_12q1d22xb7lhnbk700000gp/T/palmbay-netplay.CKsvBS/client/.codely.packages/cn.tuanjie.codely.bridge@1.0.85-785dea6a (location: /private/var/folders/19/jlz3f3_12q1d22xb7lhnbk700000gp/T/palmbay-netplay.CKsvBS/client/.codely.packages/cn.tuanjie.codely.bridge@1.0.85-785dea6a)
[Subsystems] No new subsystems found in resolved package list.
Package Manager log level set to [2]
[Package Manager] Done registering packages in 0.13 seconds
[Package Manager] Done resolving packages in 0.72 seconds
[Package Manager] Registered 12 packages:
  Packages from [https://packages.tuanjie.cn]:
    com.unity.ext.nunit@1.0.6 (location: /private/var/folders/19/jlz3f3_12q1d22xb7lhnbk700000gp/T/palmbay-netplay.CKsvBS/client/Library/PackageCache/com.unity.ext.nunit@1.0.6)
  Built-in packages:
    com.unity.modules.audio@1.0.0 (location: /private/var/folders/19/jlz3f3_12q1d22xb7lhnbk700000gp/T/palmbay-netplay.CKsvBS/client/Library/PackageCache/com.unity.modules.audio@1.0.0)
    com.unity.modules.androidjni@1.0.0 (location: /private/var/folders/19/jlz3f3_12q1d22xb7lhnbk700000gp/T/palmbay-netplay.CKsvBS/client/Library/PackageCache/com.unity.modules.androidjni@1.0.0)
    com.unity.modules.imgui@1.0.0 (location: /private/var/folders/19/jlz3f3_12q1d22xb7lhnbk700000gp/T/palmbay-netplay.CKsvBS/client/Library/PackageCache/com.unity.modules.imgui@1.0.0)
    com.unity.modules.physics@1.0.0 (location: /private/var/folders/19/jlz3f3_12q1d22xb7lhnbk700000gp/T/palmbay-netplay.CKsvBS/client/Library/PackageCache/com.unity.modules.physics@1.0.0)
    com.unity.modules.jsonserialize@1.0.0 (location: /private/var/folders/19/jlz3f3_12q1d22xb7lhnbk700000gp/T/palmbay-netplay.CKsvBS/client/Library/PackageCache/com.unity.modules.jsonserialize@1.0.0)
    com.unity.modules.screencapture@1.0.0 (location: /private/var/folders/19/jlz3f3_12q1d22xb7lhnbk700000gp/T/palmbay-netplay.CKsvBS/client/Library/PackageCache/com.unity.modules.screencapture@1.0.0)
    com.unity.modules.ui@1.0.0 (location: /private/var/folders/19/jlz3f3_12q1d22xb7lhnbk700000gp/T/palmbay-netplay.CKsvBS/client/Library/PackageCache/com.unity.modules.ui@1.0.0)
    com.unity.modules.imageconversion@1.0.0 (location: /private/var/folders/19/jlz3f3_12q1d22xb7lhnbk700000gp/T/palmbay-netplay.CKsvBS/client/Library/PackageCache/com.unity.modules.imageconversion@1.0.0)
    com.unity.ugui@1.0.0 (location: /private/var/folders/19/jlz3f3_12q1d22xb7lhnbk700000gp/T/palmbay-netplay.CKsvBS/client/Library/PackageCache/com.unity.ugui@1.0.0)
    com.unity.modules.unitywebrequest@1.0.0 (location: /private/var/folders/19/jlz3f3_12q1d22xb7lhnbk700000gp/T/palmbay-netplay.CKsvBS/client/Library/PackageCache/com.unity.modules.unitywebrequest@1.0.0)
  Local packages:
    cn.tuanjie.codely.bridge@file:/private/var/folders/19/jlz3f3_12q1d22xb7lhnbk700000gp/T/palmbay-netplay.CKsvBS/client/.codely.packages/cn.tuanjie.codely.bridge@1.0.85-785dea6a (location: /private/var/folders/19/jlz3f3_12q1d22xb7lhnbk700000gp/T/palmbay-netplay.CKsvBS/client/.codely.packages/cn.tuanjie.codely.bridge@1.0.85-785dea6a)
[Subsystems] No new subsystems found in resolved package list.
[Package Manager] Done registering packages in 0.00 seconds
Refreshing native plugins compatible for Editor in 5.58 ms, found 7 plugins.
Preloading 0 native plugins for Editor in 0.00 ms.
Initialize engine version: 2022.3.61t14 (3a70663b70e0)
[Subsystems] Discovering subsystems at path /Applications/Tuanjie/Hub/Editor/2022.3.61t14/Tuanjie.app/Contents/Resources/UnitySubsystems
[Subsystems] Discovering subsystems at path /private/var/folders/19/jlz3f3_12q1d22xb7lhnbk700000gp/T/palmbay-netplay.CKsvBS/client/Assets
GfxDevice: creating device client; threaded=0; jobified=0
 preferred device: Apple M5 (high power)
Metal devices available: 1
0: Apple M5 (high power)
Using device Apple M5 (high power)
Initializing Metal device caps: Apple M5
[Licensing::Client] Successfully send message: {"messageType":"EntitlementDetailsRequest","entitlementIds":["com.unity.editor.cluster","com.unity.editor.headless"],"packageEntitlementIds":[],"includeCustomData":false} at 1791250767
[Licensing::Client] Successfully receive message: {"entitlementGroups":[{"entitlementGroupId":"F4-W5GR-B6V2-Y5WE-WRK9-GR7N","entitlementGroupIdHash":"8d58bf4deb18ac7618b28a8936c405932a8efcb2","productName":"Unity Personal","productType":"TuanjieEditor","licenseType":"ULF","expiration":1791513565000,"matchedEntitlements":[{"entitlementId":"com.unity.editor.headless","isPackage":false,"count":1}]}],"responseCode":200,"responseStatus":"Found 1 entitlement groups and 0 free entitlements matching requested entitlement ids","messageType":"EntitlementDetailsResponse"} at 1791250767
[Licensing::Client] Successfully resolved entitlement details
Initialize mono
Mono path[0] = '/Applications/Tuanjie/Hub/Editor/2022.3.61t14/Tuanjie.app/Contents/Managed'
Mono path[1] = '/Applications/Tuanjie/Hub/Editor/2022.3.61t14/Tuanjie.app/Contents/MonoBleedingEdge/lib/mono/unityjit-macos'
Mono config path = '/Applications/Tuanjie/Hub/Editor/2022.3.61t14/Tuanjie.app/Contents/MonoBleedingEdge/etc'
Using monoOptions --debugger-agent=transport=dt_socket,embedding=1,server=y,suspend=n,address=0.0.0.0:56605
Using cacheserver namespaces - metadata:defaultmetadata, artifacts:defaultartifacts
Using cacheserver namespaces - metadata:defaultmetadata, artifacts:defaultartifacts
ImportWorker Server TCP listen port: 0
Begin MonoManager ReloadAssembly
Registering precompiled tuanjie dll's ...
Register platform support module: /Applications/Tuanjie/Hub/Editor/2022.3.61t14/Tuanjie.app/Contents/PlaybackEngines/MacStandaloneSupport/UnityEditor.OSXStandalone.Extensions.dll
[Licensing::Client] Successfully send message: {"messageType":"EntitlementDetailsRequest","entitlementIds":["com.unity.editor.platforms.android","com.unity.editor.headless"],"packageEntitlementIds":[],"includeCustomData":false} at 1791250767
[Licensing::Client] Successfully receive message: {"entitlementGroups":[{"entitlementGroupId":"F4-W5GR-B6V2-Y5WE-WRK9-GR7N","entitlementGroupIdHash":"8d58bf4deb18ac7618b28a8936c405932a8efcb2","productName":"Unity Personal","productType":"TuanjieEditor","licenseType":"ULF","expiration":1791513565000,"matchedEntitlements":[{"entitlementId":"com.unity.editor.platforms.android","isPackage":false,"count":1},{"entitlementId":"com.unity.editor.headless","isPackage":false,"count":1}]}],"responseCode":200,"responseStatus":"Found 1 entitlement groups and 0 free entitlements matching requested entitlement ids","messageType":"EntitlementDetailsResponse"} at 1791250767
[Licensing::Client] Successfully resolved entitlement details
Register platform support module: /Applications/Tuanjie/Hub/Editor/2022.3.61t14/PlaybackEngines/AndroidPlayer/UnityEditor.Android.Extensions.dll
Registered in 0.014824 seconds.
- Loaded All Assemblies, in  0.274 seconds
Native extension for Android target not found
Android Extension - Scanning For ADB Devices 95 ms
Native extension for OSXStandalone target not found
[Licensing::Client] Successfully send message: {"messageType":"EntitlementDetailsRequest","entitlementIds":["com.unity.editor.minigame.subplatform.wechat","com.unity.editor.headless"],"packageEntitlementIds":[],"includeCustomData":false} at 1791250768
[Licensing::Client] Successfully receive message: {"entitlementGroups":[{"entitlementGroupId":"F4-W5GR-B6V2-Y5WE-WRK9-GR7N","entitlementGroupIdHash":"8d58bf4deb18ac7618b28a8936c405932a8efcb2","productName":"Unity Personal","productType":"TuanjieEditor","licenseType":"ULF","expiration":1791513565000,"matchedEntitlements":[{"entitlementId":"com.unity.editor.headless","isPackage":false,"count":1},{"entitlementId":"com.unity.editor.minigame.subplatform.wechat","isPackage":false,"count":1}]}],"responseCode":200,"responseStatus":"Found 1 entitlement groups and 0 free entitlements matching requested entitlement ids","messageType":"EntitlementDetailsResponse"} at 1791250768
[Licensing::Client] Successfully resolved entitlement details
[Licensing::Client] Successfully send message: {"messageType":"EntitlementDetailsRequest","entitlementIds":["com.unity.editor.minigame.subplatform.douyin","com.unity.editor.headless"],"packageEntitlementIds":[],"includeCustomData":false} at 1791250768
[Licensing::Client] Successfully receive message: {"entitlementGroups":[{"entitlementGroupId":"F4-W5GR-B6V2-Y5WE-WRK9-GR7N","entitlementGroupIdHash":"8d58bf4deb18ac7618b28a8936c405932a8efcb2","productName":"Unity Personal","productType":"TuanjieEditor","licenseType":"ULF","expiration":1791513565000,"matchedEntitlements":[{"entitlementId":"com.unity.editor.headless","isPackage":false,"count":1},{"entitlementId":"com.unity.editor.minigame.subplatform.douyin","isPackage":false,"count":1}]}],"responseCode":200,"responseStatus":"Found 1 entitlement groups and 0 free entitlements matching requested entitlement ids","messageType":"EntitlementDetailsResponse"} at 1791250768
[Licensing::Client] Successfully resolved entitlement details
[Licensing::Client] Successfully send message: {"messageType":"EntitlementDetailsRequest","entitlementIds":["com.unity.editor.minigame.subplatform.kuaishou","com.unity.editor.headless"],"packageEntitlementIds":[],"includeCustomData":false} at 1791250768
[Licensing::Client] Successfully receive message: {"entitlementGroups":[{"entitlementGroupId":"F4-W5GR-B6V2-Y5WE-WRK9-GR7N","entitlementGroupIdHash":"8d58bf4deb18ac7618b28a8936c405932a8efcb2","productName":"Unity Personal","productType":"TuanjieEditor","licenseType":"ULF","expiration":1791513565000,"matchedEntitlements":[{"entitlementId":"com.unity.editor.headless","isPackage":false,"count":1},{"entitlementId":"com.unity.editor.minigame.subplatform.kuaishou","isPackage":false,"count":1}]}],"responseCode":200,"responseStatus":"Found 1 entitlement groups and 0 free entitlements matching requested entitlement ids","messageType":"EntitlementDetailsResponse"} at 1791250768
[Licensing::Client] Successfully resolved entitlement details
[Licensing::Client] Successfully send message: {"messageType":"EntitlementDetailsRequest","entitlementIds":["com.unity.editor.minigame.subplatform.minihost","com.unity.editor.headless"],"packageEntitlementIds":[],"includeCustomData":false} at 1791250768
[Licensing::Client] Successfully receive message: {"entitlementGroups":[{"entitlementGroupId":"F4-W5GR-B6V2-Y5WE-WRK9-GR7N","entitlementGroupIdHash":"8d58bf4deb18ac7618b28a8936c405932a8efcb2","productName":"Unity Personal","productType":"TuanjieEditor","licenseType":"ULF","expiration":1791513565000,"matchedEntitlements":[{"entitlementId":"com.unity.editor.headless","isPackage":false,"count":1},{"entitlementId":"com.unity.editor.minigame.subplatform.minihost","isPackage":false,"count":1}]}],"responseCode":200,"responseStatus":"Found 1 entitlement groups and 0 free entitlements matching requested entitlement ids","messageType":"EntitlementDetailsResponse"} at 1791250768
[Licensing::Client] Successfully resolved entitlement details
Mono: successfully reloaded assembly
- Finished resetting the current domain, in  0.347 seconds
Domain Reload Profiling: 621ms
	BeginReloadAssembly (72ms)
		ExecutionOrderSort (0ms)
		DisableScriptedObjects (0ms)
		BackupInstance (0ms)
		ReleaseScriptingObjects (0ms)
		CreateAndSetChildDomain (0ms)
	RebuildCommonClasses (25ms)
	RebuildNativeTypeToScriptingClass (9ms)
	initialDomainReloadingComplete (48ms)
	LoadAllAssembliesAndSetupDomain (119ms)
		LoadAssemblies (73ms)
		RebuildTransferFunctionScriptingTraits (0ms)
		AnalyzeDomain (117ms)
			TypeCache.Refresh (116ms)
				TypeCache.ScanAssembly (105ms)
			ScanForSourceGeneratedMonoScriptInfo (0ms)
			ResolveRequiredComponents (0ms)
	FinalizeReload (347ms)
		ReleaseScriptCaches (0ms)
		RebuildScriptCaches (0ms)
		SetupLoadedEditorAssemblies (311ms)
			LogAssemblyErrors (0ms)
			InitializePlatformSupportModulesInManaged (157ms)
			SetLoadedEditorAssemblies (3ms)
			RefreshPlugins (0ms)
			BeforeProcessingInitializeOnLoad (1ms)
			ProcessInitializeOnLoadAttributes (140ms)
			ProcessInitializeOnLoadMethodAttributes (10ms)
			AfterProcessingInitializeOnLoad (0ms)
			EditorAssembliesLoaded (0ms)
		ExecutionOrderSort2 (0ms)
		AwakeInstancesAfterBackupRestoration (0ms)
[Licensing::Client] Successfully send message: {"messageType":"EntitlementDetailsRequest","entitlementIds":["com.unity.editor.legacy.pro","com.unity.editor.watermarks.disable","com.unity.editor.watermarks.prototyping","com.unity.editor.watermarks.edu","com.unity.editor.watermarks.trial","com.unity.editor.time-limited-license","com.unity.editor.cluster","com.unity.editor.unity.compliant","com.unity.editor.watermarks.forcedisable","com.unity.editor.open-harmony.analytics.disabled","com.unity.editor.mini-game.analytics.disabled","com.unity.editor.unity.expiration.2d","com.unity.editor.unity.expiration.7d","com.unity.editor.headless"],"packageEntitlementIds":[],"includeCustomData":false} at 1791250768
[Licensing::Client] Successfully receive message: {"entitlementGroups":[{"entitlementGroupId":"F4-W5GR-B6V2-Y5WE-WRK9-GR7N","entitlementGroupIdHash":"8d58bf4deb18ac7618b28a8936c405932a8efcb2","productName":"Unity Personal","productType":"TuanjieEditor","licenseType":"ULF","expiration":1791513565000,"matchedEntitlements":[{"entitlementId":"com.unity.editor.headless","isPackage":false,"count":1},{"entitlementId":"com.unity.editor.unity.expiration.2d","isPackage":false,"count":1},{"entitlementId":"com.unity.editor.watermarks.forcedisable","isPackage":false,"count":1},{"entitlementId":"com.unity.editor.unity.compliant","isPackage":false,"count":1},{"entitlementId":"com.unity.editor.mini-game.analytics.disabled","isPackage":false,"count":1},{"entitlementId":"com.unity.editor.time-limited-license","isPackage":false,"count":1}]}],"responseCode":200,"responseStatus":"Found 1 entitlement groups and 0 free entitlements matching requested entitlement ids","messageType":"EntitlementDetailsResponse"} at 1791250768
[Licensing::Client] Successfully resolved entitlement details
Application.AssetDatabase Initial Refresh Start
[40m[32minfo[39m[22m[49m: Microsoft.Hosting.Lifetime[14]
      Now listening on: http://unix:/tmp/ilpp.sock-b7fcee172a58ceddb03cafc1ee82d311
[40m[32minfo[39m[22m[49m: Microsoft.Hosting.Lifetime[0]
      Application started. Press Ctrl+C to shut down.
[40m[32minfo[39m[22m[49m: Microsoft.Hosting.Lifetime[0]
      Hosting environment: Production
[40m[32minfo[39m[22m[49m: Microsoft.Hosting.Lifetime[0]
      Content root path: /private/var/folders/19/jlz3f3_12q1d22xb7lhnbk700000gp/T/palmbay-netplay.CKsvBS/client/
[40m[32minfo[39m[22m[49m: Microsoft.AspNetCore.Hosting.Diagnostics[1]
      Request starting HTTP/2 POST http://ilpp/UnityILPP.PostProcessing/Ping application/grpc -
[40m[32minfo[39m[22m[49m: Microsoft.AspNetCore.Routing.EndpointMiddleware[0]
      Executing endpoint 'gRPC - /UnityILPP.PostProcessing/Ping'
[40m[32minfo[39m[22m[49m: Microsoft.AspNetCore.Routing.EndpointMiddleware[1]
      Executed endpoint 'gRPC - /UnityILPP.PostProcessing/Ping'
[40m[32minfo[39m[22m[49m: Microsoft.AspNetCore.Hosting.Diagnostics[2]
      Request finished HTTP/2 POST http://ilpp/UnityILPP.PostProcessing/Ping application/grpc - - 200 - application/grpc 34.5987ms
Starting: /Applications/Tuanjie/Hub/Editor/2022.3.61t14/Tuanjie.app/Contents/bee_backend --dont-print-to-structured-log --ipc --defer-dag-verification --dagfile="Library/Bee/200b0aE.dag" --continue-on-failure --profile="Library/Bee/backend1.traceevents" ScriptAssemblies
WorkingDir: /private/var/folders/19/jlz3f3_12q1d22xb7lhnbk700000gp/T/palmbay-netplay.CKsvBS/client
DisplayProgressbar: Compiling Scripts
ExitCode: 0 Duration: 0s54ms
*** Tundra build success (0.04 seconds), 0 items updated, 158 evaluated
Total cache size 14598992
Total cache size after purge 14598992
AssetDatabase: script compilation time: 0.557320s
Begin MonoManager ReloadAssembly
- Loaded All Assemblies, in  0.301 seconds
Refreshing native plugins compatible for Editor in 3.95 ms, found 7 plugins.
Preloading 0 native plugins for Editor in 0.00 ms.
Start importing ProjectSettings/ProjectSettings.asset using Guid(00000000000000004000000000000000) Importer(Primary)  -> (artifact id: '0307b05823b89e65e4ed3144a2113cdb') in 0.009262 seconds
Refreshing native plugins compatible for Editor in 4.05 ms, found 7 plugins.
Native extension for Android target not found
Native extension for OSXStandalone target not found
Mono: successfully reloaded assembly
- Finished resetting the current domain, in  0.220 seconds
Domain Reload Profiling: 522ms
	BeginReloadAssembly (86ms)
		ExecutionOrderSort (0ms)
		DisableScriptedObjects (3ms)
		BackupInstance (0ms)
		ReleaseScriptingObjects (0ms)
		CreateAndSetChildDomain (14ms)
	RebuildCommonClasses (23ms)
	RebuildNativeTypeToScriptingClass (9ms)
	initialDomainReloadingComplete (14ms)
	LoadAllAssembliesAndSetupDomain (169ms)
		LoadAssemblies (118ms)
		RebuildTransferFunctionScriptingTraits (0ms)
		AnalyzeDomain (103ms)
			TypeCache.Refresh (100ms)
				TypeCache.ScanAssembly (89ms)
			ScanForSourceGeneratedMonoScriptInfo (1ms)
			ResolveRequiredComponents (1ms)
	FinalizeReload (220ms)
		ReleaseScriptCaches (0ms)
		RebuildScriptCaches (0ms)
		SetupLoadedEditorAssemblies (131ms)
			LogAssemblyErrors (0ms)
			InitializePlatformSupportModulesInManaged (9ms)
			SetLoadedEditorAssemblies (3ms)
			RefreshPlugins (0ms)
			BeforeProcessingInitializeOnLoad (19ms)
			ProcessInitializeOnLoadAttributes (89ms)
			ProcessInitializeOnLoadMethodAttributes (12ms)
			AfterProcessingInitializeOnLoad (1ms)
			EditorAssembliesLoaded (0ms)
		ExecutionOrderSort2 (0ms)
		AwakeInstancesAfterBackupRestoration (2ms)
plugin_module success
g_query_callback success 
g_get_assembly_csharp load success 
Launching external process: /Applications/Tuanjie/Hub/Editor/2022.3.61t14/Tuanjie.app/Contents/Tools/TuanjieShaderCompiler
Launched and connected shader compiler TuanjieShaderCompiler after 0.05 seconds
Refreshing native plugins compatible for Editor in 2.97 ms, found 7 plugins.
Preloading 0 native plugins for Editor in 0.00 ms.
Asset Pipeline Refresh (id=3324f8d0fa37646b598a2aceb44913b1): Total: 2.287 seconds - Initiated by InitialRefreshV2(ForceSynchronousImport)
	Summary:
		Imports: total=1 (actual=1, local cache=0, cache server=0)
		Asset DB Process Time: managed=1 ms, native=372 ms
		Asset DB Callback time: managed=37 ms, native=776 ms
		Scripting: domain reloads=1, domain reload time=535 ms, compile time=559 ms, other=3 ms
		Project Asset Count: scripts=612, non-scripts=4612
		Asset File Changes: new=0, changed=1, moved=0, deleted=0
		Scan Filter Count: 1
		OnDemandAssets Count:0
	InvokeBeforeRefreshCallbacks: 0.770ms
	ApplyChangesToAssetFolders: 0.050ms
	Scan: 149.240ms
	OnSourceAssetsModified: 1.678ms
	GetAllGuidsForCategorization: 0.398ms
	CategorizeAssets: 63.628ms
	ImportOutOfDateAssets: 245.856ms (-328.081ms without children)
		ImportManagerImport: 12.390ms (2.928ms without children)
			ImportInProcess: 9.450ms
			UpdateCategorizedAssets: 0.012ms
		CompileScripts: 558.527ms
		ReloadNativeAssets: 0.000ms
		UnloadImportedAssets: 1.040ms
		ReloadImportedAssets: 0.000ms
		EnsureUptoDateAssetsAreRegisteredWithGuidPM: 1.181ms
		InitializingProgressBar: 0.000ms
		PostProcessAllAssetNotificationsAddChangedAssets: 0.000ms
		OnDemandSchedulerStart: 0.799ms
	PostProcessAllAssets: 864.688ms
	Hotreload: 3.656ms
	GatherAllCurrentPrimaryArtifactRevisions: 0.186ms
	UnloadStreamsBegin: 0.198ms
	PersistCurrentRevisions: 0.459ms
	UnloadStreamsEnd: 0.005ms
	GenerateScriptTypeHashes: 0.001ms
	Untracked: 956.419ms
Application.AssetDatabase Initial Refresh End
Scanning for USB devices : 0.027ms
Initializing Tuanjie extensions:
[Licensing::Client] Successfully send message: {"messageType":"ProductNameRequest","Value":"studio.palmbay.airport"} at 1791250770
[Licensing::Client] Successfully receive message: {"responseCode":200,"messageType":"ProductNameResponse"} at 1791250770
[Licensing::Client] Error: ProductNameResponse could not be deserialized
[MODES] ModeService[none].Initialize
[MODES] ModeService[none].LoadModes
[MODES] Loading mode Default (0) for mode-current-id-Netplay-CKsvBS-client3
Unloading 3 Unused Serialized files (Serialized files now loaded: 0)
Unloading 52 unused Assets / (387.9 KB). Loaded Objects now: 980.
Memory consumption went from 96.7 MB to 96.3 MB.
Total: 2.571167 ms (FindLiveObjects: 0.044833 ms CreateObjectMapping: 0.013208 ms MarkObjects: 2.336667 ms  DeleteObjects: 0.175917 ms)

Opening scene 'Assets/Scenes/CabinLobby.unity'
Unloading 0 Unused Serialized files (Serialized files now loaded: 0)
Loaded scene 'Assets/Scenes/CabinLobby.unity'
	Deserialize:            21.577 ms
	Integration:            14.175 ms
	Integration of assets:  0.009 ms
	Thread Wait Time:       -0.001 ms
	Total Operation Time:   35.759 ms
Unloading 1 unused Assets / (67.0 KB). Loaded Objects now: 2860.
Memory consumption went from 96.9 MB to 96.8 MB.
Total: 2.593250 ms (FindLiveObjects: 0.107209 ms CreateObjectMapping: 0.014500 ms MarkObjects: 2.461458 ms  DeleteObjects: 0.009542 ms)

[Project] Loading completed in 6.121 seconds
	Project init time: 				4.922 seconds
		Template init time: 		0.000 seconds
		Package Manager init time: 		0.570 seconds
		Asset Database init time: 		0.922 seconds
		Global illumination init time: 	0.001 seconds
		Assemblies load time: 			0.630 seconds
		Tuanjie extensions init time: 	0.001 seconds
		Asset Database refresh time: 	2.343 seconds
	Scene opening time: 			0.110 seconds
##utp:{"type":"ProjectInfo","version":2,"phase":"Immediate","time":1791250770986,"processId":67605,"projectLoad":6.12084925,"projectInit":4.922035333,"templateInit":0.0,"packageManagerInit":0.57015075,"assetDatabaseInit":0.922328458,"globalIlluminationInit":0.000578042,"assembliesLoad":0.629897167,"unityExtensionsInit":0.001410959,"assetDatabaseRefresh":2.343289167,"sceneOpening":0.110451583}
##utp:{"type":"EditorInfo","version":2,"phase":"Immediate","time":1791250770986,"processId":67605,"editorVersion":"2022.3.61t14 (3a70663b70e0)","branch":"tuanjie/1.6/staging","buildType":"Release","platform":"OSX"}
Subscribe to USB device events
Thread 0x16e5db000 may have been prematurely finalized
CachePath: /Users/qinziqian/Library/Caches/Tuanjie/Palm Bay Netplaytest CKsvBS client3_Netplay-CKsvBS-client3
CachePath: /Users/qinziqian/Library/Caches/Tuanjie/Palm Bay Netplaytest CKsvBS client3_Netplay-CKsvBS-client3
Reloading assemblies for play mode.
Reloading assemblies after forced synchronous recompile.
Begin MonoManager ReloadAssembly
[NWB-WebRTC] SendDataChannelMessage rejected: dataChannel=null len=24
[NWB-C++] SendDataChannelMessage REJECTED (len=24)
- Loaded All Assemblies, in  0.210 seconds
Refreshing native plugins compatible for Editor in 3.39 ms, found 7 plugins.
Native extension for Android target not found
Native extension for OSXStandalone target not found
Mono: successfully reloaded assembly
- Finished resetting the current domain, in  0.249 seconds
Domain Reload Profiling: 460ms
	BeginReloadAssembly (143ms)
		ExecutionOrderSort (0ms)
		DisableScriptedObjects (4ms)
		BackupInstance (0ms)
		ReleaseScriptingObjects (0ms)
		CreateAndSetChildDomain (35ms)
	RebuildCommonClasses (24ms)
	RebuildNativeTypeToScriptingClass (9ms)
	initialDomainReloadingComplete (15ms)
	LoadAllAssembliesAndSetupDomain (19ms)
		LoadAssemblies (71ms)
		RebuildTransferFunctionScriptingTraits (0ms)
		AnalyzeDomain (8ms)
			TypeCache.Refresh (6ms)
				TypeCache.ScanAssembly (0ms)
			ScanForSourceGeneratedMonoScriptInfo (0ms)
			ResolveRequiredComponents (1ms)
	FinalizeReload (250ms)
		ReleaseScriptCaches (0ms)
		RebuildScriptCaches (0ms)
		SetupLoadedEditorAssemblies (132ms)
			LogAssemblyErrors (0ms)
			InitializePlatformSupportModulesInManaged (9ms)
			SetLoadedEditorAssemblies (5ms)
			RefreshPlugins (0ms)
			BeforeProcessingInitializeOnLoad (19ms)
			ProcessInitializeOnLoadAttributes (85ms)
			ProcessInitializeOnLoadMethodAttributes (13ms)
			AfterProcessingInitializeOnLoad (1ms)
			EditorAssembliesLoaded (0ms)
		ExecutionOrderSort2 (0ms)
		AwakeInstancesAfterBackupRestoration (3ms)
Asset Pipeline Refresh (id=604297ecbc3d64d31824b957ca5248a6): Total: 0.635 seconds - Initiated by StopAssetImportingV2(ForceSynchronousImport | ForceDomainReload)
	Summary:
		Imports: total=0 (actual=0, local cache=0, cache server=0)
		Asset DB Process Time: managed=0 ms, native=149 ms
		Asset DB Callback time: managed=10 ms, native=0 ms
		Scripting: domain reloads=1, domain reload time=472 ms, compile time=1 ms, other=0 ms
		Project Asset Count: scripts=612, non-scripts=4612
		Asset File Changes: new=0, changed=0, moved=0, deleted=0
		Scan Filter Count: 0
		OnDemandAssets Count:0
	InvokeBeforeRefreshCallbacks: 0.950ms
	ApplyChangesToAssetFolders: 0.023ms
	Scan: 0.000ms
	OnSourceAssetsModified: 0.001ms
	GetAllGuidsForCategorization: 0.310ms
	CategorizeAssets: 45.486ms
	ImportOutOfDateAssets: 259.279ms (256.970ms without children)
		CompileScripts: 1.159ms
		CollectScriptTypesHashes: 0.023ms
		ReloadNativeAssets: 0.033ms
		UnloadImportedAssets: 0.258ms
		EnsureUptoDateAssetsAreRegisteredWithGuidPM: 0.593ms
		InitializingProgressBar: 0.000ms
		PostProcessAllAssetNotificationsAddChangedAssets: 0.000ms
		OnDemandSchedulerStart: 0.243ms
	PostProcessAllAssets: 10.769ms
	GatherAllCurrentPrimaryArtifactRevisions: 0.271ms
	UnloadStreamsBegin: 0.114ms
	PersistCurrentRevisions: 0.188ms
	UnloadStreamsEnd: 0.016ms
	GenerateScriptTypeHashes: 0.000ms
	Untracked: 317.171ms
AppState: beacon 收听套接绑定失败，自动发现不可用。Address already in use
UnityEngine.StackTraceUtility:ExtractStackTrace () (at /Users/bokken/build/output/dev/tj/Runtime/Export/Scripting/StackTrace.cs:37)
UnityEngine.DebugLogHandler:LogFormat (UnityEngine.LogType,UnityEngine.Object,string,object[])
UnityEngine.Logger:Log (UnityEngine.LogType,object)
UnityEngine.Debug:LogWarning (object)
IslandAirport.AppState:Awake () (at Assets/Scripts/Gameplay/AppState.cs:192)
UnityEngine.GameObject:AddComponent (System.Type) (at /Users/bokken/build/output/dev/tj/Runtime/Export/Scripting/GameObject.bindings.cs:240)
UnityEngine.GameObject:AddComponent<IslandAirport.AppState> () (at /Users/bokken/build/output/dev/tj/Runtime/Export/Scripting/GameObject.bindings.cs:245)
IslandAirport.AppState:Ensure () (at Assets/Scripts/Gameplay/AppState.cs:147)
IslandAirport.LobbyApp:Awake () (at Assets/Scripts/Gameplay/LobbyApp.cs:137)

(Filename: Assets/Scripts/Gameplay/AppState.cs Line: 192)

Loaded scene 'Temp/__Backupscenes/0.backup'
	Deserialize:            14.472 ms
	Integration:            105.852 ms
	Integration of assets:  0.038 ms
	Thread Wait Time:       0.005 ms
	Total Operation Time:   120.367 ms
[MODES] ModeService[none].Initialize
[MODES] ModeService[none].LoadModes
[MODES] Loading mode Default (0) for mode-current-id-Netplay-CKsvBS-client3
[NWB-WebRTC] SendDataChannelMessage rejected: dataChannel=null len=54
[NWB-C++] SendDataChannelMessage REJECTED (len=54)
[NWB-WebRTC] SendDataChannelMessage rejected: dataChannel=null len=33
[NWB-C++] SendDataChannelMessage REJECTED (len=33)
Created GICache directory at /Users/qinziqian/Library/Caches/cn.yousandi.TuanjieEditor/Tuanjie/GiCache. Took: 0.003s, timestamps: [7.090 - 7.092]
Unloading 60 Unused Serialized files (Serialized files now loaded: 0)
UnloadTime: 3.223708 ms
Loaded scene 'Assets/Scenes/PalmBay.unity'
	Deserialize:            1.410 ms
	Integration:            52.424 ms
	Integration of assets:  0.001 ms
	Thread Wait Time:       0.008 ms
	Total Operation Time:   53.844 ms
Unloading 124 unused Assets / (233.2 KB). Loaded Objects now: 4124.
Memory consumption went from 104.6 MB to 104.4 MB.
Total: 3.325125 ms (FindLiveObjects: 0.142166 ms CreateObjectMapping: 0.024542 ms MarkObjects: 3.054125 ms  DeleteObjects: 0.104000 ms)

Unloading 75 Unused Serialized files (Serialized files now loaded: 0)
UnloadTime: 2.637625 ms
Loaded scene 'Temp/__Backupscenes/0.backup'
	Deserialize:            24.126 ms
	Integration:            6.491 ms
	Integration of assets:  0.297 ms
	Thread Wait Time:       -0.002 ms
	Total Operation Time:   30.913 ms
Unloading 86 unused Assets / (182.0 KB). Loaded Objects now: 3118.
Memory consumption went from 90.2 MB to 90.1 MB.
Total: 3.397750 ms (FindLiveObjects: 0.120750 ms CreateObjectMapping: 0.021625 ms MarkObjects: 3.139375 ms  DeleteObjects: 0.115709 ms)

NETPLAY_PASSED client-meal Session 3 client ran the full meal flow over UDP with mirror-consistent task feedback.
UnityEngine.StackTraceUtility:ExtractStackTrace () (at /Users/bokken/build/output/dev/tj/Runtime/Export/Scripting/StackTrace.cs:37)
UnityEngine.DebugLogHandler:LogFormat (UnityEngine.LogType,UnityEngine.Object,string,object[])
UnityEngine.Logger:Log (UnityEngine.LogType,object)
UnityEngine.Debug:Log (object)
NetPlaytest:Complete (bool,string) (at Assets/Editor/NetPlaytest.cs:1699)
NetPlaytest:AdvanceClientMeal (double,single) (at Assets/Editor/NetPlaytest.cs:1066)
NetPlaytest:AdvanceScenario (double,single) (at Assets/Editor/NetPlaytest.cs:321)
NetPlaytest:Poll () (at Assets/Editor/NetPlaytest.cs:219)
UnityEditor.EditorApplication:Internal_CallUpdateFunctions () (at /Users/bokken/build/output/dev/tj/Editor/Mono/EditorApplication.cs:387)

(Filename: Assets/Editor/NetPlaytest.cs Line: 1699)

Thread 0x16e6f3000 may have been prematurely finalized
CachePath: /Users/qinziqian/Library/Caches/Tuanjie/Palm Bay Netplaytest CKsvBS client3_Netplay-CKsvBS-client3
Unloading 0 Unused Serialized files (Serialized files now loaded: 0)
Loaded scene 'Temp/__Backupscenes/0.backup'
	Deserialize:            2.870 ms
	Integration:            3.751 ms
	Integration of assets:  0.001 ms
	Thread Wait Time:       0.008 ms
	Total Operation Time:   6.630 ms
Unloading 0 unused Assets / (94.5 KB). Loaded Objects now: 2915.
Memory consumption went from 88.2 MB to 88.1 MB.
Total: 3.152583 ms (FindLiveObjects: 0.103666 ms CreateObjectMapping: 0.017667 ms MarkObjects: 3.023708 ms  DeleteObjects: 0.007209 ms)

[UnityConnectServicesConfig] config is NOT valid, switching to default
gi::BakeBackendSwitch: switching bake backend from 3 to 2.
[00:00:00] Builtin Sky manager started.
Killing ADB server in 0.037838 seconds.
Thread 0x16e667000 may have been prematurely finalized
Input System module state changed to: ShutdownInProgress.
Input System polling thread exited.
Input System module state changed to: Shutdown.
[Licensing::IpcConnector] License Notification channel disconnected successfully.
[Licensing::IpcConnector] License Client channel disconnected successfully.
Shutting down server...
Thread 0x16eb53000 may have been prematurely finalized
Cleanup mono
[40m[32minfo[39m[22m[49m: Microsoft.Hosting.Lifetime[0]
      Application is shutting down...
debugger-agent: Unable to listen on 53
[Performance] Application.InitializeProject                                                                                        :        1 samples, Peak.  4.92 s (1.0x), Avg.  4.92 s, Total. 4.922 s (20.0%)
[Performance] Application.PackageManager.StartServer                                                                               :        1 samples, Peak.  1.37 ms (1.0x), Avg.  1.37 ms, Total. 1.366 ms (0.0%)
[Performance] Application.AcquireProjectLock                                                                                       :        1 samples, Peak.  3.32 ms (1.0x), Avg.  3.32 ms, Total. 3.323 ms (0.0%)
[Performance] Application.InitializeEngineNoGraphics                                                                               :        1 samples, Peak.   113 ms (1.0x), Avg.   113 ms, Total. 113.2 ms (0.5%)
[Performance] Application.PackageManager.Initialize                                                                                :        1 samples, Peak.   570 ms (1.0x), Avg.   570 ms, Total. 570.2 ms (2.3%)
[Performance] Connecting to Package Manager                                                                                        :       58 samples, Peak.  62.0 us (31.2x), Avg.  1.99 us, Total. 115.2 us (0.0%)
[Performance] PackageManager::Api::RunRequestSynchronously                                                                         :       14 samples, Peak.  2.00 us (1.6x), Avg.  1.27 us, Total. 17.75 us (0.0%)
[Performance] Application.EngineGraphics.Initialize                                                                                :        1 samples, Peak.  24.9 ms (1.0x), Avg.  24.9 ms, Total. 24.93 ms (0.1%)
[Performance] Application.GI.Initialize                                                                                            :        1 samples, Peak.   578 us (1.0x), Avg.   578 us, Total. 578.5 us (0.0%)
[Performance] Application.LoadAllDefaultResourcesFromEditor                                                                        :        1 samples, Peak.  1.26 ms (1.0x), Avg.  1.26 ms, Total. 1.257 ms (0.0%)
[Performance] Application.LoadMonoAssemblies                                                                                       :        1 samples, Peak.   630 ms (1.0x), Avg.   630 ms, Total. 629.9 ms (2.6%)
[Performance] RestoreManagedReferences                                                                                             :        3 samples, Peak.  57.7 ms (1.7x), Avg.  34.8 ms, Total. 104.4 ms (0.4%)
[Performance] InitializeOnLoad BuildProfileHelperManager                                                                           :        3 samples, Peak.  70.4 ms (2.6x), Avg.  26.7 ms, Total. 80.20 ms (0.3%)
[Performance] InitializeOnLoad SceneSearch                                                                                         :        3 samples, Peak.   105 us (1.2x), Avg.  84.5 us, Total. 253.6 us (0.0%)
[Performance] InitializeOnLoad DrivenRectTransformUndo                                                                             :        3 samples, Peak.   190 us (1.2x), Avg.   162 us, Total. 486.9 us (0.0%)
[Performance] InitializeOnLoad EditMode                                                                                            :        3 samples, Peak.   277 us (1.3x), Avg.   217 us, Total. 649.6 us (0.0%)
[Performance] InitializeOnLoad PlayModeDownload                                                                                    :        3 samples, Peak.   403 us (2.3x), Avg.   176 us, Total. 528.3 us (0.0%)
[Performance] InitializeOnLoad ShortcutIntegration                                                                                 :        3 samples, Peak.  64.0 us (1.6x), Avg.  40.3 us, Total. 121.0 us (0.0%)
[Performance] InitializeOnLoad ManagedDebuggerWindow                                                                               :        3 samples, Peak.   482 us (1.2x), Avg.   418 us, Total. 1.254 ms (0.0%)
[Performance] InitializeOnLoad MenuItems                                                                                           :        3 samples, Peak.   235 us (1.3x), Avg.   183 us, Total. 550.4 us (0.0%)
[Performance] InitializeOnLoad ConsoleEntrance                                                                                     :        3 samples, Peak.   231 us (1.1x), Avg.   201 us, Total. 602.6 us (0.0%)
[Performance] InitializeOnLoad MixerEffectDefinitionReloader                                                                       :        3 samples, Peak.  1.72 ms (1.4x), Avg.  1.24 ms, Total. 3.719 ms (0.0%)
[Performance] InitializeOnLoad SearchService                                                                                       :        3 samples, Peak.  79.1 us (1.1x), Avg.  71.2 us, Total. 213.6 us (0.0%)
[Performance] InitializeOnLoad CloudBuild                                                                                          :        3 samples, Peak.  3.13 us (1.2x), Avg.  2.50 us, Total. 7.500 us (0.0%)
[Performance] InitializeOnLoad PrefabInstanceChangedListener                                                                       :        3 samples, Peak.  92.5 us (1.2x), Avg.  79.6 us, Total. 238.9 us (0.0%)
[Performance] InitializeOnLoad ManagedDebugger                                                                                     :        3 samples, Peak.   292 ns (1.1x), Avg.   278 ns, Total. 834.0 ns (0.0%)
[Performance] InitializeOnLoad AssetStoreContext                                                                                   :        3 samples, Peak.  15.0 ms (1.4x), Avg.  10.6 ms, Total. 31.67 ms (0.1%)
[Performance] InitializeOnLoad NativeFormatImporterUtility                                                                         :        3 samples, Peak.  1.44 ms (1.2x), Avg.  1.20 ms, Total. 3.610 ms (0.0%)
[Performance] InitializeOnLoad ObjectSelectorSearch                                                                                :        3 samples, Peak.  34.7 us (1.2x), Avg.  30.0 us, Total. 90.00 us (0.0%)
[Performance] InitializeOnLoad CacheServerWindow                                                                                   :        3 samples, Peak.  11.8 us (1.3x), Avg.  9.33 us, Total. 28.00 us (0.0%)
[Performance] InitializeOnLoad PoolManager                                                                                         :        3 samples, Peak.  29.0 us (1.0x), Avg.  28.2 us, Total. 84.50 us (0.0%)
[Performance] InitializeOnLoad UISystemProfilerRenderService                                                                       :        3 samples, Peak.  6.08 us (1.1x), Avg.  5.75 us, Total. 17.25 us (0.0%)
[Performance] InitializeOnLoad ProfilerConnectionPopupWindow                                                                       :        3 samples, Peak.  16.1 us (1.1x), Avg.  14.9 us, Total. 44.75 us (0.0%)
[Performance] InitializeOnLoad ProjectSearch                                                                                       :        3 samples, Peak.  28.1 us (1.2x), Avg.  23.7 us, Total. 71.00 us (0.0%)
[Performance] InitializeOnLoad TuanjiePathAndNameFix                                                                               :        3 samples, Peak.  91.6 us (1.0x), Avg.  88.3 us, Total. 264.8 us (0.0%)
[Performance] InitializeOnLoad UnityConnect                                                                                        :        3 samples, Peak.   542 ns (1.4x), Avg.   375 ns, Total. 1.125 us (0.0%)
[Performance] InitializeOnLoad WindowLayout                                                                                        :        3 samples, Peak.  21.5 us (1.1x), Avg.  19.0 us, Total. 56.88 us (0.0%)
[Performance] InitializeOnLoad SettingsService                                                                                     :        3 samples, Peak.  7.25 us (1.1x), Avg.  6.89 us, Total. 20.67 us (0.0%)
[Performance] InitializeOnLoad AddComponentWindow                                                                                  :        3 samples, Peak.  63.5 us (1.0x), Avg.  62.1 us, Total. 186.3 us (0.0%)
[Performance] InitializeOnLoad EditorMonitor                                                                                       :        3 samples, Peak.   542 us (1.2x), Avg.   435 us, Total. 1.305 ms (0.0%)
[Performance] InitializeOnLoad RetainedMode                                                                                        :        3 samples, Peak.  1.43 ms (1.0x), Avg.  1.38 ms, Total. 4.132 ms (0.0%)
[Performance] InitializeOnLoad EditorShaderLoader                                                                                  :        3 samples, Peak.   595 us (1.4x), Avg.   432 us, Total. 1.296 ms (0.0%)
[Performance] InitializeOnLoad EditorDelegateRegistration                                                                          :        3 samples, Peak.   456 us (1.1x), Avg.   400 us, Total. 1.201 ms (0.0%)
[Performance] InitializeOnLoad UIDocumentHierarchyWatcher                                                                          :        3 samples, Peak.  78.2 us (1.2x), Avg.  62.6 us, Total. 187.8 us (0.0%)
[Performance] InitializeOnLoad LiveReloadTrackerCreator                                                                            :        3 samples, Peak.   155 us (1.1x), Avg.   137 us, Total. 411.0 us (0.0%)
[Performance] InitializeOnLoad UxmlObjectEditorFactories                                                                           :        3 samples, Peak.   354 us (1.0x), Avg.   347 us, Total. 1.042 ms (0.0%)
[Performance] InitializeOnLoad UXMLEditorFactories                                                                                 :        3 samples, Peak.  37.1 ms (1.0x), Avg.  35.9 ms, Total. 107.6 ms (0.4%)
[Performance] InitializeOnLoad PurchasingService                                                                                   :        3 samples, Peak.  4.75 ms (1.1x), Avg.  4.43 ms, Total. 13.30 ms (0.1%)
[Performance] InitializeOnLoad CloudBuildPoller                                                                                    :        3 samples, Peak.  71.5 us (1.1x), Avg.  67.7 us, Total. 203.1 us (0.0%)
[Performance] InitializeOnLoad EditorGameServicesAnalytics                                                                         :        3 samples, Peak.   829 us (1.3x), Avg.   656 us, Total. 1.969 ms (0.0%)
[Performance] InitializeOnLoad AnalyticsService                                                                                    :        3 samples, Peak.   131 us (1.1x), Avg.   115 us, Total. 346.0 us (0.0%)
[Performance] InitializeOnLoad BuildService                                                                                        :        3 samples, Peak.   115 us (1.1x), Avg.   103 us, Total. 308.5 us (0.0%)
[Performance] InitializeOnLoad AdsService                                                                                          :        3 samples, Peak.   284 us (1.2x), Avg.   243 us, Total. 728.2 us (0.0%)
[Performance] InitializeOnLoad UDPService                                                                                          :        3 samples, Peak.   164 us (1.5x), Avg.   112 us, Total. 335.1 us (0.0%)
[Performance] InitializeOnLoad CrashService                                                                                        :        3 samples, Peak.   105 us (1.1x), Avg.  94.8 us, Total. 284.5 us (0.0%)
[Performance] InitializeOnLoad ServicesRepository                                                                                  :        3 samples, Peak.   375 ns (1.5x), Avg.   250 ns, Total. 751.0 ns (0.0%)
[Performance] InitializeOnLoad SearchWindow                                                                                        :        3 samples, Peak.  88.6 us (1.0x), Avg.  85.8 us, Total. 257.3 us (0.0%)
[Performance] InitializeOnLoad CustomIndexers                                                                                      :        3 samples, Peak.  10.3 ms (1.0x), Avg.  9.92 ms, Total. 29.75 ms (0.1%)
[Performance] InitializeOnLoad SearchMonitor                                                                                       :        3 samples, Peak.   656 us (1.1x), Avg.   599 us, Total. 1.796 ms (0.0%)
[Performance] InitializeOnLoad ParameterControllerEditor                                                                           :        3 samples, Peak.  15.4 us (1.3x), Avg.  11.5 us, Total. 34.46 us (0.0%)
[Performance] InitializeOnLoad LayerSettingsWindow                                                                                 :        3 samples, Peak.  16.5 us (1.4x), Avg.  11.5 us, Total. 34.37 us (0.0%)
[Performance] InitializeOnLoad PackageManagerHookGUIDConverter.RegisterPackagesEventHandler                                        :        3 samples, Peak.   491 us (2.4x), Avg.   202 us, Total. 605.9 us (0.0%)
[Performance] InitializeOnLoad EditorDragAndDrop.RegisterEditorClient                                                              :        3 samples, Peak.   131 us (1.1x), Avg.   125 us, Total. 374.9 us (0.0%)
[Performance] InitializeOnLoad EditorEventCallbacks.InitializeFontAssetResourceChangeCallBacks                                     :        3 samples, Peak.   679 us (1.1x), Avg.   608 us, Total. 1.823 ms (0.0%)
[Performance] InitializeOnLoad SceneTemplateService.Init                                                                           :        3 samples, Peak.   718 us (1.0x), Avg.   704 us, Total. 2.112 ms (0.0%)
[Performance] InitializeOnLoad DiagnosticSwitchesConsoleMessage.Init                                                               :        3 samples, Peak.  2.43 ms (1.4x), Avg.  1.78 ms, Total. 5.331 ms (0.0%)
[Performance] InitializeOnLoad EditorWindow.Initialize                                                                             :        3 samples, Peak.   149 us (1.0x), Avg.   143 us, Total. 427.8 us (0.0%)
[Performance] InitializeOnLoad MemoryProfilerCompilationGuard.InjectCompileGuard                                                   :        3 samples, Peak.   111 us (1.2x), Avg.  94.8 us, Total. 284.5 us (0.0%)
[Performance] InitializeOnLoad ToolShortcutContext.Init                                                                            :        3 samples, Peak.  67.5 us (1.0x), Avg.  65.2 us, Total. 195.6 us (0.0%)
[Performance] InitializeOnLoad SceneVisibilityManager.Initialize                                                                   :        3 samples, Peak.  2.18 ms (2.0x), Avg.  1.11 ms, Total. 3.339 ms (0.0%)
[Performance] InitializeOnLoad AssetPostprocessingInternal.RefreshCustomDependencies                                               :        3 samples, Peak.  2.06 ms (1.4x), Avg.  1.46 ms, Total. 4.378 ms (0.0%)
[Performance] InitializeOnLoad SysrootManager.Initialize                                                                           :        3 samples, Peak.   314 us (1.1x), Avg.   296 us, Total. 888.2 us (0.0%)
[Performance] InitializeOnLoad ScopedRegistryAddedPopup.SubscribeToRegistriesAdded                                                 :        3 samples, Peak.   120 us (1.3x), Avg.  93.0 us, Total. 279.1 us (0.0%)
[Performance] InitializeOnLoad PackageManagerWindow.EditorInitializedInSafeMode                                                    :        3 samples, Peak.  65.6 us (1.9x), Avg.  34.3 us, Total. 103.0 us (0.0%)
[Performance] AssemblyReloadEvents.afterAssemblyReload: UnityEditor.PackageManager.TuanjiePathAndNameFix.FixTuanjieNameOrPath      :        3 samples, Peak.  2.22 ms (1.2x), Avg.  1.84 ms, Total. 5.512 ms (0.0%)
[Performance] AssemblyReloadEvents.afterAssemblyReload: UnityEditor.SceneTemplate.SceneTemplateService.AfterAssemblyReload         :        3 samples, Peak.  2.06 ms (1.5x), Avg.  1.41 ms, Total. 4.245 ms (0.0%)
[Performance] ProcessService.EditorAfterLoadAllAssemblies                                                                          :        3 samples, Peak.   199 us (1.0x), Avg.   194 us, Total. 581.8 us (0.0%)
[Performance] Application.ReadLicenseInfo                                                                                          :        1 samples, Peak.  14.2 ms (1.0x), Avg.  14.2 ms, Total. 14.17 ms (0.1%)
[Performance] Application.InitialRefresh                                                                                           :        1 samples, Peak.  2.29 s (1.0x), Avg.  2.29 s, Total. 2.293 s (9.3%)
[Performance] ShaderImporter.SourceAssetModified                                                                                   :        2 samples, Peak.   417 ns (1.7x), Avg.   250 ns, Total. 500.0 ns (0.0%)
[Performance] ShaderIncludeImporter.SourceAssetModified                                                                            :        2 samples, Peak.   625 ns (1.1x), Avg.   562 ns, Total. 1.125 us (0.0%)
[Performance] Compiling Scripts                                                                                                    :        1 samples, Peak.   557 ms (1.0x), Avg.   557 ms, Total. 557.4 ms (2.3%)
[Performance] AssemblyReloadEvents.beforeAssemblyReload: UnityEditor.SceneTemplate.SceneTemplateService.BeforeAssemblyReload       :        2 samples, Peak.   423 us (1.2x), Avg.   352 us, Total. 704.3 us (0.0%)
[Performance] PresetManagerPostProcessor.OnPreprocessAsset                                                                         :        1 samples, Peak.   728 us (1.0x), Avg.   728 us, Total. 728.3 us (0.0%)
[Performance] CancelSplashScreenOnAssetChange.OnPreprocessAsset                                                                    :        1 samples, Peak.  79.3 us (1.0x), Avg.  79.3 us, Total. 79.33 us (0.0%)
[Performance] InitializeOnLoad M3ReplayFailureCapture                                                                              :        2 samples, Peak.   104 us (1.0x), Avg.   103 us, Total. 206.6 us (0.0%)
[Performance] InitializeOnLoad M3FuelPlaytest                                                                                      :        2 samples, Peak.   134 us (1.0x), Avg.   132 us, Total. 264.6 us (0.0%)
[Performance] InitializeOnLoad M7IdentityReview                                                                                    :        2 samples, Peak.  34.7 us (1.0x), Avg.  33.8 us, Total. 67.54 us (0.0%)
[Performance] InitializeOnLoad M6ResultsCapture                                                                                    :        2 samples, Peak.  39.3 us (1.2x), Avg.  34.0 us, Total. 68.00 us (0.0%)
[Performance] InitializeOnLoad MacVideoShareBuilder                                                                                :        2 samples, Peak.  68.0 us (1.0x), Avg.  66.4 us, Total. 132.7 us (0.0%)
[Performance] InitializeOnLoad MainLoopPlaytest                                                                                    :        2 samples, Peak.  28.0 us (1.0x), Avg.  26.8 us, Total. 53.63 us (0.0%)
[Performance] InitializeOnLoad M2LobbyCapture                                                                                      :        2 samples, Peak.  36.3 us (1.1x), Avg.  32.7 us, Total. 65.46 us (0.0%)
[Performance] InitializeOnLoad NetPlaytest                                                                                         :        2 samples, Peak.  95.1 us (1.0x), Avg.  94.7 us, Total. 189.4 us (0.0%)
[Performance] InitializeOnLoad M4CoopCapture                                                                                       :        2 samples, Peak.   463 us (1.0x), Avg.   462 us, Total. 924.3 us (0.0%)
[Performance] InitializeOnLoad M1ReviewCapture                                                                                     :        2 samples, Peak.  31.7 us (1.0x), Avg.  31.6 us, Total. 63.17 us (0.0%)
[Performance] InitializeOnLoad CodelyToolbar                                                                                       :        2 samples, Peak.  88.6 us (1.0x), Avg.  87.4 us, Total. 174.9 us (0.0%)
[Performance] InitializeOnLoad CodelyLayoutInstaller                                                                               :        2 samples, Peak.  36.9 us (1.0x), Avg.  36.3 us, Total. 72.58 us (0.0%)
[Performance] InitializeOnLoad SelectionChangedNotifier                                                                            :        2 samples, Peak.  62.4 us (1.0x), Avg.  61.5 us, Total. 123.0 us (0.0%)
[Performance] InitializeOnLoad UnityTcpBridge                                                                                      :        2 samples, Peak.   279 us (1.0x), Avg.   274 us, Total. 547.3 us (0.0%)
[Performance] InitializeOnLoad BridgeUpdateRestartPrompt                                                                           :        2 samples, Peak.  31.5 us (1.0x), Avg.  31.3 us, Total. 62.67 us (0.0%)
[Performance] InitializeOnLoad TmpEssentialsAutoImporter                                                                           :        2 samples, Peak.  31.0 us (1.0x), Avg.  30.6 us, Total. 61.25 us (0.0%)
[Performance] InitializeOnLoad NativeDllLoader                                                                                     :        2 samples, Peak.   336 us (1.0x), Avg.   335 us, Total. 670.1 us (0.0%)
[Performance] InitializeOnLoad DialogWatcher                                                                                       :        2 samples, Peak.   567 us (1.1x), Avg.   504 us, Total. 1.008 ms (0.0%)
[Performance] InitializeOnLoad StepJobRunner                                                                                       :        2 samples, Peak.  2.34 ms (1.0x), Avg.  2.26 ms, Total. 4.517 ms (0.0%)
[Performance] InitializeOnLoad ManageWindowBridge                                                                                  :        2 samples, Peak.   445 us (1.0x), Avg.   426 us, Total. 851.3 us (0.0%)
[Performance] InitializeOnLoad PrefabLayoutRebuilder                                                                               :        2 samples, Peak.   133 us (1.0x), Avg.   129 us, Total. 257.5 us (0.0%)
[Performance] InitializeOnLoad ManageScreenshot.ScheduleStaleCaptureWindowCleanup                                                  :        2 samples, Peak.  1.49 ms (1.1x), Avg.  1.42 ms, Total. 2.845 ms (0.0%)
[Performance] InitializeOnLoad ManageInput.Initialize                                                                              :        2 samples, Peak.   115 us (1.1x), Avg.   107 us, Total. 214.4 us (0.0%)
[Performance] InitializeOnLoad NativeWindowBridgeHost.OnDomainReload                                                               :        2 samples, Peak.  3.56 ms (1.1x), Avg.  3.24 ms, Total. 6.486 ms (0.0%)
[Performance] InitializeOnLoad DrillWindow.AutoOpenOnLoadIfDrillIncomplete                                                         :        2 samples, Peak.  1.14 ms (1.1x), Avg.  1.06 ms, Total. 2.128 ms (0.0%)
[Performance] InitializeOnLoad CodelyWindow.RegisterReloadEvents                                                                   :        2 samples, Peak.   308 us (1.0x), Avg.   299 us, Total. 598.5 us (0.0%)
[Performance] InitializeOnLoad CodelyLogger.Init                                                                                   :        2 samples, Peak.  48.5 us (1.0x), Avg.  46.7 us, Total. 93.46 us (0.0%)
[Performance] DidReloadScriptsAdvancedDropdownWindow.OnScriptReload                                                                :        2 samples, Peak.   125 us (1.0x), Avg.   122 us, Total. 243.2 us (0.0%)
[Performance] AssetDatabase.ImportAssets                                                                                           :        3 samples, Peak.   459 ns (1.8x), Avg.   250 ns, Total. 751.0 ns (0.0%)
[Performance] VersionControl.Task.Wait                                                                                             :        1 samples, Peak.  7.00 us (1.0x), Avg.  7.00 us, Total. 7.000 us (0.0%)
[Performance] BuilderAssetPostprocessor.OnPostprocessAllAssets                                                                     :        2 samples, Peak.  4.01 ms (1.0x), Avg.  3.96 ms, Total. 7.915 ms (0.0%)
[Performance] ArtifactBrowserPostProcessor.OnPostprocessAllAssets                                                                  :        2 samples, Peak.   393 us (1.0x), Avg.   392 us, Total. 784.1 us (0.0%)
[Performance] AssetEvents.OnPostprocessAllAssets                                                                                   :        4 samples, Peak.   131 us (1.6x), Avg.  82.7 us, Total. 330.9 us (0.0%)
[Performance] AudioMixerPostprocessor.OnPostprocessAllAssets                                                                       :        2 samples, Peak.   242 us (1.0x), Avg.   242 us, Total. 483.1 us (0.0%)
[Performance] DomainReloadPostprocessor.OnPostprocessAllAssets                                                                     :        4 samples, Peak.  1.81 ms (1.1x), Avg.  1.64 ms, Total. 6.577 ms (0.0%)
[Performance] StyleCatalogPostProcessor.OnPostprocessAllAssets                                                                     :        2 samples, Peak.  14.8 ms (1.0x), Avg.  14.7 ms, Total. 29.50 ms (0.1%)
[Performance] BuildCatalog                                                                                                         :        1 samples, Peak.  13.9 ms (1.0x), Avg.  13.9 ms, Total. 13.93 ms (0.1%)
[Performance] ModelImporterPostProcessor.OnPostprocessAllAssets                                                                    :        2 samples, Peak.   736 us (1.0x), Avg.   735 us, Total. 1.470 ms (0.0%)
[Performance] RetainedModeAssetPostprocessor.OnPostprocessAllAssets                                                                :        2 samples, Peak.  1.60 ms (1.0x), Avg.  1.60 ms, Total. 3.193 ms (0.0%)
[Performance] AssetChangedListener.OnPostprocessAllAssets                                                                          :        2 samples, Peak.  1.46 ms (1.0x), Avg.  1.46 ms, Total. 2.925 ms (0.0%)
[Performance] SpeedTreePostProcessor.OnPostprocessAllAssets                                                                        :        2 samples, Peak.   168 us (1.0x), Avg.   167 us, Total. 333.2 us (0.0%)
[Performance] TextAssetPostProcessor.OnPostprocessAllAssets                                                                        :        2 samples, Peak.   391 us (1.0x), Avg.   390 us, Total. 780.5 us (0.0%)
[Performance] SyncVS.PostprocessSyncProject                                                                                        :        2 samples, Peak.  1.07 ms (1.1x), Avg.   968 us, Total. 1.936 ms (0.0%)
[Performance] Application.ImportPackagesAndSetTemplateWhenCreatingProject                                                          :        1 samples, Peak.  16.3 ms (1.0x), Avg.  16.3 ms, Total. 16.30 ms (0.1%)
[Performance] Application.SyncCurrentColorSpace                                                                                    :        1 samples, Peak.  9.22 ms (1.0x), Avg.  9.22 ms, Total. 9.224 ms (0.0%)
[Performance] Application.OnUsbDevicesChanged                                                                                      :        1 samples, Peak.   106 us (1.0x), Avg.   106 us, Total. 105.5 us (0.0%)
[Performance] Application.AssetInstanceCacheUpdate                                                                                 :        1 samples, Peak.   166 ns (1.0x), Avg.   166 ns, Total. 166.0 ns (0.0%)
[Performance] Application.UnityExtensions.Initialize                                                                               :        1 samples, Peak.  1.41 ms (1.0x), Avg.  1.41 ms, Total. 1.412 ms (0.0%)
[Performance] CodeEditorProjectSync.SyncEditorProject                                                                              :        1 samples, Peak.  92.8 us (1.0x), Avg.  92.8 us, Total. 92.79 us (0.0%)
[Performance] Application.ExecuteStartups                                                                                          :        1 samples, Peak.  47.1 ms (1.0x), Avg.  47.1 ms, Total. 47.13 ms (0.2%)
[Performance] Menu.RegisterMenuInterface                                                                                           :       26 samples, Peak.  2.50 us (10.0x), Avg.   250 ns, Total. 6.500 us (0.0%)
[Performance] Gizmo.RebuildRenderers                                                                                               :        4 samples, Peak.  40.8 ms (2.1x), Avg.  19.2 ms, Total. 76.77 ms (0.3%)
[Performance] Gizmo.AddGizmoRenderers                                                                                              :      136 samples, Peak.  2.03 ms (62.6x), Avg.  32.4 us, Total. 4.400 ms (0.0%)
[Performance] Application.editorInitializingProject                                                                                :        1 samples, Peak.  2.73 ms (1.0x), Avg.  2.73 ms, Total. 2.731 ms (0.0%)
[Performance] Application.FinishLoadingProject                                                                                     :        1 samples, Peak.   110 ms (1.0x), Avg.   110 ms, Total. 110.5 ms (0.4%)
[Performance] Application.InitializeMenu                                                                                           :        1 samples, Peak.  34.2 ms (1.0x), Avg.  34.2 ms, Total. 34.24 ms (0.1%)
[Performance] Menu.RebuildAll                                                                                                      :        1 samples, Peak.  34.2 ms (1.0x), Avg.  34.2 ms, Total. 34.23 ms (0.1%)
[Performance] Menu.BuildRegisteredMenuInterfaces                                                                                   :        1 samples, Peak.  31.1 ms (1.0x), Avg.  31.1 ms, Total. 31.07 ms (0.1%)
[Performance] Menu.FilterMenuItem                                                                                                  :      875 samples, Peak.  15.4 ms (821.1x), Avg.  18.8 us, Total. 16.45 ms (0.1%)
[Performance] UpdateAllMenus                                                                                                       :        2 samples, Peak.  21.0 ms (2.0x), Avg.  10.8 ms, Total. 21.51 ms (0.1%)
[Performance] EditorSceneManager.sceneClosing: UnityEditor.SceneVisibilityManager.EditorSceneManagerOnSceneClosing                 :        4 samples, Peak.   192 us (2.2x), Avg.  87.1 us, Total. 348.6 us (0.0%)
[Performance] GUIView.RepaintAll.PlayerLoopController                                                                              :   151545 samples, Peak.  12.5 us (264.3x), Avg.  47.3 ns, Total. 7.167 ms (0.0%)
[Performance] EditorSceneManager.newSceneCreated: UnityEditor.SceneTemplate.SceneTemplateService.OnNewSceneCreated                 :        1 samples, Peak.   201 us (1.0x), Avg.   201 us, Total. 201.3 us (0.0%)
[Performance] EditorSceneManager.newSceneCreated: UnityEditor.SceneVisibilityManager.EditorSceneManagerOnNewSceneCreated           :        1 samples, Peak.   118 us (1.0x), Avg.   118 us, Total. 118.5 us (0.0%)
[Performance] EditorSceneManager.newSceneCreated: UnityEditor.SceneManagement.StageNavigationManager.OnNewSceneCreated             :        1 samples, Peak.  39.0 us (1.0x), Avg.  39.0 us, Total. 39.00 us (0.0%)
[Performance] Application.InvokeFinishedLoadingProject                                                                             :        1 samples, Peak.  6.07 ms (1.0x), Avg.  6.07 ms, Total. 6.073 ms (0.0%)
[Performance] ProcessService.OnProjectLoaded                                                                                       :        1 samples, Peak.  30.3 us (1.0x), Avg.  30.3 us, Total. 30.29 us (0.0%)
[Performance] EditorSceneManager.sceneOpening: UnityEditor.SceneVisibilityManager.EditorSceneManagerOnSceneOpening                 :        1 samples, Peak.  74.0 us (1.0x), Avg.  74.0 us, Total. 73.96 us (0.0%)
[Performance] Inspector.InitOrRebuild                                                                                              :        3 samples, Peak.   420 us (1.9x), Avg.   222 us, Total. 666.1 us (0.0%)
[Performance] EditorSceneManager.sceneOpened: UnityEditor.SceneTemplate.SceneTemplateService.OnSceneOpened                         :        1 samples, Peak.   195 us (1.0x), Avg.   195 us, Total. 195.2 us (0.0%)
[Performance] EditorSceneManager.sceneOpened: UnityEditor.SceneVisibilityManager.EditorSceneManagerOnSceneOpened                   :        1 samples, Peak.  63.2 us (1.0x), Avg.  63.2 us, Total. 63.21 us (0.0%)
[Performance] EditorSceneManager.sceneOpened: UnityEditor.SceneManagement.StageNavigationManager.OnSceneOpened                     :        1 samples, Peak.  28.2 us (1.0x), Avg.  28.2 us, Total. 28.17 us (0.0%)
[Performance] EditorApplication.playModeStateChanged                                                                               :        2 samples, Peak.  1.30 ms (1.9x), Avg.   692 us, Total. 1.383 ms (0.0%)
[Performance] EditorApplication.playModeStateChanged: UnityEditor.PackageManager.UI.Internal.ApplicationProxy.PlayModeStateChanged :        4 samples, Peak.   137 us (2.3x), Avg.  59.9 us, Total. 239.4 us (0.0%)
[Performance] EditorApplication.playModeStateChanged: UnityEditor.PackageManager.UI.Internal.PlayModeDownload.PlayModeStateChanged :        4 samples, Peak.   285 us (3.1x), Avg.  91.6 us, Total. 366.3 us (0.0%)
[Performance] EditorApplication.playModeStateChanged: UnityEditor.ObjectPool.PoolManager.OnEditorStateChange                       :        4 samples, Peak.   108 us (2.3x), Avg.  48.2 us, Total. 192.6 us (0.0%)
[Performance] EditorApplication.playModeStateChanged: UnityTcp.Editor.Tools.ManageInput.OnPlayModeStateChanged                     :        4 samples, Peak.  28.4 us (2.2x), Avg.  12.9 us, Total. 51.75 us (0.0%)
[Performance] EditorApplication.playModeStateChanged: UnityTcp.Editor.Native.NativeWindowBridgeHost.OnPlayModeStateChanged         :        4 samples, Peak.   184 us (2.1x), Avg.  88.0 us, Total. 351.9 us (0.0%)
[Performance] EditorApplication.playModeStateChanged: Cn.Tuanjie.Codely.Editor.CodelyWindow.OnPlayModeStateChanged                 :        4 samples, Peak.   128 us (1.9x), Avg.  67.1 us, Total. 268.6 us (0.0%)
[Performance] EditorApplication.playModeStateChanged: UnityEditor.SceneManagement.EditorSceneManager.PlayModeStateChangedCallback  :        4 samples, Peak.  24.3 us (2.2x), Avg.  11.2 us, Total. 44.75 us (0.0%)
[Performance] EditorApplication.playModeStateChanged: UnityEditor.SceneVisibilityManager.EditorApplicationPlayModeStateChanged     :        4 samples, Peak.  21.4 us (2.1x), Avg.  10.0 us, Total. 40.17 us (0.0%)
[Performance] Application.InvokeProjectWasLoaded                                                                                   :        1 samples, Peak.  22.2 us (1.0x), Avg.  22.2 us, Total. 22.21 us (0.0%)
[Performance] Application.Tick                                                                                                     :   151542 samples, Peak.  1.10 s (24262.7x), Avg.  45.5 us, Total. 6.890 s (28.0%)
[Performance] CheckLicensingClient                                                                                                 :        4 samples, Peak.  3.13 us (1.4x), Avg.  2.25 us, Total. 8.999 us (0.0%)
[Performance] CheckLicensingClientNotification                                                                                     :        4 samples, Peak.  3.79 us (1.1x), Avg.  3.35 us, Total. 13.42 us (0.0%)
[Performance] LicenseActivated.Tick                                                                                                :        1 samples, Peak.  6.67 us (1.0x), Avg.  6.67 us, Total. 6.667 us (0.0%)
[Performance] Application.TickVersionControl                                                                                       :   151543 samples, Peak.  74.3 us (482.7x), Avg.   154 ns, Total. 23.34 ms (0.1%)
[Performance] MonoCompiler.Tick                                                                                                    :       84 samples, Peak.   960 ms (83.9x), Avg.  11.4 ms, Total. 960.3 ms (3.9%)
[Performance] Application.EnterPlayMode                                                                                            :        1 samples, Peak.   947 ms (1.0x), Avg.   947 ms, Total. 947.0 ms (3.9%)
[Performance] Application.Reload                                                                                                   :        1 samples, Peak.   635 ms (1.0x), Avg.   635 ms, Total. 634.7 ms (2.6%)
[Performance] AssemblyReloadEvents.beforeAssemblyReload: UnityTcp.Editor.Native.NativeDllLoader.OnBeforeAssemblyReload             :        1 samples, Peak.  86.8 us (1.0x), Avg.  86.8 us, Total. 86.79 us (0.0%)
[Performance] AssemblyReloadEvents.beforeAssemblyReload: UnityTcp.Editor.Helpers.DetachedJobs.FlushIfDirty                         :        1 samples, Peak.   214 us (1.0x), Avg.   214 us, Total. 214.3 us (0.0%)
[Performance] AssemblyReloadEvents.beforeAssemblyReload: UnityTcp.Editor.Helpers.StepJobRunner.Save                                :        1 samples, Peak.   233 us (1.0x), Avg.   233 us, Total. 233.1 us (0.0%)
[Performance] AssemblyReloadEvents.beforeAssemblyReload: UnityTcp.Editor.Tools.ManageWindowBridge.OnBeforeAssemblyReload           :        1 samples, Peak.  14.5 us (1.0x), Avg.  14.5 us, Total. 14.50 us (0.0%)
[Performance] AssemblyReloadEvents.beforeAssemblyReload: UnityTcp.Editor.Tools.ManageScreenshot.CleanupRecordingBeforeDomainExit   :        1 samples, Peak.  15.6 us (1.0x), Avg.  15.6 us, Total. 15.62 us (0.0%)
[Performance] AssemblyReloadEvents.beforeAssemblyReload: UnityTcp.Editor.Native.NativeWindowBridgeHost.OnBeforeAssemblyReload      :        1 samples, Peak.  30.0 ms (1.0x), Avg.  30.0 ms, Total. 30.03 ms (0.1%)
[Performance] AssemblyReloadEvents.beforeAssemblyReload: Cn.Tuanjie.Codely.Editor.CodelyWindow.OnBeforeAssemblyReload              :        1 samples, Peak.   693 us (1.0x), Avg.   693 us, Total. 693.4 us (0.0%)
[Performance] SceneDataContainer.TransformHierarchyChangedSetParentCallback                                                        :     4998 samples, Peak.  9.67 us (30.4x), Avg.   318 ns, Total. 1.589 ms (0.0%)
[Performance] SceneVisibilityState.IsFlagSetInParents                                                                              :    13314 samples, Peak.  1.12 us (5.9x), Avg.   189 ns, Total. 2.522 ms (0.0%)
[Performance] UnityBuildPostprocessor.OnProcessScene                                                                               :        3 samples, Peak.   489 us (2.6x), Avg.   185 us, Total. 555.5 us (0.0%)
[Performance] UnityConnect.Tick                                                                                                    :        2 samples, Peak.  6.11 ms (2.0x), Avg.  3.08 ms, Total. 6.162 ms (0.0%)
[Performance] UnityVersionControl.Tick                                                                                             :        2 samples, Peak.  2.96 us (1.8x), Avg.  1.67 us, Total. 3.334 us (0.0%)
[Performance] CurlRequest.Tick                                                                                                     :      165 samples, Peak.  40.4 us (41.4x), Avg.   975 ns, Total. 160.9 us (0.0%)
[Performance] HubClient.Tick                                                                                                       :      165 samples, Peak.  3.83 us (13.0x), Avg.   294 ns, Total. 48.57 us (0.0%)
[Performance] AssetDatabase.Tick                                                                                                   :      165 samples, Peak.  37.7 us (92.3x), Avg.   409 ns, Total. 67.46 us (0.0%)
[Performance] SceneBackgroundTask.Tick                                                                                             :      110 samples, Peak.  4.21 us (33.6x), Avg.   125 ns, Total. 13.80 us (0.0%)
[Performance] Scheduler.Tick                                                                                                       :     1594 samples, Peak.  1.61 ms (336.6x), Avg.  4.78 us, Total. 7.613 ms (0.0%)
[Performance] RepaintAllProfilerWindows                                                                                            :       34 samples, Peak.   173 us (23.6x), Avg.  7.31 us, Total. 248.5 us (0.0%)
[Performance] PlayerUpdates.Tick                                                                                                   :      326 samples, Peak.   110 us (10.2x), Avg.  10.8 us, Total. 3.517 ms (0.0%)
[Performance] Application.TickGlobalCallbacks                                                                                      :   151543 samples, Peak.  36.6 ms (11720.8x), Avg.  3.13 us, Total. 473.6 ms (1.9%)
[Performance] EditorAnalytics.Tick                                                                                                 :       67 samples, Peak.  22.3 us (4.8x), Avg.  4.64 us, Total. 310.8 us (0.0%)
[Performance] Video.Update                                                                                                         :   151543 samples, Peak.  23.2 us (257.2x), Avg.  90.4 ns, Total. 13.70 ms (0.1%)
[Performance] Application.TickProgress                                                                                             :   151543 samples, Peak.  9.45 ms (73902.8x), Avg.   128 ns, Total. 19.38 ms (0.1%)
[Performance] Application.TickSceneTracker                                                                                         :   151542 samples, Peak.   789 ms (31386.2x), Avg.  25.1 us, Total. 3.808 s (15.5%)
[Performance] EditorApplication.update                                                                                             :   151542 samples, Peak.   789 ms (32574.1x), Avg.  24.2 us, Total. 3.669 s (14.9%)
[Performance] EditorApplication.update: UnityEditor.PackageManager.UI.Internal.ApplicationProxy.OnUpdate                           :   151543 samples, Peak.   568 us (2565.4x), Avg.   222 ns, Total. 33.58 ms (0.1%)
[Performance] EditorApplication.update: M3ReplayFailureCapture.Poll                                                                :   151543 samples, Peak.   202 us (495.5x), Avg.   407 ns, Total. 61.71 ms (0.3%)
[Performance] EditorApplication.update: M3FuelPlaytest.Poll                                                                        :   151543 samples, Peak.   141 us (734.8x), Avg.   192 ns, Total. 29.11 ms (0.1%)
[Performance] EditorApplication.update: M7IdentityReview.Poll                                                                      :   151543 samples, Peak.   288 us (1553.4x), Avg.   186 ns, Total. 28.12 ms (0.1%)
[Performance] EditorApplication.update: M6ResultsCapture.Poll                                                                      :   151543 samples, Peak.   136 us (756.3x), Avg.   179 ns, Total. 27.18 ms (0.1%)
[Performance] EditorApplication.update: MainLoopPlaytest.Poll                                                                      :   151543 samples, Peak.   102 us (555.4x), Avg.   184 ns, Total. 27.91 ms (0.1%)
[Performance] EditorApplication.update: M2LobbyCapture.Poll                                                                        :   151543 samples, Peak.  84.8 us (469.7x), Avg.   181 ns, Total. 27.36 ms (0.1%)
[Performance] EditorApplication.update: NetPlaytest.Poll                                                                           :   151542 samples, Peak.   789 ms (96673.5x), Avg.  8.16 us, Total. 1.236 s (5.0%)
[Performance] EditorApplication.update: M4CoopCapture.Poll                                                                         :   151542 samples, Peak.   114 us (498.9x), Avg.   228 ns, Total. 34.60 ms (0.1%)
[Performance] EditorApplication.update: M1ReviewCapture.Poll                                                                       :   151542 samples, Peak.  89.3 us (458.2x), Avg.   195 ns, Total. 29.54 ms (0.1%)
[Performance] EditorApplication.update: UnityTcp.Editor.Windows.CodelyToolbar.EnsureAttached                                       :   151542 samples, Peak.   317 us (24.8x), Avg.  12.8 us, Total. 1.935 s (7.9%)
[Performance] EditorApplication.update: UnityEditor.SceneManagement.StageNavigationManager.Update                                  :   151542 samples, Peak.   257 us (1772.2x), Avg.   145 ns, Total. 21.97 ms (0.1%)
[Performance] ConsoleLog.Tick                                                                                                      :       83 samples, Peak.   111 us (30.9x), Avg.  3.59 us, Total. 298.0 us (0.0%)
[Performance] HierarchyWindow.Tick                                                                                                 :      109 samples, Peak.   289 us (21.5x), Avg.  13.4 us, Total. 1.462 ms (0.0%)
[Performance] EditorApplication.hierarchyChanged: Unity.UIElements.Editor.UIDocumentHierarchyWatcher.OnHierarchyChanged            :        9 samples, Peak.  80.0 us (8.4x), Avg.  9.53 us, Total. 85.79 us (0.0%)
[Performance] Inspector.Tick                                                                                                       :      109 samples, Peak.  82.2 ms (102.7x), Avg.   800 us, Total. 87.23 ms (0.4%)
[Performance] EditorApplication.delayCall: UnityEditor.ShortcutManagement.ShortcutIntegration.EnsureShortcutsAreInitialized        :        1 samples, Peak.  20.6 ms (1.0x), Avg.  20.6 ms, Total. 20.62 ms (0.1%)
[Performance] EditorApplication.delayCall: callback in IslandAirport.Editor.MacVideoShareBuilder                                   :        1 samples, Peak.   143 us (1.0x), Avg.   143 us, Total. 142.7 us (0.0%)
[Performance] EditorApplication.delayCall: UnityTcp.Editor.Windows.CodelyToolbar.AttachToToolbar                                   :      109 samples, Peak.  1.09 ms (48.3x), Avg.  22.5 us, Total. 2.455 ms (0.0%)
[Performance] EditorApplication.delayCall: Cn.Tuanjie.Codely.Editor.CodelyLayoutInstaller.InstallCodelyLayout                      :        1 samples, Peak.  30.1 ms (1.0x), Avg.  30.1 ms, Total. 30.14 ms (0.1%)
[Performance] EditorApplication.delayCall: UnityTcp.Editor.Helpers.BridgeUpdateRestartPrompt.TryShowPendingPrompt                  :        1 samples, Peak.   142 us (1.0x), Avg.   142 us, Total. 141.6 us (0.0%)
[Performance] EditorApplication.delayCall: callback in UnityTcp.Editor.Tools.ManageScreenshot                                      :        1 samples, Peak.   133 us (1.0x), Avg.   133 us, Total. 133.1 us (0.0%)
[Performance] EditorApplication.delayCall: callback in UnityTcp.Editor.Native.NativeWindowBridgeHost                               :        1 samples, Peak.  28.8 ms (1.0x), Avg.  28.8 ms, Total. 28.80 ms (0.1%)
[Performance] EditorApplication.delayCall: callback in UnityEditor.EditorWindow                                                    :        1 samples, Peak.   880 us (1.0x), Avg.   880 us, Total. 880.0 us (0.0%)
[Performance] EditorApplication.delayCall: callback in UnityEditor.EditorTools.ToolShortcutContext                                 :        1 samples, Peak.  63.1 us (1.0x), Avg.  63.1 us, Total. 63.12 us (0.0%)
[Performance] EditorApplication.delayCall: callback in UnityEditor.SceneVisibilityManager                                          :        1 samples, Peak.  25.4 us (1.0x), Avg.  25.4 us, Total. 25.42 us (0.0%)
[Performance] Tooltip.Tick                                                                                                         :      325 samples, Peak.  4.75 us (17.3x), Avg.   274 ns, Total. 89.09 us (0.0%)
[Performance] Application.RequestRepaintForPanels                                                                                  :   151542 samples, Peak.   218 us (409.2x), Avg.   532 ns, Total. 80.65 ms (0.3%)
[Performance] Application.UpdateScene                                                                                              :   151542 samples, Peak.  88.1 ms (12109.8x), Avg.  7.28 us, Total. 1.103 s (4.5%)
[Performance] PackageImporter.Tick                                                                                                 :       82 samples, Peak.  7.04 us (17.0x), Avg.   414 ns, Total. 33.92 us (0.0%)
[Performance] InspectorBackground.Tick                                                                                             :      109 samples, Peak.  2.04 us (19.3x), Avg.   106 ns, Total. 11.54 us (0.0%)
[Performance] BurstDebug.Tick                                                                                                      :       33 samples, Peak.  1.58 us (2.8x), Avg.   568 ns, Total. 18.75 us (0.0%)
[Performance] Application.ChangeLayoutIfNeeded                                                                                     :   151542 samples, Peak.  17.4 us (424.7x), Avg.  40.9 ns, Total. 6.200 ms (0.0%)
[Performance] AsyncReadManager.ForceCloseFiles                                                                                     :       18 samples, Peak.   133 us (10.3x), Avg.  13.0 us, Total. 233.2 us (0.0%)
[Performance] Application.Message                                                                                                  :   151542 samples, Peak.  47.6 us (561.5x), Avg.  84.8 ns, Total. 12.85 ms (0.1%)
[Performance] Application.ExitPlayMode                                                                                             :        1 samples, Peak.  26.5 ms (1.0x), Avg.  26.5 ms, Total. 26.53 ms (0.1%)
[Performance] CoreBusinessMetrics.Tick                                                                                             :        1 samples, Peak.  39.8 us (1.0x), Avg.  39.8 us, Total. 39.83 us (0.0%)
[Performance] GI.Tick                                                                                                              :        1 samples, Peak.   456 us (1.0x), Avg.   456 us, Total. 456.3 us (0.0%)
[Performance] UnitySynchronization.ExecuteTasks                                                                                    :        1 samples, Peak.  2.33 us (1.0x), Avg.  2.33 us, Total. 2.333 us (0.0%)
[Performance] Application.TickPreloadManager                                                                                       :        1 samples, Peak.  1.38 us (1.0x), Avg.  1.38 us, Total. 1.375 us (0.0%)
[Performance] Application.Shutdown.SaveDefaultWindowPreferences                                                                    :        1 samples, Peak.  30.2 us (1.0x), Avg.  30.2 us, Total. 30.21 us (0.0%)
[Performance] Application.Shutdown.SaveSceneManagerSetup                                                                           :        1 samples, Peak.   203 us (1.0x), Avg.   203 us, Total. 202.6 us (0.0%)
[Performance] Application.Shutdown.CleanupAllContainerWindows                                                                      :        1 samples, Peak.   292 ns (1.0x), Avg.   292 ns, Total. 292.0 ns (0.0%)
[Performance] EditorApplication.quitting: UnityTcp.Editor.Native.NativeDllLoader.OnEditorQuitting                                  :        1 samples, Peak.   118 us (1.0x), Avg.   118 us, Total. 118.0 us (0.0%)
[Performance] EditorApplication.quitting: UnityTcp.Editor.Tools.ManageWindowBridge.OnEditorQuitting                                :        1 samples, Peak.   350 us (1.0x), Avg.   350 us, Total. 349.9 us (0.0%)
[Performance] EditorApplication.quitting: UnityTcp.Editor.Tools.ManageScreenshot.CleanupRecordingBeforeDomainExit                  :        1 samples, Peak.  14.7 us (1.0x), Avg.  14.7 us, Total. 14.75 us (0.0%)
[Performance] EditorApplication.quitting: Cn.Tuanjie.Codely.Editor.CodelyWindow.OnEditorQuitting                                   :        1 samples, Peak.   408 us (1.0x), Avg.   408 us, Total. 408.0 us (0.0%)
[Performance] EditorApplication.quitting: callback in UnityEditor.TextCore.Text.EditorEventCallbacks                               :        1 samples, Peak.  2.09 ms (1.0x), Avg.  2.09 ms, Total. 2.090 ms (0.0%)
[Performance] Killing ADB server                                                                                                   :        1 samples, Peak.  38.2 ms (1.0x), Avg.  38.2 ms, Total. 38.17 ms (0.2%)
[Performance] Application.Shutdown.PauseProfilerSession                                                                            :        1 samples, Peak.  18.7 us (1.0x), Avg.  18.7 us, Total. 18.75 us (0.0%)
[Performance] Application.Shutdown.PauseAssetImportWorkers                                                                         :        1 samples, Peak.   187 us (1.0x), Avg.   187 us, Total. 187.5 us (0.0%)
[Performance] Application.Shutdown.SaveAssets                                                                                      :        1 samples, Peak.  3.40 ms (1.0x), Avg.  3.40 ms, Total. 3.401 ms (0.0%)
[Performance] BuilderAssetModificationProcessor.OnWillSaveAssets                                                                   :        1 samples, Peak.   316 us (1.0x), Avg.   316 us, Total. 316.1 us (0.0%)
[Performance] TerrainModificationProcessor.OnWillSaveAssets                                                                        :        1 samples, Peak.   411 us (1.0x), Avg.   411 us, Total. 411.5 us (0.0%)
[Performance] Application.Shutdown.CleanupRenderPipeline                                                                           :        1 samples, Peak.  8.58 us (1.0x), Avg.  8.58 us, Total. 8.583 us (0.0%)
[Performance] Application.Shutdown.StopPreloadManager                                                                              :        1 samples, Peak.  11.0 ms (1.0x), Avg.  11.0 ms, Total. 11.04 ms (0.0%)
[Performance] Application.Shutdown.DestroyWorld                                                                                    :        1 samples, Peak.  1.05 ms (1.0x), Avg.  1.05 ms, Total. 1.050 ms (0.0%)
[Performance] Application.Shutdown.CleanupAfterLoad                                                                                :        1 samples, Peak.  2.40 ms (1.0x), Avg.  2.40 ms, Total. 2.404 ms (0.0%)
[Performance] Application.Shutdown.Progress                                                                                        :        1 samples, Peak.  7.08 us (1.0x), Avg.  7.08 us, Total. 7.083 us (0.0%)
[Performance] Application.Shutdown.GICleanupManagers                                                                               :        1 samples, Peak.   556 us (1.0x), Avg.   556 us, Total. 555.9 us (0.0%)
[Performance] Application.Shutdown.MenuCleanupClass                                                                                :        1 samples, Peak.  68.1 us (1.0x), Avg.  68.1 us, Total. 68.13 us (0.0%)
[Performance] Application.Shutdown.ADBSaveStateBeforeShutdown                                                                      :        1 samples, Peak.  6.88 us (1.0x), Avg.  6.88 us, Total. 6.875 us (0.0%)
[Performance] Application.Shutdown.RemoteShutdown                                                                                  :        1 samples, Peak.   583 ns (1.0x), Avg.   583 ns, Total. 583.0 ns (0.0%)
[Performance] Application.Shutdown.CleanupVCProvider                                                                               :        1 samples, Peak.  6.46 us (1.0x), Avg.  6.46 us, Total. 6.458 us (0.0%)
[Performance] Application.Shutdown.InputShutdown                                                                                   :        1 samples, Peak.   208 us (1.0x), Avg.   208 us, Total. 208.3 us (0.0%)
[Performance] Application.Shutdown.GizmoManagerDestroy                                                                             :        1 samples, Peak.   411 us (1.0x), Avg.   411 us, Total. 410.8 us (0.0%)
[Performance] Application.Shutdown.ProfilerSession                                                                                 :        1 samples, Peak.  92.4 us (1.0x), Avg.  92.4 us, Total. 92.42 us (0.0%)
[Performance] Application.Shutdown.ReleaseGfxWindowOnAllGUIViews                                                                   :        1 samples, Peak.  1.29 us (1.0x), Avg.  1.29 us, Total. 1.292 us (0.0%)
[Performance] Application.Shutdown.CleanupEngine                                                                                   :        1 samples, Peak.  81.1 ms (1.0x), Avg.  81.1 ms, Total. 81.07 ms (0.3%)
[Performance] Application.Shutdown.CleanupAssetDatabase                                                                            :        1 samples, Peak.  1.43 ms (1.0x), Avg.  1.43 ms, Total. 1.427 ms (0.0%)
[Performance] Application.Shutdown.ScriptCompilationCleanUp                                                                        :        1 samples, Peak.  10.3 us (1.0x), Avg.  10.3 us, Total. 10.33 us (0.0%)
[Performance] Application.Shutdown.DestroyJobSystem                                                                                :        1 samples, Peak.   288 us (1.0x), Avg.   288 us, Total. 287.8 us (0.0%)
[Performance] Application.Shutdown.CleanupPersistentManager                                                                        :        1 samples, Peak.   764 us (1.0x), Avg.   764 us, Total. 764.3 us (0.0%)
[Performance] Application.Shutdown.CleanupAsyncReadManager                                                                         :        1 samples, Peak.  75.1 us (1.0x), Avg.  75.1 us, Total. 75.08 us (0.0%)
[Performance] Application.Shutdown.CleanupMono                                                                                     :        1 samples, Peak.  25.6 ms (1.0x), Avg.  25.6 ms, Total. 25.64 ms (0.1%)
[Performance] Application.Shutdown.CleanupStdConverters                                                                            :        1 samples, Peak.  8.12 us (1.0x), Avg.  8.12 us, Total. 8.125 us (0.0%)
[Performance] Application.Shutdown.UnloadAllPlatformSupportModuleNativeDlls                                                        :        1 samples, Peak.   333 ns (1.0x), Avg.   333 ns, Total. 333.0 ns (0.0%)
[Performance] Application.Shutdown.UnloadAllPlatformSupportNativeLibraries                                                         :        1 samples, Peak.   250 ns (1.0x), Avg.   250 ns, Total. 250.0 ns (0.0%)
[Performance] Application.Shutdown.CleanupAutoDocumentation                                                                        :        1 samples, Peak.   134 us (1.0x), Avg.   134 us, Total. 133.6 us (0.0%)
[Performance] Application.Shutdown.ShaderNameManagerDestroy                                                                        :        1 samples, Peak.  23.5 us (1.0x), Avg.  23.5 us, Total. 23.46 us (0.0%)
[Performance] Application.Shutdown.CleanupCacheServer                                                                              :        1 samples, Peak.   125 ns (1.0x), Avg.   125 ns, Total. 125.0 ns (0.0%)
[Performance] Application.Shutdown.Virtualization_Shutdown                                                                         :        1 samples, Peak.   208 ns (1.0x), Avg.   208 ns, Total. 208.0 ns (0.0%)
[Performance] Application.Shutdown.DevConnections                                                                                  :        1 samples, Peak.  57.3 us (1.0x), Avg.  57.3 us, Total. 57.33 us (0.0%)
[Package Manager] Server::Kill -- Server was shutdown
Checking for leaked weakptr:
  Found no leaked weakptrs.
Memory Statistics:
[ALLOC_TEMP_TLS] TLS Allocator
  StackAllocators : 
    [ALLOC_TEMP_CurlRequest]
      Initial Block Size 64.0 KB
      Current Block Size 64.0 KB
      Peak Allocated Bytes 0 B
      Overflow Count 0
    [ALLOC_TEMP_MAIN]
      Peak usage frame count: [4.0 KB-8.0 KB]: 1697 frames, [8.0 KB-16.0 KB]: 2 frames, [16.0 KB-32.0 KB]: 2 frames, [32.0 KB-64.0 KB]: 1 frames, [128.0 KB-256.0 KB]: 1 frames, [256.0 KB-0.5 MB]: 2 frames, [4.0 MB-8.0 MB]: 2 frames, [8.0 MB-16.0 MB]: 1 frames
      Initial Block Size 16.0 MB
      Current Block Size 16.0 MB
      Peak Allocated Bytes 13.3 MB
      Overflow Count 0
    [ALLOC_TEMP_Background Job.Worker 8]
      Initial Block Size 32.0 KB
      Current Block Size 32.0 KB
      Peak Allocated Bytes 0 B
      Overflow Count 0
    [ALLOC_TEMP_Job.Worker 4]
      Initial Block Size 256.0 KB
      Current Block Size 256.0 KB
      Peak Allocated Bytes 20.4 KB
      Overflow Count 1
    [ALLOC_TEMP_BakingJobs.Worker 5]
      Initial Block Size 256.0 KB
      Current Block Size 256.0 KB
      Peak Allocated Bytes 0 B
      Overflow Count 0
    [ALLOC_TEMP_Background Job.Worker 11]
      Initial Block Size 32.0 KB
      Current Block Size 32.0 KB
      Peak Allocated Bytes 0 B
      Overflow Count 0
    [ALLOC_TEMP_Background Job.Worker 3]
      Initial Block Size 32.0 KB
      Current Block Size 32.0 KB
      Peak Allocated Bytes 0 B
      Overflow Count 0
    [ALLOC_TEMP_BatchDeleteObjects]
      Initial Block Size 64.0 KB
      Current Block Size 64.0 KB
      Peak Allocated Bytes 0 B
      Overflow Count 0
    [ALLOC_TEMP_CoreBusinessMetricsCache]
      Initial Block Size 64.0 KB
      Current Block Size 64.0 KB
      Peak Allocated Bytes 7.9 KB
      Overflow Count 0
    [ALLOC_TEMP_REST Message Handler]
      Initial Block Size 64.0 KB
      Current Block Size 64.0 KB
      Peak Allocated Bytes 0 B
      Overflow Count 0
    [ALLOC_TEMP_AssetDatabase.IOService]
      Initial Block Size 64.0 KB
      Current Block Size 64.0 KB
      Peak Allocated Bytes 0 B
      Overflow Count 0
    [ALLOC_TEMP_Background Job.Worker 2]
      Initial Block Size 32.0 KB
      Current Block Size 32.0 KB
      Peak Allocated Bytes 141 B
      Overflow Count 0
    [ALLOC_TEMP_Loading.PreloadManager] x 3
      Initial Block Size 32.0 MB
      Current Block Size 32.0 MB
      Peak Allocated Bytes 1.4 MB
      Overflow Count 0
    [ALLOC_TEMP_Profiler.Dispatcher]
      Initial Block Size 64.0 KB
      Current Block Size 64.0 KB
      Peak Allocated Bytes 0 B
      Overflow Count 0
    [ALLOC_TEMP_Job.Worker 3]
      Initial Block Size 256.0 KB
      Current Block Size 0.8 MB
      Peak Allocated Bytes 0.8 MB
      Overflow Count 0
    [ALLOC_TEMP_BakingJobs.Worker 7]
      Initial Block Size 256.0 KB
      Current Block Size 256.0 KB
      Peak Allocated Bytes 0 B
      Overflow Count 0
    [ALLOC_TEMP_Background Job.Worker 5]
      Initial Block Size 32.0 KB
      Current Block Size 32.0 KB
      Peak Allocated Bytes 0 B
      Overflow Count 0
    [ALLOC_TEMP_CurlRequest]
      Initial Block Size 64.0 KB
      Current Block Size 64.0 KB
      Peak Allocated Bytes 0 B
      Overflow Count 0
    [ALLOC_TEMP_Background Job.Worker 13]
      Initial Block Size 32.0 KB
      Current Block Size 32.0 KB
      Peak Allocated Bytes 0 B
      Overflow Count 0
    [ALLOC_TEMP_Job.Worker 2]
      Initial Block Size 256.0 KB
      Current Block Size 256.0 KB
      Peak Allocated Bytes 20.4 KB
      Overflow Count 1
    [ALLOC_TEMP_BakingJobs.Worker 6]
      Initial Block Size 256.0 KB
      Current Block Size 256.0 KB
      Peak Allocated Bytes 0 B
      Overflow Count 0
    [ALLOC_TEMP_Job.Worker 0]
      Initial Block Size 256.0 KB
      Current Block Size 256.0 KB
      Peak Allocated Bytes 5.6 KB
      Overflow Count 0
    [ALLOC_TEMP_Job.Worker 5]
      Initial Block Size 256.0 KB
      Current Block Size 256.0 KB
      Peak Allocated Bytes 5.6 KB
      Overflow Count 1
    [ALLOC_TEMP_ReadCacheIndex] x 3
      Initial Block Size 64.0 KB
      Current Block Size 64.0 KB
      Peak Allocated Bytes 1.0 KB
      Overflow Count 0
    [ALLOC_TEMP_Job.Worker 6]
      Initial Block Size 256.0 KB
      Current Block Size 256.0 KB
      Peak Allocated Bytes 5.6 KB
      Overflow Count 1
    [ALLOC_TEMP_BakingJobs.Worker 8]
      Initial Block Size 256.0 KB
      Current Block Size 256.0 KB
      Peak Allocated Bytes 0 B
      Overflow Count 0
    [ALLOC_TEMP_Background Job.Worker 9]
      Initial Block Size 32.0 KB
      Current Block Size 32.0 KB
      Peak Allocated Bytes 0 B
      Overflow Count 0
    [ALLOC_TEMP_BakingJobs.Worker 1]
      Initial Block Size 256.0 KB
      Current Block Size 256.0 KB
      Peak Allocated Bytes 340 B
      Overflow Count 0
    [ALLOC_TEMP_Loading.AsyncRead]
      Initial Block Size 64.0 KB
      Current Block Size 64.0 KB
      Peak Allocated Bytes 236 B
      Overflow Count 0
    [ALLOC_TEMP_Background Job.Worker 10]
      Initial Block Size 32.0 KB
      Current Block Size 32.0 KB
      Peak Allocated Bytes 0 B
      Overflow Count 0
    [ALLOC_TEMP_Background Job.Worker 6]
      Initial Block Size 32.0 KB
      Current Block Size 32.0 KB
      Peak Allocated Bytes 0 B
      Overflow Count 0
    [ALLOC_TEMP_BakingJobs.Worker 9]
      Initial Block Size 256.0 KB
      Current Block Size 256.0 KB
      Peak Allocated Bytes 0 B
      Overflow Count 0
    [ALLOC_TEMP_Background Job.Worker 1]
      Initial Block Size 32.0 KB
      Current Block Size 32.0 KB
      Peak Allocated Bytes 5.5 KB
      Overflow Count 0
    [ALLOC_TEMP_OSX HID Input]
      Initial Block Size 64.0 KB
      Current Block Size 64.0 KB
      Peak Allocated Bytes 0 B
      Overflow Count 0
    [ALLOC_TEMP_BakingJobs.Worker 2]
      Initial Block Size 256.0 KB
      Current Block Size 256.0 KB
      Peak Allocated Bytes 0 B
      Overflow Count 0
    [ALLOC_TEMP_Background Job.Worker 7]
      Initial Block Size 32.0 KB
      Current Block Size 32.0 KB
      Peak Allocated Bytes 0 B
      Overflow Count 0
    [ALLOC_TEMP_Job.Worker 8]
      Initial Block Size 256.0 KB
      Current Block Size 0.8 MB
      Peak Allocated Bytes 0.8 MB
      Overflow Count 0
    [ALLOC_TEMP_Job.Worker 1]
      Initial Block Size 256.0 KB
      Current Block Size 0.8 MB
      Peak Allocated Bytes 0.8 MB
      Overflow Count 0
    [ALLOC_TEMP_BakingJobs.Worker 0]
      Initial Block Size 256.0 KB
      Current Block Size 256.0 KB
      Peak Allocated Bytes 0 B
      Overflow Count 0
    [ALLOC_TEMP_BakingJobs.Worker 3]
      Initial Block Size 256.0 KB
      Current Block Size 256.0 KB
      Peak Allocated Bytes 0 B
      Overflow Count 0
    [ALLOC_TEMP_EditorTaskManager]
      Initial Block Size 64.0 KB
      Current Block Size 80.0 KB
      Peak Allocated Bytes 64.0 KB
      Overflow Count 0
    [ALLOC_TEMP_Background Job.Worker 15]
      Initial Block Size 32.0 KB
      Current Block Size 32.0 KB
      Peak Allocated Bytes 0 B
      Overflow Count 0
    [ALLOC_TEMP_BakingJobs.Worker 4]
      Initial Block Size 256.0 KB
      Current Block Size 256.0 KB
      Peak Allocated Bytes 0 B
      Overflow Count 0
    [ALLOC_TEMP_Background Job.Worker 12]
      Initial Block Size 32.0 KB
      Current Block Size 32.0 KB
      Peak Allocated Bytes 0 B
      Overflow Count 0
    [ALLOC_TEMP_HTTP REST Server]
      Initial Block Size 64.0 KB
      Current Block Size 64.0 KB
      Peak Allocated Bytes 0 B
      Overflow Count 0
    [ALLOC_TEMP_AssetGarbageCollectorHelper] x 9
      Initial Block Size 64.0 KB
      Current Block Size 64.0 KB
      Peak Allocated Bytes 0 B
      Overflow Count 0
    [ALLOC_TEMP_Background Job.Worker 0]
      Initial Block Size 32.0 KB
      Current Block Size 32.0 KB
      Peak Allocated Bytes 0 B
      Overflow Count 0
    [ALLOC_TEMP_AUDIO_Audio Mixer Thread]
      Initial Block Size 64.0 KB
      Current Block Size 64.0 KB
      Peak Allocated Bytes 0 B
      Overflow Count 0
    [ALLOC_TEMP_Background Job.Worker 4]
      Initial Block Size 32.0 KB
      Current Block Size 32.0 KB
      Peak Allocated Bytes 0 B
      Overflow Count 0
    [ALLOC_TEMP_Background Job.Worker 14]
      Initial Block Size 32.0 KB
      Current Block Size 32.0 KB
      Peak Allocated Bytes 0 B
      Overflow Count 0
    [ALLOC_TEMP_Job.Worker 7]
      Initial Block Size 256.0 KB
      Current Block Size 0.8 MB
      Peak Allocated Bytes 0.8 MB
      Overflow Count 0
    [ALLOC_TEMP_CloudJob.Worker 0]
      Initial Block Size 32.0 KB
      Current Block Size 32.0 KB
      Peak Allocated Bytes 5.0 KB
      Overflow Count 0
[ALLOC_MEMORYPROFILER]
  Peak usage frame count: [128.0 KB-256.0 KB]: 1706 frames, [256.0 KB-0.5 MB]: 2 frames
  Requested Block Size 1.0 MB
  Peak Block count 1
  Peak Allocated memory 356.2 KB
  Peak Large allocation bytes 0 B
[ALLOC_DEFAULT] Dual Thread Allocator
  Peak main deferred allocation count 795
    [ALLOC_BUCKET]
      Large Block size 32.0 MB
      Used Block count 1
      Peak Allocated bytes 5.5 MB
    [ALLOC_DEFAULT_MAIN]
      Peak usage frame count: [32.0 MB-64.0 MB]: 1708 frames
      Requested Block Size 16.0 MB
      Peak Block count 4
      Peak Allocated memory 52.5 MB
      Peak Large allocation bytes 0 B
    [ALLOC_DEFAULT_THREAD]
      Peak usage frame count: [4.0 MB-8.0 MB]: 1708 frames
      Requested Block Size 16.0 MB
      Peak Block count 1
      Peak Allocated memory 5.1 MB
      Peak Large allocation bytes 0 B
[ALLOC_TEMP_JOB_1_FRAME]
  Initial Block Size 2.0 MB
  Used Block Count 0
  Overflow Count (too large) 0
  Overflow Count (full) 0
[ALLOC_TEMP_JOB_2_FRAMES]
  Initial Block Size 2.0 MB
  Used Block Count 0
  Overflow Count (too large) 0
  Overflow Count (full) 0
[ALLOC_TEMP_JOB_4_FRAMES (JobTemp)]
  Initial Block Size 2.0 MB
  Used Block Count 1
  Overflow Count (too large) 0
  Overflow Count (full) 0
[ALLOC_TEMP_JOB_ASYNC (Background)]
  Initial Block Size 1.0 MB
  Used Block Count 1
  Overflow Count (too large) 0
  Overflow Count (full) 0
[ALLOC_GFX] Dual Thread Allocator
  Peak main deferred allocation count 74
    [ALLOC_BUCKET]
      Large Block size 32.0 MB
      Used Block count 1
      Peak Allocated bytes 5.5 MB
    [ALLOC_GFX_MAIN]
      Peak usage frame count: [4.0 MB-8.0 MB]: 1706 frames, [8.0 MB-16.0 MB]: 2 frames
      Requested Block Size 16.0 MB
      Peak Block count 1
      Peak Allocated memory 13.7 MB
      Peak Large allocation bytes 0 B
    [ALLOC_GFX_THREAD]
      Peak usage frame count: [0-1.0 KB]: 782 frames, [2.0 KB-4.0 KB]: 751 frames, [8.0 KB-16.0 KB]: 173 frames, [64.0 KB-128.0 KB]: 2 frames
      Requested Block Size 16.0 MB
      Peak Block count 1
      Peak Allocated memory 93.9 KB
      Peak Large allocation bytes 0 B
[ALLOC_CACHEOBJECTS] Dual Thread Allocator
  Peak main deferred allocation count 197
    [ALLOC_BUCKET]
      Large Block size 32.0 MB
      Used Block count 1
      Peak Allocated bytes 5.5 MB
    [ALLOC_CACHEOBJECTS_MAIN]
      Peak usage frame count: [8.0 MB-16.0 MB]: 1707 frames, [32.0 MB-64.0 MB]: 1 frames
      Requested Block Size 4.0 MB
      Peak Block count 6
      Peak Allocated memory 52.4 MB
      Peak Large allocation bytes 33.9 MB
    [ALLOC_CACHEOBJECTS_THREAD]
      Peak usage frame count: [4.0 KB-8.0 KB]: 955 frames, [0.5 MB-1.0 MB]: 1 frames, [1.0 MB-2.0 MB]: 750 frames, [2.0 MB-4.0 MB]: 2 frames
      Requested Block Size 4.0 MB
      Peak Block count 1
      Peak Allocated memory 3.1 MB
      Peak Large allocation bytes 0 B
[ALLOC_TYPETREE] Dual Thread Allocator
  Peak main deferred allocation count 542
    [ALLOC_BUCKET]
      Large Block size 32.0 MB
      Used Block count 1
      Peak Allocated bytes 5.5 MB
    [ALLOC_TYPETREE_MAIN]
      Peak usage frame count: [256.0 KB-0.5 MB]: 1 frames, [0.5 MB-1.0 MB]: 1706 frames, [2.0 MB-4.0 MB]: 1 frames
      Requested Block Size 2.0 MB
      Peak Block count 2
      Peak Allocated memory 2.5 MB
      Peak Large allocation bytes 0 B
    [ALLOC_TYPETREE_THREAD]
      Peak usage frame count: [32.0 KB-64.0 KB]: 1707 frames, [64.0 KB-128.0 KB]: 1 frames
      Requested Block Size 2.0 MB
      Peak Block count 1
      Peak Allocated memory 90.3 KB
      Peak Large allocation bytes 0 B
[ALLOC_PROFILER]
  Peak usage frame count: [256.0 KB-0.5 MB]: 1708 frames
  Requested Block Size 16.0 MB
  Peak Block count 1
  Peak Allocated memory 465.1 KB
  Peak Large allocation bytes 0 B
    [ALLOC_PROFILER_BUCKET]
      Large Block size 32.0 MB
      Used Block count 1
      Peak Allocated bytes 4.3 KB
[ALLOC_PROFILER_EDITOR]
  Peak usage frame count: [0-1.0 KB]: 1708 frames
  Requested Block Size 1.0 MB
  Peak Block count 0
  Peak Allocated memory 0 B
  Peak Large allocation bytes 0 B
    [ALLOC_PROFILER_BUCKET]
      Large Block size 32.0 MB
      Used Block count 1
      Peak Allocated bytes 4.3 KB
##utp:{"type":"MemoryLeaks","version":2,"phase":"Immediate","time":1791250789490,"processId":67605,"allocatedMemory":11652823,"memoryLabels":[{"Default":20391},{"Permanent":15696},{"Thread":1083692},{"Manager":30554},{"VertexData":12},{"Geometry":280},{"Texture":1208},{"Shader":68824},{"Material":24},{"GfxDevice":38776},{"Animation":312},{"Audio":323988},{"FMODOther":3088},{"FontEngine":328},{"Physics":513},{"Serialization":676},{"Input":9032},{"JobScheduler":38184},{"Mono":40},{"ScriptingNativeRuntime":193824},{"BaseObject":1627372},{"Resource":1000},{"Renderer":2320},{"Transform":48},{"File":6888},{"WebCam":40},{"Culling":40},{"Skinning":24},{"Terrain":1025},{"Wind":24},{"String":23549},{"DynamicArray":57288},{"HashMap":113834},{"Utility":2660354},{"Curl":2047},{"PoolAlloc":1496},{"AI":72},{"TypeTree":5061},{"ScriptManager":640},{"RuntimeInitializeOnLoadManager":80},{"SpriteAtlas":128},{"GI":2600},{"Director":7880},{"CloudService":3376},{"WebRequest":816},{"VR":45709},{"SceneManager":576},{"Video":1096},{"LazyScriptCache":40},{"NativeArray":12},{"Camera":25},{"Secure":9945},{"SerializationCache":1576},{"APIUpdating":11856},{"Subsystems":392},{"VirtualTexturing":57512},{"StaticSafetyDebugInfo":327680},{"Baselib":16},{"EditorGui":80},{"EditorUtility":18295},{"VersionControl":4},{"Undo":720},{"AssetDatabase":4777817},{"RestService":1310},{"EditorGi":376},{"License":3712},{"UnityConnect":25520},{"Collab":641},{"Upm":1920},{"DrivenProperties":96},{"LocalIPC":226},{"ProfilerEditor":10975},{"CoreBusinessMetrics":3741},{"TLS":3431},{"AssetReference":40},{"IPCStream":40}]}
