Tuanjie Editor version:  2022.3.61t14 (3a70663b70e0)
Branch:                  tuanjie/1.6/staging
Build type:              Release
Batch mode:              YES
macOS version:           Version 27.2 (Build 26B5091g)
Darwin version:          27.2.0
Architecture:            arm64
Running under Rosetta:   NO
Available memory:        16384 MB
[Licensing::Module] Trying to connect to existing licensing client channel...
[Licensing::IpcConnector] Successfully connected to the License Client on channel: "LicenseClient-qinziqian" at "2026-10-04T14:09:24.694755Z"
[Licensing::Client] Error: Code 10 while verifying Licensing Client signature (process Id: 33870, path: "/Applications/Tuanjie Hub.app/Contents/Frameworks/TuanjieLicensingClient_V1.app/Contents/MacOS/Tuanjie.Licensing.Client")
[Licensing::Module] Error: LicensingClient has failed validation; ignoring
[Licensing::Client] Successfully send message: {"messageType":"HandshakeRequest","protocolVersion":"1.12","userAgent":"TuanjieEditor/2022.3.61t14 (Macintosh; U; Intel Mac OS X 27.2; zh-Hans-CN)","externalCorrelationId":"1224767674742436229"} at 1791122965
[Licensing::Client] Successfully receive message: {"protocolVersion":"1.12","sessionId":"4132b258d6bb43dfb74069d1d56bc9ff","context":{"DeviceName":"Link's MBP","DeviceModel":"Mac17,2","PhysicalMemoryMB":"16384","SystemLanguageISO":"zh-Hans-CN","ProcessorCount":"10","ProcessorType":"Apple M5","OperatingSystem":"Mac OS X 27.2.0","OperatingSystemNumeric":"270200","Legacy.MachineBinding1":"A12EBA94-6CAE-536D-8639-8B28F22AAE12","Legacy.MachineBinding2":"HWF12RQ93K","Legacy.MachineBinding4":null,"Legacy.MachineBinding5":"5c:9b:a6:84:6a:ac","EnvironmentUser":"qinziqian","EnvironmentDomain":"Links-MBP","EnvironmentHostname":"Links-MBP"},"assemblyProductVersion":"1.14.0+af049b8","machineId":"2qJXSmjy+8qC9zvVypdceXsI7UU=","correlationId":"ee26600ca9f6c50f0a68447f7e54978e","responseCode":200,"responseStatus":"Handshake successful","messageType":"HandshakeResponse"} at 1791122965
[Licensing::Client] Handshaking with LicensingClient:
  Version:                 1.14.0+af049b8
  Session Id:              4132b258d6bb43dfb74069d1d56bc9ff
  Correlation Id:          ee26600ca9f6c50f0a68447f7e54978e
  External correlation Id: 1224767674742436229
  Machine Id:              2qJXSmjy+8qC9zvVypdceXsI7UU=
[Licensing::Module] Successfully connected to LicensingClient on channel: "LicenseClient-qinziqian" (connect: 0.00s, validation: 0.01s, handshake: 0.33s)
[Licensing::IpcConnector] Successfully connected to the License Notification on channel: "LicenseClient-qinziqian-notifications" at "2026-10-04T14:09:25.033612Z"
[Licensing::Module] Error: Access token is unavailable; failed to update
[Licensing::Client] Successfully send message: {"messageType":"UpdateLicenseRequest","AccessToken":"","OrgId":"","ProjectId":"","forceUpdateLicense":true} at 1791122965
[Licensing::Client] Successfully receive message: {"responseCode":200,"responseStatus":"Licenses updated.","messageType":"UpdateLicenseResponse"} at 1791122965
[Licensing::Client] Successfully updated license
[Licensing::Client] Successfully send message: {"messageType":"EntitlementDetailsRequest","entitlementIds":["com.unity.editor.legacy.pro","com.unity.editor.headless"],"packageEntitlementIds":[],"includeCustomData":false} at 1791122965
[Licensing::Client] Successfully receive message: {"entitlementGroups":[{"entitlementGroupId":"F4-W5GR-B6V2-Y5WE-WRK9-GR7N","entitlementGroupIdHash":"8d58bf4deb18ac7618b28a8936c405932a8efcb2","productName":"Unity Personal","productType":"TuanjieEditor","licenseType":"ULF","expiration":1791385765000,"matchedEntitlements":[{"entitlementId":"com.unity.editor.headless","isPackage":false,"count":1}]}],"responseCode":200,"responseStatus":"Found 1 entitlement groups and 0 free entitlements matching requested entitlement ids","messageType":"EntitlementDetailsResponse"} at 1791122965
[Licensing::Client] Successfully resolved entitlement details
[Licensing::Module] Serial number assigned to: "F4-W5GR-B6V2-Y5WE-WRK9-XXXX"
Pro License: NO
[Licensing::Client] Successfully send message: {"messageType":"EntitlementDetailsRequest","entitlementIds":["com.unity.editor.headless","com.unity.editor.ui"],"packageEntitlementIds":[],"includeCustomData":false} at 1791122965
[Licensing::Client] Successfully receive message: {"entitlementGroups":[{"entitlementGroupId":"F4-W5GR-B6V2-Y5WE-WRK9-GR7N","entitlementGroupIdHash":"8d58bf4deb18ac7618b28a8936c405932a8efcb2","productName":"Unity Personal","productType":"TuanjieEditor","licenseType":"ULF","expiration":1791385765000,"matchedEntitlements":[{"entitlementId":"com.unity.editor.ui","isPackage":false,"count":1},{"entitlementId":"com.unity.editor.headless","isPackage":false,"count":1}]}],"responseCode":200,"responseStatus":"Found 1 entitlement groups and 0 free entitlements matching requested entitlement ids","messageType":"EntitlementDetailsResponse"} at 1791122965
[Licensing::Client] Successfully resolved entitlement details
Launching external process: /Applications/Tuanjie/Hub/Editor/2022.3.61t14/Tuanjie.app/Contents/Resources/PackageManager/Server/TuanjiePackageManager

COMMAND LINE ARGUMENTS:
/Applications/Tuanjie/Hub/Editor/2022.3.61t14/Tuanjie.app/Contents/MacOS/Tuanjie
-batchmode
-buildTarget
StandaloneOSX
-projectPath
/Users/qinziqian/Documents/overcooked-like/game
-executeMethod
M1ReviewCapture.RunVisualPolish
-logFile
Evidence/visual-polish/airport-final-capture.log
Successfully changed project path to: /Users/qinziqian/Documents/overcooked-like/game
/Users/qinziqian/Documents/overcooked-like/game
[Memory] Configuration Parameters - Can be set up in boot.config
    "memorysetup-bucket-allocator-granularity=16"
    "memorysetup-bucket-allocator-bucket-count=8"
    "memorysetup-bucket-allocator-block-size=33554432"
    "memorysetup-bucket-allocator-block-count=8"
    "memorysetup-main-allocator-block-size=16777216"
    "memorysetup-thread-allocator-block-size=16777216"
    "memorysetup-gfx-main-allocator-block-size=16777216"
    "memorysetup-gfx-thread-allocator-block-size=16777216"
    "memorysetup-cache-allocator-block-size=4194304"
    "memorysetup-typetree-allocator-block-size=2097152"
    "memorysetup-profiler-bucket-allocator-granularity=16"
    "memorysetup-profiler-bucket-allocator-bucket-count=8"
    "memorysetup-profiler-bucket-allocator-block-size=33554432"
    "memorysetup-profiler-bucket-allocator-block-count=8"
    "memorysetup-profiler-allocator-block-size=16777216"
    "memorysetup-profiler-editor-allocator-block-size=1048576"
    "memorysetup-temp-allocator-size-main=16777216"
    "memorysetup-job-temp-allocator-block-size=2097152"
    "memorysetup-job-temp-allocator-block-size-background=1048576"
    "memorysetup-job-temp-allocator-reduction-small-platforms=262144"
    "memorysetup-allocator-temp-initial-block-size-main=262144"
    "memorysetup-allocator-temp-initial-block-size-worker=262144"
    "memorysetup-temp-allocator-size-background-worker=32768"
    "memorysetup-temp-allocator-size-job-worker=262144"
    "memorysetup-temp-allocator-size-preload-manager=33554432"
    "memorysetup-temp-allocator-size-nav-mesh-worker=65536"
    "memorysetup-temp-allocator-size-audio-worker=65536"
    "memorysetup-temp-allocator-size-cloud-worker=32768"
    "memorysetup-temp-allocator-size-gi-baking-worker=262144"
    "memorysetup-temp-allocator-size-gfx=262144"
Player connection [8621359872]  Target information:

Player connection [8621359872]  * "[IP] 192.168.123.27 [Port] 55504 [Flags] 2 [Guid] 2255942142 [EditorId] 2255942142 [Version] 1048832 [Id] OSXEditor(0,Links-MBP.local) [Debug] 1 [PackageName] OSXEditor [ProjectName] Editor" 

Player connection [8621359872]  * "[IP] 192.168.200.6 [Port] 55504 [Flags] 2 [Guid] 2255942142 [EditorId] 2255942142 [Version] 1048832 [Id] OSXEditor(0,Links-MBP.local) [Debug] 1 [PackageName] OSXEditor [ProjectName] Editor" 

Player connection [8621359872] Host joined multi-casting on [225.0.0.222:54997]...
Player connection [8621359872] Host joined alternative multi-casting on [225.0.0.222:34997]...
Input System module state changed to: Initialized.
AS: AutoStreaming module initializing.
Begin write certificate to file.
Write certificate complete, return 1.
StartServer, cert is /Users/qinziqian/Library/Tuanjie/81345-rest-certificate.pem
Start HTTP server port 38000, HTTPS server port 38443.
[Package Manager] UpmClient::Connect -- Connected to IPC stream "Upm-81345" after 0.3 seconds.
[Licensing::Client] Successfully send message: {"messageType":"EntitlementDetailsRequest","entitlementIds":["com.unity.editor.last.activation.date","com.unity.editor.headless"],"packageEntitlementIds":[],"includeCustomData":false} at 1791122966
[Licensing::Client] Successfully receive message: {"entitlementGroups":[{"entitlementGroupId":"F4-W5GR-B6V2-Y5WE-WRK9-GR7N","entitlementGroupIdHash":"8d58bf4deb18ac7618b28a8936c405932a8efcb2","productName":"Unity Personal","productType":"TuanjieEditor","licenseType":"ULF","expiration":1791385765000,"matchedEntitlements":[{"entitlementId":"com.unity.editor.headless","isPackage":false,"count":1},{"entitlementId":"com.unity.editor.last.activation.date","isPackage":false,"count":1}]}],"responseCode":200,"responseStatus":"Found 1 entitlement groups and 0 free entitlements matching requested entitlement ids","messageType":"EntitlementDetailsResponse"} at 1791122966
[Licensing::Client] Successfully resolved entitlement details
[Licensing::Client] Successfully send message: {"messageType":"EntitlementDetailsRequest","entitlementIds":["com.unity.editor.disable-splash-screen","com.unity.editor.headless"],"packageEntitlementIds":[],"includeCustomData":false} at 1791122966
[Licensing::Client] Successfully receive message: {"entitlementGroups":[{"entitlementGroupId":"F4-W5GR-B6V2-Y5WE-WRK9-GR7N","entitlementGroupIdHash":"8d58bf4deb18ac7618b28a8936c405932a8efcb2","productName":"Unity Personal","productType":"TuanjieEditor","licenseType":"ULF","expiration":1791385765000,"matchedEntitlements":[{"entitlementId":"com.unity.editor.headless","isPackage":false,"count":1}]}],"responseCode":200,"responseStatus":"Found 1 entitlement groups and 0 free entitlements matching requested entitlement ids","messageType":"EntitlementDetailsResponse"} at 1791122966
[Licensing::Client] Successfully resolved entitlement details
[Licensing::Client] Successfully send message: {"messageType":"EntitlementDetailsRequest","entitlementIds":["com.unity.editor.allow-mix-usage","com.unity.editor.headless"],"packageEntitlementIds":[],"includeCustomData":false} at 1791122966
[Licensing::Client] Successfully receive message: {"entitlementGroups":[{"entitlementGroupId":"F4-W5GR-B6V2-Y5WE-WRK9-GR7N","entitlementGroupIdHash":"8d58bf4deb18ac7618b28a8936c405932a8efcb2","productName":"Unity Personal","productType":"TuanjieEditor","licenseType":"ULF","expiration":1791385765000,"matchedEntitlements":[{"entitlementId":"com.unity.editor.headless","isPackage":false,"count":1}]}],"responseCode":200,"responseStatus":"Found 1 entitlement groups and 0 free entitlements matching requested entitlement ids","messageType":"EntitlementDetailsResponse"} at 1791122966
[Licensing::Client] Successfully resolved entitlement details
[Package Manager] Restoring resolved packages state from cache
[Licensing::Client] Successfully send message: {"messageType":"EntitlementDetailsRequest","entitlementIds":[],"packageEntitlementIds":["com.unity.modules.audio","com.unity.modules.androidjni","com.unity.modules.imgui","com.unity.modules.physics","com.unity.modules.jsonserialize","com.unity.modules.screencapture","com.unity.modules.ui","cn.tuanjie.codely.bridge","com.unity.modules.imageconversion","com.unity.ugui","com.unity.modules.unitywebrequest","com.unity.ext.nunit"],"includeCustomData":false} at 1791122966
[Licensing::Client] Successfully receive message: {"freeEntitlementIds":["com.unity.modules.audio","com.unity.modules.androidjni","com.unity.modules.imgui","com.unity.modules.physics","com.unity.modules.jsonserialize","com.unity.modules.screencapture","com.unity.modules.ui","cn.tuanjie.codely.bridge","com.unity.modules.imageconversion","com.unity.ugui","com.unity.modules.unitywebrequest","com.unity.ext.nunit"],"responseCode":200,"responseStatus":"Found 0 entitlement groups and 12 free entitlements matching requested entitlement ids","messageType":"EntitlementDetailsResponse"} at 1791122966
[Licensing::Client] Successfully resolved entitlement details
[Package Manager] Registered 12 packages:
  Packages from [https://packages.tuanjie.cn]:
    com.unity.ext.nunit@1.0.6 (location: /Users/qinziqian/Documents/overcooked-like/game/Library/PackageCache/com.unity.ext.nunit@1.0.6)
  Built-in packages:
    com.unity.modules.audio@1.0.0 (location: /Users/qinziqian/Documents/overcooked-like/game/Library/PackageCache/com.unity.modules.audio@1.0.0)
    com.unity.modules.androidjni@1.0.0 (location: /Users/qinziqian/Documents/overcooked-like/game/Library/PackageCache/com.unity.modules.androidjni@1.0.0)
    com.unity.modules.imgui@1.0.0 (location: /Users/qinziqian/Documents/overcooked-like/game/Library/PackageCache/com.unity.modules.imgui@1.0.0)
    com.unity.modules.physics@1.0.0 (location: /Users/qinziqian/Documents/overcooked-like/game/Library/PackageCache/com.unity.modules.physics@1.0.0)
    com.unity.modules.jsonserialize@1.0.0 (location: /Users/qinziqian/Documents/overcooked-like/game/Library/PackageCache/com.unity.modules.jsonserialize@1.0.0)
    com.unity.modules.screencapture@1.0.0 (location: /Users/qinziqian/Documents/overcooked-like/game/Library/PackageCache/com.unity.modules.screencapture@1.0.0)
    com.unity.modules.ui@1.0.0 (location: /Users/qinziqian/Documents/overcooked-like/game/Library/PackageCache/com.unity.modules.ui@1.0.0)
    com.unity.modules.imageconversion@1.0.0 (location: /Users/qinziqian/Documents/overcooked-like/game/Library/PackageCache/com.unity.modules.imageconversion@1.0.0)
    com.unity.ugui@1.0.0 (location: /Users/qinziqian/Documents/overcooked-like/game/Library/PackageCache/com.unity.ugui@1.0.0)
    com.unity.modules.unitywebrequest@1.0.0 (location: /Users/qinziqian/Documents/overcooked-like/game/Library/PackageCache/com.unity.modules.unitywebrequest@1.0.0)
  Local packages:
    cn.tuanjie.codely.bridge@file:/Users/qinziqian/Documents/overcooked-like/game/.codely.packages/cn.tuanjie.codely.bridge@1.0.85-785dea6a (location: /Users/qinziqian/Documents/overcooked-like/game/.codely.packages/cn.tuanjie.codely.bridge@1.0.85-785dea6a)
[Subsystems] No new subsystems found in resolved package list.
Package Manager log level set to [2]
[Package Manager] Done registering packages in 0.15 seconds
[Package Manager] Done resolving packages in 0.63 seconds
[Package Manager] Registered 12 packages:
  Packages from [https://packages.tuanjie.cn]:
    com.unity.ext.nunit@1.0.6 (location: /Users/qinziqian/Documents/overcooked-like/game/Library/PackageCache/com.unity.ext.nunit@1.0.6)
  Built-in packages:
    com.unity.modules.audio@1.0.0 (location: /Users/qinziqian/Documents/overcooked-like/game/Library/PackageCache/com.unity.modules.audio@1.0.0)
    com.unity.modules.androidjni@1.0.0 (location: /Users/qinziqian/Documents/overcooked-like/game/Library/PackageCache/com.unity.modules.androidjni@1.0.0)
    com.unity.modules.imgui@1.0.0 (location: /Users/qinziqian/Documents/overcooked-like/game/Library/PackageCache/com.unity.modules.imgui@1.0.0)
    com.unity.modules.physics@1.0.0 (location: /Users/qinziqian/Documents/overcooked-like/game/Library/PackageCache/com.unity.modules.physics@1.0.0)
    com.unity.modules.jsonserialize@1.0.0 (location: /Users/qinziqian/Documents/overcooked-like/game/Library/PackageCache/com.unity.modules.jsonserialize@1.0.0)
    com.unity.modules.screencapture@1.0.0 (location: /Users/qinziqian/Documents/overcooked-like/game/Library/PackageCache/com.unity.modules.screencapture@1.0.0)
    com.unity.modules.ui@1.0.0 (location: /Users/qinziqian/Documents/overcooked-like/game/Library/PackageCache/com.unity.modules.ui@1.0.0)
    com.unity.modules.imageconversion@1.0.0 (location: /Users/qinziqian/Documents/overcooked-like/game/Library/PackageCache/com.unity.modules.imageconversion@1.0.0)
    com.unity.ugui@1.0.0 (location: /Users/qinziqian/Documents/overcooked-like/game/Library/PackageCache/com.unity.ugui@1.0.0)
    com.unity.modules.unitywebrequest@1.0.0 (location: /Users/qinziqian/Documents/overcooked-like/game/Library/PackageCache/com.unity.modules.unitywebrequest@1.0.0)
  Local packages:
    cn.tuanjie.codely.bridge@file:/Users/qinziqian/Documents/overcooked-like/game/.codely.packages/cn.tuanjie.codely.bridge@1.0.85-785dea6a (location: /Users/qinziqian/Documents/overcooked-like/game/.codely.packages/cn.tuanjie.codely.bridge@1.0.85-785dea6a)
[Subsystems] No new subsystems found in resolved package list.
[Package Manager] Done registering packages in 0.00 seconds
Artifact Garbage Collection - Removed 2 unused hashed content files
Targeting platform: StandaloneOSX
Refreshing native plugins compatible for Editor in 4.99 ms, found 7 plugins.
Preloading 0 native plugins for Editor in 0.00 ms.
Initialize engine version: 2022.3.61t14 (3a70663b70e0)
[Subsystems] Discovering subsystems at path /Applications/Tuanjie/Hub/Editor/2022.3.61t14/Tuanjie.app/Contents/Resources/UnitySubsystems
[Subsystems] Discovering subsystems at path /Users/qinziqian/Documents/overcooked-like/game/Assets
GfxDevice: creating device client; threaded=0; jobified=0
 preferred device: Apple M5 (high power)
Metal devices available: 1
0: Apple M5 (high power)
Using device Apple M5 (high power)
Initializing Metal device caps: Apple M5
[Licensing::Client] Successfully send message: {"messageType":"EntitlementDetailsRequest","entitlementIds":["com.unity.editor.cluster","com.unity.editor.headless"],"packageEntitlementIds":[],"includeCustomData":false} at 1791122967
[Licensing::Client] Successfully receive message: {"entitlementGroups":[{"entitlementGroupId":"F4-W5GR-B6V2-Y5WE-WRK9-GR7N","entitlementGroupIdHash":"8d58bf4deb18ac7618b28a8936c405932a8efcb2","productName":"Unity Personal","productType":"TuanjieEditor","licenseType":"ULF","expiration":1791385765000,"matchedEntitlements":[{"entitlementId":"com.unity.editor.headless","isPackage":false,"count":1}]}],"responseCode":200,"responseStatus":"Found 1 entitlement groups and 0 free entitlements matching requested entitlement ids","messageType":"EntitlementDetailsResponse"} at 1791122967
[Licensing::Client] Successfully resolved entitlement details
Initialize mono
Mono path[0] = '/Applications/Tuanjie/Hub/Editor/2022.3.61t14/Tuanjie.app/Contents/Managed'
Mono path[1] = '/Applications/Tuanjie/Hub/Editor/2022.3.61t14/Tuanjie.app/Contents/MonoBleedingEdge/lib/mono/unityjit-macos'
Mono config path = '/Applications/Tuanjie/Hub/Editor/2022.3.61t14/Tuanjie.app/Contents/MonoBleedingEdge/etc'
Using monoOptions --debugger-agent=transport=dt_socket,embedding=1,server=y,suspend=n,address=0.0.0.0:56345
Using cacheserver namespaces - metadata:defaultmetadata, artifacts:defaultartifacts
Using cacheserver namespaces - metadata:defaultmetadata, artifacts:defaultartifacts
ImportWorker Server TCP listen port: 0
Begin MonoManager ReloadAssembly
Registering precompiled tuanjie dll's ...
Register platform support module: /Applications/Tuanjie/Hub/Editor/2022.3.61t14/Tuanjie.app/Contents/PlaybackEngines/MacStandaloneSupport/UnityEditor.OSXStandalone.Extensions.dll
[Licensing::Client] Successfully send message: {"messageType":"EntitlementDetailsRequest","entitlementIds":["com.unity.editor.platforms.android","com.unity.editor.headless"],"packageEntitlementIds":[],"includeCustomData":false} at 1791122967
[Licensing::Client] Successfully receive message: {"entitlementGroups":[{"entitlementGroupId":"F4-W5GR-B6V2-Y5WE-WRK9-GR7N","entitlementGroupIdHash":"8d58bf4deb18ac7618b28a8936c405932a8efcb2","productName":"Unity Personal","productType":"TuanjieEditor","licenseType":"ULF","expiration":1791385765000,"matchedEntitlements":[{"entitlementId":"com.unity.editor.platforms.android","isPackage":false,"count":1},{"entitlementId":"com.unity.editor.headless","isPackage":false,"count":1}]}],"responseCode":200,"responseStatus":"Found 1 entitlement groups and 0 free entitlements matching requested entitlement ids","messageType":"EntitlementDetailsResponse"} at 1791122967
[Licensing::Client] Successfully resolved entitlement details
Register platform support module: /Applications/Tuanjie/Hub/Editor/2022.3.61t14/PlaybackEngines/AndroidPlayer/UnityEditor.Android.Extensions.dll
Registered in 0.014845 seconds.
- Loaded All Assemblies, in  0.275 seconds
Native extension for Android target not found
Android Extension - Scanning For ADB Devices 95 ms
Native extension for OSXStandalone target not found
[Licensing::Client] Successfully send message: {"messageType":"EntitlementDetailsRequest","entitlementIds":["com.unity.editor.minigame.subplatform.wechat","com.unity.editor.headless"],"packageEntitlementIds":[],"includeCustomData":false} at 1791122968
[Licensing::Client] Successfully receive message: {"entitlementGroups":[{"entitlementGroupId":"F4-W5GR-B6V2-Y5WE-WRK9-GR7N","entitlementGroupIdHash":"8d58bf4deb18ac7618b28a8936c405932a8efcb2","productName":"Unity Personal","productType":"TuanjieEditor","licenseType":"ULF","expiration":1791385765000,"matchedEntitlements":[{"entitlementId":"com.unity.editor.headless","isPackage":false,"count":1},{"entitlementId":"com.unity.editor.minigame.subplatform.wechat","isPackage":false,"count":1}]}],"responseCode":200,"responseStatus":"Found 1 entitlement groups and 0 free entitlements matching requested entitlement ids","messageType":"EntitlementDetailsResponse"} at 1791122968
[Licensing::Client] Successfully resolved entitlement details
[Licensing::Client] Successfully send message: {"messageType":"EntitlementDetailsRequest","entitlementIds":["com.unity.editor.minigame.subplatform.douyin","com.unity.editor.headless"],"packageEntitlementIds":[],"includeCustomData":false} at 1791122968
[Licensing::Client] Successfully receive message: {"entitlementGroups":[{"entitlementGroupId":"F4-W5GR-B6V2-Y5WE-WRK9-GR7N","entitlementGroupIdHash":"8d58bf4deb18ac7618b28a8936c405932a8efcb2","productName":"Unity Personal","productType":"TuanjieEditor","licenseType":"ULF","expiration":1791385765000,"matchedEntitlements":[{"entitlementId":"com.unity.editor.headless","isPackage":false,"count":1},{"entitlementId":"com.unity.editor.minigame.subplatform.douyin","isPackage":false,"count":1}]}],"responseCode":200,"responseStatus":"Found 1 entitlement groups and 0 free entitlements matching requested entitlement ids","messageType":"EntitlementDetailsResponse"} at 1791122968
[Licensing::Client] Successfully resolved entitlement details
[Licensing::Client] Successfully send message: {"messageType":"EntitlementDetailsRequest","entitlementIds":["com.unity.editor.minigame.subplatform.kuaishou","com.unity.editor.headless"],"packageEntitlementIds":[],"includeCustomData":false} at 1791122968
[Licensing::Client] Successfully receive message: {"entitlementGroups":[{"entitlementGroupId":"F4-W5GR-B6V2-Y5WE-WRK9-GR7N","entitlementGroupIdHash":"8d58bf4deb18ac7618b28a8936c405932a8efcb2","productName":"Unity Personal","productType":"TuanjieEditor","licenseType":"ULF","expiration":1791385765000,"matchedEntitlements":[{"entitlementId":"com.unity.editor.headless","isPackage":false,"count":1},{"entitlementId":"com.unity.editor.minigame.subplatform.kuaishou","isPackage":false,"count":1}]}],"responseCode":200,"responseStatus":"Found 1 entitlement groups and 0 free entitlements matching requested entitlement ids","messageType":"EntitlementDetailsResponse"} at 1791122968
[Licensing::Client] Successfully resolved entitlement details
[Licensing::Client] Successfully send message: {"messageType":"EntitlementDetailsRequest","entitlementIds":["com.unity.editor.minigame.subplatform.minihost","com.unity.editor.headless"],"packageEntitlementIds":[],"includeCustomData":false} at 1791122968
[Licensing::Client] Successfully receive message: {"entitlementGroups":[{"entitlementGroupId":"F4-W5GR-B6V2-Y5WE-WRK9-GR7N","entitlementGroupIdHash":"8d58bf4deb18ac7618b28a8936c405932a8efcb2","productName":"Unity Personal","productType":"TuanjieEditor","licenseType":"ULF","expiration":1791385765000,"matchedEntitlements":[{"entitlementId":"com.unity.editor.headless","isPackage":false,"count":1},{"entitlementId":"com.unity.editor.minigame.subplatform.minihost","isPackage":false,"count":1}]}],"responseCode":200,"responseStatus":"Found 1 entitlement groups and 0 free entitlements matching requested entitlement ids","messageType":"EntitlementDetailsResponse"} at 1791122968
[Licensing::Client] Successfully resolved entitlement details
Mono: successfully reloaded assembly
- Finished resetting the current domain, in  0.353 seconds
Domain Reload Profiling: 629ms
	BeginReloadAssembly (74ms)
		ExecutionOrderSort (0ms)
		DisableScriptedObjects (0ms)
		BackupInstance (0ms)
		ReleaseScriptingObjects (0ms)
		CreateAndSetChildDomain (1ms)
	RebuildCommonClasses (25ms)
	RebuildNativeTypeToScriptingClass (9ms)
	initialDomainReloadingComplete (47ms)
	LoadAllAssembliesAndSetupDomain (121ms)
		LoadAssemblies (74ms)
		RebuildTransferFunctionScriptingTraits (0ms)
		AnalyzeDomain (119ms)
			TypeCache.Refresh (118ms)
				TypeCache.ScanAssembly (106ms)
			ScanForSourceGeneratedMonoScriptInfo (0ms)
			ResolveRequiredComponents (0ms)
	FinalizeReload (354ms)
		ReleaseScriptCaches (0ms)
		RebuildScriptCaches (0ms)
		SetupLoadedEditorAssemblies (314ms)
			LogAssemblyErrors (0ms)
			InitializePlatformSupportModulesInManaged (156ms)
			SetLoadedEditorAssemblies (4ms)
			RefreshPlugins (0ms)
			BeforeProcessingInitializeOnLoad (1ms)
			ProcessInitializeOnLoadAttributes (142ms)
			ProcessInitializeOnLoadMethodAttributes (11ms)
			AfterProcessingInitializeOnLoad (0ms)
			EditorAssembliesLoaded (0ms)
		ExecutionOrderSort2 (0ms)
		AwakeInstancesAfterBackupRestoration (0ms)
[Licensing::Client] Successfully send message: {"messageType":"EntitlementDetailsRequest","entitlementIds":["com.unity.editor.legacy.pro","com.unity.editor.watermarks.disable","com.unity.editor.watermarks.prototyping","com.unity.editor.watermarks.edu","com.unity.editor.watermarks.trial","com.unity.editor.time-limited-license","com.unity.editor.cluster","com.unity.editor.unity.compliant","com.unity.editor.watermarks.forcedisable","com.unity.editor.open-harmony.analytics.disabled","com.unity.editor.mini-game.analytics.disabled","com.unity.editor.unity.expiration.2d","com.unity.editor.unity.expiration.7d","com.unity.editor.headless"],"packageEntitlementIds":[],"includeCustomData":false} at 1791122968
[Licensing::Client] Successfully receive message: {"entitlementGroups":[{"entitlementGroupId":"F4-W5GR-B6V2-Y5WE-WRK9-GR7N","entitlementGroupIdHash":"8d58bf4deb18ac7618b28a8936c405932a8efcb2","productName":"Unity Personal","productType":"TuanjieEditor","licenseType":"ULF","expiration":1791385765000,"matchedEntitlements":[{"entitlementId":"com.unity.editor.headless","isPackage":false,"count":1},{"entitlementId":"com.unity.editor.unity.expiration.2d","isPackage":false,"count":1},{"entitlementId":"com.unity.editor.watermarks.forcedisable","isPackage":false,"count":1},{"entitlementId":"com.unity.editor.unity.compliant","isPackage":false,"count":1},{"entitlementId":"com.unity.editor.mini-game.analytics.disabled","isPackage":false,"count":1},{"entitlementId":"com.unity.editor.time-limited-license","isPackage":false,"count":1}]}],"responseCode":200,"responseStatus":"Found 1 entitlement groups and 0 free entitlements matching requested entitlement ids","messageType":"EntitlementDetailsResponse"} at 1791122968
[Licensing::Client] Successfully resolved entitlement details
Application.AssetDatabase Initial Refresh Start
[ScriptCompilation] Requested script compilation because: Assetdatabase observed changes in script compilation related files
[40m[32minfo[39m[22m[49m: Microsoft.Hosting.Lifetime[14]
      Now listening on: http://unix:/tmp/ilpp.sock-f756a1c31a2391e118913e99e0bc0cce
[40m[32minfo[39m[22m[49m: Microsoft.Hosting.Lifetime[0]
      Application started. Press Ctrl+C to shut down.
[40m[32minfo[39m[22m[49m: Microsoft.Hosting.Lifetime[0]
      Hosting environment: Production
[40m[32minfo[39m[22m[49m: Microsoft.Hosting.Lifetime[0]
      Content root path: /Users/qinziqian/Documents/overcooked-like/game/
[40m[32minfo[39m[22m[49m: Microsoft.AspNetCore.Hosting.Diagnostics[1]
      Request starting HTTP/2 POST http://ilpp/UnityILPP.PostProcessing/Ping application/grpc -
[40m[32minfo[39m[22m[49m: Microsoft.AspNetCore.Routing.EndpointMiddleware[0]
      Executing endpoint 'gRPC - /UnityILPP.PostProcessing/Ping'
[40m[32minfo[39m[22m[49m: Microsoft.AspNetCore.Routing.EndpointMiddleware[1]
      Executed endpoint 'gRPC - /UnityILPP.PostProcessing/Ping'
[40m[32minfo[39m[22m[49m: Microsoft.AspNetCore.Hosting.Diagnostics[2]
      Request finished HTTP/2 POST http://ilpp/UnityILPP.PostProcessing/Ping application/grpc - - 200 - application/grpc 33.2993ms
Starting: /Applications/Tuanjie/Hub/Editor/2022.3.61t14/Tuanjie.app/Contents/bee_backend --dont-print-to-structured-log --ipc --defer-dag-verification --dagfile="Library/Bee/200b0aE.dag" --continue-on-failure --profile="Library/Bee/backend1.traceevents" ScriptAssemblies
WorkingDir: /Users/qinziqian/Documents/overcooked-like/game
DisplayProgressbar: Compiling Scripts
ExitCode: 0 Duration: 2s558ms
[152/158    2s] Csc Library/Bee/artifacts/200b0aE.dag/Assembly-CSharp.dll (+2 others)
[153/158    0s] CopyFiles Library/ScriptAssemblies/Assembly-CSharp.pdb
[154/158    0s] CopyFiles Library/ScriptAssemblies/Assembly-CSharp.dll
[155/158    0s] Csc Library/Bee/artifacts/200b0aE.dag/Assembly-CSharp-Editor.dll (+2 others)
[156/158    0s] CopyFiles Library/ScriptAssemblies/Assembly-CSharp-Editor.pdb
[157/158    0s] CopyFiles Library/ScriptAssemblies/Assembly-CSharp-Editor.dll
*** Tundra build success (2.54 seconds), 6 items updated, 158 evaluated
Total cache size 14125764
Total cache size after purge 14125764
AssetDatabase: script compilation time: 3.006301s
Begin MonoManager ReloadAssembly
- Loaded All Assemblies, in  0.361 seconds
Refreshing native plugins compatible for Editor in 4.30 ms, found 7 plugins.
Preloading 0 native plugins for Editor in 0.00 ms.
Start importing Assets/Scripts/Presentation/AirportHudCanvas.cs using Guid(718cd4163e8254f5a8e2c295d7218df1) Importer(Primary)  -> (artifact id: '01234c3e26710f413742648641507ffd') in 0.009285 seconds
Start importing Assets/Editor/M2LobbyCapture.cs using Guid(d6f55b57061c4c42972837947739509f) Importer(Primary)  -> (artifact id: '14968f651823ee60b003be376f401324') in 0.000887 seconds
Start importing Assets/Scripts/Presentation/AirportStyle.cs using Guid(f6fb0b4b992de437485c0f2bb7e0edfa) Importer(Primary)  -> (artifact id: 'f237291a11b6fb51cb8ce68923eba71a') in 0.000703 seconds
Start importing Assets/Scripts/Presentation/LobbyCanvas.cs using Guid(89270d9d191e43f5a5829f3c8cda2078) Importer(Primary)  -> (artifact id: 'ed9ae82ca0468552e02f58701217135e') in 0.000732 seconds
Start importing Assets/Scripts/Presentation/CabinWorld.cs using Guid(b95f4e2d34a448869c25fb8a96af9381) Importer(Primary)  -> (artifact id: '2621ed940388534ee73d5135ac2e4355') in 0.000662 seconds
Start importing Assets/Scripts/Presentation/UiKit.cs using Guid(bab3b02050361420588a2698dd75f6e4) Importer(Primary)  -> (artifact id: '307124e298983f15dd4a0eb4c764ff4f') in 0.000897 seconds
Start importing Assets/Editor/M1ReviewCapture.cs using Guid(ab510d5920ffa4eb3aaa40aff0f884d6) Importer(Primary)  -> (artifact id: '37abdd30e9ac3362b4f420bb56dce032') in 0.000693 seconds
Start importing Assets/Scripts/Presentation/AirportWorld.cs using Guid(9f9808a450185856ae21d3c3ace17795) Importer(Primary)  -> (artifact id: 'f92899fa33a12c9c2f4f26d0bc8d9c97') in 0.000733 seconds
Refreshing native plugins compatible for Editor in 4.10 ms, found 7 plugins.
Native extension for Android target not found
Native extension for OSXStandalone target not found
Mono: successfully reloaded assembly
- Finished resetting the current domain, in  0.221 seconds
Domain Reload Profiling: 582ms
	BeginReloadAssembly (109ms)
		ExecutionOrderSort (0ms)
		DisableScriptedObjects (4ms)
		BackupInstance (0ms)
		ReleaseScriptingObjects (0ms)
		CreateAndSetChildDomain (19ms)
	RebuildCommonClasses (24ms)
	RebuildNativeTypeToScriptingClass (9ms)
	initialDomainReloadingComplete (16ms)
	LoadAllAssembliesAndSetupDomain (204ms)
		LoadAssemblies (145ms)
		RebuildTransferFunctionScriptingTraits (0ms)
		AnalyzeDomain (117ms)
			TypeCache.Refresh (113ms)
				TypeCache.ScanAssembly (101ms)
			ScanForSourceGeneratedMonoScriptInfo (2ms)
			ResolveRequiredComponents (1ms)
	FinalizeReload (221ms)
		ReleaseScriptCaches (0ms)
		RebuildScriptCaches (0ms)
		SetupLoadedEditorAssemblies (131ms)
			LogAssemblyErrors (0ms)
			InitializePlatformSupportModulesInManaged (9ms)
			SetLoadedEditorAssemblies (3ms)
			RefreshPlugins (0ms)
			BeforeProcessingInitializeOnLoad (17ms)
			ProcessInitializeOnLoadAttributes (89ms)
			ProcessInitializeOnLoadMethodAttributes (12ms)
			AfterProcessingInitializeOnLoad (1ms)
			EditorAssembliesLoaded (0ms)
		ExecutionOrderSort2 (0ms)
		AwakeInstancesAfterBackupRestoration (2ms)
Refreshing native plugins compatible for Editor in 2.22 ms, found 7 plugins.
Preloading 0 native plugins for Editor in 0.00 ms.
Asset Pipeline Refresh (id=fe5ec70015a94411180a57d0b7d36f9c): Total: 4.103 seconds - Initiated by InitialRefreshV2(ForceSynchronousImport)
	Summary:
		Imports: total=8 (actual=8, local cache=0, cache server=0)
		Asset DB Process Time: managed=2 ms, native=443 ms
		Asset DB Callback time: managed=31 ms, native=12 ms
		Scripting: domain reloads=1, domain reload time=602 ms, compile time=3008 ms, other=3 ms
		Project Asset Count: scripts=608, non-scripts=4229
		Asset File Changes: new=0, changed=5, moved=0, deleted=0
		Scan Filter Count: 1
		OnDemandAssets Count:0
	InvokeBeforeRefreshCallbacks: 0.672ms
	ApplyChangesToAssetFolders: 0.032ms
	Scan: 199.489ms
	OnSourceAssetsModified: 1.746ms
	GetAllGuidsForCategorization: 0.276ms
	CategorizeAssets: 45.487ms
	ImportOutOfDateAssets: 258.477ms (-2772.787ms without children)
		ImportManagerImport: 20.948ms (4.841ms without children)
			ImportInProcess: 16.060ms
			UpdateCategorizedAssets: 0.048ms
		CompileScripts: 3007.559ms
		ReloadNativeAssets: 0.000ms
		UnloadImportedAssets: 0.977ms
		ReloadImportedAssets: 0.756ms
		EnsureUptoDateAssetsAreRegisteredWithGuidPM: 0.603ms
		InitializingProgressBar: 0.000ms
		PostProcessAllAssetNotificationsAddChangedAssets: 0.000ms
		OnDemandSchedulerStart: 0.420ms
	PostProcessAllAssets: 38.250ms
	Hotreload: 3.242ms
	GatherAllCurrentPrimaryArtifactRevisions: 0.000ms
	UnloadStreamsBegin: 0.249ms
	PersistCurrentRevisions: 0.311ms
	UnloadStreamsEnd: 0.002ms
	GenerateScriptTypeHashes: 0.000ms
	Untracked: 3554.417ms
Application.AssetDatabase Initial Refresh End
plugin_module success
g_query_callback success 
g_get_assembly_csharp load success 
Launching external process: /Applications/Tuanjie/Hub/Editor/2022.3.61t14/Tuanjie.app/Contents/Tools/TuanjieShaderCompiler
Launched and connected shader compiler TuanjieShaderCompiler after 0.06 seconds
Scanning for USB devices : 0.028ms
Initializing Tuanjie extensions:
[Licensing::Client] Successfully send message: {"messageType":"ProductNameRequest","Value":"studio.palmbay.airport"} at 1791122972
[Licensing::Client] Successfully receive message: {"responseCode":200,"messageType":"ProductNameResponse"} at 1791122972
[Licensing::Client] Error: ProductNameResponse could not be deserialized
[MODES] ModeService[none].Initialize
[MODES] ModeService[none].LoadModes
[MODES] Loading mode Default (0) for mode-current-id-PALM BAY
Unloading 3 Unused Serialized files (Serialized files now loaded: 0)
Unloading 51 unused Assets / (388.3 KB). Loaded Objects now: 958.
Memory consumption went from 97.6 MB to 97.2 MB.
Total: 2.871250 ms (FindLiveObjects: 0.049334 ms CreateObjectMapping: 0.013375 ms MarkObjects: 2.606292 ms  DeleteObjects: 0.201959 ms)

Opening scene 'Assets/Scenes/PalmBay.unity'
Unloading 0 Unused Serialized files (Serialized files now loaded: 0)
Loaded scene 'Assets/Scenes/PalmBay.unity'
	Deserialize:            2.399 ms
	Integration:            4.563 ms
	Integration of assets:  0.003 ms
	Thread Wait Time:       0.010 ms
	Total Operation Time:   6.975 ms
Unloading 1 unused Assets / (0.5 KB). Loaded Objects now: 961.
Memory consumption went from 95.8 MB to 95.8 MB.
Total: 2.748583 ms (FindLiveObjects: 0.048291 ms CreateObjectMapping: 0.012084 ms MarkObjects: 2.676583 ms  DeleteObjects: 0.011209 ms)

[Project] Loading completed in 7.950 seconds
	Project init time: 				6.638 seconds
		Template init time: 		0.000 seconds
		Package Manager init time: 		0.290 seconds
		Asset Database init time: 		0.869 seconds
		Global illumination init time: 	0.001 seconds
		Assemblies load time: 			0.638 seconds
		Tuanjie extensions init time: 	0.001 seconds
		Asset Database refresh time: 	4.103 seconds
	Scene opening time: 			0.086 seconds
##utp:{"type":"ProjectInfo","version":2,"phase":"Immediate","time":1791122972637,"processId":81345,"projectLoad":7.950064125,"projectInit":6.638257792,"templateInit":0.0,"packageManagerInit":0.290169167,"assetDatabaseInit":0.869204791,"globalIlluminationInit":0.000642791,"assembliesLoad":0.638179709,"unityExtensionsInit":0.000873875,"assetDatabaseRefresh":4.1027145,"sceneOpening":0.086157}
##utp:{"type":"EditorInfo","version":2,"phase":"Immediate","time":1791122972637,"processId":81345,"editorVersion":"2022.3.61t14 (3a70663b70e0)","branch":"tuanjie/1.6/staging","buildType":"Release","platform":"OSX"}
Subscribe to USB device events
Thread 0x17016f000 may have been prematurely finalized
CachePath: /Users/qinziqian/Library/Caches/Tuanjie/Palm Bay Studio_PALM BAY
CachePath: /Users/qinziqian/Library/Caches/Tuanjie/Palm Bay Studio_PALM BAY
Reloading assemblies for play mode.
Reloading assemblies after forced synchronous recompile.
Begin MonoManager ReloadAssembly
[NWB-WebRTC] SendDataChannelMessage rejected: dataChannel=null len=24
[NWB-C++] SendDataChannelMessage REJECTED (len=24)
- Loaded All Assemblies, in  0.164 seconds
Refreshing native plugins compatible for Editor in 3.49 ms, found 7 plugins.
Native extension for Android target not found
Native extension for OSXStandalone target not found
Mono: successfully reloaded assembly
- Finished resetting the current domain, in  0.248 seconds
Domain Reload Profiling: 413ms
	BeginReloadAssembly (101ms)
		ExecutionOrderSort (0ms)
		DisableScriptedObjects (3ms)
		BackupInstance (0ms)
		ReleaseScriptingObjects (0ms)
		CreateAndSetChildDomain (17ms)
	RebuildCommonClasses (23ms)
	RebuildNativeTypeToScriptingClass (9ms)
	initialDomainReloadingComplete (14ms)
	LoadAllAssembliesAndSetupDomain (18ms)
		LoadAssemblies (59ms)
		RebuildTransferFunctionScriptingTraits (0ms)
		AnalyzeDomain (8ms)
			TypeCache.Refresh (6ms)
				TypeCache.ScanAssembly (0ms)
			ScanForSourceGeneratedMonoScriptInfo (0ms)
			ResolveRequiredComponents (1ms)
	FinalizeReload (249ms)
		ReleaseScriptCaches (0ms)
		RebuildScriptCaches (0ms)
		SetupLoadedEditorAssemblies (134ms)
			LogAssemblyErrors (0ms)
			InitializePlatformSupportModulesInManaged (9ms)
			SetLoadedEditorAssemblies (3ms)
			RefreshPlugins (0ms)
			BeforeProcessingInitializeOnLoad (17ms)
			ProcessInitializeOnLoadAttributes (90ms)
			ProcessInitializeOnLoadMethodAttributes (14ms)
			AfterProcessingInitializeOnLoad (1ms)
			EditorAssembliesLoaded (0ms)
		ExecutionOrderSort2 (0ms)
		AwakeInstancesAfterBackupRestoration (3ms)
Asset Pipeline Refresh (id=ca17443801f8b4d139283d5d40578ed7): Total: 0.585 seconds - Initiated by StopAssetImportingV2(ForceSynchronousImport | ForceDomainReload)
	Summary:
		Imports: total=0 (actual=0, local cache=0, cache server=0)
		Asset DB Process Time: managed=0 ms, native=150 ms
		Asset DB Callback time: managed=9 ms, native=0 ms
		Scripting: domain reloads=1, domain reload time=423 ms, compile time=1 ms, other=0 ms
		Project Asset Count: scripts=608, non-scripts=4229
		Asset File Changes: new=0, changed=0, moved=0, deleted=0
		Scan Filter Count: 0
		OnDemandAssets Count:0
	InvokeBeforeRefreshCallbacks: 0.721ms
	ApplyChangesToAssetFolders: 0.016ms
	Scan: 0.000ms
	OnSourceAssetsModified: 0.000ms
	GetAllGuidsForCategorization: 0.322ms
	CategorizeAssets: 46.269ms
	ImportOutOfDateAssets: 258.297ms (255.871ms without children)
		CompileScripts: 1.297ms
		CollectScriptTypesHashes: 0.000ms
		ReloadNativeAssets: 0.000ms
		UnloadImportedAssets: 0.293ms
		EnsureUptoDateAssetsAreRegisteredWithGuidPM: 0.600ms
		InitializingProgressBar: 0.000ms
		PostProcessAllAssetNotificationsAddChangedAssets: 0.000ms
		OnDemandSchedulerStart: 0.237ms
	PostProcessAllAssets: 9.093ms
	GatherAllCurrentPrimaryArtifactRevisions: 0.210ms
	UnloadStreamsBegin: 0.048ms
	PersistCurrentRevisions: 0.173ms
	UnloadStreamsEnd: 0.016ms
	GenerateScriptTypeHashes: 0.000ms
	Untracked: 269.999ms
Loaded scene 'Temp/__Backupscenes/0.backup'
	Deserialize:            0.505 ms
	Integration:            273.651 ms
	Integration of assets:  0.001 ms
	Thread Wait Time:       0.009 ms
	Total Operation Time:   274.166 ms
[MODES] ModeService[none].Initialize
[MODES] ModeService[none].LoadModes
[MODES] Loading mode Default (0) for mode-current-id-PALM BAY
[NWB-WebRTC] SendDataChannelMessage rejected: dataChannel=null len=54
[NWB-C++] SendDataChannelMessage REJECTED (len=54)
[NWB-WebRTC] SendDataChannelMessage rejected: dataChannel=null len=33
[NWB-C++] SendDataChannelMessage REJECTED (len=33)
Created GICache directory at /Users/qinziqian/Library/Caches/cn.yousandi.TuanjieEditor/Tuanjie/GiCache. Took: 0.003s, timestamps: [8.946 - 8.950]
M1CAP parked stand=0 flight=UBA826 elapsed=7.30001
UnityEngine.StackTraceUtility:ExtractStackTrace () (at /Users/bokken/build/output/dev/tj/Runtime/Export/Scripting/StackTrace.cs:37)
UnityEngine.DebugLogHandler:LogFormat (UnityEngine.LogType,UnityEngine.Object,string,object[])
UnityEngine.Logger:Log (UnityEngine.LogType,object)
UnityEngine.Debug:Log (object)
M1ReviewCapture/<Exercise>d__19:MoveNext () (at Assets/Editor/M1ReviewCapture.cs:154)
M1ReviewCapture:Poll () (at Assets/Editor/M1ReviewCapture.cs:74)
UnityEditor.EditorApplication:Internal_CallUpdateFunctions () (at /Users/bokken/build/output/dev/tj/Editor/Mono/EditorApplication.cs:387)

(Filename: Assets/Editor/M1ReviewCapture.cs Line: 154)

M1CAP gate: passengers=8 toast=UBA826 开始登机 · 旅客沿人行道前往登机点
UnityEngine.StackTraceUtility:ExtractStackTrace () (at /Users/bokken/build/output/dev/tj/Runtime/Export/Scripting/StackTrace.cs:37)
UnityEngine.DebugLogHandler:LogFormat (UnityEngine.LogType,UnityEngine.Object,string,object[])
UnityEngine.Logger:Log (UnityEngine.LogType,object)
UnityEngine.Debug:Log (object)
M1ReviewCapture/<Exercise>d__19:MoveNext () (at Assets/Editor/M1ReviewCapture.cs:167)
M1ReviewCapture:Poll () (at Assets/Editor/M1ReviewCapture.cs:74)
UnityEditor.EditorApplication:Internal_CallUpdateFunctions () (at /Users/bokken/build/output/dev/tj/Editor/Mono/EditorApplication.cs:387)

(Filename: Assets/Editor/M1ReviewCapture.cs Line: 167)

M1_REVIEW_PASSED PASS
UnityEngine.StackTraceUtility:ExtractStackTrace () (at /Users/bokken/build/output/dev/tj/Runtime/Export/Scripting/StackTrace.cs:37)
UnityEngine.DebugLogHandler:LogFormat (UnityEngine.LogType,UnityEngine.Object,string,object[])
UnityEngine.Logger:Log (UnityEngine.LogType,object)
UnityEngine.Debug:Log (object)
M1ReviewCapture:Complete (bool,string) (at Assets/Editor/M1ReviewCapture.cs:94)
M1ReviewCapture:Poll () (at Assets/Editor/M1ReviewCapture.cs:75)
UnityEditor.EditorApplication:Internal_CallUpdateFunctions () (at /Users/bokken/build/output/dev/tj/Editor/Mono/EditorApplication.cs:387)

(Filename: Assets/Editor/M1ReviewCapture.cs Line: 94)

Thread 0x170287000 may have been prematurely finalized
CachePath: /Users/qinziqian/Library/Caches/Tuanjie/Palm Bay Studio_PALM BAY
Unloading 16 Unused Serialized files (Serialized files now loaded: 0)
Loaded scene 'Temp/__Backupscenes/0.backup'
	Deserialize:            0.499 ms
	Integration:            3.516 ms
	Integration of assets:  0.001 ms
	Thread Wait Time:       0.011 ms
	Total Operation Time:   4.027 ms
Unloading 49 unused Assets / (32.2 KB). Loaded Objects now: 977.
Memory consumption went from 102.7 MB to 102.6 MB.
Total: 4.164416 ms (FindLiveObjects: 0.059334 ms CreateObjectMapping: 0.015541 ms MarkObjects: 4.036750 ms  DeleteObjects: 0.052250 ms)

[UnityConnectServicesConfig] config is NOT valid, switching to default
gi::BakeBackendSwitch: switching bake backend from 3 to 2.
[00:00:00] Builtin Sky manager started.
Killing ADB server in 0.040726 seconds.
Thread 0x170287000 may have been prematurely finalized
Input System module state changed to: ShutdownInProgress.
Input System polling thread exited.
Input System module state changed to: Shutdown.
[Licensing::IpcConnector] License Notification channel disconnected successfully.
[Licensing::IpcConnector] License Client channel disconnected successfully.
Shutting down server...
Thread 0x1706e7000 may have been prematurely finalized
[40m[32minfo[39m[22m[49m: Microsoft.Hosting.Lifetime[0]
      Application is shutting down...
Cleanup mono
debugger-agent: Unable to listen on 53
[Performance] Application.InitializeProject                                                                                        :        1 samples, Peak.  6.64 s (1.0x), Avg.  6.64 s, Total. 6.638 s (61.9%)
[Performance] Application.PackageManager.StartServer                                                                               :        1 samples, Peak.  2.22 ms (1.0x), Avg.  2.22 ms, Total. 2.215 ms (0.0%)
[Performance] Application.AcquireProjectLock                                                                                       :        1 samples, Peak.  3.74 ms (1.0x), Avg.  3.74 ms, Total. 3.739 ms (0.0%)
[Performance] Application.InitializeEngineNoGraphics                                                                               :        1 samples, Peak.   243 ms (1.0x), Avg.   243 ms, Total. 242.6 ms (2.3%)
[Performance] Application.PackageManager.Initialize                                                                                :        1 samples, Peak.   290 ms (1.0x), Avg.   290 ms, Total. 290.2 ms (2.7%)
[Performance] Connecting to Package Manager                                                                                        :       30 samples, Peak.  61.5 us (26.9x), Avg.  2.28 us, Total. 68.42 us (0.0%)
[Performance] PackageManager::Api::RunRequestSynchronously                                                                         :       12 samples, Peak.  5.96 us (2.0x), Avg.  2.98 us, Total. 35.79 us (0.0%)
[Performance] Application.EngineGraphics.Initialize                                                                                :        1 samples, Peak.  27.0 ms (1.0x), Avg.  27.0 ms, Total. 27.04 ms (0.3%)
[Performance] Application.GI.Initialize                                                                                            :        1 samples, Peak.   644 us (1.0x), Avg.   644 us, Total. 643.5 us (0.0%)
[Performance] Application.LoadAllDefaultResourcesFromEditor                                                                        :        1 samples, Peak.  1.26 ms (1.0x), Avg.  1.26 ms, Total. 1.260 ms (0.0%)
[Performance] Application.LoadMonoAssemblies                                                                                       :        1 samples, Peak.   638 ms (1.0x), Avg.   638 ms, Total. 638.2 ms (6.0%)
[Performance] RestoreManagedReferences                                                                                             :        3 samples, Peak.  55.7 ms (1.6x), Avg.  34.4 ms, Total. 103.2 ms (1.0%)
[Performance] InitializeOnLoad BuildProfileHelperManager                                                                           :        3 samples, Peak.  72.2 ms (2.6x), Avg.  27.3 ms, Total. 81.91 ms (0.8%)
[Performance] InitializeOnLoad SceneSearch                                                                                         :        3 samples, Peak.   127 us (1.4x), Avg.  92.5 us, Total. 277.6 us (0.0%)
[Performance] InitializeOnLoad DrivenRectTransformUndo                                                                             :        3 samples, Peak.   202 us (1.2x), Avg.   168 us, Total. 502.7 us (0.0%)
[Performance] InitializeOnLoad EditMode                                                                                            :        3 samples, Peak.   224 us (1.2x), Avg.   195 us, Total. 585.4 us (0.0%)
[Performance] InitializeOnLoad PlayModeDownload                                                                                    :        3 samples, Peak.   368 us (2.2x), Avg.   166 us, Total. 498.5 us (0.0%)
[Performance] InitializeOnLoad ShortcutIntegration                                                                                 :        3 samples, Peak.  44.0 us (1.3x), Avg.  33.4 us, Total. 100.2 us (0.0%)
[Performance] InitializeOnLoad ManagedDebuggerWindow                                                                               :        3 samples, Peak.   446 us (1.1x), Avg.   405 us, Total. 1.214 ms (0.0%)
[Performance] InitializeOnLoad MenuItems                                                                                           :        3 samples, Peak.   218 us (1.2x), Avg.   179 us, Total. 537.0 us (0.0%)
[Performance] InitializeOnLoad ConsoleEntrance                                                                                     :        3 samples, Peak.   221 us (1.1x), Avg.   199 us, Total. 597.8 us (0.0%)
[Performance] InitializeOnLoad MixerEffectDefinitionReloader                                                                       :        3 samples, Peak.  1.70 ms (1.4x), Avg.  1.23 ms, Total. 3.690 ms (0.0%)
[Performance] InitializeOnLoad SearchService                                                                                       :        3 samples, Peak.  66.2 us (1.0x), Avg.  63.7 us, Total. 191.0 us (0.0%)
[Performance] InitializeOnLoad CloudBuild                                                                                          :        3 samples, Peak.  2.58 us (1.1x), Avg.  2.32 us, Total. 6.959 us (0.0%)
[Performance] InitializeOnLoad PrefabInstanceChangedListener                                                                       :        3 samples, Peak.  90.4 us (1.1x), Avg.  80.2 us, Total. 240.6 us (0.0%)
[Performance] InitializeOnLoad ManagedDebugger                                                                                     :        3 samples, Peak.   292 ns (1.2x), Avg.   250 ns, Total. 750.0 ns (0.0%)
[Performance] InitializeOnLoad AssetStoreContext                                                                                   :        3 samples, Peak.  14.5 ms (1.4x), Avg.  10.4 ms, Total. 31.18 ms (0.3%)
[Performance] InitializeOnLoad NativeFormatImporterUtility                                                                         :        3 samples, Peak.  1.47 ms (1.2x), Avg.  1.24 ms, Total. 3.716 ms (0.0%)
[Performance] InitializeOnLoad ObjectSelectorSearch                                                                                :        3 samples, Peak.  34.8 us (1.2x), Avg.  30.2 us, Total. 90.54 us (0.0%)
[Performance] InitializeOnLoad CacheServerWindow                                                                                   :        3 samples, Peak.  13.0 us (1.2x), Avg.  10.6 us, Total. 31.75 us (0.0%)
[Performance] InitializeOnLoad PoolManager                                                                                         :        3 samples, Peak.  33.0 us (1.1x), Avg.  30.7 us, Total. 92.13 us (0.0%)
[Performance] InitializeOnLoad UISystemProfilerRenderService                                                                       :        3 samples, Peak.  7.58 us (1.2x), Avg.  6.33 us, Total. 19.00 us (0.0%)
[Performance] InitializeOnLoad ProfilerConnectionPopupWindow                                                                       :        3 samples, Peak.  15.9 us (1.0x), Avg.  15.6 us, Total. 46.67 us (0.0%)
[Performance] InitializeOnLoad ProjectSearch                                                                                       :        3 samples, Peak.  27.2 us (1.1x), Avg.  23.8 us, Total. 71.42 us (0.0%)
[Performance] InitializeOnLoad TuanjiePathAndNameFix                                                                               :        3 samples, Peak.  94.0 us (1.0x), Avg.  91.2 us, Total. 273.7 us (0.0%)
[Performance] InitializeOnLoad UnityConnect                                                                                        :        3 samples, Peak.   458 ns (1.3x), Avg.   361 ns, Total. 1.084 us (0.0%)
[Performance] InitializeOnLoad WindowLayout                                                                                        :        3 samples, Peak.  22.2 us (1.1x), Avg.  20.0 us, Total. 59.92 us (0.0%)
[Performance] InitializeOnLoad SettingsService                                                                                     :        3 samples, Peak.  7.83 us (1.1x), Avg.  7.17 us, Total. 21.50 us (0.0%)
[Performance] InitializeOnLoad AddComponentWindow                                                                                  :        3 samples, Peak.  63.4 us (1.0x), Avg.  61.9 us, Total. 185.8 us (0.0%)
[Performance] InitializeOnLoad EditorMonitor                                                                                       :        3 samples, Peak.   472 us (1.1x), Avg.   427 us, Total. 1.281 ms (0.0%)
[Performance] InitializeOnLoad RetainedMode                                                                                        :        3 samples, Peak.  1.39 ms (1.0x), Avg.  1.36 ms, Total. 4.084 ms (0.0%)
[Performance] InitializeOnLoad EditorShaderLoader                                                                                  :        3 samples, Peak.   474 us (1.2x), Avg.   391 us, Total. 1.173 ms (0.0%)
[Performance] InitializeOnLoad EditorDelegateRegistration                                                                          :        3 samples, Peak.   353 us (1.0x), Avg.   342 us, Total. 1.027 ms (0.0%)
[Performance] InitializeOnLoad UIDocumentHierarchyWatcher                                                                          :        3 samples, Peak.  39.8 us (1.0x), Avg.  39.6 us, Total. 118.8 us (0.0%)
[Performance] InitializeOnLoad LiveReloadTrackerCreator                                                                            :        3 samples, Peak.   126 us (1.1x), Avg.   115 us, Total. 346.1 us (0.0%)
[Performance] InitializeOnLoad UxmlObjectEditorFactories                                                                           :        3 samples, Peak.   358 us (1.1x), Avg.   337 us, Total. 1.011 ms (0.0%)
[Performance] InitializeOnLoad UXMLEditorFactories                                                                                 :        3 samples, Peak.  36.4 ms (1.0x), Avg.  35.7 ms, Total. 107.0 ms (1.0%)
[Performance] InitializeOnLoad PurchasingService                                                                                   :        3 samples, Peak.  5.13 ms (1.1x), Avg.  4.50 ms, Total. 13.51 ms (0.1%)
[Performance] InitializeOnLoad CloudBuildPoller                                                                                    :        3 samples, Peak.  68.0 us (1.0x), Avg.  66.0 us, Total. 198.0 us (0.0%)
[Performance] InitializeOnLoad EditorGameServicesAnalytics                                                                         :        3 samples, Peak.   831 us (1.2x), Avg.   669 us, Total. 2.006 ms (0.0%)
[Performance] InitializeOnLoad AnalyticsService                                                                                    :        3 samples, Peak.   114 us (1.0x), Avg.   110 us, Total. 330.4 us (0.0%)
[Performance] InitializeOnLoad BuildService                                                                                        :        3 samples, Peak.  98.1 us (1.0x), Avg.  94.9 us, Total. 284.6 us (0.0%)
[Performance] InitializeOnLoad AdsService                                                                                          :        3 samples, Peak.   242 us (1.0x), Avg.   235 us, Total. 705.5 us (0.0%)
[Performance] InitializeOnLoad UDPService                                                                                          :        3 samples, Peak.  90.2 us (1.0x), Avg.  89.6 us, Total. 268.7 us (0.0%)
[Performance] InitializeOnLoad CrashService                                                                                        :        3 samples, Peak.  89.9 us (1.0x), Avg.  88.4 us, Total. 265.2 us (0.0%)
[Performance] InitializeOnLoad ServicesRepository                                                                                  :        3 samples, Peak.   250 ns (1.3x), Avg.   195 ns, Total. 584.0 ns (0.0%)
[Performance] InitializeOnLoad SearchWindow                                                                                        :        3 samples, Peak.  87.7 us (1.0x), Avg.  84.0 us, Total. 252.1 us (0.0%)
[Performance] InitializeOnLoad CustomIndexers                                                                                      :        3 samples, Peak.  12.1 ms (1.1x), Avg.  11.4 ms, Total. 34.22 ms (0.3%)
[Performance] InitializeOnLoad SearchMonitor                                                                                       :        3 samples, Peak.  2.80 ms (2.1x), Avg.  1.34 ms, Total. 4.025 ms (0.0%)
[Performance] InitializeOnLoad ParameterControllerEditor                                                                           :        3 samples, Peak.  24.0 us (1.5x), Avg.  15.7 us, Total. 47.00 us (0.0%)
[Performance] InitializeOnLoad LayerSettingsWindow                                                                                 :        3 samples, Peak.  19.1 us (1.5x), Avg.  13.1 us, Total. 39.33 us (0.0%)
[Performance] InitializeOnLoad PackageManagerHookGUIDConverter.RegisterPackagesEventHandler                                        :        3 samples, Peak.   546 us (2.4x), Avg.   232 us, Total. 696.6 us (0.0%)
[Performance] InitializeOnLoad EditorDragAndDrop.RegisterEditorClient                                                              :        3 samples, Peak.   224 us (1.3x), Avg.   169 us, Total. 507.5 us (0.0%)
[Performance] InitializeOnLoad EditorEventCallbacks.InitializeFontAssetResourceChangeCallBacks                                     :        3 samples, Peak.   777 us (1.1x), Avg.   732 us, Total. 2.196 ms (0.0%)
[Performance] InitializeOnLoad SceneTemplateService.Init                                                                           :        3 samples, Peak.   809 us (1.0x), Avg.   793 us, Total. 2.378 ms (0.0%)
[Performance] InitializeOnLoad DiagnosticSwitchesConsoleMessage.Init                                                               :        3 samples, Peak.  2.46 ms (1.3x), Avg.  1.84 ms, Total. 5.524 ms (0.1%)
[Performance] InitializeOnLoad EditorWindow.Initialize                                                                             :        3 samples, Peak.   176 us (1.1x), Avg.   153 us, Total. 460.2 us (0.0%)
[Performance] InitializeOnLoad MemoryProfilerCompilationGuard.InjectCompileGuard                                                   :        3 samples, Peak.   114 us (1.2x), Avg.  99.1 us, Total. 297.2 us (0.0%)
[Performance] InitializeOnLoad ToolShortcutContext.Init                                                                            :        3 samples, Peak.  68.2 us (1.0x), Avg.  67.5 us, Total. 202.5 us (0.0%)
[Performance] InitializeOnLoad SceneVisibilityManager.Initialize                                                                   :        3 samples, Peak.  2.32 ms (2.1x), Avg.  1.11 ms, Total. 3.323 ms (0.0%)
[Performance] InitializeOnLoad AssetPostprocessingInternal.RefreshCustomDependencies                                               :        3 samples, Peak.  2.34 ms (1.5x), Avg.  1.54 ms, Total. 4.619 ms (0.0%)
[Performance] InitializeOnLoad SysrootManager.Initialize                                                                           :        3 samples, Peak.   335 us (1.1x), Avg.   314 us, Total. 941.0 us (0.0%)
[Performance] InitializeOnLoad ScopedRegistryAddedPopup.SubscribeToRegistriesAdded                                                 :        3 samples, Peak.   129 us (1.3x), Avg.  97.2 us, Total. 291.5 us (0.0%)
[Performance] InitializeOnLoad PackageManagerWindow.EditorInitializedInSafeMode                                                    :        3 samples, Peak.  74.6 us (2.0x), Avg.  37.6 us, Total. 112.7 us (0.0%)
[Performance] AssemblyReloadEvents.afterAssemblyReload: UnityEditor.PackageManager.TuanjiePathAndNameFix.FixTuanjieNameOrPath      :        3 samples, Peak.  2.28 ms (1.2x), Avg.  1.86 ms, Total. 5.567 ms (0.1%)
[Performance] AssemblyReloadEvents.afterAssemblyReload: UnityEditor.SceneTemplate.SceneTemplateService.AfterAssemblyReload         :        3 samples, Peak.  2.07 ms (1.5x), Avg.  1.40 ms, Total. 4.200 ms (0.0%)
[Performance] ProcessService.EditorAfterLoadAllAssemblies                                                                          :        3 samples, Peak.   205 us (1.1x), Avg.   193 us, Total. 579.8 us (0.0%)
[Performance] Application.ReadLicenseInfo                                                                                          :        1 samples, Peak.  15.6 ms (1.0x), Avg.  15.6 ms, Total. 15.60 ms (0.1%)
[Performance] Application.InitialRefresh                                                                                           :        1 samples, Peak.  4.11 s (1.0x), Avg.  4.11 s, Total. 4.108 s (38.3%)
[Performance] ShaderImporter.SourceAssetModified                                                                                   :        2 samples, Peak.   583 ns (1.0x), Avg.   563 ns, Total. 1.125 us (0.0%)
[Performance] ShaderIncludeImporter.SourceAssetModified                                                                            :        2 samples, Peak.  1000 ns (1.1x), Avg.   896 ns, Total. 1.792 us (0.0%)
[Performance] Compiling Scripts                                                                                                    :        1 samples, Peak.  3.01 s (1.0x), Avg.  3.01 s, Total. 3.006 s (28.0%)
[Performance] AssemblyReloadEvents.beforeAssemblyReload: UnityEditor.SceneTemplate.SceneTemplateService.BeforeAssemblyReload       :        2 samples, Peak.   697 us (1.5x), Avg.   479 us, Total. 958.0 us (0.0%)
[Performance] PresetManagerPostProcessor.OnPreprocessAsset                                                                         :        8 samples, Peak.   670 us (7.6x), Avg.  88.4 us, Total. 707.0 us (0.0%)
[Performance] CancelSplashScreenOnAssetChange.OnPreprocessAsset                                                                    :        8 samples, Peak.   290 us (7.8x), Avg.  37.0 us, Total. 296.3 us (0.0%)
[Performance] InitializeOnLoad M3ReplayFailureCapture                                                                              :        2 samples, Peak.   137 us (1.1x), Avg.   125 us, Total. 250.2 us (0.0%)
[Performance] InitializeOnLoad M3FuelPlaytest                                                                                      :        2 samples, Peak.   151 us (1.1x), Avg.   141 us, Total. 282.3 us (0.0%)
[Performance] InitializeOnLoad M7IdentityReview                                                                                    :        2 samples, Peak.  48.3 us (1.2x), Avg.  41.0 us, Total. 82.08 us (0.0%)
[Performance] InitializeOnLoad M6ResultsCapture                                                                                    :        2 samples, Peak.  32.0 us (1.0x), Avg.  31.7 us, Total. 63.33 us (0.0%)
[Performance] InitializeOnLoad NetPlaytest                                                                                         :        2 samples, Peak.   104 us (1.0x), Avg.   102 us, Total. 203.4 us (0.0%)
[Performance] InitializeOnLoad MainLoopPlaytest                                                                                    :        2 samples, Peak.  27.9 us (1.0x), Avg.  26.6 us, Total. 53.29 us (0.0%)
[Performance] InitializeOnLoad M2LobbyCapture                                                                                      :        2 samples, Peak.  32.8 us (1.0x), Avg.  31.4 us, Total. 62.71 us (0.0%)
[Performance] InitializeOnLoad MacVideoShareBuilder                                                                                :        2 samples, Peak.  74.5 us (1.0x), Avg.  72.1 us, Total. 144.3 us (0.0%)
[Performance] InitializeOnLoad M4CoopCapture                                                                                       :        2 samples, Peak.   534 us (1.1x), Avg.   502 us, Total. 1.004 ms (0.0%)
[Performance] InitializeOnLoad M1ReviewCapture                                                                                     :        2 samples, Peak.  34.3 us (1.0x), Avg.  32.8 us, Total. 65.50 us (0.0%)
[Performance] InitializeOnLoad CodelyToolbar                                                                                       :        2 samples, Peak.  95.7 us (1.0x), Avg.  93.0 us, Total. 185.9 us (0.0%)
[Performance] InitializeOnLoad CodelyLayoutInstaller                                                                               :        2 samples, Peak.  39.5 us (1.0x), Avg.  38.0 us, Total. 76.08 us (0.0%)
[Performance] InitializeOnLoad SelectionChangedNotifier                                                                            :        2 samples, Peak.  69.1 us (1.0x), Avg.  66.5 us, Total. 133.0 us (0.0%)
[Performance] InitializeOnLoad UnityTcpBridge                                                                                      :        2 samples, Peak.   307 us (1.0x), Avg.   299 us, Total. 597.4 us (0.0%)
[Performance] InitializeOnLoad BridgeUpdateRestartPrompt                                                                           :        2 samples, Peak.  34.4 us (1.0x), Avg.  33.2 us, Total. 66.33 us (0.0%)
[Performance] InitializeOnLoad TmpEssentialsAutoImporter                                                                           :        2 samples, Peak.  33.3 us (1.0x), Avg.  33.2 us, Total. 66.46 us (0.0%)
[Performance] InitializeOnLoad NativeDllLoader                                                                                     :        2 samples, Peak.   367 us (1.0x), Avg.   361 us, Total. 721.0 us (0.0%)
[Performance] InitializeOnLoad DialogWatcher                                                                                       :        2 samples, Peak.   627 us (1.1x), Avg.   548 us, Total. 1.096 ms (0.0%)
[Performance] InitializeOnLoad StepJobRunner                                                                                       :        2 samples, Peak.  2.36 ms (1.0x), Avg.  2.32 ms, Total. 4.631 ms (0.0%)
[Performance] InitializeOnLoad ManageWindowBridge                                                                                  :        2 samples, Peak.   591 us (1.2x), Avg.   507 us, Total. 1.015 ms (0.0%)
[Performance] InitializeOnLoad PrefabLayoutRebuilder                                                                               :        2 samples, Peak.   136 us (1.0x), Avg.   136 us, Total. 271.6 us (0.0%)
[Performance] InitializeOnLoad ManageScreenshot.ScheduleStaleCaptureWindowCleanup                                                  :        2 samples, Peak.  1.57 ms (1.1x), Avg.  1.41 ms, Total. 2.817 ms (0.0%)
[Performance] InitializeOnLoad ManageInput.Initialize                                                                              :        2 samples, Peak.   114 us (1.0x), Avg.   110 us, Total. 219.6 us (0.0%)
[Performance] InitializeOnLoad NativeWindowBridgeHost.OnDomainReload                                                               :        2 samples, Peak.  3.58 ms (1.1x), Avg.  3.27 ms, Total. 6.535 ms (0.1%)
[Performance] InitializeOnLoad DrillWindow.AutoOpenOnLoadIfDrillIncomplete                                                         :        2 samples, Peak.  1.39 ms (1.1x), Avg.  1.21 ms, Total. 2.424 ms (0.0%)
[Performance] InitializeOnLoad CodelyWindow.RegisterReloadEvents                                                                   :        2 samples, Peak.   338 us (1.0x), Avg.   325 us, Total. 650.7 us (0.0%)
[Performance] InitializeOnLoad CodelyLogger.Init                                                                                   :        2 samples, Peak.  60.4 us (1.2x), Avg.  51.9 us, Total. 103.9 us (0.0%)
[Performance] DidReloadScriptsAdvancedDropdownWindow.OnScriptReload                                                                :        2 samples, Peak.   138 us (1.0x), Avg.   132 us, Total. 263.7 us (0.0%)
[Performance] AssetDatabase.ImportAssets                                                                                           :        3 samples, Peak.   333 ns (1.5x), Avg.   222 ns, Total. 666.0 ns (0.0%)
[Performance] VersionControl.Task.Wait                                                                                             :        1 samples, Peak.   165 us (1.0x), Avg.   165 us, Total. 165.4 us (0.0%)
[Performance] BuilderAssetPostprocessor.OnPostprocessAllAssets                                                                     :        2 samples, Peak.  3.17 ms (1.0x), Avg.  3.13 ms, Total. 6.261 ms (0.1%)
[Performance] ArtifactBrowserPostProcessor.OnPostprocessAllAssets                                                                  :        2 samples, Peak.   330 us (1.0x), Avg.   329 us, Total. 657.5 us (0.0%)
[Performance] AssetEvents.OnPostprocessAllAssets                                                                                   :        4 samples, Peak.   119 us (1.6x), Avg.  74.0 us, Total. 295.8 us (0.0%)
[Performance] AudioMixerPostprocessor.OnPostprocessAllAssets                                                                       :        2 samples, Peak.   176 us (1.0x), Avg.   175 us, Total. 350.6 us (0.0%)
[Performance] DomainReloadPostprocessor.OnPostprocessAllAssets                                                                     :        4 samples, Peak.  1.56 ms (1.1x), Avg.  1.38 ms, Total. 5.532 ms (0.1%)
[Performance] StyleCatalogPostProcessor.OnPostprocessAllAssets                                                                     :        2 samples, Peak.  12.8 ms (1.0x), Avg.  12.8 ms, Total. 25.52 ms (0.2%)
[Performance] BuildCatalog                                                                                                         :        1 samples, Peak.  12.1 ms (1.0x), Avg.  12.1 ms, Total. 12.06 ms (0.1%)
[Performance] ModelImporterPostProcessor.OnPostprocessAllAssets                                                                    :        2 samples, Peak.   742 us (1.0x), Avg.   741 us, Total. 1.481 ms (0.0%)
[Performance] RetainedModeAssetPostprocessor.OnPostprocessAllAssets                                                                :        2 samples, Peak.  1.60 ms (1.0x), Avg.  1.60 ms, Total. 3.196 ms (0.0%)
[Performance] AssetChangedListener.OnPostprocessAllAssets                                                                          :        2 samples, Peak.  1.71 ms (1.0x), Avg.  1.71 ms, Total. 3.410 ms (0.0%)
[Performance] SpeedTreePostProcessor.OnPostprocessAllAssets                                                                        :        2 samples, Peak.   202 us (1.0x), Avg.   200 us, Total. 401.0 us (0.0%)
[Performance] TextAssetPostProcessor.OnPostprocessAllAssets                                                                        :        2 samples, Peak.   351 us (1.0x), Avg.   350 us, Total. 700.2 us (0.0%)
[Performance] SyncVS.PostprocessSyncProject                                                                                        :        2 samples, Peak.   956 us (1.0x), Avg.   936 us, Total. 1.873 ms (0.0%)
[Performance] Application.ImportPackagesAndSetTemplateWhenCreatingProject                                                          :        1 samples, Peak.  32.6 ms (1.0x), Avg.  32.6 ms, Total. 32.59 ms (0.3%)
[Performance] Application.SyncCurrentColorSpace                                                                                    :        1 samples, Peak.   106 ms (1.0x), Avg.   106 ms, Total. 105.7 ms (1.0%)
[Performance] Application.OnUsbDevicesChanged                                                                                      :        1 samples, Peak.   102 us (1.0x), Avg.   102 us, Total. 101.7 us (0.0%)
[Performance] Application.AssetInstanceCacheUpdate                                                                                 :        1 samples, Peak.  83.0 ns (1.0x), Avg.  83.0 ns, Total. 83.00 ns (0.0%)
[Performance] Application.UnityExtensions.Initialize                                                                               :        1 samples, Peak.   874 us (1.0x), Avg.   874 us, Total. 874.2 us (0.0%)
[Performance] CodeEditorProjectSync.SyncEditorProject                                                                              :        1 samples, Peak.  44.9 us (1.0x), Avg.  44.9 us, Total. 44.92 us (0.0%)
[Performance] Application.ExecuteStartups                                                                                          :        1 samples, Peak.  48.9 ms (1.0x), Avg.  48.9 ms, Total. 48.93 ms (0.5%)
[Performance] Menu.RegisterMenuInterface                                                                                           :       26 samples, Peak.  1.75 us (9.8x), Avg.   178 ns, Total. 4.624 us (0.0%)
[Performance] Gizmo.RebuildRenderers                                                                                               :        4 samples, Peak.  43.2 ms (2.1x), Avg.  20.6 ms, Total. 82.41 ms (0.8%)
[Performance] Gizmo.AddGizmoRenderers                                                                                              :      136 samples, Peak.  1.37 ms (54.2x), Avg.  25.2 us, Total. 3.429 ms (0.0%)
[Performance] Application.editorInitializingProject                                                                                :        1 samples, Peak.  1.36 ms (1.0x), Avg.  1.36 ms, Total. 1.364 ms (0.0%)
[Performance] Application.FinishLoadingProject                                                                                     :        1 samples, Peak.  86.2 ms (1.0x), Avg.  86.2 ms, Total. 86.16 ms (0.8%)
[Performance] Application.InitializeMenu                                                                                           :        1 samples, Peak.  33.7 ms (1.0x), Avg.  33.7 ms, Total. 33.70 ms (0.3%)
[Performance] Menu.RebuildAll                                                                                                      :        1 samples, Peak.  33.7 ms (1.0x), Avg.  33.7 ms, Total. 33.69 ms (0.3%)
[Performance] Menu.BuildRegisteredMenuInterfaces                                                                                   :        1 samples, Peak.  30.3 ms (1.0x), Avg.  30.3 ms, Total. 30.30 ms (0.3%)
[Performance] Menu.FilterMenuItem                                                                                                  :      875 samples, Peak.  13.4 ms (855.9x), Avg.  15.6 us, Total. 13.67 ms (0.1%)
[Performance] UpdateAllMenus                                                                                                       :        2 samples, Peak.  20.5 ms (1.9x), Avg.  10.5 ms, Total. 21.10 ms (0.2%)
[Performance] EditorSceneManager.sceneClosing: UnityEditor.SceneVisibilityManager.EditorSceneManagerOnSceneClosing                 :        4 samples, Peak.   175 us (2.0x), Avg.  85.6 us, Total. 342.2 us (0.0%)
[Performance] GUIView.RepaintAll.PlayerLoopController                                                                              :       15 samples, Peak.  4.00 us (7.4x), Avg.   539 ns, Total. 8.083 us (0.0%)
[Performance] EditorSceneManager.newSceneCreated: UnityEditor.SceneTemplate.SceneTemplateService.OnNewSceneCreated                 :        1 samples, Peak.   180 us (1.0x), Avg.   180 us, Total. 180.0 us (0.0%)
[Performance] EditorSceneManager.newSceneCreated: UnityEditor.SceneVisibilityManager.EditorSceneManagerOnNewSceneCreated           :        1 samples, Peak.   113 us (1.0x), Avg.   113 us, Total. 112.7 us (0.0%)
[Performance] EditorSceneManager.newSceneCreated: UnityEditor.SceneManagement.StageNavigationManager.OnNewSceneCreated             :        1 samples, Peak.  37.4 us (1.0x), Avg.  37.4 us, Total. 37.37 us (0.0%)
[Performance] Application.InvokeFinishedLoadingProject                                                                             :        1 samples, Peak.  6.38 ms (1.0x), Avg.  6.38 ms, Total. 6.385 ms (0.1%)
[Performance] ProcessService.OnProjectLoaded                                                                                       :        1 samples, Peak.  34.4 us (1.0x), Avg.  34.4 us, Total. 34.38 us (0.0%)
[Performance] EditorSceneManager.sceneOpening: UnityEditor.SceneVisibilityManager.EditorSceneManagerOnSceneOpening                 :        1 samples, Peak.  77.8 us (1.0x), Avg.  77.8 us, Total. 77.83 us (0.0%)
[Performance] Inspector.InitOrRebuild                                                                                              :        3 samples, Peak.   298 us (1.3x), Avg.   236 us, Total. 707.5 us (0.0%)
[Performance] EditorSceneManager.sceneOpened: UnityEditor.SceneTemplate.SceneTemplateService.OnSceneOpened                         :        1 samples, Peak.   154 us (1.0x), Avg.   154 us, Total. 153.5 us (0.0%)
[Performance] EditorSceneManager.sceneOpened: UnityEditor.SceneVisibilityManager.EditorSceneManagerOnSceneOpened                   :        1 samples, Peak.  63.7 us (1.0x), Avg.  63.7 us, Total. 63.71 us (0.0%)
[Performance] EditorSceneManager.sceneOpened: UnityEditor.SceneManagement.StageNavigationManager.OnSceneOpened                     :        1 samples, Peak.  33.0 us (1.0x), Avg.  33.0 us, Total. 33.00 us (0.0%)
[Performance] EditorApplication.playModeStateChanged                                                                               :        2 samples, Peak.  1.07 ms (1.8x), Avg.   607 us, Total. 1.214 ms (0.0%)
[Performance] EditorApplication.playModeStateChanged: UnityEditor.PackageManager.UI.Internal.ApplicationProxy.PlayModeStateChanged :        4 samples, Peak.   108 us (2.0x), Avg.  54.8 us, Total. 219.3 us (0.0%)
[Performance] EditorApplication.playModeStateChanged: UnityEditor.PackageManager.UI.Internal.PlayModeDownload.PlayModeStateChanged :        4 samples, Peak.   234 us (2.9x), Avg.  80.1 us, Total. 320.5 us (0.0%)
[Performance] EditorApplication.playModeStateChanged: UnityEditor.ObjectPool.PoolManager.OnEditorStateChange                       :        4 samples, Peak.  84.8 us (2.0x), Avg.  42.3 us, Total. 169.3 us (0.0%)
[Performance] EditorApplication.playModeStateChanged: UnityTcp.Editor.Tools.ManageInput.OnPlayModeStateChanged                     :        4 samples, Peak.  22.5 us (1.9x), Avg.  12.0 us, Total. 47.96 us (0.0%)
[Performance] EditorApplication.playModeStateChanged: UnityTcp.Editor.Native.NativeWindowBridgeHost.OnPlayModeStateChanged         :        4 samples, Peak.   159 us (2.1x), Avg.  77.3 us, Total. 309.2 us (0.0%)
[Performance] EditorApplication.playModeStateChanged: Cn.Tuanjie.Codely.Editor.CodelyWindow.OnPlayModeStateChanged                 :        4 samples, Peak.   117 us (1.6x), Avg.  75.3 us, Total. 301.1 us (0.0%)
[Performance] EditorApplication.playModeStateChanged: UnityEditor.SceneManagement.EditorSceneManager.PlayModeStateChangedCallback  :        4 samples, Peak.  20.8 us (2.0x), Avg.  10.3 us, Total. 41.25 us (0.0%)
[Performance] EditorApplication.playModeStateChanged: UnityEditor.SceneVisibilityManager.EditorApplicationPlayModeStateChanged     :        4 samples, Peak.  21.0 us (2.1x), Avg.  9.76 us, Total. 39.04 us (0.0%)
[Performance] Application.InvokeProjectWasLoaded                                                                                   :        1 samples, Peak.  21.7 us (1.0x), Avg.  21.7 us, Total. 21.71 us (0.0%)
[Performance] Application.Tick                                                                                                     :       12 samples, Peak.  1.25 s (6.2x), Avg.   201 ms, Total. 2.410 s (22.5%)
[Performance] CheckLicensingClient                                                                                                 :        1 samples, Peak.  2.08 us (1.0x), Avg.  2.08 us, Total. 2.083 us (0.0%)
[Performance] CheckLicensingClientNotification                                                                                     :        1 samples, Peak.  3.83 us (1.0x), Avg.  3.83 us, Total. 3.834 us (0.0%)
[Performance] LicenseActivated.Tick                                                                                                :        1 samples, Peak.  7.08 us (1.0x), Avg.  7.08 us, Total. 7.083 us (0.0%)
[Performance] Application.TickVersionControl                                                                                       :       13 samples, Peak.  3.33 us (4.9x), Avg.   676 ns, Total. 8.792 us (0.0%)
[Performance] MonoCompiler.Tick                                                                                                    :        3 samples, Peak.   987 ms (3.0x), Avg.   329 ms, Total. 986.9 ms (9.2%)
[Performance] Application.EnterPlayMode                                                                                            :        1 samples, Peak.   973 ms (1.0x), Avg.   973 ms, Total. 973.3 ms (9.1%)
[Performance] Application.Reload                                                                                                   :        1 samples, Peak.   585 ms (1.0x), Avg.   585 ms, Total. 585.3 ms (5.5%)
[Performance] AssemblyReloadEvents.beforeAssemblyReload: UnityTcp.Editor.Native.NativeDllLoader.OnBeforeAssemblyReload             :        1 samples, Peak.  77.7 us (1.0x), Avg.  77.7 us, Total. 77.75 us (0.0%)
[Performance] AssemblyReloadEvents.beforeAssemblyReload: UnityTcp.Editor.Helpers.DetachedJobs.FlushIfDirty                         :        1 samples, Peak.   168 us (1.0x), Avg.   168 us, Total. 168.4 us (0.0%)
[Performance] AssemblyReloadEvents.beforeAssemblyReload: UnityTcp.Editor.Helpers.StepJobRunner.Save                                :        1 samples, Peak.   167 us (1.0x), Avg.   167 us, Total. 167.5 us (0.0%)
[Performance] AssemblyReloadEvents.beforeAssemblyReload: UnityTcp.Editor.Tools.ManageWindowBridge.OnBeforeAssemblyReload           :        1 samples, Peak.  9.46 us (1.0x), Avg.  9.46 us, Total. 9.458 us (0.0%)
[Performance] AssemblyReloadEvents.beforeAssemblyReload: UnityTcp.Editor.Tools.ManageScreenshot.CleanupRecordingBeforeDomainExit   :        1 samples, Peak.  12.7 us (1.0x), Avg.  12.7 us, Total. 12.67 us (0.0%)
[Performance] AssemblyReloadEvents.beforeAssemblyReload: UnityTcp.Editor.Native.NativeWindowBridgeHost.OnBeforeAssemblyReload      :        1 samples, Peak.  21.8 ms (1.0x), Avg.  21.8 ms, Total. 21.79 ms (0.2%)
[Performance] AssemblyReloadEvents.beforeAssemblyReload: Cn.Tuanjie.Codely.Editor.CodelyWindow.OnBeforeAssemblyReload              :        1 samples, Peak.   392 us (1.0x), Avg.   392 us, Total. 392.3 us (0.0%)
[Performance] SceneDataContainer.TransformHierarchyChangedSetParentCallback                                                        :     4035 samples, Peak.  10.7 us (46.2x), Avg.   232 ns, Total. 935.4 us (0.0%)
[Performance] SceneVisibilityState.IsFlagSetInParents                                                                              :     7083 samples, Peak.  1.58 us (11.7x), Avg.   136 ns, Total. 962.2 us (0.0%)
[Performance] UnityBuildPostprocessor.OnProcessScene                                                                               :        1 samples, Peak.   737 us (1.0x), Avg.   737 us, Total. 736.5 us (0.0%)
[Performance] UnityConnect.Tick                                                                                                    :        2 samples, Peak.  6.32 ms (2.0x), Avg.  3.21 ms, Total. 6.412 ms (0.1%)
[Performance] UnityVersionControl.Tick                                                                                             :        2 samples, Peak.   291 ns (1.3x), Avg.   229 ns, Total. 458.0 ns (0.0%)
[Performance] CurlRequest.Tick                                                                                                     :        3 samples, Peak.  44.8 us (2.8x), Avg.  15.8 us, Total. 47.42 us (0.0%)
[Performance] HubClient.Tick                                                                                                       :        3 samples, Peak.  1.54 us (2.1x), Avg.   736 ns, Total. 2.209 us (0.0%)
[Performance] AssetDatabase.Tick                                                                                                   :        3 samples, Peak.  35.5 us (2.9x), Avg.  12.4 us, Total. 37.12 us (0.0%)
[Performance] SceneBackgroundTask.Tick                                                                                             :        3 samples, Peak.   375 ns (1.9x), Avg.   194 ns, Total. 583.0 ns (0.0%)
[Performance] Scheduler.Tick                                                                                                       :        4 samples, Peak.  1.52 ms (4.0x), Avg.   383 us, Total. 1.533 ms (0.0%)
[Performance] RepaintAllProfilerWindows                                                                                            :        2 samples, Peak.   178 us (2.0x), Avg.  90.0 us, Total. 180.1 us (0.0%)
[Performance] PlayerUpdates.Tick                                                                                                   :        3 samples, Peak.  92.2 us (2.3x), Avg.  40.8 us, Total. 122.3 us (0.0%)
[Performance] Application.TickGlobalCallbacks                                                                                      :       13 samples, Peak.  38.7 ms (12.3x), Avg.  3.15 ms, Total. 40.91 ms (0.4%)
[Performance] EditorAnalytics.Tick                                                                                                 :        2 samples, Peak.  21.4 us (1.6x), Avg.  13.5 us, Total. 27.08 us (0.0%)
[Performance] Video.Update                                                                                                         :       13 samples, Peak.   833 ns (3.1x), Avg.   269 ns, Total. 3.502 us (0.0%)
[Performance] Application.TickProgress                                                                                             :       13 samples, Peak.  9.35 ms (12.9x), Avg.   722 us, Total. 9.387 ms (0.1%)
[Performance] Application.TickSceneTracker                                                                                         :       12 samples, Peak.  1.20 s (11.8x), Avg.   101 ms, Total. 1.217 s (11.3%)
[Performance] EditorApplication.update                                                                                             :       12 samples, Peak.  1.20 s (11.8x), Avg.   101 ms, Total. 1.217 s (11.3%)
[Performance] EditorApplication.update: UnityEditor.PackageManager.UI.Internal.ApplicationProxy.OnUpdate                           :       13 samples, Peak.   119 us (12.4x), Avg.  9.55 us, Total. 124.2 us (0.0%)
[Performance] EditorApplication.update: M3ReplayFailureCapture.Poll                                                                :       13 samples, Peak.   195 us (12.2x), Avg.  16.0 us, Total. 207.6 us (0.0%)
[Performance] EditorApplication.update: M3FuelPlaytest.Poll                                                                        :       13 samples, Peak.   124 us (12.6x), Avg.  9.83 us, Total. 127.8 us (0.0%)
[Performance] EditorApplication.update: M7IdentityReview.Poll                                                                      :       13 samples, Peak.   243 us (12.8x), Avg.  18.9 us, Total. 245.5 us (0.0%)
[Performance] EditorApplication.update: M6ResultsCapture.Poll                                                                      :       13 samples, Peak.   110 us (12.7x), Avg.  8.72 us, Total. 113.3 us (0.0%)
[Performance] EditorApplication.update: NetPlaytest.Poll                                                                           :       13 samples, Peak.   608 us (12.9x), Avg.  47.0 us, Total. 611.2 us (0.0%)
[Performance] EditorApplication.update: MainLoopPlaytest.Poll                                                                      :       13 samples, Peak.  99.5 us (12.6x), Avg.  7.92 us, Total. 102.9 us (0.0%)
[Performance] EditorApplication.update: M2LobbyCapture.Poll                                                                        :       13 samples, Peak.  88.3 us (12.5x), Avg.  7.05 us, Total. 91.67 us (0.0%)
[Performance] EditorApplication.update: M4CoopCapture.Poll                                                                         :       13 samples, Peak.  94.8 us (12.5x), Avg.  7.56 us, Total. 98.25 us (0.0%)
[Performance] EditorApplication.update: M1ReviewCapture.Poll                                                                       :       12 samples, Peak.  1.20 s (11.8x), Avg.   101 ms, Total. 1.213 s (11.3%)
[Performance] EditorApplication.update: UnityTcp.Editor.Windows.CodelyToolbar.EnsureAttached                                       :       12 samples, Peak.   237 us (6.3x), Avg.  37.6 us, Total. 451.7 us (0.0%)
[Performance] EditorApplication.update: UnityEditor.SceneManagement.StageNavigationManager.Update                                  :       12 samples, Peak.   262 us (11.7x), Avg.  22.4 us, Total. 269.3 us (0.0%)
[Performance] ConsoleLog.Tick                                                                                                      :        2 samples, Peak.   159 us (1.7x), Avg.  91.6 us, Total. 183.1 us (0.0%)
[Performance] HierarchyWindow.Tick                                                                                                 :        2 samples, Peak.   281 us (1.4x), Avg.   199 us, Total. 398.6 us (0.0%)
[Performance] EditorApplication.hierarchyChanged: Unity.UIElements.Editor.UIDocumentHierarchyWatcher.OnHierarchyChanged            :        2 samples, Peak.  78.6 us (2.0x), Avg.  39.7 us, Total. 79.46 us (0.0%)
[Performance] Inspector.Tick                                                                                                       :        2 samples, Peak.  88.6 ms (2.0x), Avg.  44.3 ms, Total. 88.64 ms (0.8%)
[Performance] EditorApplication.delayCall: UnityEditor.ShortcutManagement.ShortcutIntegration.EnsureShortcutsAreInitialized        :        1 samples, Peak.  20.6 ms (1.0x), Avg.  20.6 ms, Total. 20.61 ms (0.2%)
[Performance] EditorApplication.delayCall: callback in IslandAirport.Editor.MacVideoShareBuilder                                   :        1 samples, Peak.   157 us (1.0x), Avg.   157 us, Total. 157.5 us (0.0%)
[Performance] EditorApplication.delayCall: UnityTcp.Editor.Windows.CodelyToolbar.AttachToToolbar                                   :        2 samples, Peak.  1.21 ms (2.0x), Avg.   616 us, Total. 1.232 ms (0.0%)
[Performance] EditorApplication.delayCall: Cn.Tuanjie.Codely.Editor.CodelyLayoutInstaller.InstallCodelyLayout                      :        1 samples, Peak.  29.7 ms (1.0x), Avg.  29.7 ms, Total. 29.73 ms (0.3%)
[Performance] EditorApplication.delayCall: UnityTcp.Editor.Helpers.BridgeUpdateRestartPrompt.TryShowPendingPrompt                  :        1 samples, Peak.   205 us (1.0x), Avg.   205 us, Total. 204.8 us (0.0%)
[Performance] EditorApplication.delayCall: callback in UnityTcp.Editor.Tools.ManageScreenshot                                      :        1 samples, Peak.   174 us (1.0x), Avg.   174 us, Total. 174.4 us (0.0%)
[Performance] EditorApplication.delayCall: callback in UnityTcp.Editor.Native.NativeWindowBridgeHost                               :        1 samples, Peak.  35.2 ms (1.0x), Avg.  35.2 ms, Total. 35.16 ms (0.3%)
[Performance] EditorApplication.delayCall: callback in UnityEditor.EditorWindow                                                    :        1 samples, Peak.  1.03 ms (1.0x), Avg.  1.03 ms, Total. 1.030 ms (0.0%)
[Performance] EditorApplication.delayCall: callback in UnityEditor.EditorTools.ToolShortcutContext                                 :        1 samples, Peak.  87.2 us (1.0x), Avg.  87.2 us, Total. 87.21 us (0.0%)
[Performance] EditorApplication.delayCall: callback in UnityEditor.SceneVisibilityManager                                          :        1 samples, Peak.  25.9 us (1.0x), Avg.  25.9 us, Total. 25.92 us (0.0%)
[Performance] Tooltip.Tick                                                                                                         :        2 samples, Peak.  11.0 us (2.0x), Avg.  5.56 us, Total. 11.13 us (0.0%)
[Performance] Application.RequestRepaintForPanels                                                                                  :       12 samples, Peak.   276 us (11.4x), Avg.  24.1 us, Total. 289.5 us (0.0%)
[Performance] Application.UpdateScene                                                                                              :       12 samples, Peak.  6.98 ms (7.3x), Avg.   961 us, Total. 11.53 ms (0.1%)
[Performance] PackageImporter.Tick                                                                                                 :        2 samples, Peak.  2.37 us (1.7x), Avg.  1.40 us, Total. 2.792 us (0.0%)
[Performance] InspectorBackground.Tick                                                                                             :        2 samples, Peak.   333 ns (1.8x), Avg.   187 ns, Total. 374.0 ns (0.0%)
[Performance] BurstDebug.Tick                                                                                                      :        2 samples, Peak.  3.25 us (1.8x), Avg.  1.79 us, Total. 3.584 us (0.0%)
[Performance] Application.ChangeLayoutIfNeeded                                                                                     :       12 samples, Peak.  84.0 ns (1.9x), Avg.  45.0 ns, Total. 540.0 ns (0.0%)
[Performance] AsyncReadManager.ForceCloseFiles                                                                                     :        2 samples, Peak.   110 us (2.0x), Avg.  55.5 us, Total. 111.0 us (0.0%)
[Performance] Application.Message                                                                                                  :       12 samples, Peak.   459 ns (4.1x), Avg.   111 ns, Total. 1.337 us (0.0%)
[Performance] Application.ExitPlayMode                                                                                             :        1 samples, Peak.  32.9 ms (1.0x), Avg.  32.9 ms, Total. 32.94 ms (0.3%)
[Performance] CoreBusinessMetrics.Tick                                                                                             :        1 samples, Peak.  61.5 us (1.0x), Avg.  61.5 us, Total. 61.54 us (0.0%)
[Performance] GI.Tick                                                                                                              :        1 samples, Peak.   875 us (1.0x), Avg.   875 us, Total. 875.3 us (0.0%)
[Performance] UnitySynchronization.ExecuteTasks                                                                                    :        1 samples, Peak.  3.79 us (1.0x), Avg.  3.79 us, Total. 3.792 us (0.0%)
[Performance] Application.TickPreloadManager                                                                                       :        1 samples, Peak.  6.04 us (1.0x), Avg.  6.04 us, Total. 6.042 us (0.0%)
[Performance] Application.Shutdown.SaveDefaultWindowPreferences                                                                    :        1 samples, Peak.  43.5 us (1.0x), Avg.  43.5 us, Total. 43.46 us (0.0%)
[Performance] Application.Shutdown.SaveSceneManagerSetup                                                                           :        1 samples, Peak.   192 us (1.0x), Avg.   192 us, Total. 192.3 us (0.0%)
[Performance] Application.Shutdown.CleanupAllContainerWindows                                                                      :        1 samples, Peak.   250 ns (1.0x), Avg.   250 ns, Total. 250.0 ns (0.0%)
[Performance] EditorApplication.quitting: UnityTcp.Editor.Native.NativeDllLoader.OnEditorQuitting                                  :        1 samples, Peak.   122 us (1.0x), Avg.   122 us, Total. 122.4 us (0.0%)
[Performance] EditorApplication.quitting: UnityTcp.Editor.Tools.ManageWindowBridge.OnEditorQuitting                                :        1 samples, Peak.   200 us (1.0x), Avg.   200 us, Total. 199.6 us (0.0%)
[Performance] EditorApplication.quitting: UnityTcp.Editor.Tools.ManageScreenshot.CleanupRecordingBeforeDomainExit                  :        1 samples, Peak.  13.2 us (1.0x), Avg.  13.2 us, Total. 13.21 us (0.0%)
[Performance] EditorApplication.quitting: Cn.Tuanjie.Codely.Editor.CodelyWindow.OnEditorQuitting                                   :        1 samples, Peak.   479 us (1.0x), Avg.   479 us, Total. 478.9 us (0.0%)
[Performance] EditorApplication.quitting: callback in UnityEditor.TextCore.Text.EditorEventCallbacks                               :        1 samples, Peak.  2.48 ms (1.0x), Avg.  2.48 ms, Total. 2.483 ms (0.0%)
[Performance] Killing ADB server                                                                                                   :        1 samples, Peak.  41.2 ms (1.0x), Avg.  41.2 ms, Total. 41.25 ms (0.4%)
[Performance] Application.Shutdown.PauseProfilerSession                                                                            :        1 samples, Peak.  32.0 us (1.0x), Avg.  32.0 us, Total. 32.04 us (0.0%)
[Performance] Application.Shutdown.PauseAssetImportWorkers                                                                         :        1 samples, Peak.   142 us (1.0x), Avg.   142 us, Total. 142.1 us (0.0%)
[Performance] Application.Shutdown.SaveAssets                                                                                      :        1 samples, Peak.  4.10 ms (1.0x), Avg.  4.10 ms, Total. 4.103 ms (0.0%)
[Performance] BuilderAssetModificationProcessor.OnWillSaveAssets                                                                   :        1 samples, Peak.   377 us (1.0x), Avg.   377 us, Total. 376.8 us (0.0%)
[Performance] TerrainModificationProcessor.OnWillSaveAssets                                                                        :        1 samples, Peak.   459 us (1.0x), Avg.   459 us, Total. 459.2 us (0.0%)
[Performance] Application.Shutdown.CleanupRenderPipeline                                                                           :        1 samples, Peak.  7.08 us (1.0x), Avg.  7.08 us, Total. 7.083 us (0.0%)
[Performance] Application.Shutdown.StopPreloadManager                                                                              :        1 samples, Peak.  11.1 ms (1.0x), Avg.  11.1 ms, Total. 11.07 ms (0.1%)
[Performance] Application.Shutdown.DestroyWorld                                                                                    :        1 samples, Peak.   572 us (1.0x), Avg.   572 us, Total. 571.8 us (0.0%)
[Performance] Application.Shutdown.CleanupAfterLoad                                                                                :        1 samples, Peak.  2.49 ms (1.0x), Avg.  2.49 ms, Total. 2.487 ms (0.0%)
[Performance] Application.Shutdown.Progress                                                                                        :        1 samples, Peak.  12.0 us (1.0x), Avg.  12.0 us, Total. 12.00 us (0.0%)
[Performance] Application.Shutdown.GICleanupManagers                                                                               :        1 samples, Peak.  1.28 ms (1.0x), Avg.  1.28 ms, Total. 1.284 ms (0.0%)
[Performance] Application.Shutdown.MenuCleanupClass                                                                                :        1 samples, Peak.  77.5 us (1.0x), Avg.  77.5 us, Total. 77.54 us (0.0%)
[Performance] Application.Shutdown.ADBSaveStateBeforeShutdown                                                                      :        1 samples, Peak.  7.96 us (1.0x), Avg.  7.96 us, Total. 7.959 us (0.0%)
[Performance] Application.Shutdown.RemoteShutdown                                                                                  :        1 samples, Peak.   792 ns (1.0x), Avg.   792 ns, Total. 792.0 ns (0.0%)
[Performance] Application.Shutdown.CleanupVCProvider                                                                               :        1 samples, Peak.  11.3 us (1.0x), Avg.  11.3 us, Total. 11.33 us (0.0%)
[Performance] Application.Shutdown.InputShutdown                                                                                   :        1 samples, Peak.   439 us (1.0x), Avg.   439 us, Total. 439.4 us (0.0%)
[Performance] Application.Shutdown.GizmoManagerDestroy                                                                             :        1 samples, Peak.   601 us (1.0x), Avg.   601 us, Total. 600.8 us (0.0%)
[Performance] Application.Shutdown.ProfilerSession                                                                                 :        1 samples, Peak.   293 us (1.0x), Avg.   293 us, Total. 292.6 us (0.0%)
[Performance] Application.Shutdown.ReleaseGfxWindowOnAllGUIViews                                                                   :        1 samples, Peak.  1.83 us (1.0x), Avg.  1.83 us, Total. 1.833 us (0.0%)
[Performance] Application.Shutdown.CleanupEngine                                                                                   :        1 samples, Peak.   150 ms (1.0x), Avg.   150 ms, Total. 149.5 ms (1.4%)
[Performance] Application.Shutdown.CleanupAssetDatabase                                                                            :        1 samples, Peak.  1.89 ms (1.0x), Avg.  1.89 ms, Total. 1.893 ms (0.0%)
[Performance] Application.Shutdown.ScriptCompilationCleanUp                                                                        :        1 samples, Peak.  15.6 us (1.0x), Avg.  15.6 us, Total. 15.62 us (0.0%)
[Performance] Application.Shutdown.DestroyJobSystem                                                                                :        1 samples, Peak.   316 us (1.0x), Avg.   316 us, Total. 315.9 us (0.0%)
[Performance] Application.Shutdown.CleanupPersistentManager                                                                        :        1 samples, Peak.  1.33 ms (1.0x), Avg.  1.33 ms, Total. 1.333 ms (0.0%)
[Performance] Application.Shutdown.CleanupAsyncReadManager                                                                         :        1 samples, Peak.   175 us (1.0x), Avg.   175 us, Total. 174.6 us (0.0%)
[Performance] Application.Shutdown.CleanupMono                                                                                     :        1 samples, Peak.  35.5 ms (1.0x), Avg.  35.5 ms, Total. 35.50 ms (0.3%)
[Performance] Application.Shutdown.CleanupStdConverters                                                                            :        1 samples, Peak.  7.96 us (1.0x), Avg.  7.96 us, Total. 7.959 us (0.0%)
[Performance] Application.Shutdown.UnloadAllPlatformSupportModuleNativeDlls                                                        :        1 samples, Peak.  1.79 us (1.0x), Avg.  1.79 us, Total. 1.791 us (0.0%)
[Performance] Application.Shutdown.UnloadAllPlatformSupportNativeLibraries                                                         :        1 samples, Peak.   166 ns (1.0x), Avg.   166 ns, Total. 166.0 ns (0.0%)
[Performance] Application.Shutdown.CleanupAutoDocumentation                                                                        :        1 samples, Peak.   140 us (1.0x), Avg.   140 us, Total. 140.0 us (0.0%)
[Performance] Application.Shutdown.ShaderNameManagerDestroy                                                                        :        1 samples, Peak.  27.9 us (1.0x), Avg.  27.9 us, Total. 27.92 us (0.0%)
[Performance] Application.Shutdown.CleanupCacheServer                                                                              :        1 samples, Peak.   291 ns (1.0x), Avg.   291 ns, Total. 291.0 ns (0.0%)
[Performance] Application.Shutdown.Virtualization_Shutdown                                                                         :        1 samples, Peak.  1.75 us (1.0x), Avg.  1.75 us, Total. 1.750 us (0.0%)
[Performance] Application.Shutdown.DevConnections                                                                                  :        1 samples, Peak.   180 us (1.0x), Avg.   180 us, Total. 179.6 us (0.0%)
[Package Manager] Server::Kill -- Server was shutdown
Checking for leaked weakptr:
  Found no leaked weakptrs.
Memory Statistics:
[ALLOC_TEMP_TLS] TLS Allocator
  StackAllocators : 
    [ALLOC_TEMP_CurlRequest]
      Initial Block Size 64.0 KB
      Current Block Size 64.0 KB
      Peak Allocated Bytes 0 B
      Overflow Count 0
    [ALLOC_TEMP_MAIN]
      Peak usage frame count: [32.0 KB-64.0 KB]: 1 frames, [8.0 MB-16.0 MB]: 2 frames
      Initial Block Size 16.0 MB
      Current Block Size 16.0 MB
      Peak Allocated Bytes 13.3 MB
      Overflow Count 0
    [ALLOC_TEMP_Background Job.Worker 8]
      Initial Block Size 32.0 KB
      Current Block Size 32.0 KB
      Peak Allocated Bytes 0 B
      Overflow Count 0
    [ALLOC_TEMP_Job.Worker 4]
      Initial Block Size 256.0 KB
      Current Block Size 1.0 MB
      Peak Allocated Bytes 1.0 MB
      Overflow Count 1
    [ALLOC_TEMP_BakingJobs.Worker 5]
      Initial Block Size 256.0 KB
      Current Block Size 256.0 KB
      Peak Allocated Bytes 0 B
      Overflow Count 0
    [ALLOC_TEMP_Background Job.Worker 11]
      Initial Block Size 32.0 KB
      Current Block Size 32.0 KB
      Peak Allocated Bytes 0 B
      Overflow Count 0
    [ALLOC_TEMP_Background Job.Worker 3]
      Initial Block Size 32.0 KB
      Current Block Size 32.0 KB
      Peak Allocated Bytes 0 B
      Overflow Count 0
    [ALLOC_TEMP_BatchDeleteObjects]
      Initial Block Size 64.0 KB
      Current Block Size 64.0 KB
      Peak Allocated Bytes 0 B
      Overflow Count 0
    [ALLOC_TEMP_CoreBusinessMetricsCache]
      Initial Block Size 64.0 KB
      Current Block Size 64.0 KB
      Peak Allocated Bytes 10.0 KB
      Overflow Count 0
    [ALLOC_TEMP_REST Message Handler]
      Initial Block Size 64.0 KB
      Current Block Size 64.0 KB
      Peak Allocated Bytes 0 B
      Overflow Count 0
    [ALLOC_TEMP_AssetDatabase.IOService]
      Initial Block Size 64.0 KB
      Current Block Size 64.0 KB
      Peak Allocated Bytes 0 B
      Overflow Count 0
    [ALLOC_TEMP_Background Job.Worker 2]
      Initial Block Size 32.0 KB
      Current Block Size 32.0 KB
      Peak Allocated Bytes 107 B
      Overflow Count 0
    [ALLOC_TEMP_Loading.PreloadManager] x 3
      Initial Block Size 32.0 MB
      Current Block Size 32.0 MB
      Peak Allocated Bytes 1.0 MB
      Overflow Count 0
    [ALLOC_TEMP_Profiler.Dispatcher]
      Initial Block Size 64.0 KB
      Current Block Size 64.0 KB
      Peak Allocated Bytes 0 B
      Overflow Count 0
    [ALLOC_TEMP_Job.Worker 3]
      Initial Block Size 256.0 KB
      Current Block Size 1.0 MB
      Peak Allocated Bytes 1.0 MB
      Overflow Count 0
    [ALLOC_TEMP_BakingJobs.Worker 7]
      Initial Block Size 256.0 KB
      Current Block Size 256.0 KB
      Peak Allocated Bytes 0 B
      Overflow Count 0
    [ALLOC_TEMP_Background Job.Worker 5]
      Initial Block Size 32.0 KB
      Current Block Size 32.0 KB
      Peak Allocated Bytes 0 B
      Overflow Count 0
    [ALLOC_TEMP_CurlRequest]
      Initial Block Size 64.0 KB
      Current Block Size 64.0 KB
      Peak Allocated Bytes 0 B
      Overflow Count 0
    [ALLOC_TEMP_Background Job.Worker 13]
      Initial Block Size 32.0 KB
      Current Block Size 32.0 KB
      Peak Allocated Bytes 0 B
      Overflow Count 0
    [ALLOC_TEMP_Job.Worker 2]
      Initial Block Size 256.0 KB
      Current Block Size 1.0 MB
      Peak Allocated Bytes 1.0 MB
      Overflow Count 1
    [ALLOC_TEMP_BakingJobs.Worker 6]
      Initial Block Size 256.0 KB
      Current Block Size 256.0 KB
      Peak Allocated Bytes 0 B
      Overflow Count 0
    [ALLOC_TEMP_Job.Worker 0]
      Initial Block Size 256.0 KB
      Current Block Size 256.0 KB
      Peak Allocated Bytes 16.9 KB
      Overflow Count 0
    [ALLOC_TEMP_Job.Worker 5]
      Initial Block Size 256.0 KB
      Current Block Size 256.0 KB
      Peak Allocated Bytes 10.4 KB
      Overflow Count 1
    [ALLOC_TEMP_ReadCacheIndex] x 3
      Initial Block Size 64.0 KB
      Current Block Size 64.0 KB
      Peak Allocated Bytes 1.0 KB
      Overflow Count 0
    [ALLOC_TEMP_Job.Worker 6]
      Initial Block Size 256.0 KB
      Current Block Size 256.0 KB
      Peak Allocated Bytes 5.5 KB
      Overflow Count 1
    [ALLOC_TEMP_BakingJobs.Worker 8]
      Initial Block Size 256.0 KB
      Current Block Size 256.0 KB
      Peak Allocated Bytes 0 B
      Overflow Count 0
    [ALLOC_TEMP_Background Job.Worker 9]
      Initial Block Size 32.0 KB
      Current Block Size 32.0 KB
      Peak Allocated Bytes 0 B
      Overflow Count 0
    [ALLOC_TEMP_BakingJobs.Worker 1]
      Initial Block Size 256.0 KB
      Current Block Size 256.0 KB
      Peak Allocated Bytes 337 B
      Overflow Count 0
    [ALLOC_TEMP_Loading.AsyncRead]
      Initial Block Size 64.0 KB
      Current Block Size 64.0 KB
      Peak Allocated Bytes 128 B
      Overflow Count 0
    [ALLOC_TEMP_Background Job.Worker 10]
      Initial Block Size 32.0 KB
      Current Block Size 32.0 KB
      Peak Allocated Bytes 0 B
      Overflow Count 0
    [ALLOC_TEMP_Background Job.Worker 6]
      Initial Block Size 32.0 KB
      Current Block Size 32.0 KB
      Peak Allocated Bytes 0 B
      Overflow Count 0
    [ALLOC_TEMP_BakingJobs.Worker 9]
      Initial Block Size 256.0 KB
      Current Block Size 256.0 KB
      Peak Allocated Bytes 0 B
      Overflow Count 0
    [ALLOC_TEMP_Background Job.Worker 1]
      Initial Block Size 32.0 KB
      Current Block Size 256.0 KB
      Peak Allocated Bytes 213.9 KB
      Overflow Count 3177
    [ALLOC_TEMP_OSX HID Input]
      Initial Block Size 64.0 KB
      Current Block Size 64.0 KB
      Peak Allocated Bytes 0 B
      Overflow Count 0
    [ALLOC_TEMP_BakingJobs.Worker 2]
      Initial Block Size 256.0 KB
      Current Block Size 256.0 KB
      Peak Allocated Bytes 0 B
      Overflow Count 0
    [ALLOC_TEMP_Background Job.Worker 7]
      Initial Block Size 32.0 KB
      Current Block Size 32.0 KB
      Peak Allocated Bytes 0 B
      Overflow Count 0
    [ALLOC_TEMP_Job.Worker 8]
      Initial Block Size 256.0 KB
      Current Block Size 1.0 MB
      Peak Allocated Bytes 1.0 MB
      Overflow Count 0
    [ALLOC_TEMP_Job.Worker 1]
      Initial Block Size 256.0 KB
      Current Block Size 1.0 MB
      Peak Allocated Bytes 1.0 MB
      Overflow Count 0
    [ALLOC_TEMP_BakingJobs.Worker 0]
      Initial Block Size 256.0 KB
      Current Block Size 256.0 KB
      Peak Allocated Bytes 0 B
      Overflow Count 0
    [ALLOC_TEMP_BakingJobs.Worker 3]
      Initial Block Size 256.0 KB
      Current Block Size 256.0 KB
      Peak Allocated Bytes 0 B
      Overflow Count 0
    [ALLOC_TEMP_EditorTaskManager]
      Initial Block Size 64.0 KB
      Current Block Size 80.0 KB
      Peak Allocated Bytes 64.0 KB
      Overflow Count 0
    [ALLOC_TEMP_Background Job.Worker 15]
      Initial Block Size 32.0 KB
      Current Block Size 32.0 KB
      Peak Allocated Bytes 0 B
      Overflow Count 0
    [ALLOC_TEMP_BakingJobs.Worker 4]
      Initial Block Size 256.0 KB
      Current Block Size 256.0 KB
      Peak Allocated Bytes 0 B
      Overflow Count 0
    [ALLOC_TEMP_Background Job.Worker 12]
      Initial Block Size 32.0 KB
      Current Block Size 32.0 KB
      Peak Allocated Bytes 0 B
      Overflow Count 0
    [ALLOC_TEMP_HTTP REST Server]
      Initial Block Size 64.0 KB
      Current Block Size 64.0 KB
      Peak Allocated Bytes 0 B
      Overflow Count 0
    [ALLOC_TEMP_AssetGarbageCollectorHelper] x 9
      Initial Block Size 64.0 KB
      Current Block Size 64.0 KB
      Peak Allocated Bytes 0 B
      Overflow Count 0
    [ALLOC_TEMP_Background Job.Worker 0]
      Initial Block Size 32.0 KB
      Current Block Size 32.0 KB
      Peak Allocated Bytes 0 B
      Overflow Count 0
    [ALLOC_TEMP_AUDIO_Audio Mixer Thread]
      Initial Block Size 64.0 KB
      Current Block Size 64.0 KB
      Peak Allocated Bytes 0 B
      Overflow Count 0
    [ALLOC_TEMP_Background Job.Worker 4]
      Initial Block Size 32.0 KB
      Current Block Size 32.0 KB
      Peak Allocated Bytes 0 B
      Overflow Count 0
    [ALLOC_TEMP_Background Job.Worker 14]
      Initial Block Size 32.0 KB
      Current Block Size 32.0 KB
      Peak Allocated Bytes 0 B
      Overflow Count 0
    [ALLOC_TEMP_Job.Worker 7]
      Initial Block Size 256.0 KB
      Current Block Size 1.0 MB
      Peak Allocated Bytes 1.0 MB
      Overflow Count 0
    [ALLOC_TEMP_CloudJob.Worker 0]
      Initial Block Size 32.0 KB
      Current Block Size 32.0 KB
      Peak Allocated Bytes 5.0 KB
      Overflow Count 0
[ALLOC_MEMORYPROFILER]
  Peak usage frame count: [128.0 KB-256.0 KB]: 1 frames, [256.0 KB-0.5 MB]: 2 frames
  Requested Block Size 1.0 MB
  Peak Block count 1
  Peak Allocated memory 304.2 KB
  Peak Large allocation bytes 0 B
[ALLOC_DEFAULT] Dual Thread Allocator
  Peak main deferred allocation count 648
    [ALLOC_BUCKET]
      Large Block size 32.0 MB
      Used Block count 1
      Peak Allocated bytes 5.3 MB
    [ALLOC_DEFAULT_MAIN]
      Peak usage frame count: [32.0 MB-64.0 MB]: 3 frames
      Requested Block Size 16.0 MB
      Peak Block count 4
      Peak Allocated memory 52.4 MB
      Peak Large allocation bytes 0 B
    [ALLOC_DEFAULT_THREAD]
      Peak usage frame count: [4.0 MB-8.0 MB]: 3 frames
      Requested Block Size 16.0 MB
      Peak Block count 1
      Peak Allocated memory 4.9 MB
      Peak Large allocation bytes 0 B
[ALLOC_TEMP_JOB_1_FRAME]
  Initial Block Size 2.0 MB
  Used Block Count 0
  Overflow Count (too large) 0
  Overflow Count (full) 0
[ALLOC_TEMP_JOB_2_FRAMES]
  Initial Block Size 2.0 MB
  Used Block Count 0
  Overflow Count (too large) 0
  Overflow Count (full) 0
[ALLOC_TEMP_JOB_4_FRAMES (JobTemp)]
  Initial Block Size 2.0 MB
  Used Block Count 1
  Overflow Count (too large) 0
  Overflow Count (full) 0
[ALLOC_TEMP_JOB_ASYNC (Background)]
  Initial Block Size 1.0 MB
  Used Block Count 1
  Overflow Count (too large) 0
  Overflow Count (full) 0
[ALLOC_GFX] Dual Thread Allocator
  Peak main deferred allocation count 0
    [ALLOC_BUCKET]
      Large Block size 32.0 MB
      Used Block count 1
      Peak Allocated bytes 5.3 MB
    [ALLOC_GFX_MAIN]
      Peak usage frame count: [4.0 MB-8.0 MB]: 2 frames, [8.0 MB-16.0 MB]: 1 frames
      Requested Block Size 16.0 MB
      Peak Block count 1
      Peak Allocated memory 14.9 MB
      Peak Large allocation bytes 0 B
    [ALLOC_GFX_THREAD]
      Peak usage frame count: [0-1.0 KB]: 2 frames, [8.0 KB-16.0 KB]: 1 frames
      Requested Block Size 16.0 MB
      Peak Block count 1
      Peak Allocated memory 9.8 KB
      Peak Large allocation bytes 0 B
[ALLOC_CACHEOBJECTS] Dual Thread Allocator
  Peak main deferred allocation count 129
    [ALLOC_BUCKET]
      Large Block size 32.0 MB
      Used Block count 1
      Peak Allocated bytes 5.3 MB
    [ALLOC_CACHEOBJECTS_MAIN]
      Peak usage frame count: [8.0 MB-16.0 MB]: 2 frames, [32.0 MB-64.0 MB]: 1 frames
      Requested Block Size 4.0 MB
      Peak Block count 6
      Peak Allocated memory 52.3 MB
      Peak Large allocation bytes 33.9 MB
    [ALLOC_CACHEOBJECTS_THREAD]
      Peak usage frame count: [2.0 KB-4.0 KB]: 2 frames, [16.0 KB-32.0 KB]: 1 frames
      Requested Block Size 4.0 MB
      Peak Block count 1
      Peak Allocated memory 25.6 KB
      Peak Large allocation bytes 0 B
[ALLOC_TYPETREE] Dual Thread Allocator
  Peak main deferred allocation count 542
    [ALLOC_BUCKET]
      Large Block size 32.0 MB
      Used Block count 1
      Peak Allocated bytes 5.3 MB
    [ALLOC_TYPETREE_MAIN]
      Peak usage frame count: [0.5 MB-1.0 MB]: 2 frames, [2.0 MB-4.0 MB]: 1 frames
      Requested Block Size 2.0 MB
      Peak Block count 2
      Peak Allocated memory 2.5 MB
      Peak Large allocation bytes 0 B
    [ALLOC_TYPETREE_THREAD]
      Peak usage frame count: [16.0 KB-32.0 KB]: 3 frames
      Requested Block Size 2.0 MB
      Peak Block count 1
      Peak Allocated memory 43.7 KB
      Peak Large allocation bytes 0 B
[ALLOC_PROFILER]
  Peak usage frame count: [256.0 KB-0.5 MB]: 3 frames
  Requested Block Size 16.0 MB
  Peak Block count 1
  Peak Allocated memory 414.9 KB
  Peak Large allocation bytes 0 B
    [ALLOC_PROFILER_BUCKET]
      Large Block size 32.0 MB
      Used Block count 1
      Peak Allocated bytes 4.2 KB
[ALLOC_PROFILER_EDITOR]
  Peak usage frame count: [0-1.0 KB]: 3 frames
  Requested Block Size 1.0 MB
  Peak Block count 0
  Peak Allocated memory 0 B
  Peak Large allocation bytes 0 B
    [ALLOC_PROFILER_BUCKET]
      Large Block size 32.0 MB
      Used Block count 1
      Peak Allocated bytes 4.2 KB
##utp:{"type":"MemoryLeaks","version":2,"phase":"Immediate","time":1791122975454,"processId":81345,"allocatedMemory":11634188,"memoryLabels":[{"Default":20391},{"Permanent":15696},{"Thread":1083692},{"Manager":30530},{"VertexData":12},{"Geometry":280},{"Texture":1208},{"Shader":68824},{"Material":24},{"GfxDevice":38776},{"Animation":312},{"Audio":323988},{"FMODOther":3088},{"FontEngine":328},{"Physics":513},{"Serialization":676},{"Input":9032},{"JobScheduler":35304},{"Mono":40},{"ScriptingNativeRuntime":193824},{"BaseObject":1627372},{"Resource":1000},{"Renderer":2320},{"Transform":48},{"File":3808},{"WebCam":40},{"Culling":40},{"Skinning":24},{"Terrain":1025},{"Wind":24},{"String":20934},{"DynamicArray":57288},{"HashMap":112342},{"Utility":2660354},{"Curl":2047},{"PoolAlloc":1496},{"AI":72},{"TypeTree":5061},{"ScriptManager":640},{"RuntimeInitializeOnLoadManager":80},{"SpriteAtlas":128},{"GI":2600},{"Director":7880},{"CloudService":2704},{"WebRequest":816},{"VR":45709},{"SceneManager":576},{"Video":1096},{"LazyScriptCache":40},{"NativeArray":12},{"Camera":25},{"Secure":9945},{"SerializationCache":1576},{"APIUpdating":11856},{"Subsystems":392},{"VirtualTexturing":57512},{"StaticSafetyDebugInfo":327680},{"Baselib":16},{"EditorGui":80},{"EditorUtility":10867},{"VersionControl":4},{"Undo":720},{"AssetDatabase":4777373},{"RestService":1310},{"EditorGi":376},{"License":3712},{"UnityConnect":25520},{"Collab":641},{"Upm":1920},{"DrivenProperties":96},{"LocalIPC":226},{"ProfilerEditor":10975},{"CoreBusinessMetrics":3741},{"TLS":3431},{"AssetReference":40},{"IPCStream":40}]}
