Tuanjie Editor version:  2022.3.61t14 (3a70663b70e0)
Branch:                  tuanjie/1.6/staging
Build type:              Release
Batch mode:              YES
macOS version:           Version 27.2 (Build 26B5091g)
Darwin version:          27.2.0
Architecture:            arm64
Running under Rosetta:   NO
Available memory:        16384 MB
[Licensing::Module] Trying to connect to existing licensing client channel...
[Licensing::IpcConnector] Successfully connected to the License Client on channel: "LicenseClient-qinziqian" at "2026-10-04T14:20:57.329208Z"
[Licensing::Client] Error: Code 10 while verifying Licensing Client signature (process Id: 33870, path: "/Applications/Tuanjie Hub.app/Contents/Frameworks/TuanjieLicensingClient_V1.app/Contents/MacOS/Tuanjie.Licensing.Client")
[Licensing::Module] Error: LicensingClient has failed validation; ignoring
[Licensing::Client] Successfully send message: {"messageType":"HandshakeRequest","protocolVersion":"1.12","userAgent":"TuanjieEditor/2022.3.61t14 (Macintosh; U; Intel Mac OS X 27.2; zh-Hans-CN)","externalCorrelationId":"6819643150493253379"} at 1791123657
[Licensing::Client] Successfully receive message: {"protocolVersion":"1.12","sessionId":"4304f054eb724404b03a08fe3b663454","context":{"DeviceName":"Link's MBP","DeviceModel":"Mac17,2","PhysicalMemoryMB":"16384","SystemLanguageISO":"zh-Hans-CN","ProcessorCount":"10","ProcessorType":"Apple M5","OperatingSystem":"Mac OS X 27.2.0","OperatingSystemNumeric":"270200","Legacy.MachineBinding1":"A12EBA94-6CAE-536D-8639-8B28F22AAE12","Legacy.MachineBinding2":"HWF12RQ93K","Legacy.MachineBinding4":null,"Legacy.MachineBinding5":"5c:9b:a6:84:6a:ac","EnvironmentUser":"qinziqian","EnvironmentDomain":"Links-MBP","EnvironmentHostname":"Links-MBP"},"assemblyProductVersion":"1.14.0+af049b8","machineId":"2qJXSmjy+8qC9zvVypdceXsI7UU=","correlationId":"ee26600ca9f6c50f0a68447f7e54978e","responseCode":200,"responseStatus":"Handshake successful","messageType":"HandshakeResponse"} at 1791123657
[Licensing::Client] Handshaking with LicensingClient:
  Version:                 1.14.0+af049b8
  Session Id:              4304f054eb724404b03a08fe3b663454
  Correlation Id:          ee26600ca9f6c50f0a68447f7e54978e
  External correlation Id: 6819643150493253379
  Machine Id:              2qJXSmjy+8qC9zvVypdceXsI7UU=
[Licensing::Module] Successfully connected to LicensingClient on channel: "LicenseClient-qinziqian" (connect: 0.00s, validation: 0.01s, handshake: 0.33s)
[Licensing::IpcConnector] Successfully connected to the License Notification on channel: "LicenseClient-qinziqian-notifications" at "2026-10-04T14:20:57.673678Z"
[Licensing::Module] Error: Access token is unavailable; failed to update
[Licensing::Client] Successfully send message: {"messageType":"UpdateLicenseRequest","AccessToken":"","OrgId":"","ProjectId":"","forceUpdateLicense":true} at 1791123657
[Licensing::Client] Successfully receive message: {"responseCode":200,"responseStatus":"Licenses updated.","messageType":"UpdateLicenseResponse"} at 1791123658
[Licensing::Client] Successfully updated license
[Licensing::Client] Successfully send message: {"messageType":"EntitlementDetailsRequest","entitlementIds":["com.unity.editor.legacy.pro","com.unity.editor.headless"],"packageEntitlementIds":[],"includeCustomData":false} at 1791123658
[Licensing::Client] Successfully receive message: {"entitlementGroups":[{"entitlementGroupId":"F4-W5GR-B6V2-Y5WE-WRK9-GR7N","entitlementGroupIdHash":"8d58bf4deb18ac7618b28a8936c405932a8efcb2","productName":"Unity Personal","productType":"TuanjieEditor","licenseType":"ULF","expiration":1791386458000,"matchedEntitlements":[{"entitlementId":"com.unity.editor.headless","isPackage":false,"count":1}]}],"responseCode":200,"responseStatus":"Found 1 entitlement groups and 0 free entitlements matching requested entitlement ids","messageType":"EntitlementDetailsResponse"} at 1791123658
[Licensing::Client] Successfully resolved entitlement details
[Licensing::Module] Serial number assigned to: "F4-W5GR-B6V2-Y5WE-WRK9-XXXX"
Pro License: NO
[Licensing::Client] Successfully send message: {"messageType":"EntitlementDetailsRequest","entitlementIds":["com.unity.editor.headless","com.unity.editor.ui"],"packageEntitlementIds":[],"includeCustomData":false} at 1791123658
[Licensing::Client] Successfully receive message: {"entitlementGroups":[{"entitlementGroupId":"F4-W5GR-B6V2-Y5WE-WRK9-GR7N","entitlementGroupIdHash":"8d58bf4deb18ac7618b28a8936c405932a8efcb2","productName":"Unity Personal","productType":"TuanjieEditor","licenseType":"ULF","expiration":1791386458000,"matchedEntitlements":[{"entitlementId":"com.unity.editor.ui","isPackage":false,"count":1},{"entitlementId":"com.unity.editor.headless","isPackage":false,"count":1}]}],"responseCode":200,"responseStatus":"Found 1 entitlement groups and 0 free entitlements matching requested entitlement ids","messageType":"EntitlementDetailsResponse"} at 1791123658
[Licensing::Client] Successfully resolved entitlement details
Launching external process: /Applications/Tuanjie/Hub/Editor/2022.3.61t14/Tuanjie.app/Contents/Resources/PackageManager/Server/TuanjiePackageManager

COMMAND LINE ARGUMENTS:
/Applications/Tuanjie/Hub/Editor/2022.3.61t14/Tuanjie.app/Contents/MacOS/Tuanjie
-batchmode
-quit
-buildTarget
Android
-projectPath
/Users/qinziqian/Documents/overcooked-like/game
-executeMethod
DemoBuilder.BuildAndroid
-logFile
Evidence/visual-polish/visual-android-build.log
Successfully changed project path to: /Users/qinziqian/Documents/overcooked-like/game
/Users/qinziqian/Documents/overcooked-like/game
[Memory] Configuration Parameters - Can be set up in boot.config
    "memorysetup-bucket-allocator-granularity=16"
    "memorysetup-bucket-allocator-bucket-count=8"
    "memorysetup-bucket-allocator-block-size=33554432"
    "memorysetup-bucket-allocator-block-count=8"
    "memorysetup-main-allocator-block-size=16777216"
    "memorysetup-thread-allocator-block-size=16777216"
    "memorysetup-gfx-main-allocator-block-size=16777216"
    "memorysetup-gfx-thread-allocator-block-size=16777216"
    "memorysetup-cache-allocator-block-size=4194304"
    "memorysetup-typetree-allocator-block-size=2097152"
    "memorysetup-profiler-bucket-allocator-granularity=16"
    "memorysetup-profiler-bucket-allocator-bucket-count=8"
    "memorysetup-profiler-bucket-allocator-block-size=33554432"
    "memorysetup-profiler-bucket-allocator-block-count=8"
    "memorysetup-profiler-allocator-block-size=16777216"
    "memorysetup-profiler-editor-allocator-block-size=1048576"
    "memorysetup-temp-allocator-size-main=16777216"
    "memorysetup-job-temp-allocator-block-size=2097152"
    "memorysetup-job-temp-allocator-block-size-background=1048576"
    "memorysetup-job-temp-allocator-reduction-small-platforms=262144"
    "memorysetup-allocator-temp-initial-block-size-main=262144"
    "memorysetup-allocator-temp-initial-block-size-worker=262144"
    "memorysetup-temp-allocator-size-background-worker=32768"
    "memorysetup-temp-allocator-size-job-worker=262144"
    "memorysetup-temp-allocator-size-preload-manager=33554432"
    "memorysetup-temp-allocator-size-nav-mesh-worker=65536"
    "memorysetup-temp-allocator-size-audio-worker=65536"
    "memorysetup-temp-allocator-size-cloud-worker=32768"
    "memorysetup-temp-allocator-size-gi-baking-worker=262144"
    "memorysetup-temp-allocator-size-gfx=262144"
Player connection [8621359872]  Target information:

Player connection [8621359872]  * "[IP] 192.168.123.27 [Port] 55504 [Flags] 2 [Guid] 3356154828 [EditorId] 3356154828 [Version] 1048832 [Id] OSXEditor(0,Links-MBP.local) [Debug] 1 [PackageName] OSXEditor [ProjectName] Editor" 

Player connection [8621359872]  * "[IP] 192.168.200.6 [Port] 55504 [Flags] 2 [Guid] 3356154828 [EditorId] 3356154828 [Version] 1048832 [Id] OSXEditor(0,Links-MBP.local) [Debug] 1 [PackageName] OSXEditor [ProjectName] Editor" 

Player connection [8621359872] Host joined multi-casting on [225.0.0.222:54997]...
Player connection [8621359872] Host joined alternative multi-casting on [225.0.0.222:34997]...
Input System module state changed to: Initialized.
AS: AutoStreaming module initializing.
Begin write certificate to file.
Write certificate complete, return 1.
StartServer, cert is /Users/qinziqian/Library/Tuanjie/6485-rest-certificate.pem
Start HTTP server port 38000, HTTPS server port 38443.
[Package Manager] UpmClient::Connect -- Connected to IPC stream "Upm-6485" after 0.4 seconds.
[Licensing::Client] Successfully send message: {"messageType":"EntitlementDetailsRequest","entitlementIds":["com.unity.editor.last.activation.date","com.unity.editor.headless"],"packageEntitlementIds":[],"includeCustomData":false} at 1791123659
[Licensing::Client] Successfully receive message: {"entitlementGroups":[{"entitlementGroupId":"F4-W5GR-B6V2-Y5WE-WRK9-GR7N","entitlementGroupIdHash":"8d58bf4deb18ac7618b28a8936c405932a8efcb2","productName":"Unity Personal","productType":"TuanjieEditor","licenseType":"ULF","expiration":1791386458000,"matchedEntitlements":[{"entitlementId":"com.unity.editor.headless","isPackage":false,"count":1},{"entitlementId":"com.unity.editor.last.activation.date","isPackage":false,"count":1}]}],"responseCode":200,"responseStatus":"Found 1 entitlement groups and 0 free entitlements matching requested entitlement ids","messageType":"EntitlementDetailsResponse"} at 1791123659
[Licensing::Client] Successfully resolved entitlement details
[Licensing::Client] Successfully send message: {"messageType":"EntitlementDetailsRequest","entitlementIds":["com.unity.editor.disable-splash-screen","com.unity.editor.headless"],"packageEntitlementIds":[],"includeCustomData":false} at 1791123659
[Licensing::Client] Successfully receive message: {"entitlementGroups":[{"entitlementGroupId":"F4-W5GR-B6V2-Y5WE-WRK9-GR7N","entitlementGroupIdHash":"8d58bf4deb18ac7618b28a8936c405932a8efcb2","productName":"Unity Personal","productType":"TuanjieEditor","licenseType":"ULF","expiration":1791386458000,"matchedEntitlements":[{"entitlementId":"com.unity.editor.headless","isPackage":false,"count":1}]}],"responseCode":200,"responseStatus":"Found 1 entitlement groups and 0 free entitlements matching requested entitlement ids","messageType":"EntitlementDetailsResponse"} at 1791123659
[Licensing::Client] Successfully resolved entitlement details
[Licensing::Client] Successfully send message: {"messageType":"EntitlementDetailsRequest","entitlementIds":["com.unity.editor.allow-mix-usage","com.unity.editor.headless"],"packageEntitlementIds":[],"includeCustomData":false} at 1791123659
[Licensing::Client] Successfully receive message: {"entitlementGroups":[{"entitlementGroupId":"F4-W5GR-B6V2-Y5WE-WRK9-GR7N","entitlementGroupIdHash":"8d58bf4deb18ac7618b28a8936c405932a8efcb2","productName":"Unity Personal","productType":"TuanjieEditor","licenseType":"ULF","expiration":1791386458000,"matchedEntitlements":[{"entitlementId":"com.unity.editor.headless","isPackage":false,"count":1}]}],"responseCode":200,"responseStatus":"Found 1 entitlement groups and 0 free entitlements matching requested entitlement ids","messageType":"EntitlementDetailsResponse"} at 1791123659
[Licensing::Client] Successfully resolved entitlement details
[Package Manager] Restoring resolved packages state from cache
[Licensing::Client] Successfully send message: {"messageType":"EntitlementDetailsRequest","entitlementIds":[],"packageEntitlementIds":["com.unity.modules.audio","com.unity.modules.androidjni","com.unity.modules.imgui","com.unity.modules.physics","com.unity.modules.jsonserialize","com.unity.modules.screencapture","com.unity.modules.ui","cn.tuanjie.codely.bridge","com.unity.modules.imageconversion","com.unity.ugui","com.unity.modules.unitywebrequest","com.unity.ext.nunit"],"includeCustomData":false} at 1791123659
[Licensing::Client] Successfully receive message: {"freeEntitlementIds":["com.unity.modules.audio","com.unity.modules.androidjni","com.unity.modules.imgui","com.unity.modules.physics","com.unity.modules.jsonserialize","com.unity.modules.screencapture","com.unity.modules.ui","cn.tuanjie.codely.bridge","com.unity.modules.imageconversion","com.unity.ugui","com.unity.modules.unitywebrequest","com.unity.ext.nunit"],"responseCode":200,"responseStatus":"Found 0 entitlement groups and 12 free entitlements matching requested entitlement ids","messageType":"EntitlementDetailsResponse"} at 1791123659
[Licensing::Client] Successfully resolved entitlement details
[Package Manager] Registered 12 packages:
  Packages from [https://packages.tuanjie.cn]:
    com.unity.ext.nunit@1.0.6 (location: /Users/qinziqian/Documents/overcooked-like/game/Library/PackageCache/com.unity.ext.nunit@1.0.6)
  Built-in packages:
    com.unity.modules.audio@1.0.0 (location: /Users/qinziqian/Documents/overcooked-like/game/Library/PackageCache/com.unity.modules.audio@1.0.0)
    com.unity.modules.androidjni@1.0.0 (location: /Users/qinziqian/Documents/overcooked-like/game/Library/PackageCache/com.unity.modules.androidjni@1.0.0)
    com.unity.modules.imgui@1.0.0 (location: /Users/qinziqian/Documents/overcooked-like/game/Library/PackageCache/com.unity.modules.imgui@1.0.0)
    com.unity.modules.physics@1.0.0 (location: /Users/qinziqian/Documents/overcooked-like/game/Library/PackageCache/com.unity.modules.physics@1.0.0)
    com.unity.modules.jsonserialize@1.0.0 (location: /Users/qinziqian/Documents/overcooked-like/game/Library/PackageCache/com.unity.modules.jsonserialize@1.0.0)
    com.unity.modules.screencapture@1.0.0 (location: /Users/qinziqian/Documents/overcooked-like/game/Library/PackageCache/com.unity.modules.screencapture@1.0.0)
    com.unity.modules.ui@1.0.0 (location: /Users/qinziqian/Documents/overcooked-like/game/Library/PackageCache/com.unity.modules.ui@1.0.0)
    com.unity.modules.imageconversion@1.0.0 (location: /Users/qinziqian/Documents/overcooked-like/game/Library/PackageCache/com.unity.modules.imageconversion@1.0.0)
    com.unity.ugui@1.0.0 (location: /Users/qinziqian/Documents/overcooked-like/game/Library/PackageCache/com.unity.ugui@1.0.0)
    com.unity.modules.unitywebrequest@1.0.0 (location: /Users/qinziqian/Documents/overcooked-like/game/Library/PackageCache/com.unity.modules.unitywebrequest@1.0.0)
  Local packages:
    cn.tuanjie.codely.bridge@file:/Users/qinziqian/Documents/overcooked-like/game/.codely.packages/cn.tuanjie.codely.bridge@1.0.85-785dea6a (location: /Users/qinziqian/Documents/overcooked-like/game/.codely.packages/cn.tuanjie.codely.bridge@1.0.85-785dea6a)
[Subsystems] No new subsystems found in resolved package list.
Package Manager log level set to [2]
[Package Manager] Done registering packages in 0.15 seconds
[Package Manager] Done resolving packages in 0.65 seconds
[Package Manager] Registered 12 packages:
  Packages from [https://packages.tuanjie.cn]:
    com.unity.ext.nunit@1.0.6 (location: /Users/qinziqian/Documents/overcooked-like/game/Library/PackageCache/com.unity.ext.nunit@1.0.6)
  Built-in packages:
    com.unity.modules.audio@1.0.0 (location: /Users/qinziqian/Documents/overcooked-like/game/Library/PackageCache/com.unity.modules.audio@1.0.0)
    com.unity.modules.androidjni@1.0.0 (location: /Users/qinziqian/Documents/overcooked-like/game/Library/PackageCache/com.unity.modules.androidjni@1.0.0)
    com.unity.modules.imgui@1.0.0 (location: /Users/qinziqian/Documents/overcooked-like/game/Library/PackageCache/com.unity.modules.imgui@1.0.0)
    com.unity.modules.physics@1.0.0 (location: /Users/qinziqian/Documents/overcooked-like/game/Library/PackageCache/com.unity.modules.physics@1.0.0)
    com.unity.modules.jsonserialize@1.0.0 (location: /Users/qinziqian/Documents/overcooked-like/game/Library/PackageCache/com.unity.modules.jsonserialize@1.0.0)
    com.unity.modules.screencapture@1.0.0 (location: /Users/qinziqian/Documents/overcooked-like/game/Library/PackageCache/com.unity.modules.screencapture@1.0.0)
    com.unity.modules.ui@1.0.0 (location: /Users/qinziqian/Documents/overcooked-like/game/Library/PackageCache/com.unity.modules.ui@1.0.0)
    com.unity.modules.imageconversion@1.0.0 (location: /Users/qinziqian/Documents/overcooked-like/game/Library/PackageCache/com.unity.modules.imageconversion@1.0.0)
    com.unity.ugui@1.0.0 (location: /Users/qinziqian/Documents/overcooked-like/game/Library/PackageCache/com.unity.ugui@1.0.0)
    com.unity.modules.unitywebrequest@1.0.0 (location: /Users/qinziqian/Documents/overcooked-like/game/Library/PackageCache/com.unity.modules.unitywebrequest@1.0.0)
  Local packages:
    cn.tuanjie.codely.bridge@file:/Users/qinziqian/Documents/overcooked-like/game/.codely.packages/cn.tuanjie.codely.bridge@1.0.85-785dea6a (location: /Users/qinziqian/Documents/overcooked-like/game/.codely.packages/cn.tuanjie.codely.bridge@1.0.85-785dea6a)
[Subsystems] No new subsystems found in resolved package list.
[Package Manager] Done registering packages in 0.00 seconds
[Licensing::Client] Successfully send message: {"messageType":"EntitlementDetailsRequest","entitlementIds":["com.unity.editor.platforms.android","com.unity.editor.headless"],"packageEntitlementIds":[],"includeCustomData":false} at 1791123659
[Licensing::Client] Successfully receive message: {"entitlementGroups":[{"entitlementGroupId":"F4-W5GR-B6V2-Y5WE-WRK9-GR7N","entitlementGroupIdHash":"8d58bf4deb18ac7618b28a8936c405932a8efcb2","productName":"Unity Personal","productType":"TuanjieEditor","licenseType":"ULF","expiration":1791386458000,"matchedEntitlements":[{"entitlementId":"com.unity.editor.platforms.android","isPackage":false,"count":1},{"entitlementId":"com.unity.editor.headless","isPackage":false,"count":1}]}],"responseCode":200,"responseStatus":"Found 1 entitlement groups and 0 free entitlements matching requested entitlement ids","messageType":"EntitlementDetailsResponse"} at 1791123660
[Licensing::Client] Successfully resolved entitlement details
Targeting platform: Android
Refreshing native plugins compatible for Editor in 6.86 ms, found 7 plugins.
Preloading 0 native plugins for Editor in 0.00 ms.
Initialize engine version: 2022.3.61t14 (3a70663b70e0)
[Subsystems] Discovering subsystems at path /Applications/Tuanjie/Hub/Editor/2022.3.61t14/Tuanjie.app/Contents/Resources/UnitySubsystems
[Subsystems] Discovering subsystems at path /Users/qinziqian/Documents/overcooked-like/game/Assets
GfxDevice: creating device client; threaded=0; jobified=0
 preferred device: Apple M5 (high power)
Metal devices available: 1
0: Apple M5 (high power)
Using device Apple M5 (high power)
Initializing Metal device caps: Apple M5
[Licensing::Client] Successfully send message: {"messageType":"EntitlementDetailsRequest","entitlementIds":["com.unity.editor.cluster","com.unity.editor.headless"],"packageEntitlementIds":[],"includeCustomData":false} at 1791123660
[Licensing::Client] Successfully receive message: {"entitlementGroups":[{"entitlementGroupId":"F4-W5GR-B6V2-Y5WE-WRK9-GR7N","entitlementGroupIdHash":"8d58bf4deb18ac7618b28a8936c405932a8efcb2","productName":"Unity Personal","productType":"TuanjieEditor","licenseType":"ULF","expiration":1791386458000,"matchedEntitlements":[{"entitlementId":"com.unity.editor.headless","isPackage":false,"count":1}]}],"responseCode":200,"responseStatus":"Found 1 entitlement groups and 0 free entitlements matching requested entitlement ids","messageType":"EntitlementDetailsResponse"} at 1791123660
[Licensing::Client] Successfully resolved entitlement details
Initialize mono
Mono path[0] = '/Applications/Tuanjie/Hub/Editor/2022.3.61t14/Tuanjie.app/Contents/Managed'
Mono path[1] = '/Applications/Tuanjie/Hub/Editor/2022.3.61t14/Tuanjie.app/Contents/MonoBleedingEdge/lib/mono/unityjit-macos'
Mono config path = '/Applications/Tuanjie/Hub/Editor/2022.3.61t14/Tuanjie.app/Contents/MonoBleedingEdge/etc'
Using monoOptions --debugger-agent=transport=dt_socket,embedding=1,server=y,suspend=n,address=0.0.0.0:56485
Using cacheserver namespaces - metadata:defaultmetadata, artifacts:defaultartifacts
Using cacheserver namespaces - metadata:defaultmetadata, artifacts:defaultartifacts
ImportWorker Server TCP listen port: 0
Begin MonoManager ReloadAssembly
Registering precompiled tuanjie dll's ...
Register platform support module: /Applications/Tuanjie/Hub/Editor/2022.3.61t14/Tuanjie.app/Contents/PlaybackEngines/MacStandaloneSupport/UnityEditor.OSXStandalone.Extensions.dll
Register platform support module: /Applications/Tuanjie/Hub/Editor/2022.3.61t14/PlaybackEngines/AndroidPlayer/UnityEditor.Android.Extensions.dll
Registered in 0.001967 seconds.
- Loaded All Assemblies, in  0.288 seconds
Native extension for Android target not found
Android Extension - Scanning For ADB Devices 185 ms
Native extension for OSXStandalone target not found
[Licensing::Client] Successfully send message: {"messageType":"EntitlementDetailsRequest","entitlementIds":["com.unity.editor.minigame.subplatform.wechat","com.unity.editor.headless"],"packageEntitlementIds":[],"includeCustomData":false} at 1791123660
[Licensing::Client] Successfully receive message: {"entitlementGroups":[{"entitlementGroupId":"F4-W5GR-B6V2-Y5WE-WRK9-GR7N","entitlementGroupIdHash":"8d58bf4deb18ac7618b28a8936c405932a8efcb2","productName":"Unity Personal","productType":"TuanjieEditor","licenseType":"ULF","expiration":1791386458000,"matchedEntitlements":[{"entitlementId":"com.unity.editor.headless","isPackage":false,"count":1},{"entitlementId":"com.unity.editor.minigame.subplatform.wechat","isPackage":false,"count":1}]}],"responseCode":200,"responseStatus":"Found 1 entitlement groups and 0 free entitlements matching requested entitlement ids","messageType":"EntitlementDetailsResponse"} at 1791123660
[Licensing::Client] Successfully resolved entitlement details
[Licensing::Client] Successfully send message: {"messageType":"EntitlementDetailsRequest","entitlementIds":["com.unity.editor.minigame.subplatform.douyin","com.unity.editor.headless"],"packageEntitlementIds":[],"includeCustomData":false} at 1791123660
[Licensing::Client] Successfully receive message: {"entitlementGroups":[{"entitlementGroupId":"F4-W5GR-B6V2-Y5WE-WRK9-GR7N","entitlementGroupIdHash":"8d58bf4deb18ac7618b28a8936c405932a8efcb2","productName":"Unity Personal","productType":"TuanjieEditor","licenseType":"ULF","expiration":1791386458000,"matchedEntitlements":[{"entitlementId":"com.unity.editor.headless","isPackage":false,"count":1},{"entitlementId":"com.unity.editor.minigame.subplatform.douyin","isPackage":false,"count":1}]}],"responseCode":200,"responseStatus":"Found 1 entitlement groups and 0 free entitlements matching requested entitlement ids","messageType":"EntitlementDetailsResponse"} at 1791123660
[Licensing::Client] Successfully resolved entitlement details
[Licensing::Client] Successfully send message: {"messageType":"EntitlementDetailsRequest","entitlementIds":["com.unity.editor.minigame.subplatform.kuaishou","com.unity.editor.headless"],"packageEntitlementIds":[],"includeCustomData":false} at 1791123660
[Licensing::Client] Successfully receive message: {"entitlementGroups":[{"entitlementGroupId":"F4-W5GR-B6V2-Y5WE-WRK9-GR7N","entitlementGroupIdHash":"8d58bf4deb18ac7618b28a8936c405932a8efcb2","productName":"Unity Personal","productType":"TuanjieEditor","licenseType":"ULF","expiration":1791386458000,"matchedEntitlements":[{"entitlementId":"com.unity.editor.headless","isPackage":false,"count":1},{"entitlementId":"com.unity.editor.minigame.subplatform.kuaishou","isPackage":false,"count":1}]}],"responseCode":200,"responseStatus":"Found 1 entitlement groups and 0 free entitlements matching requested entitlement ids","messageType":"EntitlementDetailsResponse"} at 1791123660
[Licensing::Client] Successfully resolved entitlement details
[Licensing::Client] Successfully send message: {"messageType":"EntitlementDetailsRequest","entitlementIds":["com.unity.editor.minigame.subplatform.minihost","com.unity.editor.headless"],"packageEntitlementIds":[],"includeCustomData":false} at 1791123660
[Licensing::Client] Successfully receive message: {"entitlementGroups":[{"entitlementGroupId":"F4-W5GR-B6V2-Y5WE-WRK9-GR7N","entitlementGroupIdHash":"8d58bf4deb18ac7618b28a8936c405932a8efcb2","productName":"Unity Personal","productType":"TuanjieEditor","licenseType":"ULF","expiration":1791386458000,"matchedEntitlements":[{"entitlementId":"com.unity.editor.headless","isPackage":false,"count":1},{"entitlementId":"com.unity.editor.minigame.subplatform.minihost","isPackage":false,"count":1}]}],"responseCode":200,"responseStatus":"Found 1 entitlement groups and 0 free entitlements matching requested entitlement ids","messageType":"EntitlementDetailsResponse"} at 1791123660
[Licensing::Client] Successfully resolved entitlement details
Mono: successfully reloaded assembly
- Finished resetting the current domain, in  0.440 seconds
Domain Reload Profiling: 728ms
	BeginReloadAssembly (96ms)
		ExecutionOrderSort (0ms)
		DisableScriptedObjects (0ms)
		BackupInstance (0ms)
		ReleaseScriptingObjects (0ms)
		CreateAndSetChildDomain (1ms)
	RebuildCommonClasses (25ms)
	RebuildNativeTypeToScriptingClass (9ms)
	initialDomainReloadingComplete (33ms)
	LoadAllAssembliesAndSetupDomain (125ms)
		LoadAssemblies (101ms)
		RebuildTransferFunctionScriptingTraits (0ms)
		AnalyzeDomain (119ms)
			TypeCache.Refresh (118ms)
				TypeCache.ScanAssembly (106ms)
			ScanForSourceGeneratedMonoScriptInfo (0ms)
			ResolveRequiredComponents (0ms)
	FinalizeReload (440ms)
		ReleaseScriptCaches (0ms)
		RebuildScriptCaches (0ms)
		SetupLoadedEditorAssemblies (405ms)
			LogAssemblyErrors (0ms)
			InitializePlatformSupportModulesInManaged (248ms)
			SetLoadedEditorAssemblies (4ms)
			RefreshPlugins (0ms)
			BeforeProcessingInitializeOnLoad (1ms)
			ProcessInitializeOnLoadAttributes (142ms)
			ProcessInitializeOnLoadMethodAttributes (10ms)
			AfterProcessingInitializeOnLoad (0ms)
			EditorAssembliesLoaded (0ms)
		ExecutionOrderSort2 (0ms)
		AwakeInstancesAfterBackupRestoration (0ms)
[Licensing::Client] Successfully send message: {"messageType":"EntitlementDetailsRequest","entitlementIds":["com.unity.editor.legacy.pro","com.unity.editor.watermarks.disable","com.unity.editor.watermarks.prototyping","com.unity.editor.watermarks.edu","com.unity.editor.watermarks.trial","com.unity.editor.time-limited-license","com.unity.editor.cluster","com.unity.editor.unity.compliant","com.unity.editor.watermarks.forcedisable","com.unity.editor.open-harmony.analytics.disabled","com.unity.editor.mini-game.analytics.disabled","com.unity.editor.unity.expiration.2d","com.unity.editor.unity.expiration.7d","com.unity.editor.headless"],"packageEntitlementIds":[],"includeCustomData":false} at 1791123660
[Licensing::Client] Successfully receive message: {"entitlementGroups":[{"entitlementGroupId":"F4-W5GR-B6V2-Y5WE-WRK9-GR7N","entitlementGroupIdHash":"8d58bf4deb18ac7618b28a8936c405932a8efcb2","productName":"Unity Personal","productType":"TuanjieEditor","licenseType":"ULF","expiration":1791386458000,"matchedEntitlements":[{"entitlementId":"com.unity.editor.headless","isPackage":false,"count":1},{"entitlementId":"com.unity.editor.unity.expiration.2d","isPackage":false,"count":1},{"entitlementId":"com.unity.editor.watermarks.forcedisable","isPackage":false,"count":1},{"entitlementId":"com.unity.editor.unity.compliant","isPackage":false,"count":1},{"entitlementId":"com.unity.editor.mini-game.analytics.disabled","isPackage":false,"count":1},{"entitlementId":"com.unity.editor.time-limited-license","isPackage":false,"count":1}]}],"responseCode":200,"responseStatus":"Found 1 entitlement groups and 0 free entitlements matching requested entitlement ids","messageType":"EntitlementDetailsResponse"} at 1791123660
[Licensing::Client] Successfully resolved entitlement details
[Licensing::Client] Successfully send message: {"messageType":"EntitlementDetailsRequest","entitlementIds":["com.unity.editor.platforms.android.pro","com.unity.editor.headless"],"packageEntitlementIds":[],"includeCustomData":false} at 1791123660
[Licensing::Client] Successfully receive message: {"entitlementGroups":[{"entitlementGroupId":"F4-W5GR-B6V2-Y5WE-WRK9-GR7N","entitlementGroupIdHash":"8d58bf4deb18ac7618b28a8936c405932a8efcb2","productName":"Unity Personal","productType":"TuanjieEditor","licenseType":"ULF","expiration":1791386458000,"matchedEntitlements":[{"entitlementId":"com.unity.editor.headless","isPackage":false,"count":1}]}],"responseCode":200,"responseStatus":"Found 1 entitlement groups and 0 free entitlements matching requested entitlement ids","messageType":"EntitlementDetailsResponse"} at 1791123660
[Licensing::Client] Successfully resolved entitlement details
Application.AssetDatabase Initial Refresh Start
[ScriptCompilation] Requested script compilation because: InitialRefresh: Force Refresh Recompile flag enabled
[40m[32minfo[39m[22m[49m: Microsoft.Hosting.Lifetime[14]
      Now listening on: http://unix:/tmp/ilpp.sock-f756a1c31a2391e118913e99e0bc0cce
[40m[32minfo[39m[22m[49m: Microsoft.Hosting.Lifetime[0]
      Application started. Press Ctrl+C to shut down.
[40m[32minfo[39m[22m[49m: Microsoft.Hosting.Lifetime[0]
      Hosting environment: Production
[40m[32minfo[39m[22m[49m: Microsoft.Hosting.Lifetime[0]
      Content root path: /Users/qinziqian/Documents/overcooked-like/game/
[40m[32minfo[39m[22m[49m: Microsoft.AspNetCore.Hosting.Diagnostics[1]
      Request starting HTTP/2 POST http://ilpp/UnityILPP.PostProcessing/Ping application/grpc -
[40m[32minfo[39m[22m[49m: Microsoft.AspNetCore.Routing.EndpointMiddleware[0]
      Executing endpoint 'gRPC - /UnityILPP.PostProcessing/Ping'
[40m[32minfo[39m[22m[49m: Microsoft.AspNetCore.Routing.EndpointMiddleware[1]
      Executed endpoint 'gRPC - /UnityILPP.PostProcessing/Ping'
[40m[32minfo[39m[22m[49m: Microsoft.AspNetCore.Hosting.Diagnostics[2]
      Request finished HTTP/2 POST http://ilpp/UnityILPP.PostProcessing/Ping application/grpc - - 200 - application/grpc 36.2191ms
Starting: /Applications/Tuanjie/Hub/Editor/2022.3.61t14/Tuanjie.app/Contents/bee_backend --dont-print-to-structured-log --ipc --defer-dag-verification --dagfile="Library/Bee/1300b0aE.dag" --continue-on-failure --profile="Library/Bee/backend1.traceevents" ScriptAssemblies
WorkingDir: /Users/qinziqian/Documents/overcooked-like/game
DisplayProgressbar: Compiling Scripts
ExitCode: 4 Duration: 2s11ms
[136/158    0s] CopyFiles Library/ScriptAssemblies/UnityEngine.UI.dll
[137/158    0s] CopyFiles Library/ScriptAssemblies/UnityEditor.UI.pdb
[138/158    0s] CopyFiles Library/ScriptAssemblies/UnityEngine.UI.pdb
[139/158    0s] CopyFiles Library/ScriptAssemblies/UnityEditor.UI.dll
[142/158    0s] CopyFiles Library/ScriptAssemblies/Codely.Common.dll
[143/158    0s] CopyFiles Library/ScriptAssemblies/Codely.Common.pdb
[147/158    0s] CopyFiles Library/ScriptAssemblies/Cn.Tuanjie.Codely.Editor.dll
[148/158    0s] CopyFiles Library/ScriptAssemblies/Cn.Tuanjie.Codely.Editor.pdb
[150/158    0s] CopyFiles Library/ScriptAssemblies/UnityTcp.Editor.dll
[151/158    0s] CopyFiles Library/ScriptAssemblies/UnityTcp.Editor.pdb
Rebuilding DAG because FileSignature timestamp changed: Library/Bee/1300b0aE-inputdata.json
[152/158    1s] Csc Library/Bee/artifacts/1300b0aE.dag/Assembly-CSharp.dll (+2 others)
##### CommandLine
"/Applications/Tuanjie/Hub/Editor/2022.3.61t14/Tuanjie.app/Contents/NetCoreRuntime/dotnet" exec "/Applications/Tuanjie/Hub/Editor/2022.3.61t14/Tuanjie.app/Contents/DotNetSdkRoslyn/csc.dll" /nostdlib /noconfig /shared "@Library/Bee/artifacts/1300b0aE.dag/Assembly-CSharp.rsp" "@Library/Bee/artifacts/1300b0aE.dag/Assembly-CSharp.rsp2"
##### Contents of Library/Bee/artifacts/1300b0aE.dag/Assembly-CSharp.rsp
-target:library
-out:"Library/Bee/artifacts/1300b0aE.dag/Assembly-CSharp.dll"
-refout:"Library/Bee/artifacts/1300b0aE.dag/Assembly-CSharp.ref.dll"
-define:UNITY_2022_3_61
-define:UNITY_2022_3
-define:UNITY_2022
-define:TUANJIE_1_6_13
-define:TUANJIE_1_6
-define:TUANJIE_1
-define:UNITY_5_3_OR_NEWER
-define:UNITY_5_4_OR_NEWER
-define:UNITY_5_5_OR_NEWER
-define:UNITY_5_6_OR_NEWER
-define:UNITY_2017_1_OR_NEWER
-define:UNITY_2017_2_OR_NEWER
-define:UNITY_2017_3_OR_NEWER
-define:UNITY_2017_4_OR_NEWER
-define:UNITY_2018_1_OR_NEWER
-define:UNITY_2018_2_OR_NEWER
-define:UNITY_2018_3_OR_NEWER
-define:UNITY_2018_4_OR_NEWER
-define:UNITY_2019_1_OR_NEWER
-define:UNITY_2019_2_OR_NEWER
-define:UNITY_2019_3_OR_NEWER
-define:UNITY_2019_4_OR_NEWER
-define:UNITY_2020_1_OR_NEWER
-define:UNITY_2020_2_OR_NEWER
-define:UNITY_2020_3_OR_NEWER
-define:UNITY_2021_1_OR_NEWER
-define:UNITY_2021_2_OR_NEWER
-define:UNITY_2021_3_OR_NEWER
-define:UNITY_2022_1_OR_NEWER
-define:UNITY_2022_2_OR_NEWER
-define:UNITY_2022_3_OR_NEWER
-define:TUANJIE_2022_3_OR_NEWER
-define:TUANJIE_1_0_OR_NEWER
-define:TUANJIE_1_1_OR_NEWER
-define:TUANJIE_1_2_OR_NEWER
-define:TUANJIE_1_3_OR_NEWER
-define:TUANJIE_1_4_OR_NEWER
-define:TUANJIE_1_5_OR_NEWER
-define:TUANJIE_1_6_OR_NEWER
-define:UNITY_INCLUDE_TESTS
-define:ENABLE_AR
-define:ENABLE_AUDIO
-define:ENABLE_CACHING
-define:ENABLE_CLOTH
-define:ENABLE_EVENT_QUEUE
-define:ENABLE_MICROPHONE
-define:ENABLE_MULTIPLE_DISPLAYS
-define:ENABLE_PHYSICS
-define:ENABLE_TEXTURE_STREAMING
-define:ENABLE_LZMA
-define:ENABLE_UNITYEVENTS
-define:ENABLE_VR
-define:ENABLE_WEBCAM
-define:ENABLE_UNITYWEBREQUEST
-define:ENABLE_WWW
-define:ENABLE_CLOUD_SERVICES
-define:ENABLE_CLOUD_SERVICES_ADS
-define:ENABLE_CLOUD_SERVICES_USE_WEBREQUEST
-define:ENABLE_CLOUD_SERVICES_CRASH_REPORTING
-define:ENABLE_CLOUD_SERVICES_NATIVE_CRASH_REPORTING
-define:ENABLE_CLOUD_SERVICES_PURCHASING
-define:ENABLE_CLOUD_SERVICES_ANALYTICS
-define:ENABLE_CLOUD_SERVICES_BUILD
-define:ENABLE_EDITOR_GAME_SERVICES
-define:ENABLE_UNITY_GAME_SERVICES_ANALYTICS_SUPPORT
-define:ENABLE_CLOUD_LICENSE
-define:ENABLE_EDITOR_HUB_LICENSE
-define:ENABLE_WEBSOCKET_CLIENT
-define:ENABLE_GENERATE_NATIVE_PLUGINS_FOR_ASSEMBLIES_API
-define:ENABLE_DIRECTOR_AUDIO
-define:ENABLE_DIRECTOR_TEXTURE
-define:ENABLE_MANAGED_JOBS
-define:ENABLE_MANAGED_TRANSFORM_JOBS
-define:ENABLE_MANAGED_ANIMATION_JOBS
-define:ENABLE_MANAGED_AUDIO_JOBS
-define:ENABLE_RUNTIME_PERMISSIONS
-define:ENABLE_ENGINE_CODE_STRIPPING
-define:ENABLE_ONSCREEN_KEYBOARD
-define:ENABLE_MANAGED_UNITYTLS
-define:INCLUDE_DYNAMIC_GI
-define:ENABLE_SCRIPTING_GC_WBARRIERS
-define:PLATFORM_SUPPORTS_MONO
-define:ENABLE_VIDEO
-define:ENABLE_ACCELERATOR_CLIENT_DEBUGGING
-define:ENABLE_NAVIGATION_PACKAGE_DEBUG_VISUALIZATION
-define:ENABLE_NAVIGATION_HEIGHTMESH_RUNTIME_SUPPORT
-define:ENABLE_NAVIGATION_UI_REQUIRES_PACKAGE
-define:PLATFORM_ANDROID
-define:TEXTCORE_1_0_OR_NEWER
-define:UNITY_ANDROID
-define:UNITY_ANDROID_API
-define:ENABLE_EGL
-define:ENABLE_NETWORK
-define:ENABLE_RUNTIME_GI
-define:ENABLE_CRUNCH_TEXTURE_COMPRESSION
-define:UNITY_CAN_SHOW_SPLASH_SCREEN
-define:UNITY_HAS_GOOGLEVR
-define:UNITY_HAS_TANGO
-define:ENABLE_SPATIALTRACKING
-define:ENABLE_ETC_COMPRESSION
-define:PLATFORM_EXTENDS_VULKAN_DEVICE
-define:PLATFORM_HAS_MULTIPLE_SWAPCHAINS
-define:UNITY_ANDROID_SUPPORTS_SHADOWFILES
-define:PLATFORM_UPDATES_TIME_OUTSIDE_OF_PLAYER_LOOP
-define:ENABLE_UNITYADS_RUNTIME
-define:UNITY_UNITYADS_API
-define:ENABLE_MONO
-define:NET_STANDARD_2_0
-define:NET_STANDARD
-define:NET_STANDARD_2_1
-define:NETSTANDARD
-define:NETSTANDARD2_1
-define:ENABLE_PROFILER
-define:DEBUG
-define:TRACE
-define:UNITY_ASSERTIONS
-define:UNITY_EDITOR
-define:UNITY_EDITOR_64
-define:UNITY_EDITOR_OSX
-define:ENABLE_SCRIPTS_ENCRYPTION
-define:ENABLE_UNITY_COLLECTIONS_CHECKS
-define:ENABLE_BURST_AOT
-define:UNITY_TEAM_LICENSE
-define:ENABLE_CUSTOM_RENDER_TEXTURE
-define:ENABLE_DIRECTOR
-define:ENABLE_LOCALIZATION
-define:ENABLE_SPRITES
-define:ENABLE_TERRAIN
-define:ENABLE_TILEMAP
-define:ENABLE_TIMELINE
-define:ENABLE_LEGACY_INPUT_MANAGER
-define:TEXTCORE_FONT_ENGINE_1_5_OR_NEWER
-define:CSHARP_7_OR_LATER
-define:CSHARP_7_3_OR_NEWER
-r:".codely.packages/cn.tuanjie.codely.bridge@1.0.85-785dea6a/Plugins/Codely.Newtonsoft.Json.dll"
-r:"/Applications/Tuanjie/Hub/Editor/2022.3.61t14/PlaybackEngines/AndroidPlayer/Unity.Android.Gradle.dll"
-r:"/Applications/Tuanjie/Hub/Editor/2022.3.61t14/PlaybackEngines/AndroidPlayer/Unity.Android.GradleProject.dll"
-r:"/Applications/Tuanjie/Hub/Editor/2022.3.61t14/PlaybackEngines/AndroidPlayer/Unity.Android.Types.dll"
-r:"/Applications/Tuanjie/Hub/Editor/2022.3.61t14/Tuanjie.app/Contents/Managed/UnityEngine/UnityEditor.CoreModule.dll"
-r:"/Applications/Tuanjie/Hub/Editor/2022.3.61t14/Tuanjie.app/Contents/Managed/UnityEngine/UnityEditor.DeviceSimulatorModule.dll"
-r:"/Applications/Tuanjie/Hub/Editor/2022.3.61t14/Tuanjie.app/Contents/Managed/UnityEngine/UnityEditor.DiagnosticsModule.dll"
-r:"/Applications/Tuanjie/Hub/Editor/2022.3.61t14/Tuanjie.app/Contents/Managed/UnityEngine/UnityEditor.dll"
-r:"/Applications/Tuanjie/Hub/Editor/2022.3.61t14/Tuanjie.app/Contents/Managed/UnityEngine/UnityEditor.EditorToolbarModule.dll"
-r:"/Applications/Tuanjie/Hub/Editor/2022.3.61t14/Tuanjie.app/Contents/Managed/UnityEngine/UnityEditor.GraphViewModule.dll"
-r:"/Applications/Tuanjie/Hub/Editor/2022.3.61t14/Tuanjie.app/Contents/Managed/UnityEngine/UnityEditor.HMISimulatorModule.dll"
-r:"/Applications/Tuanjie/Hub/Editor/2022.3.61t14/Tuanjie.app/Contents/Managed/UnityEngine/UnityEditor.PresetsUIModule.dll"
-r:"/Applications/Tuanjie/Hub/Editor/2022.3.61t14/Tuanjie.app/Contents/Managed/UnityEngine/UnityEditor.QuickSearchModule.dll"
-r:"/Applications/Tuanjie/Hub/Editor/2022.3.61t14/Tuanjie.app/Contents/Managed/UnityEngine/UnityEditor.SceneTemplateModule.dll"
-r:"/Applications/Tuanjie/Hub/Editor/2022.3.61t14/Tuanjie.app/Contents/Managed/UnityEngine/UnityEditor.SceneViewModule.dll"
-r:"/Applications/Tuanjie/Hub/Editor/2022.3.61t14/Tuanjie.app/Contents/Managed/UnityEngine/UnityEditor.TextCoreFontEngineModule.dll"
-r:"/Applications/Tuanjie/Hub/Editor/2022.3.61t14/Tuanjie.app/Contents/Managed/UnityEngine/UnityEditor.TextCoreTextEngineModule.dll"
-r:"/Applications/Tuanjie/Hub/Editor/2022.3.61t14/Tuanjie.app/Contents/Managed/UnityEngine/UnityEditor.UIBuilderModule.dll"
-r:"/Applications/Tuanjie/Hub/Editor/2022.3.61t14/Tuanjie.app/Contents/Managed/UnityEngine/UnityEditor.UIElementsModule.dll"
-r:"/Applications/Tuanjie/Hub/Editor/2022.3.61t14/Tuanjie.app/Contents/Managed/UnityEngine/UnityEditor.UIElementsSamplesModule.dll"
-r:"/Applications/Tuanjie/Hub/Editor/2022.3.61t14/Tuanjie.app/Contents/Managed/UnityEngine/UnityEditor.UnityConnectModule.dll"
-r:"/Applications/Tuanjie/Hub/Editor/2022.3.61t14/Tuanjie.app/Contents/Managed/UnityEngine/UnityEngine.AccessibilityModule.dll"
-r:"/Applications/Tuanjie/Hub/Editor/2022.3.61t14/Tuanjie.app/Contents/Managed/UnityEngine/UnityEngine.AndroidJNIModule.dll"
-r:"/Applications/Tuanjie/Hub/Editor/2022.3.61t14/Tuanjie.app/Contents/Managed/UnityEngine/UnityEngine.ARModule.dll"
-r:"/Applications/Tuanjie/Hub/Editor/2022.3.61t14/Tuanjie.app/Contents/Managed/UnityEngine/UnityEngine.AudioModule.dll"
-r:"/Applications/Tuanjie/Hub/Editor/2022.3.61t14/Tuanjie.app/Contents/Managed/UnityEngine/UnityEngine.ContentLoadModule.dll"
-r:"/Applications/Tuanjie/Hub/Editor/2022.3.61t14/Tuanjie.app/Contents/Managed/UnityEngine/UnityEngine.CoreModule.dll"
-r:"/Applications/Tuanjie/Hub/Editor/2022.3.61t14/Tuanjie.app/Contents/Managed/UnityEngine/UnityEngine.CrashReportingModule.dll"
-r:"/Applications/Tuanjie/Hub/Editor/2022.3.61t14/Tuanjie.app/Contents/Managed/UnityEngine/UnityEngine.dll"
-r:"/Applications/Tuanjie/Hub/Editor/2022.3.61t14/Tuanjie.app/Contents/Managed/UnityEngine/UnityEngine.DSPGraphModule.dll"
-r:"/Applications/Tuanjie/Hub/Editor/2022.3.61t14/Tuanjie.app/Contents/Managed/UnityEngine/UnityEngine.GameCenterModule.dll"
-r:"/Applications/Tuanjie/Hub/Editor/2022.3.61t14/Tuanjie.app/Contents/Managed/UnityEngine/UnityEngine.GIModule.dll"
-r:"/Applications/Tuanjie/Hub/Editor/2022.3.61t14/Tuanjie.app/Contents/Managed/UnityEngine/UnityEngine.GridModule.dll"
-r:"/Applications/Tuanjie/Hub/Editor/2022.3.61t14/Tuanjie.app/Contents/Managed/UnityEngine/UnityEngine.HotReloadModule.dll"
-r:"/Applications/Tuanjie/Hub/Editor/2022.3.61t14/Tuanjie.app/Contents/Managed/UnityEngine/UnityEngine.ImageConversionModule.dll"
-r:"/Applications/Tuanjie/Hub/Editor/2022.3.61t14/Tuanjie.app/Contents/Managed/UnityEngine/UnityEngine.IMGUIModule.dll"
-r:"/Applications/Tuanjie/Hub/Editor/2022.3.61t14/Tuanjie.app/Contents/Managed/UnityEngine/UnityEngine.InputLegacyModule.dll"
-r:"/Applications/Tuanjie/Hub/Editor/2022.3.61t14/Tuanjie.app/Contents/Managed/UnityEngine/UnityEngine.InputModule.dll"
-r:"/Applications/Tuanjie/Hub/Editor/2022.3.61t14/Tuanjie.app/Contents/Managed/UnityEngine/UnityEngine.JSONSerializeModule.dll"
-r:"/Applications/Tuanjie/Hub/Editor/2022.3.61t14/Tuanjie.app/Contents/Managed/UnityEngine/UnityEngine.LocalizationModule.dll"
-r:"/Applications/Tuanjie/Hub/Editor/2022.3.61t14/Tuanjie.app/Contents/Managed/UnityEngine/UnityEngine.OpenHarmonyJSModule.dll"
-r:"/Applications/Tuanjie/Hub/Editor/2022.3.61t14/Tuanjie.app/Contents/Managed/UnityEngine/UnityEngine.PerformanceReportingModule.dll"
-r:"/Applications/Tuanjie/Hub/Editor/2022.3.61t14/Tuanjie.app/Contents/Managed/UnityEngine/UnityEngine.PhysicsModule.dll"
-r:"/Applications/Tuanjie/Hub/Editor/2022.3.61t14/Tuanjie.app/Contents/Managed/UnityEngine/UnityEngine.ProfilerModule.dll"
-r:"/Applications/Tuanjie/Hub/Editor/2022.3.61t14/Tuanjie.app/Contents/Managed/UnityEngine/UnityEngine.PropertiesModule.dll"
-r:"/Applications/Tuanjie/Hub/Editor/2022.3.61t14/Tuanjie.app/Contents/Managed/UnityEngine/UnityEngine.RuntimeInitializeOnLoadManagerInitializerModule.dll"
-r:"/Applications/Tuanjie/Hub/Editor/2022.3.61t14/Tuanjie.app/Contents/Managed/UnityEngine/UnityEngine.ScreenCaptureModule.dll"
-r:"/Applications/Tuanjie/Hub/Editor/2022.3.61t14/Tuanjie.app/Contents/Managed/UnityEngine/UnityEngine.SharedInternalsModule.dll"
-r:"/Applications/Tuanjie/Hub/Editor/2022.3.61t14/Tuanjie.app/Contents/Managed/UnityEngine/UnityEngine.SpriteMaskModule.dll"
-r:"/Applications/Tuanjie/Hub/Editor/2022.3.61t14/Tuanjie.app/Contents/Managed/UnityEngine/UnityEngine.SpriteShapeModule.dll"
-r:"/Applications/Tuanjie/Hub/Editor/2022.3.61t14/Tuanjie.app/Contents/Managed/UnityEngine/UnityEngine.StreamingModule.dll"
-r:"/Applications/Tuanjie/Hub/Editor/2022.3.61t14/Tuanjie.app/Contents/Managed/UnityEngine/UnityEngine.SubstanceModule.dll"
-r:"/Applications/Tuanjie/Hub/Editor/2022.3.61t14/Tuanjie.app/Contents/Managed/UnityEngine/UnityEngine.TextCoreFontEngineModule.dll"
-r:"/Applications/Tuanjie/Hub/Editor/2022.3.61t14/Tuanjie.app/Contents/Managed/UnityEngine/UnityEngine.TextCoreTextEngineModule.dll"
-r:"/Applications/Tuanjie/Hub/Editor/2022.3.61t14/Tuanjie.app/Contents/Managed/UnityEngine/UnityEngine.TextRenderingModule.dll"
-r:"/Applications/Tuanjie/Hub/Editor/2022.3.61t14/Tuanjie.app/Contents/Managed/UnityEngine/UnityEngine.TLSModule.dll"
-r:"/Applications/Tuanjie/Hub/Editor/2022.3.61t14/Tuanjie.app/Contents/Managed/UnityEngine/UnityEngine.UIModule.dll"
-r:"/Applications/Tuanjie/Hub/Editor/2022.3.61t14/Tuanjie.app/Contents/Managed/UnityEngine/UnityEngine.UnityAnalyticsCommonModule.dll"
-r:"/Applications/Tuanjie/Hub/Editor/2022.3.61t14/Tuanjie.app/Contents/Managed/UnityEngine/UnityEngine.UnityConnectModule.dll"
-r:"/Applications/Tuanjie/Hub/Editor/2022.3.61t14/Tuanjie.app/Contents/Managed/UnityEngine/UnityEngine.UnityCurlModule.dll"
-r:"/Applications/Tuanjie/Hub/Editor/2022.3.61t14/Tuanjie.app/Contents/Managed/UnityEngine/UnityEngine.UnityTestProtocolModule.dll"
-r:"/Applications/Tuanjie/Hub/Editor/2022.3.61t14/Tuanjie.app/Contents/Managed/UnityEngine/UnityEngine.UnityWebRequestModule.dll"
-r:"/Applications/Tuanjie/Hub/Editor/2022.3.61t14/Tuanjie.app/Contents/Managed/UnityEngine/UnityEngine.VFXModule.dll"
-r:"/Applications/Tuanjie/Hub/Editor/2022.3.61t14/Tuanjie.app/Contents/NetStandard/compat/2.1.0/shims/netfx/mscorlib.dll"
-r:"/Applications/Tuanjie/Hub/Editor/2022.3.61t14/Tuanjie.app/Contents/NetStandard/compat/2.1.0/shims/netfx/System.ComponentModel.Composition.dll"
-r:"/Applications/Tuanjie/Hub/Editor/2022.3.61t14/Tuanjie.app/Contents/NetStandard/compat/2.1.0/shims/netfx/System.Core.dll"
-r:"/Applications/Tuanjie/Hub/Editor/2022.3.61t14/Tuanjie.app/Contents/NetStandard/compat/2.1.0/shims/netfx/System.Data.dll"
-r:"/Applications/Tuanjie/Hub/Editor/2022.3.61t14/Tuanjie.app/Contents/NetStandard/compat/2.1.0/shims/netfx/System.dll"
-r:"/Applications/Tuanjie/Hub/Editor/2022.3.61t14/Tuanjie.app/Contents/NetStandard/compat/2.1.0/shims/netfx/System.Drawing.dll"
-r:"/Applications/Tuanjie/Hub/Editor/2022.3.61t14/Tuanjie.app/Contents/NetStandard/compat/2.1.0/shims/netfx/System.IO.Compression.FileSystem.dll"
-r:"/Applications/Tuanjie/Hub/Editor/2022.3.61t14/Tuanjie.app/Contents/NetStandard/compat/2.1.0/shims/netfx/System.Net.dll"
-r:"/Applications/Tuanjie/Hub/Editor/2022.3.61t14/Tuanjie.app/Contents/NetStandard/compat/2.1.0/shims/netfx/System.Numerics.dll"
-r:"/Applications/Tuanjie/Hub/Editor/2022.3.61t14/Tuanjie.app/Contents/NetStandard/compat/2.1.0/shims/netfx/System.Runtime.Serialization.dll"
-r:"/Applications/Tuanjie/Hub/Editor/2022.3.61t14/Tuanjie.app/Contents/NetStandard/compat/2.1.0/shims/netfx/System.ServiceModel.Web.dll"
-r:"/Applications/Tuanjie/Hub/Editor/2022.3.61t14/Tuanjie.app/Contents/NetStandard/compat/2.1.0/shims/netfx/System.Transactions.dll"
-r:"/Applications/Tuanjie/Hub/Editor/2022.3.61t14/Tuanjie.app/Contents/NetStandard/compat/2.1.0/shims/netfx/System.Web.dll"
-r:"/Applications/Tuanjie/Hub/Editor/2022.3.61t14/Tuanjie.app/Contents/NetStandard/compat/2.1.0/shims/netfx/System.Windows.dll"
-r:"/Applications/Tuanjie/Hub/Editor/2022.3.61t14/Tuanjie.app/Contents/NetStandard/compat/2.1.0/shims/netfx/System.Xml.dll"
-r:"/Applications/Tuanjie/Hub/Editor/2022.3.61t14/Tuanjie.app/Contents/NetStandard/compat/2.1.0/shims/netfx/System.Xml.Linq.dll"
-r:"/Applications/Tuanjie/Hub/Editor/2022.3.61t14/Tuanjie.app/Contents/NetStandard/compat/2.1.0/shims/netfx/System.Xml.Serialization.dll"
-r:"/Applications/Tuanjie/Hub/Editor/2022.3.61t14/Tuanjie.app/Contents/NetStandard/compat/2.1.0/shims/netstandard/Microsoft.Win32.Primitives.dll"
-r:"/Applications/Tuanjie/Hub/Editor/2022.3.61t14/Tuanjie.app/Contents/NetStandard/compat/2.1.0/shims/netstandard/System.AppContext.dll"
-r:"/Applications/Tuanjie/Hub/Editor/2022.3.61t14/Tuanjie.app/Contents/NetStandard/compat/2.1.0/shims/netstandard/System.Buffers.dll"
-r:"/Applications/Tuanjie/Hub/Editor/2022.3.61t14/Tuanjie.app/Contents/NetStandard/compat/2.1.0/shims/netstandard/System.Collections.Concurrent.dll"
-r:"/Applications/Tuanjie/Hub/Editor/2022.3.61t14/Tuanjie.app/Contents/NetStandard/compat/2.1.0/shims/netstandard/System.Collections.dll"
-r:"/Applications/Tuanjie/Hub/Editor/2022.3.61t14/Tuanjie.app/Contents/NetStandard/compat/2.1.0/shims/netstandard/System.Collections.NonGeneric.dll"
-r:"/Applications/Tuanjie/Hub/Editor/2022.3.61t14/Tuanjie.app/Contents/NetStandard/compat/2.1.0/shims/netstandard/System.Collections.Specialized.dll"
-r:"/Applications/Tuanjie/Hub/Editor/2022.3.61t14/Tuanjie.app/Contents/NetStandard/compat/2.1.0/shims/netstandard/System.ComponentModel.dll"
-r:"/Applications/Tuanjie/Hub/Editor/2022.3.61t14/Tuanjie.app/Contents/NetStandard/compat/2.1.0/shims/netstandard/System.ComponentModel.EventBasedAsync.dll"
-r:"/Applications/Tuanjie/Hub/Editor/2022.3.61t14/Tuanjie.app/Contents/NetStandard/compat/2.1.0/shims/netstandard/System.ComponentModel.Primitives.dll"
-r:"/Applications/Tuanjie/Hub/Editor/2022.3.61t14/Tuanjie.app/Contents/NetStandard/compat/2.1.0/shims/netstandard/System.ComponentModel.TypeConverter.dll"
-r:"/Applications/Tuanjie/Hub/Editor/2022.3.61t14/Tuanjie.app/Contents/NetStandard/compat/2.1.0/shims/netstandard/System.Console.dll"
-r:"/Applications/Tuanjie/Hub/Editor/2022.3.61t14/Tuanjie.app/Contents/NetStandard/compat/2.1.0/shims/netstandard/System.Data.Common.dll"
-r:"/Applications/Tuanjie/Hub/Editor/2022.3.61t14/Tuanjie.app/Contents/NetStandard/compat/2.1.0/shims/netstandard/System.Diagnostics.Contracts.dll"
-r:"/Applications/Tuanjie/Hub/Editor/2022.3.61t14/Tuanjie.app/Contents/NetStandard/compat/2.1.0/shims/netstandard/System.Diagnostics.Debug.dll"
-r:"/Applications/Tuanjie/Hub/Editor/2022.3.61t14/Tuanjie.app/Contents/NetStandard/compat/2.1.0/shims/netstandard/System.Diagnostics.FileVersionInfo.dll"
-r:"/Applications/Tuanjie/Hub/Editor/2022.3.61t14/Tuanjie.app/Contents/NetStandard/compat/2.1.0/shims/netstandard/System.Diagnostics.Process.dll"
-r:"/Applications/Tuanjie/Hub/Editor/2022.3.61t14/Tuanjie.app/Contents/NetStandard/compat/2.1.0/shims/netstandard/System.Diagnostics.StackTrace.dll"
-r:"/Applications/Tuanjie/Hub/Editor/2022.3.61t14/Tuanjie.app/Contents/NetStandard/compat/2.1.0/shims/netstandard/System.Diagnostics.TextWriterTraceListener.dll"
-r:"/Applications/Tuanjie/Hub/Editor/2022.3.61t14/Tuanjie.app/Contents/NetStandard/compat/2.1.0/shims/netstandard/System.Diagnostics.Tools.dll"
-r:"/Applications/Tuanjie/Hub/Editor/2022.3.61t14/Tuanjie.app/Contents/NetStandard/compat/2.1.0/shims/netstandard/System.Diagnostics.TraceSource.dll"
-r:"/Applications/Tuanjie/Hub/Editor/2022.3.61t14/Tuanjie.app/Contents/NetStandard/compat/2.1.0/shims/netstandard/System.Diagnostics.Tracing.dll"
-r:"/Applications/Tuanjie/Hub/Editor/2022.3.61t14/Tuanjie.app/Contents/NetStandard/compat/2.1.0/shims/netstandard/System.Drawing.Primitives.dll"
-r:"/Applications/Tuanjie/Hub/Editor/2022.3.61t14/Tuanjie.app/Contents/NetStandard/compat/2.1.0/shims/netstandard/System.Dynamic.Runtime.dll"
-r:"/Applications/Tuanjie/Hub/Editor/2022.3.61t14/Tuanjie.app/Contents/NetStandard/compat/2.1.0/shims/netstandard/System.Globalization.Calendars.dll"
-r:"/Applications/Tuanjie/Hub/Editor/2022.3.61t14/Tuanjie.app/Contents/NetStandard/compat/2.1.0/shims/netstandard/System.Globalization.dll"
-r:"/Applications/Tuanjie/Hub/Editor/2022.3.61t14/Tuanjie.app/Contents/NetStandard/compat/2.1.0/shims/netstandard/System.Globalization.Extensions.dll"
-r:"/Applications/Tuanjie/Hub/Editor/2022.3.61t14/Tuanjie.app/Contents/NetStandard/compat/2.1.0/shims/netstandard/System.IO.Compression.dll"
-r:"/Applications/Tuanjie/Hub/Editor/2022.3.61t14/Tuanjie.app/Contents/NetStandard/compat/2.1.0/shims/netstandard/System.IO.Compression.ZipFile.dll"
-r:"/Applications/Tuanjie/Hub/Editor/2022.3.61t14/Tuanjie.app/Contents/NetStandard/compat/2.1.0/shims/netstandard/System.IO.dll"
-r:"/Applications/Tuanjie/Hub/Editor/2022.3.61t14/Tuanjie.app/Contents/NetStandard/compat/2.1.0/shims/netstandard/System.IO.FileSystem.dll"
-r:"/Applications/Tuanjie/Hub/Editor/2022.3.61t14/Tuanjie.app/Contents/NetStandard/compat/2.1.0/shims/netstandard/System.IO.FileSystem.DriveInfo.dll"
-r:"/Applications/Tuanjie/Hub/Editor/2022.3.61t14/Tuanjie.app/Contents/NetStandard/compat/2.1.0/shims/netstandard/System.IO.FileSystem.Primitives.dll"
-r:"/Applications/Tuanjie/Hub/Editor/2022.3.61t14/Tuanjie.app/Contents/NetStandard/compat/2.1.0/shims/netstandard/System.IO.FileSystem.Watcher.dll"
-r:"/Applications/Tuanjie/Hub/Editor/2022.3.61t14/Tuanjie.app/Contents/NetStandard/compat/2.1.0/shims/netstandard/System.IO.IsolatedStorage.dll"
-r:"/Applications/Tuanjie/Hub/Editor/2022.3.61t14/Tuanjie.app/Contents/NetStandard/compat/2.1.0/shims/netstandard/System.IO.MemoryMappedFiles.dll"
-r:"/Applications/Tuanjie/Hub/Editor/2022.3.61t14/Tuanjie.app/Contents/NetStandard/compat/2.1.0/shims/netstandard/System.IO.Pipes.dll"
-r:"/Applications/Tuanjie/Hub/Editor/2022.3.61t14/Tuanjie.app/Contents/NetStandard/compat/2.1.0/shims/netstandard/System.IO.UnmanagedMemoryStream.dll"
-r:"/Applications/Tuanjie/Hub/Editor/2022.3.61t14/Tuanjie.app/Contents/NetStandard/compat/2.1.0/shims/netstandard/System.Linq.dll"
-r:"/Applications/Tuanjie/Hub/Editor/2022.3.61t14/Tuanjie.app/Contents/NetStandard/compat/2.1.0/shims/netstandard/System.Linq.Expressions.dll"
-r:"/Applications/Tuanjie/Hub/Editor/2022.3.61t14/Tuanjie.app/Contents/NetStandard/compat/2.1.0/shims/netstandard/System.Linq.Parallel.dll"
-r:"/Applications/Tuanjie/Hub/Editor/2022.3.61t14/Tuanjie.app/Contents/NetStandard/compat/2.1.0/shims/netstandard/System.Linq.Queryable.dll"
-r:"/Applications/Tuanjie/Hub/Editor/2022.3.61t14/Tuanjie.app/Contents/NetStandard/compat/2.1.0/shims/netstandard/System.Memory.dll"
-r:"/Applications/Tuanjie/Hub/Editor/2022.3.61t14/Tuanjie.app/Contents/NetStandard/compat/2.1.0/shims/netstandard/System.Net.Http.dll"
-r:"/Applications/Tuanjie/Hub/Editor/2022.3.61t14/Tuanjie.app/Contents/NetStandard/compat/2.1.0/shims/netstandard/System.Net.NameResolution.dll"
-r:"/Applications/Tuanjie/Hub/Editor/2022.3.61t14/Tuanjie.app/Contents/NetStandard/compat/2.1.0/shims/netstandard/System.Net.NetworkInformation.dll"
-r:"/Applications/Tuanjie/Hub/Editor/2022.3.61t14/Tuanjie.app/Contents/NetStandard/compat/2.1.0/shims/netstandard/System.Net.Ping.dll"
-r:"/Applications/Tuanjie/Hub/Editor/2022.3.61t14/Tuanjie.app/Contents/NetStandard/compat/2.1.0/shims/netstandard/System.Net.Primitives.dll"
-r:"/Applications/Tuanjie/Hub/Editor/2022.3.61t14/Tuanjie.app/Contents/NetStandard/compat/2.1.0/shims/netstandard/System.Net.Requests.dll"
-r:"/Applications/Tuanjie/Hub/Editor/2022.3.61t14/Tuanjie.app/Contents/NetStandard/compat/2.1.0/shims/netstandard/System.Net.Security.dll"
-r:"/Applications/Tuanjie/Hub/Editor/2022.3.61t14/Tuanjie.app/Contents/NetStandard/compat/2.1.0/shims/netstandard/System.Net.Sockets.dll"
-r:"/Applications/Tuanjie/Hub/Editor/2022.3.61t14/Tuanjie.app/Contents/NetStandard/compat/2.1.0/shims/netstandard/System.Net.WebHeaderCollection.dll"
-r:"/Applications/Tuanjie/Hub/Editor/2022.3.61t14/Tuanjie.app/Contents/NetStandard/compat/2.1.0/shims/netstandard/System.Net.WebSockets.Client.dll"
-r:"/Applications/Tuanjie/Hub/Editor/2022.3.61t14/Tuanjie.app/Contents/NetStandard/compat/2.1.0/shims/netstandard/System.Net.WebSockets.dll"
-r:"/Applications/Tuanjie/Hub/Editor/2022.3.61t14/Tuanjie.app/Contents/NetStandard/compat/2.1.0/shims/netstandard/System.Numerics.Vectors.dll"
-r:"/Applications/Tuanjie/Hub/Editor/2022.3.61t14/Tuanjie.app/Contents/NetStandard/compat/2.1.0/shims/netstandard/System.ObjectModel.dll"
-r:"/Applications/Tuanjie/Hub/Editor/2022.3.61t14/Tuanjie.app/Contents/NetStandard/compat/2.1.0/shims/netstandard/System.Reflection.DispatchProxy.dll"
-r:"/Applications/Tuanjie/Hub/Editor/2022.3.61t14/Tuanjie.app/Contents/NetStandard/compat/2.1.0/shims/netstandard/System.Reflection.dll"
-r:"/Applications/Tuanjie/Hub/Editor/2022.3.61t14/Tuanjie.app/Contents/NetStandard/compat/2.1.0/shims/netstandard/System.Reflection.Emit.dll"
-r:"/Applications/Tuanjie/Hub/Editor/2022.3.61t14/Tuanjie.app/Contents/NetStandard/compat/2.1.0/shims/netstandard/System.Reflection.Emit.ILGeneration.dll"
-r:"/Applications/Tuanjie/Hub/Editor/2022.3.61t14/Tuanjie.app/Contents/NetStandard/compat/2.1.0/shims/netstandard/System.Reflection.Emit.Lightweight.dll"
-r:"/Applications/Tuanjie/Hub/Editor/2022.3.61t14/Tuanjie.app/Contents/NetStandard/compat/2.1.0/shims/netstandard/System.Reflection.Extensions.dll"
-r:"/Applications/Tuanjie/Hub/Editor/2022.3.61t14/Tuanjie.app/Contents/NetStandard/compat/2.1.0/shims/netstandard/System.Reflection.Primitives.dll"
-r:"/Applications/Tuanjie/Hub/Editor/2022.3.61t14/Tuanjie.app/Contents/NetStandard/compat/2.1.0/shims/netstandard/System.Resources.Reader.dll"
-r:"/Applications/Tuanjie/Hub/Editor/2022.3.61t14/Tuanjie.app/Contents/NetStandard/compat/2.1.0/shims/netstandard/System.Resources.ResourceManager.dll"
-r:"/Applications/Tuanjie/Hub/Editor/2022.3.61t14/Tuanjie.app/Contents/NetStandard/compat/2.1.0/shims/netstandard/System.Resources.Writer.dll"
-r:"/Applications/Tuanjie/Hub/Editor/2022.3.61t14/Tuanjie.app/Contents/NetStandard/compat/2.1.0/shims/netstandard/System.Runtime.CompilerServices.VisualC.dll"
-r:"/Applications/Tuanjie/Hub/Editor/2022.3.61t14/Tuanjie.app/Contents/NetStandard/compat/2.1.0/shims/netstandard/System.Runtime.dll"
-r:"/Applications/Tuanjie/Hub/Editor/2022.3.61t14/Tuanjie.app/Contents/NetStandard/compat/2.1.0/shims/netstandard/System.Runtime.Extensions.dll"
-r:"/Applications/Tuanjie/Hub/Editor/2022.3.61t14/Tuanjie.app/Contents/NetStandard/compat/2.1.0/shims/netstandard/System.Runtime.Handles.dll"
-r:"/Applications/Tuanjie/Hub/Editor/2022.3.61t14/Tuanjie.app/Contents/NetStandard/compat/2.1.0/shims/netstandard/System.Runtime.InteropServices.dll"
-r:"/Applications/Tuanjie/Hub/Editor/2022.3.61t14/Tuanjie.app/Contents/NetStandard/compat/2.1.0/shims/netstandard/System.Runtime.InteropServices.RuntimeInformation.dll"
-r:"/Applications/Tuanjie/Hub/Editor/2022.3.61t14/Tuanjie.app/Contents/NetStandard/compat/2.1.0/shims/netstandard/System.Runtime.Numerics.dll"
-r:"/Applications/Tuanjie/Hub/Editor/2022.3.61t14/Tuanjie.app/Contents/NetStandard/compat/2.1.0/shims/netstandard/System.Runtime.Serialization.Formatters.dll"
-r:"/Applications/Tuanjie/Hub/Editor/2022.3.61t14/Tuanjie.app/Contents/NetStandard/compat/2.1.0/shims/netstandard/System.Runtime.Serialization.Json.dll"
-r:"/Applications/Tuanjie/Hub/Editor/2022.3.61t14/Tuanjie.app/Contents/NetStandard/compat/2.1.0/shims/netstandard/System.Runtime.Serialization.Primitives.dll"
-r:"/Applications/Tuanjie/Hub/Editor/2022.3.61t14/Tuanjie.app/Contents/NetStandard/compat/2.1.0/shims/netstandard/System.Runtime.Serialization.Xml.dll"
-r:"/Applications/Tuanjie/Hub/Editor/2022.3.61t14/Tuanjie.app/Contents/NetStandard/compat/2.1.0/shims/netstandard/System.Security.Claims.dll"
-r:"/Applications/Tuanjie/Hub/Editor/2022.3.61t14/Tuanjie.app/Contents/NetStandard/compat/2.1.0/shims/netstandard/System.Security.Cryptography.Algorithms.dll"
-r:"/Applications/Tuanjie/Hub/Editor/2022.3.61t14/Tuanjie.app/Contents/NetStandard/compat/2.1.0/shims/netstandard/System.Security.Cryptography.Csp.dll"
-r:"/Applications/Tuanjie/Hub/Editor/2022.3.61t14/Tuanjie.app/Contents/NetStandard/compat/2.1.0/shims/netstandard/System.Security.Cryptography.Encoding.dll"
-r:"/Applications/Tuanjie/Hub/Editor/2022.3.61t14/Tuanjie.app/Contents/NetStandard/compat/2.1.0/shims/netstandard/System.Security.Cryptography.Primitives.dll"
-r:"/Applications/Tuanjie/Hub/Editor/2022.3.61t14/Tuanjie.app/Contents/NetStandard/compat/2.1.0/shims/netstandard/System.Security.Cryptography.X509Certificates.dll"
-r:"/Applications/Tuanjie/Hub/Editor/2022.3.61t14/Tuanjie.app/Contents/NetStandard/compat/2.1.0/shims/netstandard/System.Security.Principal.dll"
-r:"/Applications/Tuanjie/Hub/Editor/2022.3.61t14/Tuanjie.app/Contents/NetStandard/compat/2.1.0/shims/netstandard/System.Security.SecureString.dll"
-r:"/Applications/Tuanjie/Hub/Editor/2022.3.61t14/Tuanjie.app/Contents/NetStandard/compat/2.1.0/shims/netstandard/System.Text.Encoding.dll"
-r:"/Applications/Tuanjie/Hub/Editor/2022.3.61t14/Tuanjie.app/Contents/NetStandard/compat/2.1.0/shims/netstandard/System.Text.Encoding.Extensions.dll"
-r:"/Applications/Tuanjie/Hub/Editor/2022.3.61t14/Tuanjie.app/Contents/NetStandard/compat/2.1.0/shims/netstandard/System.Text.RegularExpressions.dll"
-r:"/Applications/Tuanjie/Hub/Editor/2022.3.61t14/Tuanjie.app/Contents/NetStandard/compat/2.1.0/shims/netstandard/System.Threading.dll"
-r:"/Applications/Tuanjie/Hub/Editor/2022.3.61t14/Tuanjie.app/Contents/NetStandard/compat/2.1.0/shims/netstandard/System.Threading.Overlapped.dll"
-r:"/Applications/Tuanjie/Hub/Editor/2022.3.61t14/Tuanjie.app/Contents/NetStandard/compat/2.1.0/shims/netstandard/System.Threading.Tasks.dll"
-r:"/Applications/Tuanjie/Hub/Editor/2022.3.61t14/Tuanjie.app/Contents/NetStandard/compat/2.1.0/shims/netstandard/System.Threading.Tasks.Extensions.dll"
-r:"/Applications/Tuanjie/Hub/Editor/2022.3.61t14/Tuanjie.app/Contents/NetStandard/compat/2.1.0/shims/netstandard/System.Threading.Tasks.Parallel.dll"
-r:"/Applications/Tuanjie/Hub/Editor/2022.3.61t14/Tuanjie.app/Contents/NetStandard/compat/2.1.0/shims/netstandard/System.Threading.Thread.dll"
-r:"/Applications/Tuanjie/Hub/Editor/2022.3.61t14/Tuanjie.app/Contents/NetStandard/compat/2.1.0/shims/netstandard/System.Threading.ThreadPool.dll"
-r:"/Applications/Tuanjie/Hub/Editor/2022.3.61t14/Tuanjie.app/Contents/NetStandard/compat/2.1.0/shims/netstandard/System.Threading.Timer.dll"
-r:"/Applications/Tuanjie/Hub/Editor/2022.3.61t14/Tuanjie.app/Contents/NetStandard/compat/2.1.0/shims/netstandard/System.ValueTuple.dll"
-r:"/Applications/Tuanjie/Hub/Editor/2022.3.61t14/Tuanjie.app/Contents/NetStandard/compat/2.1.0/shims/netstandard/System.Xml.ReaderWriter.dll"
-r:"/Applications/Tuanjie/Hub/Editor/2022.3.61t14/Tuanjie.app/Contents/NetStandard/compat/2.1.0/shims/netstandard/System.Xml.XDocument.dll"
-r:"/Applications/Tuanjie/Hub/Editor/2022.3.61t14/Tuanjie.app/Contents/NetStandard/compat/2.1.0/shims/netstandard/System.Xml.XmlDocument.dll"
-r:"/Applications/Tuanjie/Hub/Editor/2022.3.61t14/Tuanjie.app/Contents/NetStandard/compat/2.1.0/shims/netstandard/System.Xml.XmlSerializer.dll"
-r:"/Applications/Tuanjie/Hub/Editor/2022.3.61t14/Tuanjie.app/Contents/NetStandard/compat/2.1.0/shims/netstandard/System.Xml.XPath.dll"
-r:"/Applications/Tuanjie/Hub/Editor/2022.3.61t14/Tuanjie.app/Contents/NetStandard/compat/2.1.0/shims/netstandard/System.Xml.XPath.XDocument.dll"
-r:"/Applications/Tuanjie/Hub/Editor/2022.3.61t14/Tuanjie.app/Contents/NetStandard/Extensions/2.0.0/System.Runtime.InteropServices.WindowsRuntime.dll"
-r:"/Applications/Tuanjie/Hub/Editor/2022.3.61t14/Tuanjie.app/Contents/NetStandard/ref/2.1.0/netstandard.dll"
-r:"/Applications/Tuanjie/Hub/Editor/2022.3.61t14/Tuanjie.app/Contents/PlaybackEngines/MacStandaloneSupport/UnityEditor.iOS.Extensions.Xcode.dll"
-r:"Library/Bee/artifacts/1300b0aE.dag/Cn.Tuanjie.Codely.Editor.ref.dll"
-r:"Library/Bee/artifacts/1300b0aE.dag/Codely.Common.ref.dll"
-r:"Library/Bee/artifacts/1300b0aE.dag/UnityEditor.UI.ref.dll"
-r:"Library/Bee/artifacts/1300b0aE.dag/UnityEngine.UI.ref.dll"
-r:"Library/Bee/artifacts/1300b0aE.dag/UnityTcp.Editor.ref.dll"
-analyzer:"/Applications/Tuanjie/Hub/Editor/2022.3.61t14/Tuanjie.app/Contents/Tools/Unity.SourceGenerators/Unity.Properties.SourceGenerator.dll"
-analyzer:"/Applications/Tuanjie/Hub/Editor/2022.3.61t14/Tuanjie.app/Contents/Tools/Unity.SourceGenerators/Unity.SourceGenerators.dll"
"Assets/Scripts/Core/AirportSimulation.cs"
"Assets/Scripts/Core/Auth/AgeCheck.cs"
"Assets/Scripts/Core/Auth/BotMemory.cs"
"Assets/Scripts/Core/Auth/IAuthService.cs"
"Assets/Scripts/Core/Auth/PlayerProfile.cs"
"Assets/Scripts/Core/GameEvents.cs"
"Assets/Scripts/Core/Net/ISession.cs"
"Assets/Scripts/Core/Net/LoopbackTransport.cs"
"Assets/Scripts/Core/Net/MiniJson.cs"
"Assets/Scripts/Core/Net/NetProtocol.cs"
"Assets/Scripts/Core/Net/ReliableControl.cs"
"Assets/Scripts/Core/Net/RoomManager.cs"
"Assets/Scripts/Core/Net/SnapshotBuffer.cs"
"Assets/Scripts/Core/Net/UdpBeacon.cs"
"Assets/Scripts/Core/Net/UdpSession.cs"
"Assets/Scripts/Core/Progress/FirestoreProgressProtocol.cs"
"Assets/Scripts/Core/Progress/ProgressOutbox.cs"
"Assets/Scripts/Core/Progress/ProgressSettlement.cs"
"Assets/Scripts/Core/Progress/ProgressSyncService.cs"
"Assets/Scripts/Core/Results/ReplayExportTimeline.cs"
"Assets/Scripts/Core/Results/SettlementEligibility.cs"
"Assets/Scripts/Core/Shift/PracticeFlightScheduler.cs"
"Assets/Scripts/Core/Shift/ShiftEvents.cs"
"Assets/Scripts/Core/Shift/ShiftSim.cs"
"Assets/Scripts/Core/Shift/ShiftSnapshot.cs"
"Assets/Scripts/Core/SingleFlightCycle.cs"
"Assets/Scripts/Diagnostics/M7PlayerSmoke.cs"
"Assets/Scripts/Gameplay/AircraftMotion.cs"
"Assets/Scripts/Gameplay/AirportGame.cs"
"Assets/Scripts/Gameplay/AirportGame.Results.cs"
"Assets/Scripts/Gameplay/AndroidNet.cs"
"Assets/Scripts/Gameplay/AppState.cs"
"Assets/Scripts/Gameplay/Level1Map.cs"
"Assets/Scripts/Gameplay/LobbyApp.cs"
"Assets/Scripts/Gameplay/MainLoopGame.cs"
"Assets/Scripts/Gameplay/NetSession.cs"
"Assets/Scripts/Gameplay/ShareService.cs"
"Assets/Scripts/Identity/AgeVerificationStore.cs"
"Assets/Scripts/Identity/FirebaseRestAuth.cs"
"Assets/Scripts/Identity/FirebaseTokenResponse.cs"
"Assets/Scripts/Identity/LoopbackOAuthServer.cs"
"Assets/Scripts/Identity/OAuthSecurity.cs"
"Assets/Scripts/Presentation/ActionHoldButton.cs"
"Assets/Scripts/Presentation/AirportHudCanvas.cs"
"Assets/Scripts/Presentation/AirportStyle.cs"
"Assets/Scripts/Presentation/AirportWorld.cs"
"Assets/Scripts/Presentation/CabinWorld.cs"
"Assets/Scripts/Presentation/LobbyCanvas.cs"
"Assets/Scripts/Presentation/SceneLayoutMarker.cs"
"Assets/Scripts/Presentation/SceneLayoutSync.cs"
"Assets/Scripts/Presentation/UiKit.cs"
"Assets/Scripts/Presentation/VirtualJoystick.cs"
"Assets/Scripts/Progress/AccountProgressRuntime.cs"
"Assets/Scripts/Progress/UnityProgressTransport.cs"
"Assets/Scripts/Sharing/SilentVideoEncoder.cs"
-langversion:9.0
/deterministic
/optimize+
/debug:portable
/nologo
/RuntimeMetadataVersion:v4.0.30319
/nowarn:0169
/nowarn:0649
/nowarn:0282
/nowarn:1701
/nowarn:1702
/utf8output
/preferreduilang:en-US
/additionalfile:"Library/Bee/artifacts/1300b0aE.dag/Assembly-CSharp.UnityAdditionalFile.txt"
##### Custom Environment Variables
DOTNET_MULTILEVEL_LOOKUP=0
##### ExitCode
1
##### Output
Assets/Scripts/Gameplay/AirportGame.cs(335,41): error CS0117: 'AirportWorld' does not contain a definition for 'CreateCart'
Assets/Scripts/Presentation/AirportWorld.cs(125,13): error CS0103: The name 'ModelBox' does not exist in the current context
Assets/Scripts/Presentation/AirportWorld.cs(127,13): error CS0103: The name 'ModelBox' does not exist in the current context
Assets/Scripts/Presentation/AirportWorld.cs(148,13): error CS0103: The name 'ModelBox' does not exist in the current context
Assets/Scripts/Presentation/AirportWorld.cs(150,13): error CS0103: The name 'ModelBox' does not exist in the current context
Assets/Scripts/Gameplay/AirportGame.cs(1414,44): error CS0117: 'AirportWorld' does not contain a definition for 'CreatePlane'
Assets/Scripts/Gameplay/AirportGame.cs(1693,62): error CS0117: 'AirportWorld' does not contain a definition for 'CreatePlane'
*** Tundra requires additional run (1.99 seconds), 11 items updated, 151 evaluated
Starting: /Applications/Tuanjie/Hub/Editor/2022.3.61t14/Tuanjie.app/Contents/Tools/netcorerun/netcorerun "/Applications/Tuanjie/Hub/Editor/2022.3.61t14/Tuanjie.app/Contents/Tools/BuildPipeline/ScriptCompilationBuildProgram.exe" "Library/Bee/1300b0aE.dag.json" "Library/Bee/1300b0aE-inputdata.json" "Library/Bee/buildprogram0.traceevents"
WorkingDir: /Users/qinziqian/Documents/overcooked-like/game
ExitCode: 0 Duration: 0s355ms
Starting: /Applications/Tuanjie/Hub/Editor/2022.3.61t14/Tuanjie.app/Contents/bee_backend --dont-print-to-structured-log --ipc --defer-dag-verification --dagfile="Library/Bee/1300b0aE.dag" --continue-on-failure --dagfilejson="Library/Bee/1300b0aE.dag.json" --profile="Library/Bee/backend2.traceevents" ScriptAssemblies
WorkingDir: /Users/qinziqian/Documents/overcooked-like/game
ExitCode: 0 Duration: 1s199ms
Finished compiling graph: 161 nodes, 1060 flattened edges (984 ToBuild, 14 ToUse), maximum node priority 86
[125/158    0s] WriteText Library/Bee/artifacts/1300b0aE.dag/Assembly-CSharp.rsp
[126/158    0s] WriteText Library/Bee/artifacts/1300b0aE.dag/Assembly-CSharp-Editor.rsp
[152/158    0s] Csc Library/Bee/artifacts/1300b0aE.dag/Assembly-CSharp.dll (+2 others)
[153/158    0s] CopyFiles Library/ScriptAssemblies/Assembly-CSharp.pdb
[154/158    0s] CopyFiles Library/ScriptAssemblies/Assembly-CSharp.dll
[155/158    0s] Csc Library/Bee/artifacts/1300b0aE.dag/Assembly-CSharp-Editor.dll (+2 others)
[156/158    0s] CopyFiles Library/ScriptAssemblies/Assembly-CSharp-Editor.pdb
[157/158    0s] CopyFiles Library/ScriptAssemblies/Assembly-CSharp-Editor.dll
*** Tundra build success (1.18 seconds), 8 items updated, 158 evaluated
Total cache size 14125764
Total cache size after purge 14125764
AssetDatabase: script compilation time: 4.015236s
Begin MonoManager ReloadAssembly
- Loaded All Assemblies, in  0.344 seconds
Refreshing native plugins compatible for Editor in 4.06 ms, found 7 plugins.
Preloading 0 native plugins for Editor in 0.00 ms.
Refreshing native plugins compatible for Editor in 4.15 ms, found 7 plugins.
Native extension for Android target not found
Native extension for OSXStandalone target not found
Mono: successfully reloaded assembly
- Finished resetting the current domain, in  0.226 seconds
Domain Reload Profiling: 570ms
	BeginReloadAssembly (104ms)
		ExecutionOrderSort (0ms)
		DisableScriptedObjects (5ms)
		BackupInstance (0ms)
		ReleaseScriptingObjects (0ms)
		CreateAndSetChildDomain (17ms)
	RebuildCommonClasses (25ms)
	RebuildNativeTypeToScriptingClass (9ms)
	initialDomainReloadingComplete (17ms)
	LoadAllAssembliesAndSetupDomain (190ms)
		LoadAssemblies (136ms)
		RebuildTransferFunctionScriptingTraits (0ms)
		AnalyzeDomain (110ms)
			TypeCache.Refresh (107ms)
				TypeCache.ScanAssembly (97ms)
			ScanForSourceGeneratedMonoScriptInfo (1ms)
			ResolveRequiredComponents (1ms)
	FinalizeReload (226ms)
		ReleaseScriptCaches (0ms)
		RebuildScriptCaches (0ms)
		SetupLoadedEditorAssemblies (133ms)
			LogAssemblyErrors (0ms)
			InitializePlatformSupportModulesInManaged (9ms)
			SetLoadedEditorAssemblies (2ms)
			RefreshPlugins (0ms)
			BeforeProcessingInitializeOnLoad (18ms)
			ProcessInitializeOnLoadAttributes (90ms)
			ProcessInitializeOnLoadMethodAttributes (12ms)
			AfterProcessingInitializeOnLoad (1ms)
			EditorAssembliesLoaded (0ms)
		ExecutionOrderSort2 (0ms)
		AwakeInstancesAfterBackupRestoration (3ms)
Start importing Packages/cn.tuanjie.codely.bridge/Editor/Bridge/fonts/Inter.ttc using Guid(e5ccdd55a2638f4479b92c50548030bf) Importer(Primary)  -> (artifact id: '8044139778f25fabf15e6599ddc61311') in 0.019860 seconds
Start importing Packages/cn.tuanjie.codely.bridge/Editor/Bridge/fonts/FiraMono-Regular.ttf using Guid(c65026091fecbf845938112797b179e5) Importer(Primary)  -> (artifact id: '3eb4e26ea8fb6be78e10c6f88334f22d') in 0.001808 seconds
Start importing Packages/cn.tuanjie.codely.bridge/Editor/Bridge/fonts/NotoSans-Regular.ttf using Guid(6aaf3e29151e0be47b7e92f0ed091c73) Importer(Primary)  -> (artifact id: '26652f86dfdf7c0718f653fe625a9a40') in 0.002267 seconds
Refreshing native plugins compatible for Editor in 2.19 ms, found 7 plugins.
Preloading 0 native plugins for Editor in 0.00 ms.
Asset Pipeline Refresh (id=84ad6be7c9bba42f7a3c5ea2f0ac6bf6): Total: 5.019 seconds - Initiated by InitialRefreshV2(ForceSynchronousImport)
	Summary:
		Imports: total=87 (actual=3, local cache=84, cache server=0)
		Asset DB Process Time: managed=1 ms, native=372 ms
		Asset DB Callback time: managed=28 ms, native=9 ms
		Scripting: domain reloads=1, domain reload time=586 ms, compile time=4017 ms, other=3 ms
		Project Asset Count: scripts=612, non-scripts=4298
		Asset File Changes: new=0, changed=0, moved=0, deleted=0
		Scan Filter Count: 1
		OnDemandAssets Count:0
	InvokeBeforeRefreshCallbacks: 0.613ms
	ApplyChangesToAssetFolders: 0.026ms
	Scan: 119.141ms
	OnSourceAssetsModified: 0.001ms
	GetAllGuidsForCategorization: 0.314ms
	CategorizeAssets: 47.687ms
	ImportOutOfDateAssets: 266.993ms (-3777.653ms without children)
		ImportManagerImport: 25.670ms (0.952ms without children)
			ImportInProcess: 24.687ms
			UpdateCategorizedAssets: 0.031ms
		CompileScripts: 4016.908ms
		ReloadNativeAssets: 0.000ms
		UnloadImportedAssets: 1.055ms
		ReloadImportedAssets: 0.001ms
		EnsureUptoDateAssetsAreRegisteredWithGuidPM: 0.601ms
		InitializingProgressBar: 0.004ms
		PostProcessAllAssetNotificationsAddChangedAssets: 0.000ms
		OnDemandSchedulerStart: 0.407ms
	PostProcessAllAssets: 35.427ms
	Hotreload: 2.616ms
	GatherAllCurrentPrimaryArtifactRevisions: 0.000ms
	UnloadStreamsBegin: 0.226ms
	PersistCurrentRevisions: 0.422ms
	UnloadStreamsEnd: 0.002ms
	GenerateScriptTypeHashes: 0.000ms
	Untracked: 4545.943ms
Application.AssetDatabase Initial Refresh End
plugin_module success
g_query_callback success 
g_get_assembly_csharp load success 
Launching external process: /Applications/Tuanjie/Hub/Editor/2022.3.61t14/Tuanjie.app/Contents/Tools/TuanjieShaderCompiler
Launched and connected shader compiler TuanjieShaderCompiler after 0.07 seconds
Scanning for USB devices : 0.037ms
Initializing Tuanjie extensions:
[Licensing::Client] Successfully send message: {"messageType":"ProductNameRequest","Value":"com.palmbay.islandairport"} at 1791123666
[Licensing::Client] Successfully receive message: {"responseCode":200,"messageType":"ProductNameResponse"} at 1791123666
[Licensing::Client] Error: ProductNameResponse could not be deserialized
[MODES] ModeService[none].Initialize
[MODES] ModeService[none].LoadModes
[MODES] Loading mode Default (0) for mode-current-id-PALM BAY
Unloading 3 Unused Serialized files (Serialized files now loaded: 0)
Unloading 52 unused Assets / (388.1 KB). Loaded Objects now: 963.
Memory consumption went from 111.1 MB to 110.7 MB.
Total: 2.838042 ms (FindLiveObjects: 0.045250 ms CreateObjectMapping: 0.012542 ms MarkObjects: 2.600000 ms  DeleteObjects: 0.180042 ms)

Start importing ProjectSettings/ProjectSettings.asset using Guid(00000000000000004000000000000000) Importer(Primary)  -> (artifact id: '22e2010d8b677e5b5ee4d2d926193278') in 0.001455 seconds
Refreshing native plugins compatible for Editor in 2.21 ms, found 7 plugins.
Preloading 0 native plugins for Editor in 0.00 ms.
Asset Pipeline Refresh (id=81c2bf2a2fab24fcc9a1ccca17b825dd): Total: 0.028 seconds - Initiated by StopAssetImportingV2(NoUpdateAssetOptions)
[Licensing::Client] Successfully send message: {"messageType":"EntitlementDetailsRequest","entitlementIds":["com.unity.editor","com.unity.editor.headless"],"packageEntitlementIds":[],"includeCustomData":false} at 1791123666
[Licensing::Client] Successfully receive message: {"entitlementGroups":[{"entitlementGroupId":"F4-W5GR-B6V2-Y5WE-WRK9-GR7N","entitlementGroupIdHash":"8d58bf4deb18ac7618b28a8936c405932a8efcb2","productName":"Unity Personal","productType":"TuanjieEditor","licenseType":"ULF","expiration":1791386458000,"matchedEntitlements":[{"entitlementId":"com.unity.editor","isPackage":false,"count":1},{"entitlementId":"com.unity.editor.headless","isPackage":false,"count":1}]}],"responseCode":200,"responseStatus":"Found 1 entitlement groups and 0 free entitlements matching requested entitlement ids","messageType":"EntitlementDetailsResponse"} at 1791123666
[Licensing::Client] Successfully resolved entitlement details
[Licensing::Client] Successfully send message: {"messageType":"EntitlementDetailsRequest","entitlementIds":["com.unity.editor","com.unity.editor.headless"],"packageEntitlementIds":[],"includeCustomData":false} at 1791123666
[Licensing::Client] Successfully receive message: {"entitlementGroups":[{"entitlementGroupId":"F4-W5GR-B6V2-Y5WE-WRK9-GR7N","entitlementGroupIdHash":"8d58bf4deb18ac7618b28a8936c405932a8efcb2","productName":"Unity Personal","productType":"TuanjieEditor","licenseType":"ULF","expiration":1791386458000,"matchedEntitlements":[{"entitlementId":"com.unity.editor","isPackage":false,"count":1},{"entitlementId":"com.unity.editor.headless","isPackage":false,"count":1}]}],"responseCode":200,"responseStatus":"Found 1 entitlement groups and 0 free entitlements matching requested entitlement ids","messageType":"EntitlementDetailsResponse"} at 1791123666
[Licensing::Client] Successfully resolved entitlement details
DisplayProgressbar: Checking prerequisites
Android PostProcess task "Checking prerequisites" took 18.7873 ms
DisplayProgressbar: Detect Java Development Kit (JDK)
Android PostProcess task "Detect Java Development Kit (JDK)" took 313.1708 ms
DisplayProgressbar: Detecting Android SDK
AndroidSDKTools:

	root          : /Applications/Tuanjie/Hub/Editor/2022.3.61t14/PlaybackEngines/AndroidPlayer/SDK
	cmdline-tools : /Applications/Tuanjie/Hub/Editor/2022.3.61t14/PlaybackEngines/AndroidPlayer/SDK/cmdline-tools/6.0
	platform-tools: /Applications/Tuanjie/Hub/Editor/2022.3.61t14/PlaybackEngines/AndroidPlayer/SDK/platform-tools
	build-tools   : /Applications/Tuanjie/Hub/Editor/2022.3.61t14/PlaybackEngines/AndroidPlayer/SDK/build-tools/34.0.0

	adb           : /Applications/Tuanjie/Hub/Editor/2022.3.61t14/PlaybackEngines/AndroidPlayer/SDK/platform-tools/adb

Android PostProcess task "Detecting Android SDK" took 4708.7196 ms
DisplayProgressbar: Detect Android NDK
Android PostProcess task "Detect Android NDK" took 1.8608 ms
Android PostProcess task "Trying to find a suitable Android device" took 0.4277 ms
DisplayProgressbar: Checking Graphics API compatibility
Android PostProcess task "Checking Graphics API compatibility" took 0.8038 ms
DisplayProgressbar: Check resources
Android PostProcess task "Check resources" took 0.239 ms
DisplayProgressbar: Check Android Player Settings
Android PostProcess task "Check Android Player Settings" took 0.111 ms
[40m[32minfo[39m[22m[49m: Microsoft.AspNetCore.Hosting.Diagnostics[1]
      Request starting HTTP/2 POST http://ilpp/UnityILPP.PostProcessing/Ping application/grpc -
[40m[32minfo[39m[22m[49m: Microsoft.AspNetCore.Routing.EndpointMiddleware[0]
      Executing endpoint 'gRPC - /UnityILPP.PostProcessing/Ping'
[40m[32minfo[39m[22m[49m: Microsoft.AspNetCore.Routing.EndpointMiddleware[1]
      Executed endpoint 'gRPC - /UnityILPP.PostProcessing/Ping'
[40m[32minfo[39m[22m[49m: Microsoft.AspNetCore.Hosting.Diagnostics[2]
      Request finished HTTP/2 POST http://ilpp/UnityILPP.PostProcessing/Ping application/grpc - - 200 - application/grpc 2.1320ms
Starting: /Applications/Tuanjie/Hub/Editor/2022.3.61t14/Tuanjie.app/Contents/bee_backend --dont-print-to-structured-log --ipc --defer-dag-verification --dagfile="Library/Bee/1300b0aESkipCompile.dag" --continue-on-failure --profile="Library/Bee/backend1.traceevents" ScriptAssembliesAndTypeDB
WorkingDir: /Users/qinziqian/Documents/overcooked-like/game
DisplayProgressbar: Compiling Scripts
ExitCode: 0 Duration: 0s459ms
[2/3        0s] BuildPlayerDataGenerator Library/BuildPlayerData/Editor/TypeDb-All.json
*** Tundra build success (0.44 seconds), 1 items updated, 3 evaluated
Total cache size 14125764
Total cache size after purge 14125764
Asset Pipeline Refresh (id=9b2e004d3a77e4afc9832539dd10d7cc): Total: 0.037 seconds - Initiated by RefreshV2(NoUpdateAssetOptions)
[ScriptCompilation] Requested script compilation because: Recompiling scripts for player build.
BuildPlayer: start building target 13
[40m[32minfo[39m[22m[49m: Microsoft.AspNetCore.Hosting.Diagnostics[1]
      Request starting HTTP/2 POST http://ilpp/UnityILPP.PostProcessing/Ping application/grpc -
[40m[32minfo[39m[22m[49m: Microsoft.AspNetCore.Routing.EndpointMiddleware[0]
      Executing endpoint 'gRPC - /UnityILPP.PostProcessing/Ping'
[40m[32minfo[39m[22m[49m: Microsoft.AspNetCore.Routing.EndpointMiddleware[1]
      Executed endpoint 'gRPC - /UnityILPP.PostProcessing/Ping'
[40m[32minfo[39m[22m[49m: Microsoft.AspNetCore.Hosting.Diagnostics[2]
      Request finished HTTP/2 POST http://ilpp/UnityILPP.PostProcessing/Ping application/grpc - - 200 - application/grpc 0.4256ms
Starting: /Applications/Tuanjie/Hub/Editor/2022.3.61t14/Tuanjie.app/Contents/bee_backend --dont-print-to-structured-log --ipc --defer-dag-verification --dagfile="Library/Bee/1300b0aP.dag" --continue-on-failure --profile="Library/Bee/backend1.traceevents" ScriptAssembliesAndTypeDB
WorkingDir: /Users/qinziqian/Documents/overcooked-like/game
Starting: /Applications/Tuanjie/Hub/Editor/2022.3.61t14/Tuanjie.app/Contents/Tools/netcorerun/netcorerun "/Applications/Tuanjie/Hub/Editor/2022.3.61t14/Tuanjie.app/Contents/Tools/BuildPipeline/ScriptCompilationBuildProgram.exe" "Library/Bee/1300b0aP.dag.json" "Library/Bee/1300b0aP-inputdata.json" "Library/Bee/buildprogram0.traceevents"
WorkingDir: /Users/qinziqian/Documents/overcooked-like/game
ExitCode: 4 Duration: 0s385ms
[55/62      0s] CopyFiles Library/Bee/PlayerScriptAssemblies/UnityEngine.UI.dll
[56/62      0s] CopyFiles Library/Bee/PlayerScriptAssemblies/UnityEngine.UI.pdb
Rebuilding DAG because FileSignature timestamp changed: Library/Bee/1300b0aP-inputdata.json
[57/62      0s] Csc Library/Bee/artifacts/1300b0aP.dag/Assembly-CSharp.dll (+2 others)
##### CommandLine
"/Applications/Tuanjie/Hub/Editor/2022.3.61t14/Tuanjie.app/Contents/NetCoreRuntime/dotnet" exec "/Applications/Tuanjie/Hub/Editor/2022.3.61t14/Tuanjie.app/Contents/DotNetSdkRoslyn/csc.dll" /nostdlib /noconfig /shared "@Library/Bee/artifacts/1300b0aP.dag/Assembly-CSharp.rsp" "@Library/Bee/artifacts/1300b0aP.dag/Assembly-CSharp.rsp2"
##### Contents of Library/Bee/artifacts/1300b0aP.dag/Assembly-CSharp.rsp
-target:library
-out:"Library/Bee/artifacts/1300b0aP.dag/Assembly-CSharp.dll"
-refout:"Library/Bee/artifacts/1300b0aP.dag/Assembly-CSharp.ref.dll"
-define:UNITY_2022_3_61
-define:UNITY_2022_3
-define:UNITY_2022
-define:TUANJIE_1_6_13
-define:TUANJIE_1_6
-define:TUANJIE_1
-define:UNITY_5_3_OR_NEWER
-define:UNITY_5_4_OR_NEWER
-define:UNITY_5_5_OR_NEWER
-define:UNITY_5_6_OR_NEWER
-define:UNITY_2017_1_OR_NEWER
-define:UNITY_2017_2_OR_NEWER
-define:UNITY_2017_3_OR_NEWER
-define:UNITY_2017_4_OR_NEWER
-define:UNITY_2018_1_OR_NEWER
-define:UNITY_2018_2_OR_NEWER
-define:UNITY_2018_3_OR_NEWER
-define:UNITY_2018_4_OR_NEWER
-define:UNITY_2019_1_OR_NEWER
-define:UNITY_2019_2_OR_NEWER
-define:UNITY_2019_3_OR_NEWER
-define:UNITY_2019_4_OR_NEWER
-define:UNITY_2020_1_OR_NEWER
-define:UNITY_2020_2_OR_NEWER
-define:UNITY_2020_3_OR_NEWER
-define:UNITY_2021_1_OR_NEWER
-define:UNITY_2021_2_OR_NEWER
-define:UNITY_2021_3_OR_NEWER
-define:UNITY_2022_1_OR_NEWER
-define:UNITY_2022_2_OR_NEWER
-define:UNITY_2022_3_OR_NEWER
-define:TUANJIE_2022_3_OR_NEWER
-define:TUANJIE_1_0_OR_NEWER
-define:TUANJIE_1_1_OR_NEWER
-define:TUANJIE_1_2_OR_NEWER
-define:TUANJIE_1_3_OR_NEWER
-define:TUANJIE_1_4_OR_NEWER
-define:TUANJIE_1_5_OR_NEWER
-define:TUANJIE_1_6_OR_NEWER
-define:ENABLE_AR
-define:ENABLE_AUDIO
-define:ENABLE_CACHING
-define:ENABLE_CLOTH
-define:ENABLE_EVENT_QUEUE
-define:ENABLE_MICROPHONE
-define:ENABLE_MULTIPLE_DISPLAYS
-define:ENABLE_PHYSICS
-define:ENABLE_TEXTURE_STREAMING
-define:ENABLE_LZMA
-define:ENABLE_UNITYEVENTS
-define:ENABLE_VR
-define:ENABLE_WEBCAM
-define:ENABLE_UNITYWEBREQUEST
-define:ENABLE_WWW
-define:ENABLE_CLOUD_SERVICES
-define:ENABLE_CLOUD_SERVICES_ADS
-define:ENABLE_CLOUD_SERVICES_USE_WEBREQUEST
-define:ENABLE_CLOUD_SERVICES_CRASH_REPORTING
-define:ENABLE_CLOUD_SERVICES_NATIVE_CRASH_REPORTING
-define:ENABLE_CLOUD_SERVICES_PURCHASING
-define:ENABLE_CLOUD_SERVICES_ANALYTICS
-define:ENABLE_CLOUD_SERVICES_BUILD
-define:ENABLE_EDITOR_GAME_SERVICES
-define:ENABLE_UNITY_GAME_SERVICES_ANALYTICS_SUPPORT
-define:ENABLE_CLOUD_LICENSE
-define:ENABLE_EDITOR_HUB_LICENSE
-define:ENABLE_WEBSOCKET_CLIENT
-define:ENABLE_GENERATE_NATIVE_PLUGINS_FOR_ASSEMBLIES_API
-define:ENABLE_DIRECTOR_AUDIO
-define:ENABLE_DIRECTOR_TEXTURE
-define:ENABLE_MANAGED_JOBS
-define:ENABLE_MANAGED_TRANSFORM_JOBS
-define:ENABLE_MANAGED_ANIMATION_JOBS
-define:ENABLE_MANAGED_AUDIO_JOBS
-define:ENABLE_RUNTIME_PERMISSIONS
-define:ENABLE_ENGINE_CODE_STRIPPING
-define:ENABLE_ONSCREEN_KEYBOARD
-define:ENABLE_MANAGED_UNITYTLS
-define:INCLUDE_DYNAMIC_GI
-define:ENABLE_SCRIPTING_GC_WBARRIERS
-define:PLATFORM_SUPPORTS_MONO
-define:ENABLE_VIDEO
-define:ENABLE_ACCELERATOR_CLIENT_DEBUGGING
-define:ENABLE_NAVIGATION_PACKAGE_DEBUG_VISUALIZATION
-define:ENABLE_NAVIGATION_HEIGHTMESH_RUNTIME_SUPPORT
-define:ENABLE_NAVIGATION_UI_REQUIRES_PACKAGE
-define:PLATFORM_ANDROID
-define:TEXTCORE_1_0_OR_NEWER
-define:UNITY_ANDROID
-define:UNITY_ANDROID_API
-define:ENABLE_EGL
-define:ENABLE_NETWORK
-define:ENABLE_RUNTIME_GI
-define:ENABLE_CRUNCH_TEXTURE_COMPRESSION
-define:UNITY_CAN_SHOW_SPLASH_SCREEN
-define:UNITY_HAS_GOOGLEVR
-define:UNITY_HAS_TANGO
-define:ENABLE_SPATIALTRACKING
-define:ENABLE_ETC_COMPRESSION
-define:PLATFORM_EXTENDS_VULKAN_DEVICE
-define:PLATFORM_HAS_MULTIPLE_SWAPCHAINS
-define:UNITY_ANDROID_SUPPORTS_SHADOWFILES
-define:PLATFORM_UPDATES_TIME_OUTSIDE_OF_PLAYER_LOOP
-define:ENABLE_UNITYADS_RUNTIME
-define:UNITY_UNITYADS_API
-define:ENABLE_IL2CPP
-define:NET_STANDARD_2_0
-define:NET_STANDARD
-define:NET_STANDARD_2_1
-define:NETSTANDARD
-define:NETSTANDARD2_1
-define:ENABLE_CUSTOM_RENDER_TEXTURE
-define:ENABLE_DIRECTOR
-define:ENABLE_LOCALIZATION
-define:ENABLE_SPRITES
-define:ENABLE_TERRAIN
-define:ENABLE_TILEMAP
-define:ENABLE_TIMELINE
-define:ENABLE_LEGACY_INPUT_MANAGER
-define:TEXTCORE_FONT_ENGINE_1_5_OR_NEWER
-define:CSHARP_7_OR_LATER
-define:CSHARP_7_3_OR_NEWER
-r:"/Applications/Tuanjie/Hub/Editor/2022.3.61t14/PlaybackEngines/AndroidPlayer/Variations/il2cpp/Managed/UnityEngine.AccessibilityModule.dll"
-r:"/Applications/Tuanjie/Hub/Editor/2022.3.61t14/PlaybackEngines/AndroidPlayer/Variations/il2cpp/Managed/UnityEngine.AndroidJNIModule.dll"
-r:"/Applications/Tuanjie/Hub/Editor/2022.3.61t14/PlaybackEngines/AndroidPlayer/Variations/il2cpp/Managed/UnityEngine.ARModule.dll"
-r:"/Applications/Tuanjie/Hub/Editor/2022.3.61t14/PlaybackEngines/AndroidPlayer/Variations/il2cpp/Managed/UnityEngine.AudioModule.dll"
-r:"/Applications/Tuanjie/Hub/Editor/2022.3.61t14/PlaybackEngines/AndroidPlayer/Variations/il2cpp/Managed/UnityEngine.ContentLoadModule.dll"
-r:"/Applications/Tuanjie/Hub/Editor/2022.3.61t14/PlaybackEngines/AndroidPlayer/Variations/il2cpp/Managed/UnityEngine.CoreModule.dll"
-r:"/Applications/Tuanjie/Hub/Editor/2022.3.61t14/PlaybackEngines/AndroidPlayer/Variations/il2cpp/Managed/UnityEngine.CrashReportingModule.dll"
-r:"/Applications/Tuanjie/Hub/Editor/2022.3.61t14/PlaybackEngines/AndroidPlayer/Variations/il2cpp/Managed/UnityEngine.dll"
-r:"/Applications/Tuanjie/Hub/Editor/2022.3.61t14/PlaybackEngines/AndroidPlayer/Variations/il2cpp/Managed/UnityEngine.DSPGraphModule.dll"
-r:"/Applications/Tuanjie/Hub/Editor/2022.3.61t14/PlaybackEngines/AndroidPlayer/Variations/il2cpp/Managed/UnityEngine.GameCenterModule.dll"
-r:"/Applications/Tuanjie/Hub/Editor/2022.3.61t14/PlaybackEngines/AndroidPlayer/Variations/il2cpp/Managed/UnityEngine.GIModule.dll"
-r:"/Applications/Tuanjie/Hub/Editor/2022.3.61t14/PlaybackEngines/AndroidPlayer/Variations/il2cpp/Managed/UnityEngine.GridModule.dll"
-r:"/Applications/Tuanjie/Hub/Editor/2022.3.61t14/PlaybackEngines/AndroidPlayer/Variations/il2cpp/Managed/UnityEngine.HotReloadModule.dll"
-r:"/Applications/Tuanjie/Hub/Editor/2022.3.61t14/PlaybackEngines/AndroidPlayer/Variations/il2cpp/Managed/UnityEngine.ImageConversionModule.dll"
-r:"/Applications/Tuanjie/Hub/Editor/2022.3.61t14/PlaybackEngines/AndroidPlayer/Variations/il2cpp/Managed/UnityEngine.IMGUIModule.dll"
-r:"/Applications/Tuanjie/Hub/Editor/2022.3.61t14/PlaybackEngines/AndroidPlayer/Variations/il2cpp/Managed/UnityEngine.InputLegacyModule.dll"
-r:"/Applications/Tuanjie/Hub/Editor/2022.3.61t14/PlaybackEngines/AndroidPlayer/Variations/il2cpp/Managed/UnityEngine.InputModule.dll"
-r:"/Applications/Tuanjie/Hub/Editor/2022.3.61t14/PlaybackEngines/AndroidPlayer/Variations/il2cpp/Managed/UnityEngine.JSONSerializeModule.dll"
-r:"/Applications/Tuanjie/Hub/Editor/2022.3.61t14/PlaybackEngines/AndroidPlayer/Variations/il2cpp/Managed/UnityEngine.LocalizationModule.dll"
-r:"/Applications/Tuanjie/Hub/Editor/2022.3.61t14/PlaybackEngines/AndroidPlayer/Variations/il2cpp/Managed/UnityEngine.OpenHarmonyJSModule.dll"
-r:"/Applications/Tuanjie/Hub/Editor/2022.3.61t14/PlaybackEngines/AndroidPlayer/Variations/il2cpp/Managed/UnityEngine.PerformanceReportingModule.dll"
-r:"/Applications/Tuanjie/Hub/Editor/2022.3.61t14/PlaybackEngines/AndroidPlayer/Variations/il2cpp/Managed/UnityEngine.PhysicsModule.dll"
-r:"/Applications/Tuanjie/Hub/Editor/2022.3.61t14/PlaybackEngines/AndroidPlayer/Variations/il2cpp/Managed/UnityEngine.ProfilerModule.dll"
-r:"/Applications/Tuanjie/Hub/Editor/2022.3.61t14/PlaybackEngines/AndroidPlayer/Variations/il2cpp/Managed/UnityEngine.PropertiesModule.dll"
-r:"/Applications/Tuanjie/Hub/Editor/2022.3.61t14/PlaybackEngines/AndroidPlayer/Variations/il2cpp/Managed/UnityEngine.RuntimeInitializeOnLoadManagerInitializerModule.dll"
-r:"/Applications/Tuanjie/Hub/Editor/2022.3.61t14/PlaybackEngines/AndroidPlayer/Variations/il2cpp/Managed/UnityEngine.ScreenCaptureModule.dll"
-r:"/Applications/Tuanjie/Hub/Editor/2022.3.61t14/PlaybackEngines/AndroidPlayer/Variations/il2cpp/Managed/UnityEngine.SharedInternalsModule.dll"
-r:"/Applications/Tuanjie/Hub/Editor/2022.3.61t14/PlaybackEngines/AndroidPlayer/Variations/il2cpp/Managed/UnityEngine.SpriteMaskModule.dll"
-r:"/Applications/Tuanjie/Hub/Editor/2022.3.61t14/PlaybackEngines/AndroidPlayer/Variations/il2cpp/Managed/UnityEngine.SpriteShapeModule.dll"
-r:"/Applications/Tuanjie/Hub/Editor/2022.3.61t14/PlaybackEngines/AndroidPlayer/Variations/il2cpp/Managed/UnityEngine.StreamingModule.dll"
-r:"/Applications/Tuanjie/Hub/Editor/2022.3.61t14/PlaybackEngines/AndroidPlayer/Variations/il2cpp/Managed/UnityEngine.SubstanceModule.dll"
-r:"/Applications/Tuanjie/Hub/Editor/2022.3.61t14/PlaybackEngines/AndroidPlayer/Variations/il2cpp/Managed/UnityEngine.TextCoreFontEngineModule.dll"
-r:"/Applications/Tuanjie/Hub/Editor/2022.3.61t14/PlaybackEngines/AndroidPlayer/Variations/il2cpp/Managed/UnityEngine.TextCoreTextEngineModule.dll"
-r:"/Applications/Tuanjie/Hub/Editor/2022.3.61t14/PlaybackEngines/AndroidPlayer/Variations/il2cpp/Managed/UnityEngine.TextRenderingModule.dll"
-r:"/Applications/Tuanjie/Hub/Editor/2022.3.61t14/PlaybackEngines/AndroidPlayer/Variations/il2cpp/Managed/UnityEngine.TLSModule.dll"
-r:"/Applications/Tuanjie/Hub/Editor/2022.3.61t14/PlaybackEngines/AndroidPlayer/Variations/il2cpp/Managed/UnityEngine.UIModule.dll"
-r:"/Applications/Tuanjie/Hub/Editor/2022.3.61t14/PlaybackEngines/AndroidPlayer/Variations/il2cpp/Managed/UnityEngine.UnityAnalyticsCommonModule.dll"
-r:"/Applications/Tuanjie/Hub/Editor/2022.3.61t14/PlaybackEngines/AndroidPlayer/Variations/il2cpp/Managed/UnityEngine.UnityConnectModule.dll"
-r:"/Applications/Tuanjie/Hub/Editor/2022.3.61t14/PlaybackEngines/AndroidPlayer/Variations/il2cpp/Managed/UnityEngine.UnityCurlModule.dll"
-r:"/Applications/Tuanjie/Hub/Editor/2022.3.61t14/PlaybackEngines/AndroidPlayer/Variations/il2cpp/Managed/UnityEngine.UnityTestProtocolModule.dll"
-r:"/Applications/Tuanjie/Hub/Editor/2022.3.61t14/PlaybackEngines/AndroidPlayer/Variations/il2cpp/Managed/UnityEngine.UnityWebRequestModule.dll"
-r:"/Applications/Tuanjie/Hub/Editor/2022.3.61t14/PlaybackEngines/AndroidPlayer/Variations/il2cpp/Managed/UnityEngine.VFXModule.dll"
-r:"/Applications/Tuanjie/Hub/Editor/2022.3.61t14/Tuanjie.app/Contents/NetStandard/compat/2.1.0/shims/netfx/mscorlib.dll"
-r:"/Applications/Tuanjie/Hub/Editor/2022.3.61t14/Tuanjie.app/Contents/NetStandard/compat/2.1.0/shims/netfx/System.ComponentModel.Composition.dll"
-r:"/Applications/Tuanjie/Hub/Editor/2022.3.61t14/Tuanjie.app/Contents/NetStandard/compat/2.1.0/shims/netfx/System.Core.dll"
-r:"/Applications/Tuanjie/Hub/Editor/2022.3.61t14/Tuanjie.app/Contents/NetStandard/compat/2.1.0/shims/netfx/System.Data.dll"
-r:"/Applications/Tuanjie/Hub/Editor/2022.3.61t14/Tuanjie.app/Contents/NetStandard/compat/2.1.0/shims/netfx/System.dll"
-r:"/Applications/Tuanjie/Hub/Editor/2022.3.61t14/Tuanjie.app/Contents/NetStandard/compat/2.1.0/shims/netfx/System.Drawing.dll"
-r:"/Applications/Tuanjie/Hub/Editor/2022.3.61t14/Tuanjie.app/Contents/NetStandard/compat/2.1.0/shims/netfx/System.IO.Compression.FileSystem.dll"
-r:"/Applications/Tuanjie/Hub/Editor/2022.3.61t14/Tuanjie.app/Contents/NetStandard/compat/2.1.0/shims/netfx/System.Net.dll"
-r:"/Applications/Tuanjie/Hub/Editor/2022.3.61t14/Tuanjie.app/Contents/NetStandard/compat/2.1.0/shims/netfx/System.Numerics.dll"
-r:"/Applications/Tuanjie/Hub/Editor/2022.3.61t14/Tuanjie.app/Contents/NetStandard/compat/2.1.0/shims/netfx/System.Runtime.Serialization.dll"
-r:"/Applications/Tuanjie/Hub/Editor/2022.3.61t14/Tuanjie.app/Contents/NetStandard/compat/2.1.0/shims/netfx/System.ServiceModel.Web.dll"
-r:"/Applications/Tuanjie/Hub/Editor/2022.3.61t14/Tuanjie.app/Contents/NetStandard/compat/2.1.0/shims/netfx/System.Transactions.dll"
-r:"/Applications/Tuanjie/Hub/Editor/2022.3.61t14/Tuanjie.app/Contents/NetStandard/compat/2.1.0/shims/netfx/System.Web.dll"
-r:"/Applications/Tuanjie/Hub/Editor/2022.3.61t14/Tuanjie.app/Contents/NetStandard/compat/2.1.0/shims/netfx/System.Windows.dll"
-r:"/Applications/Tuanjie/Hub/Editor/2022.3.61t14/Tuanjie.app/Contents/NetStandard/compat/2.1.0/shims/netfx/System.Xml.dll"
-r:"/Applications/Tuanjie/Hub/Editor/2022.3.61t14/Tuanjie.app/Contents/NetStandard/compat/2.1.0/shims/netfx/System.Xml.Linq.dll"
-r:"/Applications/Tuanjie/Hub/Editor/2022.3.61t14/Tuanjie.app/Contents/NetStandard/compat/2.1.0/shims/netfx/System.Xml.Serialization.dll"
-r:"/Applications/Tuanjie/Hub/Editor/2022.3.61t14/Tuanjie.app/Contents/NetStandard/compat/2.1.0/shims/netstandard/Microsoft.Win32.Primitives.dll"
-r:"/Applications/Tuanjie/Hub/Editor/2022.3.61t14/Tuanjie.app/Contents/NetStandard/compat/2.1.0/shims/netstandard/System.AppContext.dll"
-r:"/Applications/Tuanjie/Hub/Editor/2022.3.61t14/Tuanjie.app/Contents/NetStandard/compat/2.1.0/shims/netstandard/System.Buffers.dll"
-r:"/Applications/Tuanjie/Hub/Editor/2022.3.61t14/Tuanjie.app/Contents/NetStandard/compat/2.1.0/shims/netstandard/System.Collections.Concurrent.dll"
-r:"/Applications/Tuanjie/Hub/Editor/2022.3.61t14/Tuanjie.app/Contents/NetStandard/compat/2.1.0/shims/netstandard/System.Collections.dll"
-r:"/Applications/Tuanjie/Hub/Editor/2022.3.61t14/Tuanjie.app/Contents/NetStandard/compat/2.1.0/shims/netstandard/System.Collections.NonGeneric.dll"
-r:"/Applications/Tuanjie/Hub/Editor/2022.3.61t14/Tuanjie.app/Contents/NetStandard/compat/2.1.0/shims/netstandard/System.Collections.Specialized.dll"
-r:"/Applications/Tuanjie/Hub/Editor/2022.3.61t14/Tuanjie.app/Contents/NetStandard/compat/2.1.0/shims/netstandard/System.ComponentModel.dll"
-r:"/Applications/Tuanjie/Hub/Editor/2022.3.61t14/Tuanjie.app/Contents/NetStandard/compat/2.1.0/shims/netstandard/System.ComponentModel.EventBasedAsync.dll"
-r:"/Applications/Tuanjie/Hub/Editor/2022.3.61t14/Tuanjie.app/Contents/NetStandard/compat/2.1.0/shims/netstandard/System.ComponentModel.Primitives.dll"
-r:"/Applications/Tuanjie/Hub/Editor/2022.3.61t14/Tuanjie.app/Contents/NetStandard/compat/2.1.0/shims/netstandard/System.ComponentModel.TypeConverter.dll"
-r:"/Applications/Tuanjie/Hub/Editor/2022.3.61t14/Tuanjie.app/Contents/NetStandard/compat/2.1.0/shims/netstandard/System.Console.dll"
-r:"/Applications/Tuanjie/Hub/Editor/2022.3.61t14/Tuanjie.app/Contents/NetStandard/compat/2.1.0/shims/netstandard/System.Data.Common.dll"
-r:"/Applications/Tuanjie/Hub/Editor/2022.3.61t14/Tuanjie.app/Contents/NetStandard/compat/2.1.0/shims/netstandard/System.Diagnostics.Contracts.dll"
-r:"/Applications/Tuanjie/Hub/Editor/2022.3.61t14/Tuanjie.app/Contents/NetStandard/compat/2.1.0/shims/netstandard/System.Diagnostics.Debug.dll"
-r:"/Applications/Tuanjie/Hub/Editor/2022.3.61t14/Tuanjie.app/Contents/NetStandard/compat/2.1.0/shims/netstandard/System.Diagnostics.FileVersionInfo.dll"
-r:"/Applications/Tuanjie/Hub/Editor/2022.3.61t14/Tuanjie.app/Contents/NetStandard/compat/2.1.0/shims/netstandard/System.Diagnostics.Process.dll"
-r:"/Applications/Tuanjie/Hub/Editor/2022.3.61t14/Tuanjie.app/Contents/NetStandard/compat/2.1.0/shims/netstandard/System.Diagnostics.StackTrace.dll"
-r:"/Applications/Tuanjie/Hub/Editor/2022.3.61t14/Tuanjie.app/Contents/NetStandard/compat/2.1.0/shims/netstandard/System.Diagnostics.TextWriterTraceListener.dll"
-r:"/Applications/Tuanjie/Hub/Editor/2022.3.61t14/Tuanjie.app/Contents/NetStandard/compat/2.1.0/shims/netstandard/System.Diagnostics.Tools.dll"
-r:"/Applications/Tuanjie/Hub/Editor/2022.3.61t14/Tuanjie.app/Contents/NetStandard/compat/2.1.0/shims/netstandard/System.Diagnostics.TraceSource.dll"
-r:"/Applications/Tuanjie/Hub/Editor/2022.3.61t14/Tuanjie.app/Contents/NetStandard/compat/2.1.0/shims/netstandard/System.Diagnostics.Tracing.dll"
-r:"/Applications/Tuanjie/Hub/Editor/2022.3.61t14/Tuanjie.app/Contents/NetStandard/compat/2.1.0/shims/netstandard/System.Drawing.Primitives.dll"
-r:"/Applications/Tuanjie/Hub/Editor/2022.3.61t14/Tuanjie.app/Contents/NetStandard/compat/2.1.0/shims/netstandard/System.Dynamic.Runtime.dll"
-r:"/Applications/Tuanjie/Hub/Editor/2022.3.61t14/Tuanjie.app/Contents/NetStandard/compat/2.1.0/shims/netstandard/System.Globalization.Calendars.dll"
-r:"/Applications/Tuanjie/Hub/Editor/2022.3.61t14/Tuanjie.app/Contents/NetStandard/compat/2.1.0/shims/netstandard/System.Globalization.dll"
-r:"/Applications/Tuanjie/Hub/Editor/2022.3.61t14/Tuanjie.app/Contents/NetStandard/compat/2.1.0/shims/netstandard/System.Globalization.Extensions.dll"
-r:"/Applications/Tuanjie/Hub/Editor/2022.3.61t14/Tuanjie.app/Contents/NetStandard/compat/2.1.0/shims/netstandard/System.IO.Compression.dll"
-r:"/Applications/Tuanjie/Hub/Editor/2022.3.61t14/Tuanjie.app/Contents/NetStandard/compat/2.1.0/shims/netstandard/System.IO.Compression.ZipFile.dll"
-r:"/Applications/Tuanjie/Hub/Editor/2022.3.61t14/Tuanjie.app/Contents/NetStandard/compat/2.1.0/shims/netstandard/System.IO.dll"
-r:"/Applications/Tuanjie/Hub/Editor/2022.3.61t14/Tuanjie.app/Contents/NetStandard/compat/2.1.0/shims/netstandard/System.IO.FileSystem.dll"
-r:"/Applications/Tuanjie/Hub/Editor/2022.3.61t14/Tuanjie.app/Contents/NetStandard/compat/2.1.0/shims/netstandard/System.IO.FileSystem.DriveInfo.dll"
-r:"/Applications/Tuanjie/Hub/Editor/2022.3.61t14/Tuanjie.app/Contents/NetStandard/compat/2.1.0/shims/netstandard/System.IO.FileSystem.Primitives.dll"
-r:"/Applications/Tuanjie/Hub/Editor/2022.3.61t14/Tuanjie.app/Contents/NetStandard/compat/2.1.0/shims/netstandard/System.IO.FileSystem.Watcher.dll"
-r:"/Applications/Tuanjie/Hub/Editor/2022.3.61t14/Tuanjie.app/Contents/NetStandard/compat/2.1.0/shims/netstandard/System.IO.IsolatedStorage.dll"
-r:"/Applications/Tuanjie/Hub/Editor/2022.3.61t14/Tuanjie.app/Contents/NetStandard/compat/2.1.0/shims/netstandard/System.IO.MemoryMappedFiles.dll"
-r:"/Applications/Tuanjie/Hub/Editor/2022.3.61t14/Tuanjie.app/Contents/NetStandard/compat/2.1.0/shims/netstandard/System.IO.Pipes.dll"
-r:"/Applications/Tuanjie/Hub/Editor/2022.3.61t14/Tuanjie.app/Contents/NetStandard/compat/2.1.0/shims/netstandard/System.IO.UnmanagedMemoryStream.dll"
-r:"/Applications/Tuanjie/Hub/Editor/2022.3.61t14/Tuanjie.app/Contents/NetStandard/compat/2.1.0/shims/netstandard/System.Linq.dll"
-r:"/Applications/Tuanjie/Hub/Editor/2022.3.61t14/Tuanjie.app/Contents/NetStandard/compat/2.1.0/shims/netstandard/System.Linq.Expressions.dll"
-r:"/Applications/Tuanjie/Hub/Editor/2022.3.61t14/Tuanjie.app/Contents/NetStandard/compat/2.1.0/shims/netstandard/System.Linq.Parallel.dll"
-r:"/Applications/Tuanjie/Hub/Editor/2022.3.61t14/Tuanjie.app/Contents/NetStandard/compat/2.1.0/shims/netstandard/System.Linq.Queryable.dll"
-r:"/Applications/Tuanjie/Hub/Editor/2022.3.61t14/Tuanjie.app/Contents/NetStandard/compat/2.1.0/shims/netstandard/System.Memory.dll"
-r:"/Applications/Tuanjie/Hub/Editor/2022.3.61t14/Tuanjie.app/Contents/NetStandard/compat/2.1.0/shims/netstandard/System.Net.Http.dll"
-r:"/Applications/Tuanjie/Hub/Editor/2022.3.61t14/Tuanjie.app/Contents/NetStandard/compat/2.1.0/shims/netstandard/System.Net.NameResolution.dll"
-r:"/Applications/Tuanjie/Hub/Editor/2022.3.61t14/Tuanjie.app/Contents/NetStandard/compat/2.1.0/shims/netstandard/System.Net.NetworkInformation.dll"
-r:"/Applications/Tuanjie/Hub/Editor/2022.3.61t14/Tuanjie.app/Contents/NetStandard/compat/2.1.0/shims/netstandard/System.Net.Ping.dll"
-r:"/Applications/Tuanjie/Hub/Editor/2022.3.61t14/Tuanjie.app/Contents/NetStandard/compat/2.1.0/shims/netstandard/System.Net.Primitives.dll"
-r:"/Applications/Tuanjie/Hub/Editor/2022.3.61t14/Tuanjie.app/Contents/NetStandard/compat/2.1.0/shims/netstandard/System.Net.Requests.dll"
-r:"/Applications/Tuanjie/Hub/Editor/2022.3.61t14/Tuanjie.app/Contents/NetStandard/compat/2.1.0/shims/netstandard/System.Net.Security.dll"
-r:"/Applications/Tuanjie/Hub/Editor/2022.3.61t14/Tuanjie.app/Contents/NetStandard/compat/2.1.0/shims/netstandard/System.Net.Sockets.dll"
-r:"/Applications/Tuanjie/Hub/Editor/2022.3.61t14/Tuanjie.app/Contents/NetStandard/compat/2.1.0/shims/netstandard/System.Net.WebHeaderCollection.dll"
-r:"/Applications/Tuanjie/Hub/Editor/2022.3.61t14/Tuanjie.app/Contents/NetStandard/compat/2.1.0/shims/netstandard/System.Net.WebSockets.Client.dll"
-r:"/Applications/Tuanjie/Hub/Editor/2022.3.61t14/Tuanjie.app/Contents/NetStandard/compat/2.1.0/shims/netstandard/System.Net.WebSockets.dll"
-r:"/Applications/Tuanjie/Hub/Editor/2022.3.61t14/Tuanjie.app/Contents/NetStandard/compat/2.1.0/shims/netstandard/System.Numerics.Vectors.dll"
-r:"/Applications/Tuanjie/Hub/Editor/2022.3.61t14/Tuanjie.app/Contents/NetStandard/compat/2.1.0/shims/netstandard/System.ObjectModel.dll"
-r:"/Applications/Tuanjie/Hub/Editor/2022.3.61t14/Tuanjie.app/Contents/NetStandard/compat/2.1.0/shims/netstandard/System.Reflection.DispatchProxy.dll"
-r:"/Applications/Tuanjie/Hub/Editor/2022.3.61t14/Tuanjie.app/Contents/NetStandard/compat/2.1.0/shims/netstandard/System.Reflection.dll"
-r:"/Applications/Tuanjie/Hub/Editor/2022.3.61t14/Tuanjie.app/Contents/NetStandard/compat/2.1.0/shims/netstandard/System.Reflection.Emit.dll"
-r:"/Applications/Tuanjie/Hub/Editor/2022.3.61t14/Tuanjie.app/Contents/NetStandard/compat/2.1.0/shims/netstandard/System.Reflection.Emit.ILGeneration.dll"
-r:"/Applications/Tuanjie/Hub/Editor/2022.3.61t14/Tuanjie.app/Contents/NetStandard/compat/2.1.0/shims/netstandard/System.Reflection.Emit.Lightweight.dll"
-r:"/Applications/Tuanjie/Hub/Editor/2022.3.61t14/Tuanjie.app/Contents/NetStandard/compat/2.1.0/shims/netstandard/System.Reflection.Extensions.dll"
-r:"/Applications/Tuanjie/Hub/Editor/2022.3.61t14/Tuanjie.app/Contents/NetStandard/compat/2.1.0/shims/netstandard/System.Reflection.Primitives.dll"
-r:"/Applications/Tuanjie/Hub/Editor/2022.3.61t14/Tuanjie.app/Contents/NetStandard/compat/2.1.0/shims/netstandard/System.Resources.Reader.dll"
-r:"/Applications/Tuanjie/Hub/Editor/2022.3.61t14/Tuanjie.app/Contents/NetStandard/compat/2.1.0/shims/netstandard/System.Resources.ResourceManager.dll"
-r:"/Applications/Tuanjie/Hub/Editor/2022.3.61t14/Tuanjie.app/Contents/NetStandard/compat/2.1.0/shims/netstandard/System.Resources.Writer.dll"
-r:"/Applications/Tuanjie/Hub/Editor/2022.3.61t14/Tuanjie.app/Contents/NetStandard/compat/2.1.0/shims/netstandard/System.Runtime.CompilerServices.VisualC.dll"
-r:"/Applications/Tuanjie/Hub/Editor/2022.3.61t14/Tuanjie.app/Contents/NetStandard/compat/2.1.0/shims/netstandard/System.Runtime.dll"
-r:"/Applications/Tuanjie/Hub/Editor/2022.3.61t14/Tuanjie.app/Contents/NetStandard/compat/2.1.0/shims/netstandard/System.Runtime.Extensions.dll"
-r:"/Applications/Tuanjie/Hub/Editor/2022.3.61t14/Tuanjie.app/Contents/NetStandard/compat/2.1.0/shims/netstandard/System.Runtime.Handles.dll"
-r:"/Applications/Tuanjie/Hub/Editor/2022.3.61t14/Tuanjie.app/Contents/NetStandard/compat/2.1.0/shims/netstandard/System.Runtime.InteropServices.dll"
-r:"/Applications/Tuanjie/Hub/Editor/2022.3.61t14/Tuanjie.app/Contents/NetStandard/compat/2.1.0/shims/netstandard/System.Runtime.InteropServices.RuntimeInformation.dll"
-r:"/Applications/Tuanjie/Hub/Editor/2022.3.61t14/Tuanjie.app/Contents/NetStandard/compat/2.1.0/shims/netstandard/System.Runtime.Numerics.dll"
-r:"/Applications/Tuanjie/Hub/Editor/2022.3.61t14/Tuanjie.app/Contents/NetStandard/compat/2.1.0/shims/netstandard/System.Runtime.Serialization.Formatters.dll"
-r:"/Applications/Tuanjie/Hub/Editor/2022.3.61t14/Tuanjie.app/Contents/NetStandard/compat/2.1.0/shims/netstandard/System.Runtime.Serialization.Json.dll"
-r:"/Applications/Tuanjie/Hub/Editor/2022.3.61t14/Tuanjie.app/Contents/NetStandard/compat/2.1.0/shims/netstandard/System.Runtime.Serialization.Primitives.dll"
-r:"/Applications/Tuanjie/Hub/Editor/2022.3.61t14/Tuanjie.app/Contents/NetStandard/compat/2.1.0/shims/netstandard/System.Runtime.Serialization.Xml.dll"
-r:"/Applications/Tuanjie/Hub/Editor/2022.3.61t14/Tuanjie.app/Contents/NetStandard/compat/2.1.0/shims/netstandard/System.Security.Claims.dll"
-r:"/Applications/Tuanjie/Hub/Editor/2022.3.61t14/Tuanjie.app/Contents/NetStandard/compat/2.1.0/shims/netstandard/System.Security.Cryptography.Algorithms.dll"
-r:"/Applications/Tuanjie/Hub/Editor/2022.3.61t14/Tuanjie.app/Contents/NetStandard/compat/2.1.0/shims/netstandard/System.Security.Cryptography.Csp.dll"
-r:"/Applications/Tuanjie/Hub/Editor/2022.3.61t14/Tuanjie.app/Contents/NetStandard/compat/2.1.0/shims/netstandard/System.Security.Cryptography.Encoding.dll"
-r:"/Applications/Tuanjie/Hub/Editor/2022.3.61t14/Tuanjie.app/Contents/NetStandard/compat/2.1.0/shims/netstandard/System.Security.Cryptography.Primitives.dll"
-r:"/Applications/Tuanjie/Hub/Editor/2022.3.61t14/Tuanjie.app/Contents/NetStandard/compat/2.1.0/shims/netstandard/System.Security.Cryptography.X509Certificates.dll"
-r:"/Applications/Tuanjie/Hub/Editor/2022.3.61t14/Tuanjie.app/Contents/NetStandard/compat/2.1.0/shims/netstandard/System.Security.Principal.dll"
-r:"/Applications/Tuanjie/Hub/Editor/2022.3.61t14/Tuanjie.app/Contents/NetStandard/compat/2.1.0/shims/netstandard/System.Security.SecureString.dll"
-r:"/Applications/Tuanjie/Hub/Editor/2022.3.61t14/Tuanjie.app/Contents/NetStandard/compat/2.1.0/shims/netstandard/System.Text.Encoding.dll"
-r:"/Applications/Tuanjie/Hub/Editor/2022.3.61t14/Tuanjie.app/Contents/NetStandard/compat/2.1.0/shims/netstandard/System.Text.Encoding.Extensions.dll"
-r:"/Applications/Tuanjie/Hub/Editor/2022.3.61t14/Tuanjie.app/Contents/NetStandard/compat/2.1.0/shims/netstandard/System.Text.RegularExpressions.dll"
-r:"/Applications/Tuanjie/Hub/Editor/2022.3.61t14/Tuanjie.app/Contents/NetStandard/compat/2.1.0/shims/netstandard/System.Threading.dll"
-r:"/Applications/Tuanjie/Hub/Editor/2022.3.61t14/Tuanjie.app/Contents/NetStandard/compat/2.1.0/shims/netstandard/System.Threading.Overlapped.dll"
-r:"/Applications/Tuanjie/Hub/Editor/2022.3.61t14/Tuanjie.app/Contents/NetStandard/compat/2.1.0/shims/netstandard/System.Threading.Tasks.dll"
-r:"/Applications/Tuanjie/Hub/Editor/2022.3.61t14/Tuanjie.app/Contents/NetStandard/compat/2.1.0/shims/netstandard/System.Threading.Tasks.Extensions.dll"
-r:"/Applications/Tuanjie/Hub/Editor/2022.3.61t14/Tuanjie.app/Contents/NetStandard/compat/2.1.0/shims/netstandard/System.Threading.Tasks.Parallel.dll"
-r:"/Applications/Tuanjie/Hub/Editor/2022.3.61t14/Tuanjie.app/Contents/NetStandard/compat/2.1.0/shims/netstandard/System.Threading.Thread.dll"
-r:"/Applications/Tuanjie/Hub/Editor/2022.3.61t14/Tuanjie.app/Contents/NetStandard/compat/2.1.0/shims/netstandard/System.Threading.ThreadPool.dll"
-r:"/Applications/Tuanjie/Hub/Editor/2022.3.61t14/Tuanjie.app/Contents/NetStandard/compat/2.1.0/shims/netstandard/System.Threading.Timer.dll"
-r:"/Applications/Tuanjie/Hub/Editor/2022.3.61t14/Tuanjie.app/Contents/NetStandard/compat/2.1.0/shims/netstandard/System.ValueTuple.dll"
-r:"/Applications/Tuanjie/Hub/Editor/2022.3.61t14/Tuanjie.app/Contents/NetStandard/compat/2.1.0/shims/netstandard/System.Xml.ReaderWriter.dll"
-r:"/Applications/Tuanjie/Hub/Editor/2022.3.61t14/Tuanjie.app/Contents/NetStandard/compat/2.1.0/shims/netstandard/System.Xml.XDocument.dll"
-r:"/Applications/Tuanjie/Hub/Editor/2022.3.61t14/Tuanjie.app/Contents/NetStandard/compat/2.1.0/shims/netstandard/System.Xml.XmlDocument.dll"
-r:"/Applications/Tuanjie/Hub/Editor/2022.3.61t14/Tuanjie.app/Contents/NetStandard/compat/2.1.0/shims/netstandard/System.Xml.XmlSerializer.dll"
-r:"/Applications/Tuanjie/Hub/Editor/2022.3.61t14/Tuanjie.app/Contents/NetStandard/compat/2.1.0/shims/netstandard/System.Xml.XPath.dll"
-r:"/Applications/Tuanjie/Hub/Editor/2022.3.61t14/Tuanjie.app/Contents/NetStandard/compat/2.1.0/shims/netstandard/System.Xml.XPath.XDocument.dll"
-r:"/Applications/Tuanjie/Hub/Editor/2022.3.61t14/Tuanjie.app/Contents/NetStandard/Extensions/2.0.0/System.Runtime.InteropServices.WindowsRuntime.dll"
-r:"/Applications/Tuanjie/Hub/Editor/2022.3.61t14/Tuanjie.app/Contents/NetStandard/ref/2.1.0/netstandard.dll"
-r:"Library/Bee/artifacts/1300b0aP.dag/UnityEngine.UI.ref.dll"
-analyzer:"/Applications/Tuanjie/Hub/Editor/2022.3.61t14/Tuanjie.app/Contents/Tools/Unity.SourceGenerators/Unity.Properties.SourceGenerator.dll"
-analyzer:"/Applications/Tuanjie/Hub/Editor/2022.3.61t14/Tuanjie.app/Contents/Tools/Unity.SourceGenerators/Unity.SourceGenerators.dll"
"Assets/Scripts/Core/AirportSimulation.cs"
"Assets/Scripts/Core/Auth/AgeCheck.cs"
"Assets/Scripts/Core/Auth/BotMemory.cs"
"Assets/Scripts/Core/Auth/IAuthService.cs"
"Assets/Scripts/Core/Auth/PlayerProfile.cs"
"Assets/Scripts/Core/GameEvents.cs"
"Assets/Scripts/Core/Net/ISession.cs"
"Assets/Scripts/Core/Net/LoopbackTransport.cs"
"Assets/Scripts/Core/Net/MiniJson.cs"
"Assets/Scripts/Core/Net/NetProtocol.cs"
"Assets/Scripts/Core/Net/ReliableControl.cs"
"Assets/Scripts/Core/Net/RoomManager.cs"
"Assets/Scripts/Core/Net/SnapshotBuffer.cs"
"Assets/Scripts/Core/Net/UdpBeacon.cs"
"Assets/Scripts/Core/Net/UdpSession.cs"
"Assets/Scripts/Core/Progress/FirestoreProgressProtocol.cs"
"Assets/Scripts/Core/Progress/ProgressOutbox.cs"
"Assets/Scripts/Core/Progress/ProgressSettlement.cs"
"Assets/Scripts/Core/Progress/ProgressSyncService.cs"
"Assets/Scripts/Core/Results/ReplayExportTimeline.cs"
"Assets/Scripts/Core/Results/SettlementEligibility.cs"
"Assets/Scripts/Core/Shift/PracticeFlightScheduler.cs"
"Assets/Scripts/Core/Shift/ShiftEvents.cs"
"Assets/Scripts/Core/Shift/ShiftSim.cs"
"Assets/Scripts/Core/Shift/ShiftSnapshot.cs"
"Assets/Scripts/Core/SingleFlightCycle.cs"
"Assets/Scripts/Diagnostics/M7PlayerSmoke.cs"
"Assets/Scripts/Gameplay/AircraftMotion.cs"
"Assets/Scripts/Gameplay/AirportGame.cs"
"Assets/Scripts/Gameplay/AirportGame.Results.cs"
"Assets/Scripts/Gameplay/AndroidNet.cs"
"Assets/Scripts/Gameplay/AppState.cs"
"Assets/Scripts/Gameplay/Level1Map.cs"
"Assets/Scripts/Gameplay/LobbyApp.cs"
"Assets/Scripts/Gameplay/MainLoopGame.cs"
"Assets/Scripts/Gameplay/NetSession.cs"
"Assets/Scripts/Gameplay/ShareService.cs"
"Assets/Scripts/Identity/AgeVerificationStore.cs"
"Assets/Scripts/Identity/FirebaseRestAuth.cs"
"Assets/Scripts/Identity/FirebaseTokenResponse.cs"
"Assets/Scripts/Identity/LoopbackOAuthServer.cs"
"Assets/Scripts/Identity/OAuthSecurity.cs"
"Assets/Scripts/Presentation/ActionHoldButton.cs"
"Assets/Scripts/Presentation/AirportHudCanvas.cs"
"Assets/Scripts/Presentation/AirportStyle.cs"
"Assets/Scripts/Presentation/AirportWorld.cs"
"Assets/Scripts/Presentation/CabinWorld.cs"
"Assets/Scripts/Presentation/LobbyCanvas.cs"
"Assets/Scripts/Presentation/SceneLayoutMarker.cs"
"Assets/Scripts/Presentation/SceneLayoutSync.cs"
"Assets/Scripts/Presentation/UiKit.cs"
"Assets/Scripts/Presentation/VirtualJoystick.cs"
"Assets/Scripts/Progress/AccountProgressRuntime.cs"
"Assets/Scripts/Progress/UnityProgressTransport.cs"
"Assets/Scripts/Sharing/SilentVideoEncoder.cs"
-langversion:9.0
/deterministic
/optimize+
/debug:portable
/nologo
/RuntimeMetadataVersion:v4.0.30319
/nowarn:0169
/nowarn:0649
/nowarn:0282
/nowarn:1701
/nowarn:1702
/utf8output
/preferreduilang:en-US
/additionalfile:"Library/Bee/artifacts/1300b0aP.dag/Assembly-CSharp.UnityAdditionalFile.txt"
##### Custom Environment Variables
DOTNET_MULTILEVEL_LOOKUP=0
##### ExitCode
1
##### Output
Assets/Scripts/Gameplay/AirportGame.cs(335,41): error CS0117: 'AirportWorld' does not contain a definition for 'CreateCart'
Assets/Scripts/Presentation/AirportWorld.cs(125,13): error CS0103: The name 'ModelBox' does not exist in the current context
Assets/Scripts/Presentation/AirportWorld.cs(127,13): error CS0103: The name 'ModelBox' does not exist in the current context
Assets/Scripts/Presentation/AirportWorld.cs(148,13): error CS0103: The name 'ModelBox' does not exist in the current context
Assets/Scripts/Presentation/AirportWorld.cs(150,13): error CS0103: The name 'ModelBox' does not exist in the current context
Assets/Scripts/Gameplay/AirportGame.cs(1414,44): error CS0117: 'AirportWorld' does not contain a definition for 'CreatePlane'
Assets/Scripts/Gameplay/AirportGame.cs(1693,62): error CS0117: 'AirportWorld' does not contain a definition for 'CreatePlane'
*** Tundra requires additional run (0.27 seconds), 3 items updated, 56 evaluated
ExitCode: 0 Duration: 0s334ms
Starting: /Applications/Tuanjie/Hub/Editor/2022.3.61t14/Tuanjie.app/Contents/bee_backend --dont-print-to-structured-log --ipc --defer-dag-verification --dagfile="Library/Bee/1300b0aP.dag" --continue-on-failure --dagfilejson="Library/Bee/1300b0aP.dag.json" --profile="Library/Bee/backend2.traceevents" ScriptAssembliesAndTypeDB
WorkingDir: /Users/qinziqian/Documents/overcooked-like/game
Total cache size 14125764
Total cache size after purge 14125764
ExitCode: 0 Duration: 0s622ms
Finished compiling graph: 63 nodes, 226 flattened edges (214 ToBuild, 4 ToUse), maximum node priority 25
[50/62      0s] WriteText Library/Bee/artifacts/1300b0aP.dag/Assembly-CSharp.rsp
[57/62      0s] Csc Library/Bee/artifacts/1300b0aP.dag/Assembly-CSharp.dll (+2 others)
[58/62      0s] CopyFiles Library/Bee/PlayerScriptAssemblies/Assembly-CSharp.pdb
[59/62      0s] CopyFiles Library/Bee/PlayerScriptAssemblies/Assembly-CSharp.dll
[61/62      0s] BuildPlayerDataGenerator Library/BuildPlayerData/Player/RuntimeInitializeOnLoads.json (+1 other)
*** Tundra build success (0.50 seconds), 5 items updated, 62 evaluated
Not rebuilding Data files -- no changes
Asset Pipeline Refresh (id=b45881ad646404da887e89203110c428): Total: 0.066 seconds - Initiated by RefreshV2(NoUpdateAssetOptions)


Mono dependencies included in the build
Dependency assembly - netstandard.dll
Dependency assembly - Microsoft.Win32.Registry.dll
Dependency assembly - System.Security.Cryptography.Hashing.dll
Dependency assembly - Microsoft.CSharp.dll
Dependency assembly - System.Runtime.InteropServices.RuntimeInformation.dll
Dependency assembly - System.Security.Cryptography.Encryption.dll
Dependency assembly - System.Management.dll
Dependency assembly - Microsoft.Win32.Registry.AccessControl.dll
Dependency assembly - System.Runtime.Serialization.dll
Dependency assembly - System.ComponentModel.TypeConverter.dll
Dependency assembly - System.Diagnostics.TraceEvent.dll
Dependency assembly - System.Runtime.Remoting.dll
Dependency assembly - System.ComponentModel.Annotations.dll
Dependency assembly - System.Data.Entity.dll
Dependency assembly - System.Security.AccessControl.dll
Dependency assembly - System.Drawing.Primitives.dll
Dependency assembly - System.Text.Encoding.Extensions.dll
Dependency assembly - System.Xml.Serialization.dll
Dependency assembly - System.Web.RegularExpressions.dll
Dependency assembly - System.IO.FileSystem.Watcher.dll
Dependency assembly - System.Xml.XmlSerializer.dll
Dependency assembly - System.Resources.ResourceManager.dll
Dependency assembly - System.Linq.Parallel.dll
Dependency assembly - System.Security.Claims.dll
Dependency assembly - System.Net.Mail.dll
Dependency assembly - System.Numerics.dll
Dependency assembly - System.Data.Common.dll
Dependency assembly - System.Globalization.Extensions.dll
Dependency assembly - System.Security.Cryptography.Pkcs.dll
Dependency assembly - System.Net.Security.dll
Dependency assembly - System.Web.ApplicationServices.dll
Dependency assembly - System.Security.Cryptography.DeriveBytes.dll
Dependency assembly - System.ServiceModel.Web.dll
Dependency assembly - System.Messaging.dll
Dependency assembly - System.Reflection.DispatchProxy.dll
Dependency assembly - System.Reflection.Emit.Lightweight.dll
Dependency assembly - System.Security.Cryptography.Encoding.dll
Dependency assembly - System.Collections.Specialized.dll
Dependency assembly - System.Runtime.DurableInstancing.dll
Dependency assembly - System.Windows.dll
Dependency assembly - System.Runtime.CompilerServices.VisualC.dll
Dependency assembly - System.Xml.XmlDocument.dll
Dependency assembly - System.Xml.Linq.dll
Dependency assembly - System.Collections.dll
Dependency assembly - System.Security.Cryptography.Hashing.Algorithms.dll
Dependency assembly - System.Runtime.Caching.dll
Dependency assembly - UnityEngine.UI.dll
Dependency assembly - System.Globalization.dll
Dependency assembly - System.ComponentModel.dll
Dependency assembly - System.Core.dll
Dependency assembly - System.ServiceModel.dll
Dependency assembly - System.Reflection.dll
Dependency assembly - System.Xml.Xsl.Primitives.dll
Dependency assembly - System.Net.Primitives.dll
Dependency assembly - System.Xml.XPath.XDocument.dll
Dependency assembly - System.Threading.AccessControl.dll
Dependency assembly - System.Security.Cryptography.X509Certificates.dll
Dependency assembly - System.Data.dll
Dependency assembly - System.Net.Sockets.dll
Dependency assembly - System.Net.HttpListener.dll
Dependency assembly - System.Security.Cryptography.OpenSsl.dll
Dependency assembly - System.Threading.Thread.dll
Dependency assembly - Assembly-CSharp.dll
Dependency assembly - System.IO.dll
Dependency assembly - System.Net.NameResolution.dll
Dependency assembly - System.Security.SecureString.dll
Dependency assembly - Microsoft.Win32.Primitives.dll
Dependency assembly - System.Transactions.dll
Dependency assembly - System.ServiceModel.Security.dll
Dependency assembly - System.Xml.XPath.dll
Dependency assembly - System.Reflection.Emit.dll
Dependency assembly - Mono.Data.Tds.dll
Dependency assembly - System.Resources.ReaderWriter.dll
Dependency assembly - System.Net.Http.WebRequest.dll
Dependency assembly - nunit.framework.dll
Dependency assembly - System.Windows.Forms.dll
Dependency assembly - System.ComponentModel.Primitives.dll
Dependency assembly - System.Diagnostics.Debug.dll
Dependency assembly - System.ServiceModel.Primitives.dll
Dependency assembly - System.ServiceModel.NetTcp.dll
Dependency assembly - System.Windows.Forms.DataVisualization.dll
Dependency assembly - System.Net.Requests.dll
Dependency assembly - System.Security.Principal.Windows.dll
Dependency assembly - System.IO.Compression.ZipFile.dll
Dependency assembly - System.Reflection.Primitives.dll
Dependency assembly - System.ServiceProcess.dll
Dependency assembly - System.Security.Cryptography.Cng.dll
Dependency assembly - System.Threading.dll
Dependency assembly - System.Runtime.Serialization.Formatters.dll
Dependency assembly - System.Net.dll
Dependency assembly - System.Web.DynamicData.dll
Dependency assembly - System.ObjectModel.dll
Dependency assembly - System.Diagnostics.Contracts.dll
Dependency assembly - System.Web.dll
Dependency assembly - System.Net.WebSockets.dll
Dependency assembly - System.Reflection.TypeExtensions.dll
Dependency assembly - System.IO.Pipes.dll
Dependency assembly - System.Runtime.InteropServices.WindowsRuntime.dll
Dependency assembly - System.Runtime.Loader.dll
Dependency assembly - System.Runtime.Serialization.Formatters.Soap.dll
Dependency assembly - System.Runtime.Extensions.dll
Dependency assembly - Accessibility.dll
Dependency assembly - System.Diagnostics.FileVersionInfo.dll
Dependency assembly - System.ServiceModel.Discovery.dll
Dependency assembly - System.IO.UnmanagedMemoryStream.dll
Dependency assembly - System.Threading.Overlapped.dll
Dependency assembly - System.ServiceModel.Duplex.dll
Dependency assembly - System.Net.AuthenticationManager.dll
Dependency assembly - System.Console.dll
Dependency assembly - System.Net.NetworkInformation.dll
Dependency assembly - System.ServiceProcess.ServiceController.dll
Dependency assembly - System.IdentityModel.dll
Dependency assembly - System.Security.Cryptography.ProtectedData.dll
Dependency assembly - System.IO.FileSystem.DriveInfo.dll
Dependency assembly - System.Security.Cryptography.Algorithms.dll
Dependency assembly - System.Net.Cache.dll
Dependency assembly - System.Linq.dll
Dependency assembly - System.Runtime.Serialization.Xml.dll
Dependency assembly - System.Configuration.dll
Dependency assembly - System.Diagnostics.Process.dll
Dependency assembly - System.Runtime.dll
Dependency assembly - System.ComponentModel.DataAnnotations.dll
Dependency assembly - System.ServiceModel.Routing.dll
Dependency assembly - System.IO.FileSystem.Primitives.dll
Dependency assembly - System.Text.RegularExpressions.dll
Dependency assembly - System.Security.Cryptography.Csp.dll
Dependency assembly - System.Data.DataSetExtensions.dll
Dependency assembly - System.Diagnostics.TraceSource.dll
Dependency assembly - System.Web.Extensions.dll
Dependency assembly - System.IO.FileSystem.dll
Dependency assembly - System.Security.Cryptography.Encryption.Aes.dll
Dependency assembly - System.Diagnostics.TextWriterTraceListener.dll
Dependency assembly - System.Threading.Timer.dll
Dependency assembly - System.Memory.dll
Dependency assembly - System.Json.dll
Dependency assembly - System.Diagnostics.Tools.dll
Dependency assembly - System.Text.Encoding.CodePages.dll
Dependency assembly - System.Net.WebHeaderCollection.dll
Dependency assembly - System.ServiceModel.Http.dll
Dependency assembly - System.Threading.ThreadPool.dll
Dependency assembly - System.IdentityModel.Selectors.dll
Dependency assembly - System.Runtime.InteropServices.dll
Dependency assembly - System.IO.Compression.FileSystem.dll
Dependency assembly - System.ComponentModel.Composition.dll
Dependency assembly - System.ComponentModel.EventBasedAsync.dll
Dependency assembly - System.Web.Services.dll
Dependency assembly - System.Threading.Tasks.Extensions.dll
Dependency assembly - System.Security.Cryptography.Encryption.ECDsa.dll
Dependency assembly - System.Net.Utilities.dll
Dependency assembly - System.Diagnostics.Tracing.dll
Dependency assembly - System.Text.Encoding.dll
Dependency assembly - System.Runtime.Numerics.dll
Dependency assembly - System.Runtime.Handles.dll
Dependency assembly - System.Xml.ReaderWriter.dll
Dependency assembly - System.IO.IsolatedStorage.dll
Dependency assembly - System.Xml.XPath.XmlDocument.dll
Dependency assembly - System.Dynamic.Runtime.dll
Dependency assembly - System.Web.Extensions.Design.dll
Dependency assembly - System.Collections.NonGeneric.dll
Dependency assembly - System.Security.Cryptography.Encryption.ECDiffieHellman.dll
Dependency assembly - Mono.Security.dll
Dependency assembly - System.Data.Services.Client.dll
Dependency assembly - System.Numerics.Vectors.dll
Dependency assembly - System.Diagnostics.StackTrace.dll
Dependency assembly - System.Data.OracleClient.dll
Dependency assembly - System.Security.dll
Dependency assembly - System.Drawing.Design.dll
Dependency assembly - System.Linq.Expressions.dll
Dependency assembly - System.Resources.Writer.dll
Dependency assembly - System.AppContext.dll
Dependency assembly - System.Drawing.dll
Dependency assembly - System.dll
Dependency assembly - System.Runtime.Serialization.Json.dll
Dependency assembly - System.Design.dll
Dependency assembly - System.Net.ServicePoint.dll
Dependency assembly - System.IO.MemoryMappedFiles.dll
Dependency assembly - System.Configuration.Install.dll
Dependency assembly - System.Reflection.Context.dll
Dependency assembly - System.Xml.dll
Dependency assembly - System.Data.Services.dll
Dependency assembly - System.EnterpriseServices.dll
Dependency assembly - System.Net.Ping.dll
Dependency assembly - System.Security.Cryptography.Primitives.dll
Dependency assembly - System.Threading.Tasks.dll
Dependency assembly - System.Xml.XDocument.dll
Dependency assembly - System.ValueTuple.dll
Dependency assembly - System.Threading.Tasks.Parallel.dll
Dependency assembly - System.Globalization.Calendars.dll
Dependency assembly - System.IO.FileSystem.AccessControl.dll
Dependency assembly - System.Security.Cryptography.RSA.dll
Dependency assembly - System.Reflection.Emit.ILGeneration.dll
Dependency assembly - System.Buffers.dll
Dependency assembly - System.Security.Principal.dll
Dependency assembly - System.Runtime.Serialization.Primitives.dll
Dependency assembly - System.DirectoryServices.Protocols.dll
Dependency assembly - System.Resources.Reader.dll
Dependency assembly - System.IO.Compression.dll
Dependency assembly - System.Net.Http.dll
Dependency assembly - System.Data.Linq.dll
Dependency assembly - Mono.Data.Sqlite.dll
Dependency assembly - System.Reflection.Extensions.dll
Dependency assembly - System.Collections.Concurrent.dll
Dependency assembly - System.Data.SqlClient.dll
Dependency assembly - System.Net.WebSockets.Client.dll
Dependency assembly - System.ServiceModel.Activation.dll
Dependency assembly - System.Security.Cryptography.RandomNumberGenerator.dll
Dependency assembly - System.Linq.Queryable.dll
Dependency assembly - System.ServiceModel.Internals.dll
Dependency assembly - System.DirectoryServices.dll
Dependency assembly - mscorlib.dll
Dependency assembly - System.Xaml.dll

Compressed texture icon is used as icon. This might compromise visual quality of the final image. Uncompressed format might be considered as better import option.
UnityEngine.StackTraceUtility:ExtractStackTrace () (at /Users/bokken/build/output/dev/tj/Runtime/Export/Scripting/StackTrace.cs:37)
UnityEditor.BuildPipeline:BuildPlayerInternalNoCheck (string[],string,string,UnityEditor.BuildTargetGroup,UnityEditor.BuildTarget,int,UnityEditor.BuildOptions,string[],bool) (at /Users/bokken/build/output/dev/tj/Editor/Mono/BuildPipeline.bindings.cs:657)
UnityEditor.BuildPipeline:BuildPlayerInternal (string[],string,string,UnityEditor.BuildTargetGroup,UnityEditor.BuildTarget,int,UnityEditor.BuildOptions,string[]) (at /Users/bokken/build/output/dev/tj/Editor/Mono/BuildPipeline.bindings.cs:640)
UnityEditor.BuildPipeline:BuildPlayer (string[],string,string,UnityEditor.BuildTargetGroup,UnityEditor.BuildTarget,int,UnityEditor.BuildOptions,string[]) (at /Users/bokken/build/output/dev/tj/Editor/Mono/BuildPipeline.bindings.cs:501)
UnityEditor.BuildPipeline:BuildPlayer (UnityEditor.BuildPlayerOptions) (at /Users/bokken/build/output/dev/tj/Editor/Mono/BuildPipeline.bindings.cs:447)
UnityEditor.BuildPipeline:BuildPlayer (UnityEditor.EditorBuildSettingsScene[],string,UnityEditor.BuildTarget,UnityEditor.BuildOptions) (at /Users/bokken/build/output/dev/tj/Editor/Mono/BuildPipeline.bindings.cs:397)
DemoBuilder:BuildAndroid () (at Assets/Editor/DemoBuilder.cs:123)

[/Users/bokken/build/output/dev/tj/Editor/Mono/BuildPipeline.bindings.cs line 657]

Compressed texture icon is used as icon. This might compromise visual quality of the final image. Uncompressed format might be considered as better import option.
UnityEngine.StackTraceUtility:ExtractStackTrace () (at /Users/bokken/build/output/dev/tj/Runtime/Export/Scripting/StackTrace.cs:37)
UnityEditor.BuildPipeline:BuildPlayerInternalNoCheck (string[],string,string,UnityEditor.BuildTargetGroup,UnityEditor.BuildTarget,int,UnityEditor.BuildOptions,string[],bool) (at /Users/bokken/build/output/dev/tj/Editor/Mono/BuildPipeline.bindings.cs:657)
UnityEditor.BuildPipeline:BuildPlayerInternal (string[],string,string,UnityEditor.BuildTargetGroup,UnityEditor.BuildTarget,int,UnityEditor.BuildOptions,string[]) (at /Users/bokken/build/output/dev/tj/Editor/Mono/BuildPipeline.bindings.cs:640)
UnityEditor.BuildPipeline:BuildPlayer (string[],string,string,UnityEditor.BuildTargetGroup,UnityEditor.BuildTarget,int,UnityEditor.BuildOptions,string[]) (at /Users/bokken/build/output/dev/tj/Editor/Mono/BuildPipeline.bindings.cs:501)
UnityEditor.BuildPipeline:BuildPlayer (UnityEditor.BuildPlayerOptions) (at /Users/bokken/build/output/dev/tj/Editor/Mono/BuildPipeline.bindings.cs:447)
UnityEditor.BuildPipeline:BuildPlayer (UnityEditor.EditorBuildSettingsScene[],string,UnityEditor.BuildTarget,UnityEditor.BuildOptions) (at /Users/bokken/build/output/dev/tj/Editor/Mono/BuildPipeline.bindings.cs:397)
DemoBuilder:BuildAndroid () (at Assets/Editor/DemoBuilder.cs:123)

[/Users/bokken/build/output/dev/tj/Editor/Mono/BuildPipeline.bindings.cs line 657]

Compressed texture icon is used as icon. This might compromise visual quality of the final image. Uncompressed format might be considered as better import option.
UnityEngine.StackTraceUtility:ExtractStackTrace () (at /Users/bokken/build/output/dev/tj/Runtime/Export/Scripting/StackTrace.cs:37)
UnityEditor.BuildPipeline:BuildPlayerInternalNoCheck (string[],string,string,UnityEditor.BuildTargetGroup,UnityEditor.BuildTarget,int,UnityEditor.BuildOptions,string[],bool) (at /Users/bokken/build/output/dev/tj/Editor/Mono/BuildPipeline.bindings.cs:657)
UnityEditor.BuildPipeline:BuildPlayerInternal (string[],string,string,UnityEditor.BuildTargetGroup,UnityEditor.BuildTarget,int,UnityEditor.BuildOptions,string[]) (at /Users/bokken/build/output/dev/tj/Editor/Mono/BuildPipeline.bindings.cs:640)
UnityEditor.BuildPipeline:BuildPlayer (string[],string,string,UnityEditor.BuildTargetGroup,UnityEditor.BuildTarget,int,UnityEditor.BuildOptions,string[]) (at /Users/bokken/build/output/dev/tj/Editor/Mono/BuildPipeline.bindings.cs:501)
UnityEditor.BuildPipeline:BuildPlayer (UnityEditor.BuildPlayerOptions) (at /Users/bokken/build/output/dev/tj/Editor/Mono/BuildPipeline.bindings.cs:447)
UnityEditor.BuildPipeline:BuildPlayer (UnityEditor.EditorBuildSettingsScene[],string,UnityEditor.BuildTarget,UnityEditor.BuildOptions) (at /Users/bokken/build/output/dev/tj/Editor/Mono/BuildPipeline.bindings.cs:397)
DemoBuilder:BuildAndroid () (at Assets/Editor/DemoBuilder.cs:123)

[/Users/bokken/build/output/dev/tj/Editor/Mono/BuildPipeline.bindings.cs line 657]

Compressed texture icon is used as icon. This might compromise visual quality of the final image. Uncompressed format might be considered as better import option.
UnityEngine.StackTraceUtility:ExtractStackTrace () (at /Users/bokken/build/output/dev/tj/Runtime/Export/Scripting/StackTrace.cs:37)
UnityEditor.BuildPipeline:BuildPlayerInternalNoCheck (string[],string,string,UnityEditor.BuildTargetGroup,UnityEditor.BuildTarget,int,UnityEditor.BuildOptions,string[],bool) (at /Users/bokken/build/output/dev/tj/Editor/Mono/BuildPipeline.bindings.cs:657)
UnityEditor.BuildPipeline:BuildPlayerInternal (string[],string,string,UnityEditor.BuildTargetGroup,UnityEditor.BuildTarget,int,UnityEditor.BuildOptions,string[]) (at /Users/bokken/build/output/dev/tj/Editor/Mono/BuildPipeline.bindings.cs:640)
UnityEditor.BuildPipeline:BuildPlayer (string[],string,string,UnityEditor.BuildTargetGroup,UnityEditor.BuildTarget,int,UnityEditor.BuildOptions,string[]) (at /Users/bokken/build/output/dev/tj/Editor/Mono/BuildPipeline.bindings.cs:501)
UnityEditor.BuildPipeline:BuildPlayer (UnityEditor.BuildPlayerOptions) (at /Users/bokken/build/output/dev/tj/Editor/Mono/BuildPipeline.bindings.cs:447)
UnityEditor.BuildPipeline:BuildPlayer (UnityEditor.EditorBuildSettingsScene[],string,UnityEditor.BuildTarget,UnityEditor.BuildOptions) (at /Users/bokken/build/output/dev/tj/Editor/Mono/BuildPipeline.bindings.cs:397)
DemoBuilder:BuildAndroid () (at Assets/Editor/DemoBuilder.cs:123)

[/Users/bokken/build/output/dev/tj/Editor/Mono/BuildPipeline.bindings.cs line 657]

Compressed texture icon is used as icon. This might compromise visual quality of the final image. Uncompressed format might be considered as better import option.
UnityEngine.StackTraceUtility:ExtractStackTrace () (at /Users/bokken/build/output/dev/tj/Runtime/Export/Scripting/StackTrace.cs:37)
UnityEditor.BuildPipeline:BuildPlayerInternalNoCheck (string[],string,string,UnityEditor.BuildTargetGroup,UnityEditor.BuildTarget,int,UnityEditor.BuildOptions,string[],bool) (at /Users/bokken/build/output/dev/tj/Editor/Mono/BuildPipeline.bindings.cs:657)
UnityEditor.BuildPipeline:BuildPlayerInternal (string[],string,string,UnityEditor.BuildTargetGroup,UnityEditor.BuildTarget,int,UnityEditor.BuildOptions,string[]) (at /Users/bokken/build/output/dev/tj/Editor/Mono/BuildPipeline.bindings.cs:640)
UnityEditor.BuildPipeline:BuildPlayer (string[],string,string,UnityEditor.BuildTargetGroup,UnityEditor.BuildTarget,int,UnityEditor.BuildOptions,string[]) (at /Users/bokken/build/output/dev/tj/Editor/Mono/BuildPipeline.bindings.cs:501)
UnityEditor.BuildPipeline:BuildPlayer (UnityEditor.BuildPlayerOptions) (at /Users/bokken/build/output/dev/tj/Editor/Mono/BuildPipeline.bindings.cs:447)
UnityEditor.BuildPipeline:BuildPlayer (UnityEditor.EditorBuildSettingsScene[],string,UnityEditor.BuildTarget,UnityEditor.BuildOptions) (at /Users/bokken/build/output/dev/tj/Editor/Mono/BuildPipeline.bindings.cs:397)
DemoBuilder:BuildAndroid () (at Assets/Editor/DemoBuilder.cs:123)

[/Users/bokken/build/output/dev/tj/Editor/Mono/BuildPipeline.bindings.cs line 657]

Compressed texture icon is used as icon. This might compromise visual quality of the final image. Uncompressed format might be considered as better import option.
UnityEngine.StackTraceUtility:ExtractStackTrace () (at /Users/bokken/build/output/dev/tj/Runtime/Export/Scripting/StackTrace.cs:37)
UnityEditor.BuildPipeline:BuildPlayerInternalNoCheck (string[],string,string,UnityEditor.BuildTargetGroup,UnityEditor.BuildTarget,int,UnityEditor.BuildOptions,string[],bool) (at /Users/bokken/build/output/dev/tj/Editor/Mono/BuildPipeline.bindings.cs:657)
UnityEditor.BuildPipeline:BuildPlayerInternal (string[],string,string,UnityEditor.BuildTargetGroup,UnityEditor.BuildTarget,int,UnityEditor.BuildOptions,string[]) (at /Users/bokken/build/output/dev/tj/Editor/Mono/BuildPipeline.bindings.cs:640)
UnityEditor.BuildPipeline:BuildPlayer (string[],string,string,UnityEditor.BuildTargetGroup,UnityEditor.BuildTarget,int,UnityEditor.BuildOptions,string[]) (at /Users/bokken/build/output/dev/tj/Editor/Mono/BuildPipeline.bindings.cs:501)
UnityEditor.BuildPipeline:BuildPlayer (UnityEditor.BuildPlayerOptions) (at /Users/bokken/build/output/dev/tj/Editor/Mono/BuildPipeline.bindings.cs:447)
UnityEditor.BuildPipeline:BuildPlayer (UnityEditor.EditorBuildSettingsScene[],string,UnityEditor.BuildTarget,UnityEditor.BuildOptions) (at /Users/bokken/build/output/dev/tj/Editor/Mono/BuildPipeline.bindings.cs:397)
DemoBuilder:BuildAndroid () (at Assets/Editor/DemoBuilder.cs:123)

[/Users/bokken/build/output/dev/tj/Editor/Mono/BuildPipeline.bindings.cs line 657]

Compressed texture icon is used as icon. This might compromise visual quality of the final image. Uncompressed format might be considered as better import option.
UnityEngine.StackTraceUtility:ExtractStackTrace () (at /Users/bokken/build/output/dev/tj/Runtime/Export/Scripting/StackTrace.cs:37)
UnityEditor.BuildPipeline:BuildPlayerInternalNoCheck (string[],string,string,UnityEditor.BuildTargetGroup,UnityEditor.BuildTarget,int,UnityEditor.BuildOptions,string[],bool) (at /Users/bokken/build/output/dev/tj/Editor/Mono/BuildPipeline.bindings.cs:657)
UnityEditor.BuildPipeline:BuildPlayerInternal (string[],string,string,UnityEditor.BuildTargetGroup,UnityEditor.BuildTarget,int,UnityEditor.BuildOptions,string[]) (at /Users/bokken/build/output/dev/tj/Editor/Mono/BuildPipeline.bindings.cs:640)
UnityEditor.BuildPipeline:BuildPlayer (string[],string,string,UnityEditor.BuildTargetGroup,UnityEditor.BuildTarget,int,UnityEditor.BuildOptions,string[]) (at /Users/bokken/build/output/dev/tj/Editor/Mono/BuildPipeline.bindings.cs:501)
UnityEditor.BuildPipeline:BuildPlayer (UnityEditor.BuildPlayerOptions) (at /Users/bokken/build/output/dev/tj/Editor/Mono/BuildPipeline.bindings.cs:447)
UnityEditor.BuildPipeline:BuildPlayer (UnityEditor.EditorBuildSettingsScene[],string,UnityEditor.BuildTarget,UnityEditor.BuildOptions) (at /Users/bokken/build/output/dev/tj/Editor/Mono/BuildPipeline.bindings.cs:397)
DemoBuilder:BuildAndroid () (at Assets/Editor/DemoBuilder.cs:123)

[/Users/bokken/build/output/dev/tj/Editor/Mono/BuildPipeline.bindings.cs line 657]

Compressed texture icon is used as icon. This might compromise visual quality of the final image. Uncompressed format might be considered as better import option.
UnityEngine.StackTraceUtility:ExtractStackTrace () (at /Users/bokken/build/output/dev/tj/Runtime/Export/Scripting/StackTrace.cs:37)
UnityEditor.BuildPipeline:BuildPlayerInternalNoCheck (string[],string,string,UnityEditor.BuildTargetGroup,UnityEditor.BuildTarget,int,UnityEditor.BuildOptions,string[],bool) (at /Users/bokken/build/output/dev/tj/Editor/Mono/BuildPipeline.bindings.cs:657)
UnityEditor.BuildPipeline:BuildPlayerInternal (string[],string,string,UnityEditor.BuildTargetGroup,UnityEditor.BuildTarget,int,UnityEditor.BuildOptions,string[]) (at /Users/bokken/build/output/dev/tj/Editor/Mono/BuildPipeline.bindings.cs:640)
UnityEditor.BuildPipeline:BuildPlayer (string[],string,string,UnityEditor.BuildTargetGroup,UnityEditor.BuildTarget,int,UnityEditor.BuildOptions,string[]) (at /Users/bokken/build/output/dev/tj/Editor/Mono/BuildPipeline.bindings.cs:501)
UnityEditor.BuildPipeline:BuildPlayer (UnityEditor.BuildPlayerOptions) (at /Users/bokken/build/output/dev/tj/Editor/Mono/BuildPipeline.bindings.cs:447)
UnityEditor.BuildPipeline:BuildPlayer (UnityEditor.EditorBuildSettingsScene[],string,UnityEditor.BuildTarget,UnityEditor.BuildOptions) (at /Users/bokken/build/output/dev/tj/Editor/Mono/BuildPipeline.bindings.cs:397)
DemoBuilder:BuildAndroid () (at Assets/Editor/DemoBuilder.cs:123)

[/Users/bokken/build/output/dev/tj/Editor/Mono/BuildPipeline.bindings.cs line 657]

Compressed texture icon is used as icon. This might compromise visual quality of the final image. Uncompressed format might be considered as better import option.
UnityEngine.StackTraceUtility:ExtractStackTrace () (at /Users/bokken/build/output/dev/tj/Runtime/Export/Scripting/StackTrace.cs:37)
UnityEditor.BuildPipeline:BuildPlayerInternalNoCheck (string[],string,string,UnityEditor.BuildTargetGroup,UnityEditor.BuildTarget,int,UnityEditor.BuildOptions,string[],bool) (at /Users/bokken/build/output/dev/tj/Editor/Mono/BuildPipeline.bindings.cs:657)
UnityEditor.BuildPipeline:BuildPlayerInternal (string[],string,string,UnityEditor.BuildTargetGroup,UnityEditor.BuildTarget,int,UnityEditor.BuildOptions,string[]) (at /Users/bokken/build/output/dev/tj/Editor/Mono/BuildPipeline.bindings.cs:640)
UnityEditor.BuildPipeline:BuildPlayer (string[],string,string,UnityEditor.BuildTargetGroup,UnityEditor.BuildTarget,int,UnityEditor.BuildOptions,string[]) (at /Users/bokken/build/output/dev/tj/Editor/Mono/BuildPipeline.bindings.cs:501)
UnityEditor.BuildPipeline:BuildPlayer (UnityEditor.BuildPlayerOptions) (at /Users/bokken/build/output/dev/tj/Editor/Mono/BuildPipeline.bindings.cs:447)
UnityEditor.BuildPipeline:BuildPlayer (UnityEditor.EditorBuildSettingsScene[],string,UnityEditor.BuildTarget,UnityEditor.BuildOptions) (at /Users/bokken/build/output/dev/tj/Editor/Mono/BuildPipeline.bindings.cs:397)
DemoBuilder:BuildAndroid () (at Assets/Editor/DemoBuilder.cs:123)

[/Users/bokken/build/output/dev/tj/Editor/Mono/BuildPipeline.bindings.cs line 657]

Compressed texture icon is used as icon. This might compromise visual quality of the final image. Uncompressed format might be considered as better import option.
UnityEngine.StackTraceUtility:ExtractStackTrace () (at /Users/bokken/build/output/dev/tj/Runtime/Export/Scripting/StackTrace.cs:37)
UnityEditor.BuildPipeline:BuildPlayerInternalNoCheck (string[],string,string,UnityEditor.BuildTargetGroup,UnityEditor.BuildTarget,int,UnityEditor.BuildOptions,string[],bool) (at /Users/bokken/build/output/dev/tj/Editor/Mono/BuildPipeline.bindings.cs:657)
UnityEditor.BuildPipeline:BuildPlayerInternal (string[],string,string,UnityEditor.BuildTargetGroup,UnityEditor.BuildTarget,int,UnityEditor.BuildOptions,string[]) (at /Users/bokken/build/output/dev/tj/Editor/Mono/BuildPipeline.bindings.cs:640)
UnityEditor.BuildPipeline:BuildPlayer (string[],string,string,UnityEditor.BuildTargetGroup,UnityEditor.BuildTarget,int,UnityEditor.BuildOptions,string[]) (at /Users/bokken/build/output/dev/tj/Editor/Mono/BuildPipeline.bindings.cs:501)
UnityEditor.BuildPipeline:BuildPlayer (UnityEditor.BuildPlayerOptions) (at /Users/bokken/build/output/dev/tj/Editor/Mono/BuildPipeline.bindings.cs:447)
UnityEditor.BuildPipeline:BuildPlayer (UnityEditor.EditorBuildSettingsScene[],string,UnityEditor.BuildTarget,UnityEditor.BuildOptions) (at /Users/bokken/build/output/dev/tj/Editor/Mono/BuildPipeline.bindings.cs:397)
DemoBuilder:BuildAndroid () (at Assets/Editor/DemoBuilder.cs:123)

[/Users/bokken/build/output/dev/tj/Editor/Mono/BuildPipeline.bindings.cs line 657]

Compressed texture icon is used as icon. This might compromise visual quality of the final image. Uncompressed format might be considered as better import option.
UnityEngine.StackTraceUtility:ExtractStackTrace () (at /Users/bokken/build/output/dev/tj/Runtime/Export/Scripting/StackTrace.cs:37)
UnityEditor.BuildPipeline:BuildPlayerInternalNoCheck (string[],string,string,UnityEditor.BuildTargetGroup,UnityEditor.BuildTarget,int,UnityEditor.BuildOptions,string[],bool) (at /Users/bokken/build/output/dev/tj/Editor/Mono/BuildPipeline.bindings.cs:657)
UnityEditor.BuildPipeline:BuildPlayerInternal (string[],string,string,UnityEditor.BuildTargetGroup,UnityEditor.BuildTarget,int,UnityEditor.BuildOptions,string[]) (at /Users/bokken/build/output/dev/tj/Editor/Mono/BuildPipeline.bindings.cs:640)
UnityEditor.BuildPipeline:BuildPlayer (string[],string,string,UnityEditor.BuildTargetGroup,UnityEditor.BuildTarget,int,UnityEditor.BuildOptions,string[]) (at /Users/bokken/build/output/dev/tj/Editor/Mono/BuildPipeline.bindings.cs:501)
UnityEditor.BuildPipeline:BuildPlayer (UnityEditor.BuildPlayerOptions) (at /Users/bokken/build/output/dev/tj/Editor/Mono/BuildPipeline.bindings.cs:447)
UnityEditor.BuildPipeline:BuildPlayer (UnityEditor.EditorBuildSettingsScene[],string,UnityEditor.BuildTarget,UnityEditor.BuildOptions) (at /Users/bokken/build/output/dev/tj/Editor/Mono/BuildPipeline.bindings.cs:397)
DemoBuilder:BuildAndroid () (at Assets/Editor/DemoBuilder.cs:123)

[/Users/bokken/build/output/dev/tj/Editor/Mono/BuildPipeline.bindings.cs line 657]

Compressed texture icon is used as icon. This might compromise visual quality of the final image. Uncompressed format might be considered as better import option.
UnityEngine.StackTraceUtility:ExtractStackTrace () (at /Users/bokken/build/output/dev/tj/Runtime/Export/Scripting/StackTrace.cs:37)
UnityEditor.BuildPipeline:BuildPlayerInternalNoCheck (string[],string,string,UnityEditor.BuildTargetGroup,UnityEditor.BuildTarget,int,UnityEditor.BuildOptions,string[],bool) (at /Users/bokken/build/output/dev/tj/Editor/Mono/BuildPipeline.bindings.cs:657)
UnityEditor.BuildPipeline:BuildPlayerInternal (string[],string,string,UnityEditor.BuildTargetGroup,UnityEditor.BuildTarget,int,UnityEditor.BuildOptions,string[]) (at /Users/bokken/build/output/dev/tj/Editor/Mono/BuildPipeline.bindings.cs:640)
UnityEditor.BuildPipeline:BuildPlayer (string[],string,string,UnityEditor.BuildTargetGroup,UnityEditor.BuildTarget,int,UnityEditor.BuildOptions,string[]) (at /Users/bokken/build/output/dev/tj/Editor/Mono/BuildPipeline.bindings.cs:501)
UnityEditor.BuildPipeline:BuildPlayer (UnityEditor.BuildPlayerOptions) (at /Users/bokken/build/output/dev/tj/Editor/Mono/BuildPipeline.bindings.cs:447)
UnityEditor.BuildPipeline:BuildPlayer (UnityEditor.EditorBuildSettingsScene[],string,UnityEditor.BuildTarget,UnityEditor.BuildOptions) (at /Users/bokken/build/output/dev/tj/Editor/Mono/BuildPipeline.bindings.cs:397)
DemoBuilder:BuildAndroid () (at Assets/Editor/DemoBuilder.cs:123)

[/Users/bokken/build/output/dev/tj/Editor/Mono/BuildPipeline.bindings.cs line 657]

DisplayProgressbar: Initializing
Android PostProcess task "Initializing" took 0.4086 ms
DisplayProgressbar: Check gradle project collisions
Android PostProcess task "Check gradle project collisions" took 0.1983 ms
DisplayProgressbar: Preparing banner
Android PostProcess task "Preparing banner" took 0.2692 ms
[40m[32minfo[39m[22m[49m: Microsoft.AspNetCore.Hosting.Diagnostics[1]
      Request starting HTTP/2 POST http://ilpp/UnityILPP.PostProcessing/Ping application/grpc -
[40m[32minfo[39m[22m[49m: Microsoft.AspNetCore.Routing.EndpointMiddleware[0]
      Executing endpoint 'gRPC - /UnityILPP.PostProcessing/Ping'
[40m[32minfo[39m[22m[49m: Microsoft.AspNetCore.Routing.EndpointMiddleware[1]
      Executed endpoint 'gRPC - /UnityILPP.PostProcessing/Ping'
[40m[32minfo[39m[22m[49m: Microsoft.AspNetCore.Hosting.Diagnostics[2]
      Request finished HTTP/2 POST http://ilpp/UnityILPP.PostProcessing/Ping application/grpc - - 200 - application/grpc 0.2528ms
Starting: /Applications/Tuanjie/Hub/Editor/2022.3.61t14/Tuanjie.app/Contents/bee_backend --dont-print-to-structured-log --ipc --dagfile="Library/Bee/Player863ca9f3.dag" --profile="Library/Bee/backend1.traceevents" Player
WorkingDir: /Users/qinziqian/Documents/overcooked-like/game
DisplayProgressbar: Incremental Player Build
[282/574    0s] AddBootConfigGUID Library/Bee/artifacts/Android/boot.config
[283/574    0s] CopyFiles /Users/qinziqian/Documents/overcooked-like/game/Library/Bee/Android/Prj/IL2CPP/Gradle/tuanjieLibrary/src/main/assets/bin/Data/boot.config
[284/574    3s] UnityLinker /Users/qinziqian/Documents/overcooked-like/game/Library/Bee/artifacts/unitylinker_xy1a.traceevents
/Applications/Tuanjie/Hub/Editor/2022.3.61t14/Tuanjie.app/Contents/il2cpp/build/deploy/UnityLinker --allowed-assembly=/Applications/Tuanjie/Hub/Editor/2022.3.61t14/PlaybackEngines/AndroidPlayer/Variations/il2cpp/Managed/UnityEngine.AIModule.dll --allowed-assembly=/Applications/Tuanjie/Hub/Editor/2022.3.61t14/PlaybackEngines/AndroidPlayer/Variations/il2cpp/Managed/UnityEngine.ARModule.dll --allowed-assembly=/Applications/Tuanjie/Hub/Editor/2022.3.61t14/PlaybackEngines/AndroidPlayer/Variations/il2cpp/Managed/UnityEngine.AccessibilityModule.dll --allowed-assembly=/Applications/Tuanjie/Hub/Editor/2022.3.61t14/PlaybackEngines/AndroidPlayer/Variations/il2cpp/Managed/UnityEngine.AndroidAppViewModule.dll --allowed-assembly=/Applications/Tuanjie/Hub/Editor/2022.3.61t14/PlaybackEngines/AndroidPlayer/Variations/il2cpp/Managed/UnityEngine.AndroidJNIModule.dll --allowed-assembly=/Applications/Tuanjie/Hub/Editor/2022.3.61t14/PlaybackEngines/AndroidPlayer/Variations/il2cpp/Managed/UnityEngine.AnimationModule.dll --allowed-assembly=/Applications/Tuanjie/Hub/Editor/2022.3.61t14/PlaybackEngines/AndroidPlayer/Variations/il2cpp/Managed/UnityEngine.AssetBundleModule.dll --allowed-assembly=/Applications/Tuanjie/Hub/Editor/2022.3.61t14/PlaybackEngines/AndroidPlayer/Variations/il2cpp/Managed/UnityEngine.AudioModule.dll --allowed-assembly=/Applications/Tuanjie/Hub/Editor/2022.3.61t14/PlaybackEngines/AndroidPlayer/Variations/il2cpp/Managed/UnityEngine.AutoStreamingModule.dll --allowed-assembly=/Applications/Tuanjie/Hub/Editor/2022.3.61t14/PlaybackEngines/AndroidPlayer/Variations/il2cpp/Managed/UnityEngine.ClothModule.dll --allowed-assembly=/Applications/Tuanjie/Hub/Editor/2022.3.61t14/PlaybackEngines/AndroidPlayer/Variations/il2cpp/Managed/UnityEngine.ContentLoadModule.dll --allowed-assembly=/Applications/Tuanjie/Hub/Editor/2022.3.61t14/PlaybackEngines/AndroidPlayer/Variations/il2cpp/Managed/UnityEngine.CoreModule.dll --allowed-assembly=/Applications/Tuanjie/Hub/Editor/2022.3.61t14/PlaybackEngines/AndroidPlayer/Variations/il2cpp/Managed/UnityEngine.CrashReportingModule.dll --allowed-assembly=/Applications/Tuanjie/Hub/Editor/2022.3.61t14/PlaybackEngines/AndroidPlayer/Variations/il2cpp/Managed/UnityEngine.DSPGraphModule.dll --allowed-assembly=/Applications/Tuanjie/Hub/Editor/2022.3.61t14/PlaybackEngines/AndroidPlayer/Variations/il2cpp/Managed/UnityEngine.DirectorModule.dll --allowed-assembly=/Applications/Tuanjie/Hub/Editor/2022.3.61t14/PlaybackEngines/AndroidPlayer/Variations/il2cpp/Managed/UnityEngine.GIModule.dll --allowed-assembly=/Applications/Tuanjie/Hub/Editor/2022.3.61t14/PlaybackEngines/AndroidPlayer/Variations/il2cpp/Managed/UnityEngine.GameCenterModule.dll --allowed-assembly=/Applications/Tuanjie/Hub/Editor/2022.3.61t14/PlaybackEngines/AndroidPlayer/Variations/il2cpp/Managed/UnityEngine.GridModule.dll --allowed-assembly=/Applications/Tuanjie/Hub/Editor/2022.3.61t14/PlaybackEngines/AndroidPlayer/Variations/il2cpp/Managed/UnityEngine.HotReloadModule.dll --allowed-assembly=/Applications/Tuanjie/Hub/Editor/2022.3.61t14/PlaybackEngines/AndroidPlayer/Variations/il2cpp/Managed/UnityEngine.IMGUIModule.dll --allowed-assembly=/Applications/Tuanjie/Hub/Editor/2022.3.61t14/PlaybackEngines/AndroidPlayer/Variations/il2cpp/Managed/UnityEngine.ImageConversionModule.dll --allowed-assembly=/Applications/Tuanjie/Hub/Editor/2022.3.61t14/PlaybackEngines/AndroidPlayer/Variations/il2cpp/Managed/UnityEngine.InfinityModule.dll --allowed-assembly=/Applications/Tuanjie/Hub/Editor/2022.3.61t14/PlaybackEngines/AndroidPlayer/Variations/il2cpp/Managed/UnityEngine.InputLegacyModule.dll --allowed-assembly=/Applications/Tuanjie/Hub/Editor/2022.3.61t14/PlaybackEngines/AndroidPlayer/Variations/il2cpp/Managed/UnityEngine.InputModule.dll --allowed-assembly=/Applications/Tuanjie/Hub/Editor/2022.3.61t14/PlaybackEngines/AndroidPlayer/Variations/il2cpp/Managed/UnityEngine.JSONSerializeModule.dll --allowed-assembly=/Applications/Tuanjie/Hub/Editor/2022.3.61t14/PlaybackEngines/AndroidPlayer/Variations/il2cpp/Managed/UnityEngine.LocalizationModule.dll --allowed-assembly=/Applications/Tuanjie/Hub/Editor/2022.3.61t14/PlaybackEngines/AndroidPlayer/Variations/il2cpp/Managed/UnityEngine.OcclusionCullingModule.dll --allowed-assembly=/Applications/Tuanjie/Hub/Editor/2022.3.61t14/PlaybackEngines/AndroidPlayer/Variations/il2cpp/Managed/UnityEngine.OpenHarmonyJSModule.dll --allowed-assembly=/Applications/Tuanjie/Hub/Editor/2022.3.61t14/PlaybackEngines/AndroidPlayer/Variations/il2cpp/Managed/UnityEngine.ParticleSystemModule.dll --allowed-assembly=/Applications/Tuanjie/Hub/Editor/2022.3.61t14/PlaybackEngines/AndroidPlayer/Variations/il2cpp/Managed/UnityEngine.PerformanceReportingModule.dll --allowed-assembly=/Applications/Tuanjie/Hub/Editor/2022.3.61t14/PlaybackEngines/AndroidPlayer/Variations/il2cpp/Managed/UnityEngine.Physics2DModule.dll --allowed-assembly=/Applications/Tuanjie/Hub/Editor/2022.3.61t14/PlaybackEngines/AndroidPlayer/Variations/il2cpp/Managed/UnityEngine.PhysicsModule.dll --allowed-assembly=/Applications/Tuanjie/Hub/Editor/2022.3.61t14/PlaybackEngines/AndroidPlayer/Variations/il2cpp/Managed/UnityEngine.ProfilerModule.dll --allowed-assembly=/Applications/Tuanjie/Hub/Editor/2022.3.61t14/PlaybackEngines/AndroidPlayer/Variations/il2cpp/Managed/UnityEngine.PropertiesModule.dll --allowed-assembly=/Applications/Tuanjie/Hub/Editor/2022.3.61t14/PlaybackEngines/AndroidPlayer/Variations/il2cpp/Managed/UnityEngine.RuntimeInitializeOnLoadManagerInitializerModule.dll --allowed-assembly=/Applications/Tuanjie/Hub/Editor/2022.3.61t14/PlaybackEngines/AndroidPlayer/Variations/il2cpp/Managed/UnityEngine.ScreenCaptureModule.dll --allowed-assembly=/Applications/Tuanjie/Hub/Editor/2022.3.61t14/PlaybackEngines/AndroidPlayer/Variations/il2cpp/Managed/UnityEngine.SharedInternalsModule.dll --allowed-assembly=/Applications/Tuanjie/Hub/Editor/2022.3.61t14/PlaybackEngines/AndroidPlayer/Variations/il2cpp/Managed/UnityEngine.SpriteMaskModule.dll --allowed-assembly=/Applications/Tuanjie/Hub/Editor/2022.3.61t14/PlaybackEngines/AndroidPlayer/Variations/il2cpp/Managed/UnityEngine.SpriteShapeModule.dll --allowed-assembly=/Applications/Tuanjie/Hub/Editor/2022.3.61t14/PlaybackEngines/AndroidPlayer/Variations/il2cpp/Managed/UnityEngine.StreamingModule.dll --allowed-assembly=/Applications/Tuanjie/Hub/Editor/2022.3.61t14/PlaybackEngines/AndroidPlayer/Variations/il2cpp/Managed/UnityEngine.SubstanceModule.dll --allowed-assembly=/Applications/Tuanjie/Hub/Editor/2022.3.61t14/PlaybackEngines/AndroidPlayer/Variations/il2cpp/Managed/UnityEngine.SubsystemsModule.dll --allowed-assembly=/Applications/Tuanjie/Hub/Editor/2022.3.61t14/PlaybackEngines/AndroidPlayer/Variations/il2cpp/Managed/UnityEngine.TLSModule.dll --allowed-assembly=/Applications/Tuanjie/Hub/Editor/2022.3.61t14/PlaybackEngines/AndroidPlayer/Variations/il2cpp/Managed/UnityEngine.TerrainModule.dll --allowed-assembly=/Applications/Tuanjie/Hub/Editor/2022.3.61t14/PlaybackEngines/AndroidPlayer/Variations/il2cpp/Managed/UnityEngine.TerrainPhysicsModule.dll --allowed-assembly=/Applications/Tuanjie/Hub/Editor/2022.3.61t14/PlaybackEngines/AndroidPlayer/Variations/il2cpp/Managed/UnityEngine.TextCoreFontEngineModule.dll --allowed-assembly=/Applications/Tuanjie/Hub/Editor/2022.3.61t14/PlaybackEngines/AndroidPlayer/Variations/il2cpp/Managed/UnityEngine.TextCoreTextEngineModule.dll --allowed-assembly=/Applications/Tuanjie/Hub/Editor/2022.3.61t14/PlaybackEngines/AndroidPlayer/Variations/il2cpp/Managed/UnityEngine.TextRenderingModule.dll --allowed-assembly=/Applications/Tuanjie/Hub/Editor/2022.3.61t14/PlaybackEngines/AndroidPlayer/Variations/il2cpp/Managed/UnityEngine.TextureManagerModule.dll --allowed-assembly=/Applications/Tuanjie/Hub/Editor/2022.3.61t14/PlaybackEngines/AndroidPlayer/Variations/il2cpp/Managed/UnityEngine.TilemapModule.dll --allowed-assembly=/Applications/Tuanjie/Hub/Editor/2022.3.61t14/PlaybackEngines/AndroidPlayer/Variations/il2cpp/Managed/UnityEngine.UIElementsModule.dll --allowed-assembly=/Applications/Tuanjie/Hub/Editor/2022.3.61t14/PlaybackEngines/AndroidPlayer/Variations/il2cpp/Managed/UnityEngine.UIModule.dll --allowed-assembly=/Applications/Tuanjie/Hub/Editor/2022.3.61t14/PlaybackEngines/AndroidPlayer/Variations/il2cpp/Managed/UnityEngine.UmbraModule.dll --allowed-assembly=/Applications/Tuanjie/Hub/Editor/2022.3.61t14/PlaybackEngines/AndroidPlayer/Variations/il2cpp/Managed/UnityEngine.UnityAnalyticsCommonModule.dll --allowed-assembly=/Applications/Tuanjie/Hub/Editor/2022.3.61t14/PlaybackEngines/AndroidPlayer/Variations/il2cpp/Managed/UnityEngine.UnityAnalyticsModule.dll --allowed-assembly=/Applications/Tuanjie/Hub/Editor/2022.3.61t14/PlaybackEngines/AndroidPlayer/Variations/il2cpp/Managed/UnityEngine.UnityConnectModule.dll --allowed-assembly=/Applications/Tuanjie/Hub/Editor/2022.3.61t14/PlaybackEngines/AndroidPlayer/Variations/il2cpp/Managed/UnityEngine.UnityCurlModule.dll --allowed-assembly=/Applications/Tuanjie/Hub/Editor/2022.3.61t14/PlaybackEngines/AndroidPlayer/Variations/il2cpp/Managed/UnityEngine.UnityTestProtocolModule.dll --allowed-assembly=/Applications/Tuanjie/Hub/Editor/2022.3.61t14/PlaybackEngines/AndroidPlayer/Variations/il2cpp/Managed/UnityEngine.UnityWebRequestAssetBundleModule.dll --allowed-assembly=/Applications/Tuanjie/Hub/Editor/2022.3.61t14/PlaybackEngines/AndroidPlayer/Variations/il2cpp/Managed/UnityEngine.UnityWebRequestAudioModule.dll --allowed-assembly=/Applications/Tuanjie/Hub/Editor/2022.3.61t14/PlaybackEngines/AndroidPlayer/Variations/il2cpp/Managed/UnityEngine.UnityWebRequestModule.dll --allowed-assembly=/Applications/Tuanjie/Hub/Editor/2022.3.61t14/PlaybackEngines/AndroidPlayer/Variations/il2cpp/Managed/UnityEngine.UnityWebRequestTextureModule.dll --allowed-assembly=/Applications/Tuanjie/Hub/Editor/2022.3.61t14/PlaybackEngines/AndroidPlayer/Variations/il2cpp/Managed/UnityEngine.UnityWebRequestWWWModule.dll --allowed-assembly=/Applications/Tuanjie/Hub/Editor/2022.3.61t14/PlaybackEngines/AndroidPlayer/Variations/il2cpp/Managed/UnityEngine.VFXModule.dll --allowed-assembly=/Applications/Tuanjie/Hub/Editor/2022.3.61t14/PlaybackEngines/AndroidPlayer/Variations/il2cpp/Managed/UnityEngine.VRModule.dll --allowed-assembly=/Applications/Tuanjie/Hub/Editor/2022.3.61t14/PlaybackEngines/AndroidPlayer/Variations/il2cpp/Managed/UnityEngine.VehiclesModule.dll --allowed-assembly=/Applications/Tuanjie/Hub/Editor/2022.3.61t14/PlaybackEngines/AndroidPlayer/Variations/il2cpp/Managed/UnityEngine.VideoModule.dll --allowed-assembly=/Applications/Tuanjie/Hub/Editor/2022.3.61t14/PlaybackEngines/AndroidPlayer/Variations/il2cpp/Managed/UnityEngine.WindModule.dll --allowed-assembly=/Applications/Tuanjie/Hub/Editor/2022.3.61t14/PlaybackEngines/AndroidPlayer/Variations/il2cpp/Managed/UnityEngine.XRModule.dll --allowed-assembly=/Applications/Tuanjie/Hub/Editor/2022.3.61t14/PlaybackEngines/AndroidPlayer/Variations/il2cpp/Managed/UnityEngine.dll --allowed-assembly=/Users/qinziqian/Documents/overcooked-like/game/Library/Bee/PlayerScriptAssemblies/Assembly-CSharp.dll --allowed-assembly=/Users/qinziqian/Documents/overcooked-like/game/Library/Bee/PlayerScriptAssemblies/UnityEngine.UI.dll --allowed-assembly=/Users/qinziqian/Documents/overcooked-like/game/Library/PackageCache/com.unity.ext.nunit@1.0.6/net35/unity-custom/nunit.framework.dll --allowed-assembly=/Applications/Tuanjie/Hub/Editor/2022.3.61t14/Tuanjie.app/Contents/MonoBleedingEdge/lib/mono/unityaot-linux/Accessibility.dll --allowed-assembly=/Applications/Tuanjie/Hub/Editor/2022.3.61t14/Tuanjie.app/Contents/MonoBleedingEdge/lib/mono/unityaot-linux/Facades/Microsoft.Win32.Primitives.dll --allowed-assembly=/Applications/Tuanjie/Hub/Editor/2022.3.61t14/Tuanjie.app/Contents/MonoBleedingEdge/lib/mono/unityaot-linux/Facades/Microsoft.Win32.Registry.AccessControl.dll --allowed-assembly=/Applications/Tuanjie/Hub/Editor/2022.3.61t14/Tuanjie.app/Contents/MonoBleedingEdge/lib/mono/unityaot-linux/Facades/Microsoft.Win32.Registry.dll --allowed-assembly=/Applications/Tuanjie/Hub/Editor/2022.3.61t14/Tuanjie.app/Contents/MonoBleedingEdge/lib/mono/unityaot-linux/Facades/System.AppContext.dll --allowed-assembly=/Applications/Tuanjie/Hub/Editor/2022.3.61t14/Tuanjie.app/Contents/MonoBleedingEdge/lib/mono/unityaot-linux/Facades/System.Buffers.dll --allowed-assembly=/Applications/Tuanjie/Hub/Editor/2022.3.61t14/Tuanjie.app/Contents/MonoBleedingEdge/lib/mono/unityaot-linux/Facades/System.Collections.Concurrent.dll --allowed-assembly=/Applications/Tuanjie/Hub/Editor/2022.3.61t14/Tuanjie.app/Contents/MonoBleedingEdge/lib/mono/unityaot-linux/Facades/System.Collections.NonGeneric.dll --allowed-assembly=/Applications/Tuanjie/Hub/Editor/2022.3.61t14/Tuanjie.app/Contents/MonoBleedingEdge/lib/mono/unityaot-linux/Facades/System.Collections.Specialized.dll --allowed-assembly=/Applications/Tuanjie/Hub/Editor/2022.3.61t14/Tuanjie.app/Contents/MonoBleedingEdge/lib/mono/unityaot-linux/Facades/System.Collections.dll --allowed-assembly=/Applications/Tuanjie/Hub/Editor/2022.3.61t14/Tuanjie.app/Contents/MonoBleedingEdge/lib/mono/unityaot-linux/Facades/System.ComponentModel.Annotations.dll --allowed-assembly=/Applications/Tuanjie/Hub/Editor/2022.3.61t14/Tuanjie.app/Contents/MonoBleedingEdge/lib/mono/unityaot-linux/Facades/System.ComponentModel.EventBasedAsync.dll --allowed-assembly=/Applications/Tuanjie/Hub/Editor/2022.3.61t14/Tuanjie.app/Contents/MonoBleedingEdge/lib/mono/unityaot-linux/Facades/System.ComponentModel.Primitives.dll --allowed-assembly=/Applications/Tuanjie/Hub/Editor/2022.3.61t14/Tuanjie.app/Contents/MonoBleedingEdge/lib/mono/unityaot-linux/Facades/System.ComponentModel.TypeConverter.dll --allowed-assembly=/Applications/Tuanjie/Hub/Editor/2022.3.61t14/Tuanjie.app/Contents/MonoBleedingEdge/lib/mono/unityaot-linux/Facades/System.ComponentModel.dll --allowed-assembly=/Applications/Tuanjie/Hub/Editor/2022.3.61t14/Tuanjie.app/Contents/MonoBleedingEdge/lib/mono/unityaot-linux/Facades/System.Console.dll --allowed-assembly=/Applications/Tuanjie/Hub/Editor/2022.3.61t14/Tuanjie.app/Contents/MonoBleedingEdge/lib/mono/unityaot-linux/Facades/System.Data.Common.dll --allowed-assembly=/Applications/Tuanjie/Hub/Editor/2022.3.61t14/Tuanjie.app/Contents/MonoBleedingEdge/lib/mono/unityaot-linux/Facades/System.Data.SqlClient.dll --allowed-assembly=/Applications/Tuanjie/Hub/Editor/2022.3.61t14/Tuanjie.app/Contents/MonoBleedingEdge/lib/mono/unityaot-linux/Facades/System.Diagnostics.Contracts.dll --allowed-assembly=/Applications/Tuanjie/Hub/Editor/2022.3.61t14/Tuanjie.app/Contents/MonoBleedingEdge/lib/mono/unityaot-linux/Facades/System.Diagnostics.Debug.dll --allowed-assembly=/Applications/Tuanjie/Hub/Editor/2022.3.61t14/Tuanjie.app/Contents/MonoBleedingEdge/lib/mono/unityaot-linux/Facades/System.Diagnostics.FileVersionInfo.dll --allowed-assembly=/Applications/Tuanjie/Hub/Editor/2022.3.61t14/Tuanjie.app/Contents/MonoBleedingEdge/lib/mono/unityaot-linux/Facades/System.Diagnostics.Process.dll --allowed-assembly=/Applications/Tuanjie/Hub/Editor/2022.3.61t14/Tuanjie.app/Contents/MonoBleedingEdge/lib/mono/unityaot-linux/Facades/System.Diagnostics.StackTrace.dll --allowed-assembly=/Applications/Tuanjie/Hub/Editor/2022.3.61t14/Tuanjie.app/Contents/MonoBleedingEdge/lib/mono/unityaot-linux/Facades/System.Diagnostics.TextWriterTraceListener.dll --allowed-assembly=/Applications/Tuanjie/Hub/Editor/2022.3.61t14/Tuanjie.app/Contents/MonoBleedingEdge/lib/mono/unityaot-linux/Facades/System.Diagnostics.Tools.dll --allowed-assembly=/Applications/Tuanjie/Hub/Editor/2022.3.61t14/Tuanjie.app/Contents/MonoBleedingEdge/lib/mono/unityaot-linux/Facades/System.Diagnostics.TraceEvent.dll --allowed-assembly=/Applications/Tuanjie/Hub/Editor/2022.3.61t14/Tuanjie.app/Contents/MonoBleedingEdge/lib/mono/unityaot-linux/Facades/System.Diagnostics.TraceSource.dll --allowed-assembly=/Applications/Tuanjie/Hub/Editor/2022.3.61t14/Tuanjie.app/Contents/MonoBleedingEdge/lib/mono/unityaot-linux/Facades/System.Diagnostics.Tracing.dll --allowed-assembly=/Applications/Tuanjie/Hub/Editor/2022.3.61t14/Tuanjie.app/Contents/MonoBleedingEdge/lib/mono/unityaot-linux/Facades/System.Drawing.Primitives.dll --allowed-assembly=/Applications/Tuanjie/Hub/Editor/2022.3.61t14/Tuanjie.app/Contents/MonoBleedingEdge/lib/mono/unityaot-linux/Facades/System.Dynamic.Runtime.dll --allowed-assembly=/Applications/Tuanjie/Hub/Editor/2022.3.61t14/Tuanjie.app/Contents/MonoBleedingEdge/lib/mono/unityaot-linux/Facades/System.Globalization.Calendars.dll --allowed-assembly=/Applications/Tuanjie/Hub/Editor/2022.3.61t14/Tuanjie.app/Contents/MonoBleedingEdge/lib/mono/unityaot-linux/Facades/System.Globalization.Extensions.dll --allowed-assembly=/Applications/Tuanjie/Hub/Editor/2022.3.61t14/Tuanjie.app/Contents/MonoBleedingEdge/lib/mono/unityaot-linux/Facades/System.Globalization.dll --allowed-assembly=/Applications/Tuanjie/Hub/Editor/2022.3.61t14/Tuanjie.app/Contents/MonoBleedingEdge/lib/mono/unityaot-linux/Facades/System.IO.Compression.ZipFile.dll --allowed-assembly=/Applications/Tuanjie/Hub/Editor/2022.3.61t14/Tuanjie.app/Contents/MonoBleedingEdge/lib/mono/unityaot-linux/Facades/System.IO.FileSystem.AccessControl.dll --allowed-assembly=/Applications/Tuanjie/Hub/Editor/2022.3.61t14/Tuanjie.app/Contents/MonoBleedingEdge/lib/mono/unityaot-linux/Facades/System.IO.FileSystem.DriveInfo.dll --allowed-assembly=/Applications/Tuanjie/Hub/Editor/2022.3.61t14/Tuanjie.app/Contents/MonoBleedingEdge/lib/mono/unityaot-linux/Facades/System.IO.FileSystem.Primitives.dll --allowed-assembly=/Applications/Tuanjie/Hub/Editor/2022.3.61t14/Tuanjie.app/Contents/MonoBleedingEdge/lib/mono/unityaot-linux/Facades/System.IO.FileSystem.Watcher.dll --allowed-assembly=/Applications/Tuanjie/Hub/Editor/2022.3.61t14/Tuanjie.app/Contents/MonoBleedingEdge/lib/mono/unityaot-linux/Facades/System.IO.FileSystem.dll --allowed-assembly=/Applications/Tuanjie/Hub/Editor/2022.3.61t14/Tuanjie.app/Contents/MonoBleedingEdge/lib/mono/unityaot-linux/Facades/System.IO.IsolatedStorage.dll --allowed-assembly=/Applications/Tuanjie/Hub/Editor/2022.3.61t14/Tuanjie.app/Contents/MonoBleedingEdge/lib/mono/unityaot-linux/Facades/System.IO.MemoryMappedFiles.dll --allowed-assembly=/Applications/Tuanjie/Hub/Editor/2022.3.61t14/Tuanjie.app/Contents/MonoBleedingEdge/lib/mono/unityaot-linux/Facades/System.IO.Pipes.dll --allowed-assembly=/Applications/Tuanjie/Hub/Editor/2022.3.61t14/Tuanjie.app/Contents/MonoBleedingEdge/lib/mono/unityaot-linux/Facades/System.IO.UnmanagedMemoryStream.dll --allowed-assembly=/Applications/Tuanjie/Hub/Editor/2022.3.61t14/Tuanjie.app/Contents/MonoBleedingEdge/lib/mono/unityaot-linux/Facades/System.IO.dll --allowed-assembly=/Applications/Tuanjie/Hub/Editor/2022.3.61t14/Tuanjie.app/Contents/MonoBleedingEdge/lib/mono/unityaot-linux/Facades/System.Linq.Expressions.dll --allowed-assembly=/Applications/Tuanjie/Hub/Editor/2022.3.61t14/Tuanjie.app/Contents/MonoBleedingEdge/lib/mono/unityaot-linux/Facades/System.Linq.Parallel.dll --allowed-assembly=/Applications/Tuanjie/Hub/Editor/2022.3.61t14/Tuanjie.app/Contents/MonoBleedingEdge/lib/mono/unityaot-linux/Facades/System.Linq.Queryable.dll --allowed-assembly=/Applications/Tuanjie/Hub/Editor/2022.3.61t14/Tuanjie.app/Contents/MonoBleedingEdge/lib/mono/unityaot-linux/Facades/System.Linq.dll --allowed-assembly=/Applications/Tuanjie/Hub/Editor/2022.3.61t14/Tuanjie.app/Contents/MonoBleedingEdge/lib/mono/unityaot-linux/Facades/System.Memory.dll --allowed-assembly=/Applications/Tuanjie/Hub/Editor/2022.3.61t14/Tuanjie.app/Contents/MonoBleedingEdge/lib/mono/unityaot-linux/Facades/System.Net.AuthenticationManager.dll --allowed-assembly=/Applications/Tuanjie/Hub/Editor/2022.3.61t14/Tuanjie.app/Contents/MonoBleedingEdge/lib/mono/unityaot-linux/Facades/System.Net.Cache.dll --allowed-assembly=/Applications/Tuanjie/Hub/Editor/2022.3.61t14/Tuanjie.app/Contents/MonoBleedingEdge/lib/mono/unityaot-linux/Facades/System.Net.HttpListener.dll --allowed-assembly=/Applications/Tuanjie/Hub/Editor/2022.3.61t14/Tuanjie.app/Contents/MonoBleedingEdge/lib/mono/unityaot-linux/Facades/System.Net.Mail.dll --allowed-assembly=/Applications/Tuanjie/Hub/Editor/2022.3.61t14/Tuanjie.app/Contents/MonoBleedingEdge/lib/mono/unityaot-linux/Facades/System.Net.NameResolution.dll --allowed-assembly=/Applications/Tuanjie/Hub/Editor/2022.3.61t14/Tuanjie.app/Contents/MonoBleedingEdge/lib/mono/unityaot-linux/Facades/System.Net.NetworkInformation.dll --allowed-assembly=/Applications/Tuanjie/Hub/Editor/2022.3.61t14/Tuanjie.app/Contents/MonoBleedingEdge/lib/mono/unityaot-linux/Facades/System.Net.Ping.dll --allowed-assembly=/Applications/Tuanjie/Hub/Editor/2022.3.61t14/Tuanjie.app/Contents/MonoBleedingEdge/lib/mono/unityaot-linux/Facades/System.Net.Primitives.dll --allowed-assembly=/Applications/Tuanjie/Hub/Editor/2022.3.61t14/Tuanjie.app/Contents/MonoBleedingEdge/lib/mono/unityaot-linux/Facades/System.Net.Requests.dll --allowed-assembly=/Applications/Tuanjie/Hub/Editor/2022.3.61t14/Tuanjie.app/Contents/MonoBleedingEdge/lib/mono/unityaot-linux/Facades/System.Net.Security.dll --allowed-assembly=/Applications/Tuanjie/Hub/Editor/2022.3.61t14/Tuanjie.app/Contents/MonoBleedingEdge/lib/mono/unityaot-linux/Facades/System.Net.ServicePoint.dll --allowed-assembly=/Applications/Tuanjie/Hub/Editor/2022.3.61t14/Tuanjie.app/Contents/MonoBleedingEdge/lib/mono/unityaot-linux/Facades/System.Net.Sockets.dll --allowed-assembly=/Applications/Tuanjie/Hub/Editor/2022.3.61t14/Tuanjie.app/Contents/MonoBleedingEdge/lib/mono/unityaot-linux/Facades/System.Net.Utilities.dll --allowed-assembly=/Applications/Tuanjie/Hub/Editor/2022.3.61t14/Tuanjie.app/Contents/MonoBleedingEdge/lib/mono/unityaot-linux/Facades/System.Net.WebHeaderCollection.dll --allowed-assembly=/Applications/Tuanjie/Hub/Editor/2022.3.61t14/Tuanjie.app/Contents/MonoBleedingEdge/lib/mono/unityaot-linux/Facades/System.Net.WebSockets.Client.dll --allowed-assembly=/Applications/Tuanjie/Hub/Editor/2022.3.61t14/Tuanjie.app/Contents/MonoBleedingEdge/lib/mono/unityaot-linux/Facades/System.Net.WebSockets.dll --allowed-assembly=/Applications/Tuanjie/Hub/Editor/2022.3.61t14/Tuanjie.app/Contents/MonoBleedingEdge/lib/mono/unityaot-linux/Facades/System.ObjectModel.dll --allowed-assembly=/Applications/Tuanjie/Hub/Editor/2022.3.61t14/Tuanjie.app/Contents/MonoBleedingEdge/lib/mono/unityaot-linux/Facades/System.Reflection.DispatchProxy.dll --allowed-assembly=/Applications/Tuanjie/Hub/Editor/2022.3.61t14/Tuanjie.app/Contents/MonoBleedingEdge/lib/mono/unityaot-linux/Facades/System.Reflection.Emit.ILGeneration.dll --allowed-assembly=/Applications/Tuanjie/Hub/Editor/2022.3.61t14/Tuanjie.app/Contents/MonoBleedingEdge/lib/mono/unityaot-linux/Facades/System.Reflection.Emit.Lightweight.dll --allowed-assembly=/Applications/Tuanjie/Hub/Editor/2022.3.61t14/Tuanjie.app/Contents/MonoBleedingEdge/lib/mono/unityaot-linux/Facades/System.Reflection.Emit.dll --allowed-assembly=/Applications/Tuanjie/Hub/Editor/2022.3.61t14/Tuanjie.app/Contents/MonoBleedingEdge/lib/mono/unityaot-linux/Facades/System.Reflection.Extensions.dll --allowed-assembly=/Applications/Tuanjie/Hub/Editor/2022.3.61t14/Tuanjie.app/Contents/MonoBleedingEdge/lib/mono/unityaot-linux/Facades/System.Reflection.Primitives.dll --allowed-assembly=/Applications/Tuanjie/Hub/Editor/2022.3.61t14/Tuanjie.app/Contents/MonoBleedingEdge/lib/mono/unityaot-linux/Facades/System.Reflection.TypeExtensions.dll --allowed-assembly=/Applications/Tuanjie/Hub/Editor/2022.3.61t14/Tuanjie.app/Contents/MonoBleedingEdge/lib/mono/unityaot-linux/Facades/System.Reflection.dll --allowed-assembly=/Applications/Tuanjie/Hub/Editor/2022.3.61t14/Tuanjie.app/Contents/MonoBleedingEdge/lib/mono/unityaot-linux/Facades/System.Resources.Reader.dll --allowed-assembly=/Applications/Tuanjie/Hub/Editor/2022.3.61t14/Tuanjie.app/Contents/MonoBleedingEdge/lib/mono/unityaot-linux/Facades/System.Resources.ReaderWriter.dll --allowed-assembly=/Applications/Tuanjie/Hub/Editor/2022.3.61t14/Tuanjie.app/Contents/MonoBleedingEdge/lib/mono/unityaot-linux/Facades/System.Resources.ResourceManager.dll --allowed-assembly=/Applications/Tuanjie/Hub/Editor/2022.3.61t14/Tuanjie.app/Contents/MonoBleedingEdge/lib/mono/unityaot-linux/Facades/System.Resources.Writer.dll --allowed-assembly=/Applications/Tuanjie/Hub/Editor/2022.3.61t14/Tuanjie.app/Contents/MonoBleedingEdge/lib/mono/unityaot-linux/Facades/System.Runtime.CompilerServices.VisualC.dll --allowed-assembly=/Applications/Tuanjie/Hub/Editor/2022.3.61t14/Tuanjie.app/Contents/MonoBleedingEdge/lib/mono/unityaot-linux/Facades/System.Runtime.Extensions.dll --allowed-assembly=/Applications/Tuanjie/Hub/Editor/2022.3.61t14/Tuanjie.app/Contents/MonoBleedingEdge/lib/mono/unityaot-linux/Facades/System.Runtime.Handles.dll --allowed-assembly=/Applications/Tuanjie/Hub/Editor/2022.3.61t14/Tuanjie.app/Contents/MonoBleedingEdge/lib/mono/unityaot-linux/Facades/System.Runtime.InteropServices.RuntimeInformation.dll --allowed-assembly=/Applications/Tuanjie/Hub/Editor/2022.3.61t14/Tuanjie.app/Contents/MonoBleedingEdge/lib/mono/unityaot-linux/Facades/System.Runtime.InteropServices.WindowsRuntime.dll --allowed-assembly=/Applications/Tuanjie/Hub/Editor/2022.3.61t14/Tuanjie.app/Contents/MonoBleedingEdge/lib/mono/unityaot-linux/Facades/System.Runtime.InteropServices.dll --allowed-assembly=/Applications/Tuanjie/Hub/Editor/2022.3.61t14/Tuanjie.app/Contents/MonoBleedingEdge/lib/mono/unityaot-linux/Facades/System.Runtime.Loader.dll --allowed-assembly=/Applications/Tuanjie/Hub/Editor/2022.3.61t14/Tuanjie.app/Contents/MonoBleedingEdge/lib/mono/unityaot-linux/Facades/System.Runtime.Numerics.dll --allowed-assembly=/Applications/Tuanjie/Hub/Editor/2022.3.61t14/Tuanjie.app/Contents/MonoBleedingEdge/lib/mono/unityaot-linux/Facades/System.Runtime.Serialization.Formatters.dll --allowed-assembly=/Applications/Tuanjie/Hub/Editor/2022.3.61t14/Tuanjie.app/Contents/MonoBleedingEdge/lib/mono/unityaot-linux/Facades/System.Runtime.Serialization.Json.dll --allowed-assembly=/Applications/Tuanjie/Hub/Editor/2022.3.61t14/Tuanjie.app/Contents/MonoBleedingEdge/lib/mono/unityaot-linux/Facades/System.Runtime.Serialization.Primitives.dll --allowed-assembly=/Applications/Tuanjie/Hub/Editor/2022.3.61t14/Tuanjie.app/Contents/MonoBleedingEdge/lib/mono/unityaot-linux/Facades/System.Runtime.Serialization.Xml.dll --allowed-assembly=/Applications/Tuanjie/Hub/Editor/2022.3.61t14/Tuanjie.app/Contents/MonoBleedingEdge/lib/mono/unityaot-linux/Facades/System.Runtime.dll --allowed-assembly=/Applications/Tuanjie/Hub/Editor/2022.3.61t14/Tuanjie.app/Contents/MonoBleedingEdge/lib/mono/unityaot-linux/Facades/System.Security.AccessControl.dll --allowed-assembly=/Applications/Tuanjie/Hub/Editor/2022.3.61t14/Tuanjie.app/Contents/MonoBleedingEdge/lib/mono/unityaot-linux/Facades/System.Security.Claims.dll --allowed-assembly=/Applications/Tuanjie/Hub/Editor/2022.3.61t14/Tuanjie.app/Contents/MonoBleedingEdge/lib/mono/unityaot-linux/Facades/System.Security.Cryptography.Algorithms.dll --allowed-assembly=/Applications/Tuanjie/Hub/Editor/2022.3.61t14/Tuanjie.app/Contents/MonoBleedingEdge/lib/mono/unityaot-linux/Facades/System.Security.Cryptography.Cng.dll --allowed-assembly=/Applications/Tuanjie/Hub/Editor/2022.3.61t14/Tuanjie.app/Contents/MonoBleedingEdge/lib/mono/unityaot-linux/Facades/System.Security.Cryptography.Csp.dll --allowed-assembly=/Applications/Tuanjie/Hub/Editor/2022.3.61t14/Tuanjie.app/Contents/MonoBleedingEdge/lib/mono/unityaot-linux/Facades/System.Security.Cryptography.DeriveBytes.dll --allowed-assembly=/Applications/Tuanjie/Hub/Editor/2022.3.61t14/Tuanjie.app/Contents/MonoBleedingEdge/lib/mono/unityaot-linux/Facades/System.Security.Cryptography.Encoding.dll --allowed-assembly=/Applications/Tuanjie/Hub/Editor/2022.3.61t14/Tuanjie.app/Contents/MonoBleedingEdge/lib/mono/unityaot-linux/Facades/System.Security.Cryptography.Encryption.Aes.dll --allowed-assembly=/Applications/Tuanjie/Hub/Editor/2022.3.61t14/Tuanjie.app/Contents/MonoBleedingEdge/lib/mono/unityaot-linux/Facades/System.Security.Cryptography.Encryption.ECDiffieHellman.dll --allowed-assembly=/Applications/Tuanjie/Hub/Editor/2022.3.61t14/Tuanjie.app/Contents/MonoBleedingEdge/lib/mono/unityaot-linux/Facades/System.Security.Cryptography.Encryption.ECDsa.dll --allowed-assembly=/Applications/Tuanjie/Hub/Editor/2022.3.61t14/Tuanjie.app/Contents/MonoBleedingEdge/lib/mono/unityaot-linux/Facades/System.Security.Cryptography.Encryption.dll --allowed-assembly=/Applications/Tuanjie/Hub/Editor/2022.3.61t14/Tuanjie.app/Contents/MonoBleedingEdge/lib/mono/unityaot-linux/Facades/System.Security.Cryptography.Hashing.Algorithms.dll --allowed-assembly=/Applications/Tuanjie/Hub/Editor/2022.3.61t14/Tuanjie.app/Contents/MonoBleedingEdge/lib/mono/unityaot-linux/Facades/System.Security.Cryptography.Hashing.dll --allowed-assembly=/Applications/Tuanjie/Hub/Editor/2022.3.61t14/Tuanjie.app/Contents/MonoBleedingEdge/lib/mono/unityaot-linux/Facades/System.Security.Cryptography.OpenSsl.dll --allowed-assembly=/Applications/Tuanjie/Hub/Editor/2022.3.61t14/Tuanjie.app/Contents/MonoBleedingEdge/lib/mono/unityaot-linux/Facades/System.Security.Cryptography.Pkcs.dll --allowed-assembly=/Applications/Tuanjie/Hub/Editor/2022.3.61t14/Tuanjie.app/Contents/MonoBleedingEdge/lib/mono/unityaot-linux/Facades/System.Security.Cryptography.Primitives.dll --allowed-assembly=/Applications/Tuanjie/Hub/Editor/2022.3.61t14/Tuanjie.app/Contents/MonoBleedingEdge/lib/mono/unityaot-linux/Facades/System.Security.Cryptography.ProtectedData.dll --allowed-assembly=/Applications/Tuanjie/Hub/Editor/2022.3.61t14/Tuanjie.app/Contents/MonoBleedingEdge/lib/mono/unityaot-linux/Facades/System.Security.Cryptography.RSA.dll --allowed-assembly=/Applications/Tuanjie/Hub/Editor/2022.3.61t14/Tuanjie.app/Contents/MonoBleedingEdge/lib/mono/unityaot-linux/Facades/System.Security.Cryptography.RandomNumberGenerator.dll --allowed-assembly=/Applications/Tuanjie/Hub/Editor/2022.3.61t14/Tuanjie.app/Contents/MonoBleedingEdge/lib/mono/unityaot-linux/Facades/System.Security.Cryptography.X509Certificates.dll --allowed-assembly=/Applications/Tuanjie/Hub/Editor/2022.3.61t14/Tuanjie.app/Contents/MonoBleedingEdge/lib/mono/unityaot-linux/Facades/System.Security.Principal.Windows.dll --allowed-assembly=/Applications/Tuanjie/Hub/Editor/2022.3.61t14/Tuanjie.app/Contents/MonoBleedingEdge/lib/mono/unityaot-linux/Facades/System.Security.Principal.dll --allowed-assembly=/Applications/Tuanjie/Hub/Editor/2022.3.61t14/Tuanjie.app/Contents/MonoBleedingEdge/lib/mono/unityaot-linux/Facades/System.Security.SecureString.dll --allowed-assembly=/Applications/Tuanjie/Hub/Editor/2022.3.61t14/Tuanjie.app/Contents/MonoBleedingEdge/lib/mono/unityaot-linux/Facades/System.ServiceModel.Duplex.dll --allowed-assembly=/Applications/Tuanjie/Hub/Editor/2022.3.61t14/Tuanjie.app/Contents/MonoBleedingEdge/lib/mono/unityaot-linux/Facades/System.ServiceModel.Http.dll --allowed-assembly=/Applications/Tuanjie/Hub/Editor/2022.3.61t14/Tuanjie.app/Contents/MonoBleedingEdge/lib/mono/unityaot-linux/Facades/System.ServiceModel.NetTcp.dll --allowed-assembly=/Applications/Tuanjie/Hub/Editor/2022.3.61t14/Tuanjie.app/Contents/MonoBleedingEdge/lib/mono/unityaot-linux/Facades/System.ServiceModel.Primitives.dll --allowed-assembly=/Applications/Tuanjie/Hub/Editor/2022.3.61t14/Tuanjie.app/Contents/MonoBleedingEdge/lib/mono/unityaot-linux/Facades/System.ServiceModel.Security.dll --allowed-assembly=/Applications/Tuanjie/Hub/Editor/2022.3.61t14/Tuanjie.app/Contents/MonoBleedingEdge/lib/mono/unityaot-linux/Facades/System.ServiceProcess.ServiceController.dll --allowed-assembly=/Applications/Tuanjie/Hub/Editor/2022.3.61t14/Tuanjie.app/Contents/MonoBleedingEdge/lib/mono/unityaot-linux/Facades/System.Text.Encoding.CodePages.dll --allowed-assembly=/Applications/Tuanjie/Hub/Editor/2022.3.61t14/Tuanjie.app/Contents/MonoBleedingEdge/lib/mono/unityaot-linux/Facades/System.Text.Encoding.Extensions.dll --allowed-assembly=/Applications/Tuanjie/Hub/Editor/2022.3.61t14/Tuanjie.app/Contents/MonoBleedingEdge/lib/mono/unityaot-linux/Facades/System.Text.Encoding.dll --allowed-assembly=/Applications/Tuanjie/Hub/Editor/2022.3.61t14/Tuanjie.app/Contents/MonoBleedingEdge/lib/mono/unityaot-linux/Facades/System.Text.RegularExpressions.dll --allowed-assembly=/Applications/Tuanjie/Hub/Editor/2022.3.61t14/Tuanjie.app/Contents/MonoBleedingEdge/lib/mono/unityaot-linux/Facades/System.Threading.AccessControl.dll --allowed-assembly=/Applications/Tuanjie/Hub/Editor/2022.3.61t14/Tuanjie.app/Contents/MonoBleedingEdge/lib/mono/unityaot-linux/Facades/System.Threading.Overlapped.dll --allowed-assembly=/Applications/Tuanjie/Hub/Editor/2022.3.61t14/Tuanjie.app/Contents/MonoBleedingEdge/lib/mono/unityaot-linux/Facades/System.Threading.Tasks.Extensions.dll --allowed-assembly=/Applications/Tuanjie/Hub/Editor/2022.3.61t14/Tuanjie.app/Contents/MonoBleedingEdge/lib/mono/unityaot-linux/Facades/System.Threading.Tasks.Parallel.dll --allowed-assembly=/Applications/Tuanjie/Hub/Editor/2022.3.61t14/Tuanjie.app/Contents/MonoBleedingEdge/lib/mono/unityaot-linux/Facades/System.Threading.Tasks.dll --allowed-assembly=/Applications/Tuanjie/Hub/Editor/2022.3.61t14/Tuanjie.app/Contents/MonoBleedingEdge/lib/mono/unityaot-linux/Facades/System.Threading.Thread.dll --allowed-assembly=/Applications/Tuanjie/Hub/Editor/2022.3.61t14/Tuanjie.app/Contents/MonoBleedingEdge/lib/mono/unityaot-linux/Facades/System.Threading.ThreadPool.dll --allowed-assembly=/Applications/Tuanjie/Hub/Editor/2022.3.61t14/Tuanjie.app/Contents/MonoBleedingEdge/lib/mono/unityaot-linux/Facades/System.Threading.Timer.dll --allowed-assembly=/Applications/Tuanjie/Hub/Editor/2022.3.61t14/Tuanjie.app/Contents/MonoBleedingEdge/lib/mono/unityaot-linux/Facades/System.Threading.dll --allowed-assembly=/Applications/Tuanjie/Hub/Editor/2022.3.61t14/Tuanjie.app/Contents/MonoBleedingEdge/lib/mono/unityaot-linux/Facades/System.ValueTuple.dll --allowed-assembly=/Applications/Tuanjie/Hub/Editor/2022.3.61t14/Tuanjie.app/Contents/MonoBleedingEdge/lib/mono/unityaot-linux/Facades/System.Xml.ReaderWriter.dll --allowed-assembly=/Applications/Tuanjie/Hub/Editor/2022.3.61t14/Tuanjie.app/Contents/MonoBleedingEdge/lib/mono/unityaot-linux/Facades/System.Xml.XDocument.dll --allowed-assembly=/Applications/Tuanjie/Hub/Editor/2022.3.61t14/Tuanjie.app/Contents/MonoBleedingEdge/lib/mono/unityaot-linux/Facades/System.Xml.XPath.XDocument.dll --allowed-assembly=/Applications/Tuanjie/Hub/Editor/2022.3.61t14/Tuanjie.app/Contents/MonoBleedingEdge/lib/mono/unityaot-linux/Facades/System.Xml.XPath.XmlDocument.dll --allowed-assembly=/Applications/Tuanjie/Hub/Editor/2022.3.61t14/Tuanjie.app/Contents/MonoBleedingEdge/lib/mono/unityaot-linux/Facades/System.Xml.XPath.dll --allowed-assembly=/Applications/Tuanjie/Hub/Editor/2022.3.61t14/Tuanjie.app/Contents/MonoBleedingEdge/lib/mono/unityaot-linux/Facades/System.Xml.XmlDocument.dll --allowed-assembly=/Applications/Tuanjie/Hub/Editor/2022.3.61t14/Tuanjie.app/Contents/MonoBleedingEdge/lib/mono/unityaot-linux/Facades/System.Xml.XmlSerializer.dll --allowed-assembly=/Applications/Tuanjie/Hub/Editor/2022.3.61t14/Tuanjie.app/Contents/MonoBleedingEdge/lib/mono/unityaot-linux/Facades/System.Xml.Xsl.Primitives.dll --allowed-assembly=/Applications/Tuanjie/Hub/Editor/2022.3.61t14/Tuanjie.app/Contents/MonoBleedingEdge/lib/mono/unityaot-linux/Facades/netstandard.dll --allowed-assembly=/Applications/Tuanjie/Hub/Editor/2022.3.61t14/Tuanjie.app/Contents/MonoBleedingEdge/lib/mono/unityaot-linux/Microsoft.CSharp.dll --allowed-assembly=/Applications/Tuanjie/Hub/Editor/2022.3.61t14/Tuanjie.app/Contents/MonoBleedingEdge/lib/mono/unityaot-linux/Mono.Data.Sqlite.dll --allowed-assembly=/Applications/Tuanjie/Hub/Editor/2022.3.61t14/Tuanjie.app/Contents/MonoBleedingEdge/lib/mono/unityaot-linux/Mono.Data.Tds.dll --allowed-assembly=/Applications/Tuanjie/Hub/Editor/2022.3.61t14/Tuanjie.app/Contents/MonoBleedingEdge/lib/mono/unityaot-linux/Mono.Security.dll --allowed-assembly=/Applications/Tuanjie/Hub/Editor/2022.3.61t14/Tuanjie.app/Contents/MonoBleedingEdge/lib/mono/unityaot-linux/System.ComponentModel.Composition.dll --allowed-assembly=/Applications/Tuanjie/Hub/Editor/2022.3.61t14/Tuanjie.app/Contents/MonoBleedingEdge/lib/mono/unityaot-linux/System.ComponentModel.DataAnnotations.dll --allowed-assembly=/Applications/Tuanjie/Hub/Editor/2022.3.61t14/Tuanjie.app/Contents/MonoBleedingEdge/lib/mono/unityaot-linux/System.Configuration.Install.dll --allowed-assembly=/Applications/Tuanjie/Hub/Editor/2022.3.61t14/Tuanjie.app/Contents/MonoBleedingEdge/lib/mono/unityaot-linux/System.Configuration.dll --allowed-assembly=/Applications/Tuanjie/Hub/Editor/2022.3.61t14/Tuanjie.app/Contents/MonoBleedingEdge/lib/mono/unityaot-linux/System.Core.dll --allowed-assembly=/Applications/Tuanjie/Hub/Editor/2022.3.61t14/Tuanjie.app/Contents/MonoBleedingEdge/lib/mono/unityaot-linux/System.Data.DataSetExtensions.dll --allowed-assembly=/Applications/Tuanjie/Hub/Editor/2022.3.61t14/Tuanjie.app/Contents/MonoBleedingEdge/lib/mono/unityaot-linux/System.Data.Entity.dll --allowed-assembly=/Applications/Tuanjie/Hub/Editor/2022.3.61t14/Tuanjie.app/Contents/MonoBleedingEdge/lib/mono/unityaot-linux/System.Data.Linq.dll --allowed-assembly=/Applications/Tuanjie/Hub/Editor/2022.3.61t14/Tuanjie.app/Contents/MonoBleedingEdge/lib/mono/unityaot-linux/System.Data.OracleClient.dll --allowed-assembly=/Applications/Tuanjie/Hub/Editor/2022.3.61t14/Tuanjie.app/Contents/MonoBleedingEdge/lib/mono/unityaot-linux/System.Data.Services.Client.dll --allowed-assembly=/Applications/Tuanjie/Hub/Editor/2022.3.61t14/Tuanjie.app/Contents/MonoBleedingEdge/lib/mono/unityaot-linux/System.Data.Services.dll --allowed-assembly=/Applications/Tuanjie/Hub/Editor/2022.3.61t14/Tuanjie.app/Contents/MonoBleedingEdge/lib/mono/unityaot-linux/System.Data.dll --allowed-assembly=/Applications/Tuanjie/Hub/Editor/2022.3.61t14/Tuanjie.app/Contents/MonoBleedingEdge/lib/mono/unityaot-linux/System.Design.dll --allowed-assembly=/Applications/Tuanjie/Hub/Editor/2022.3.61t14/Tuanjie.app/Contents/MonoBleedingEdge/lib/mono/unityaot-linux/System.DirectoryServices.Protocols.dll --allowed-assembly=/Applications/Tuanjie/Hub/Editor/2022.3.61t14/Tuanjie.app/Contents/MonoBleedingEdge/lib/mono/unityaot-linux/System.DirectoryServices.dll --allowed-assembly=/Applications/Tuanjie/Hub/Editor/2022.3.61t14/Tuanjie.app/Contents/MonoBleedingEdge/lib/mono/unityaot-linux/System.Drawing.Design.dll --allowed-assembly=/Applications/Tuanjie/Hub/Editor/2022.3.61t14/Tuanjie.app/Contents/MonoBleedingEdge/lib/mono/unityaot-linux/System.Drawing.dll --allowed-assembly=/Applications/Tuanjie/Hub/Editor/2022.3.61t14/Tuanjie.app/Contents/MonoBleedingEdge/lib/mono/unityaot-linux/System.EnterpriseServices.dll --allowed-assembly=/Applications/Tuanjie/Hub/Editor/2022.3.61t14/Tuanjie.app/Contents/MonoBleedingEdge/lib/mono/unityaot-linux/System.IO.Compression.FileSystem.dll --allowed-assembly=/Applications/Tuanjie/Hub/Editor/2022.3.61t14/Tuanjie.app/Contents/MonoBleedingEdge/lib/mono/unityaot-linux/System.IO.Compression.dll --allowed-assembly=/Applications/Tuanjie/Hub/Editor/2022.3.61t14/Tuanjie.app/Contents/MonoBleedingEdge/lib/mono/unityaot-linux/System.IdentityModel.Selectors.dll --allowed-assembly=/Applications/Tuanjie/Hub/Editor/2022.3.61t14/Tuanjie.app/Contents/MonoBleedingEdge/lib/mono/unityaot-linux/System.IdentityModel.dll --allowed-assembly=/Applications/Tuanjie/Hub/Editor/2022.3.61t14/Tuanjie.app/Contents/MonoBleedingEdge/lib/mono/unityaot-linux/System.Json.dll --allowed-assembly=/Applications/Tuanjie/Hub/Editor/2022.3.61t14/Tuanjie.app/Contents/MonoBleedingEdge/lib/mono/unityaot-linux/System.Management.dll --allowed-assembly=/Applications/Tuanjie/Hub/Editor/2022.3.61t14/Tuanjie.app/Contents/MonoBleedingEdge/lib/mono/unityaot-linux/System.Messaging.dll --allowed-assembly=/Applications/Tuanjie/Hub/Editor/2022.3.61t14/Tuanjie.app/Contents/MonoBleedingEdge/lib/mono/unityaot-linux/System.Net.Http.WebRequest.dll --allowed-assembly=/Applications/Tuanjie/Hub/Editor/2022.3.61t14/Tuanjie.app/Contents/MonoBleedingEdge/lib/mono/unityaot-linux/System.Net.Http.dll --allowed-assembly=/Applications/Tuanjie/Hub/Editor/2022.3.61t14/Tuanjie.app/Contents/MonoBleedingEdge/lib/mono/unityaot-linux/System.Net.dll --allowed-assembly=/Applications/Tuanjie/Hub/Editor/2022.3.61t14/Tuanjie.app/Contents/MonoBleedingEdge/lib/mono/unityaot-linux/System.Numerics.Vectors.dll --allowed-assembly=/Applications/Tuanjie/Hub/Editor/2022.3.61t14/Tuanjie.app/Contents/MonoBleedingEdge/lib/mono/unityaot-linux/System.Numerics.dll --allowed-assembly=/Applications/Tuanjie/Hub/Editor/2022.3.61t14/Tuanjie.app/Contents/MonoBleedingEdge/lib/mono/unityaot-linux/System.Reflection.Context.dll --allowed-assembly=/Applications/Tuanjie/Hub/Editor/2022.3.61t14/Tuanjie.app/Contents/MonoBleedingEdge/lib/mono/unityaot-linux/System.Runtime.Caching.dll --allowed-assembly=/Applications/Tuanjie/Hub/Editor/2022.3.61t14/Tuanjie.app/Contents/MonoBleedingEdge/lib/mono/unityaot-linux/System.Runtime.DurableInstancing.dll --allowed-assembly=/Applications/Tuanjie/Hub/Editor/2022.3.61t14/Tuanjie.app/Contents/MonoBleedingEdge/lib/mono/unityaot-linux/System.Runtime.Remoting.dll --allowed-assembly=/Applications/Tuanjie/Hub/Editor/2022.3.61t14/Tuanjie.app/Contents/MonoBleedingEdge/lib/mono/unityaot-linux/System.Runtime.Serialization.Formatters.Soap.dll --allowed-assembly=/Applications/Tuanjie/Hub/Editor/2022.3.61t14/Tuanjie.app/Contents/MonoBleedingEdge/lib/mono/unityaot-linux/System.Runtime.Serialization.dll --allowed-assembly=/Applications/Tuanjie/Hub/Editor/2022.3.61t14/Tuanjie.app/Contents/MonoBleedingEdge/lib/mono/unityaot-linux/System.Security.dll --allowed-assembly=/Applications/Tuanjie/Hub/Editor/2022.3.61t14/Tuanjie.app/Contents/MonoBleedingEdge/lib/mono/unityaot-linux/System.ServiceModel.Activation.dll --allowed-assembly=/Applications/Tuanjie/Hub/Editor/2022.3.61t14/Tuanjie.app/Contents/MonoBleedingEdge/lib/mono/unityaot-linux/System.ServiceModel.Discovery.dll --allowed-assembly=/Applications/Tuanjie/Hub/Editor/2022.3.61t14/Tuanjie.app/Contents/MonoBleedingEdge/lib/mono/unityaot-linux/System.ServiceModel.Internals.dll --allowed-assembly=/Applications/Tuanjie/Hub/Editor/2022.3.61t14/Tuanjie.app/Contents/MonoBleedingEdge/lib/mono/unityaot-linux/System.ServiceModel.Routing.dll --allowed-assembly=/Applications/Tuanjie/Hub/Editor/2022.3.61t14/Tuanjie.app/Contents/MonoBleedingEdge/lib/mono/unityaot-linux/System.ServiceModel.Web.dll --allowed-assembly=/Applications/Tuanjie/Hub/Editor/2022.3.61t14/Tuanjie.app/Contents/MonoBleedingEdge/lib/mono/unityaot-linux/System.ServiceModel.dll --allowed-assembly=/Applications/Tuanjie/Hub/Editor/2022.3.61t14/Tuanjie.app/Contents/MonoBleedingEdge/lib/mono/unityaot-linux/System.ServiceProcess.dll --allowed-assembly=/Applications/Tuanjie/Hub/Editor/2022.3.61t14/Tuanjie.app/Contents/MonoBleedingEdge/lib/mono/unityaot-linux/System.Transactions.dll --allowed-assembly=/Applications/Tuanjie/Hub/Editor/2022.3.61t14/Tuanjie.app/Contents/MonoBleedingEdge/lib/mono/unityaot-linux/System.Web.ApplicationServices.dll --allowed-assembly=/Applications/Tuanjie/Hub/Editor/2022.3.61t14/Tuanjie.app/Contents/MonoBleedingEdge/lib/mono/unityaot-linux/System.Web.DynamicData.dll --allowed-assembly=/Applications/Tuanjie/Hub/Editor/2022.3.61t14/Tuanjie.app/Contents/MonoBleedingEdge/lib/mono/unityaot-linux/System.Web.Extensions.Design.dll --allowed-assembly=/Applications/Tuanjie/Hub/Editor/2022.3.61t14/Tuanjie.app/Contents/MonoBleedingEdge/lib/mono/unityaot-linux/System.Web.Extensions.dll --allowed-assembly=/Applications/Tuanjie/Hub/Editor/2022.3.61t14/Tuanjie.app/Contents/MonoBleedingEdge/lib/mono/unityaot-linux/System.Web.RegularExpressions.dll --allowed-assembly=/Applications/Tuanjie/Hub/Editor/2022.3.61t14/Tuanjie.app/Contents/MonoBleedingEdge/lib/mono/unityaot-linux/System.Web.Services.dll --allowed-assembly=/Applications/Tuanjie/Hub/Editor/2022.3.61t14/Tuanjie.app/Contents/MonoBleedingEdge/lib/mono/unityaot-linux/System.Web.dll --allowed-assembly=/Applications/Tuanjie/Hub/Editor/2022.3.61t14/Tuanjie.app/Contents/MonoBleedingEdge/lib/mono/unityaot-linux/System.Windows.Forms.DataVisualization.dll --allowed-assembly=/Applications/Tuanjie/Hub/Editor/2022.3.61t14/Tuanjie.app/Contents/MonoBleedingEdge/lib/mono/unityaot-linux/System.Windows.Forms.dll --allowed-assembly=/Applications/Tuanjie/Hub/Editor/2022.3.61t14/Tuanjie.app/Contents/MonoBleedingEdge/lib/mono/unityaot-linux/System.Windows.dll --allowed-assembly=/Applications/Tuanjie/Hub/Editor/2022.3.61t14/Tuanjie.app/Contents/MonoBleedingEdge/lib/mono/unityaot-linux/System.Xaml.dll --allowed-assembly=/Applications/Tuanjie/Hub/Editor/2022.3.61t14/Tuanjie.app/Contents/MonoBleedingEdge/lib/mono/unityaot-linux/System.Xml.Linq.dll --allowed-assembly=/Applications/Tuanjie/Hub/Editor/2022.3.61t14/Tuanjie.app/Contents/MonoBleedingEdge/lib/mono/unityaot-linux/System.Xml.Serialization.dll --allowed-assembly=/Applications/Tuanjie/Hub/Editor/2022.3.61t14/Tuanjie.app/Contents/MonoBleedingEdge/lib/mono/unityaot-linux/System.Xml.dll --allowed-assembly=/Applications/Tuanjie/Hub/Editor/2022.3.61t14/Tuanjie.app/Contents/MonoBleedingEdge/lib/mono/unityaot-linux/System.dll --allowed-assembly=/Applications/Tuanjie/Hub/Editor/2022.3.61t14/Tuanjie.app/Contents/MonoBleedingEdge/lib/mono/unityaot-linux/mscorlib.dll --out=Library/Bee/artifacts/Android/ManagedStripped --include-link-xml=/Users/qinziqian/Documents/overcooked-like/game/Temp/StagingArea/Data/Managed/TypesInScenes.xml --include-link-xml=/Applications/Tuanjie/Hub/Editor/2022.3.61t14/PlaybackEngines/AndroidPlayer/Tools/AndroidNativeLink.xml --include-directory=/Users/qinziqian/Documents/overcooked-like/game/Library/Bee/PlayerScriptAssemblies --include-directory=/Applications/Tuanjie/Hub/Editor/2022.3.61t14/PlaybackEngines/AndroidPlayer/Variations/il2cpp/Managed --include-directory=/Users/qinziqian/Documents/overcooked-like/game/Library/PackageCache/com.unity.ext.nunit@1.0.6/net35/unity-custom --include-directory=/Applications/Tuanjie/Hub/Editor/2022.3.61t14/Tuanjie.app/Contents/MonoBleedingEdge/lib/mono/unityaot-linux --include-directory=/Applications/Tuanjie/Hub/Editor/2022.3.61t14/Tuanjie.app/Contents/MonoBleedingEdge/lib/mono/unityaot-linux/Facades --profiler-report --profiler-output-file=/Users/qinziqian/Documents/overcooked-like/game/Library/Bee/artifacts/unitylinker_xy1a.traceevents --dotnetprofile=unityaot-linux --dotnetruntime=Il2Cpp --platform=Android --use-editor-options --enable-engine-module-stripping --engine-modules-asset-file=/Applications/Tuanjie/Hub/Editor/2022.3.61t14/PlaybackEngines/AndroidPlayer/modules.asset --editor-data-file=/Users/qinziqian/Documents/overcooked-like/game/Temp/StagingArea/Data/Managed/EditorToUnityLinkerData.json --include-unity-root-assembly=/Users/qinziqian/Documents/overcooked-like/game/Library/Bee/PlayerScriptAssemblies/Assembly-CSharp.dll --print-command-line --enable-analytics
Unable to process reflection call because there are not enough loads on the stack, needs 3, found 2
[343/574    0s] CopyFiles /Users/qinziqian/Documents/overcooked-like/game/Library/Bee/Android/Prj/IL2CPP/Il2CppBackup/Managed/UnityEngine.CoreModule.dll
[344/574    0s] CopyFiles /Users/qinziqian/Documents/overcooked-like/game/Library/Bee/Android/Prj/IL2CPP/Il2CppBackup/Managed/UnityEngine.CoreModule.pdb
[345/574    0s] CopyFiles /Users/qinziqian/Documents/overcooked-like/game/Library/Bee/Android/Prj/IL2CPP/Il2CppBackup/Managed/Assembly-CSharp.dll
[346/574    0s] CopyFiles /Users/qinziqian/Documents/overcooked-like/game/Library/Bee/Android/Prj/IL2CPP/Il2CppBackup/Managed/Assembly-CSharp.pdb
[347/574    0s] ExtractUsedFeatures Library/Bee/artifacts/Android/Features/UnityEngine.CoreModule-FeaturesChecked.txt
[348/574    0s] ICallRegistrationGenerator /Users/qinziqian/Documents/overcooked-like/game/Library/Bee/artifacts/Android/il2cppOutput/UnityICallRegistration.cpp
[349/574    0s] ExtractUsedFeatures Library/Bee/artifacts/Android/Features/Assembly-CSharp-FeaturesChecked.txt
[351/574    0s] Compile UnityICallRegistration Library/Bee/artifacts/Android/libtuanjie/arm64-v8a/UnityICallRegistration.o
[352/574    0s] Link libtuanjie Library/Bee/artifacts/Android/libtuanjie/arm64-v8a/unstripped/libtuanjie.so
[353/574    0s] Stripping Library/Bee/artifacts/Android/libtuanjie/arm64-v8a/unstripped/libtuanjie.so -> Library/Bee/artifacts/Android/libtuanjie/arm64-v8a/stripped/libtuanjie.so Library/Bee/artifacts/Android/libtuanjie/arm64-v8a/stripped/libtuanjie.so
[354/574    0s] Generate Library/Bee/artifacts/Android/libtuanjie/arm64-v8a/libtuanjie.dbg.so from Library/Bee/artifacts/Android/libtuanjie/arm64-v8a/unstripped/libtuanjie.so Library/Bee/artifacts/Android/libtuanjie/arm64-v8a/libtuanjie.dbg.so
[355/574    0s] Generate Library/Bee/artifacts/Android/libtuanjie/arm64-v8a/libtuanjie.sym.so from Library/Bee/artifacts/Android/libtuanj[W] opendir() failed: /Users/qinziqian/Documents/overcooked-like/game/Library/Bee/artifacts/Android/il2cppOutput/cpp/Symbols
ie/arm64-v8a/libtuanjie.dbg.so Library/Bee/artifacts/Android/libtuanjie/arm64-v8a/libtuanjie.sym.so
[356/574    0s] Adding note Library/Bee/artifacts/Android/libtuanjie/arm64-v8a/stripped/libtuanjie.so -> /Users/qinziqian/Documents/overcooked-like/game/Library/Bee/Android/Prj/IL2CPP/Gradle/tuanjieLibrary/src/main/jniLibs/arm64-v8a/libtuanjie.so /Users/qinziqian/Documents/overcooked-like/game/Library/Bee/Android/Prj/IL2CPP/Gradle/tuanjieLibrary/src/main/jniLibs/arm64-v8a/libtuanjie.so
[357/574    2s] IL2CPP_CodeGen /Users/qinziqian/Documents/overcooked-like/game/Library/Bee/artifacts/il2cpp_conv_rxym.traceevents
/Applications/Tuanjie/Hub/Editor/2022.3.61t14/Tuanjie.app/Contents/il2cpp/build/deploy/il2cpp --convert-to-cpp --assembly=Library/Bee/artifacts/Android/ManagedStripped/Assembly-CSharp.dll --assembly=Library/Bee/artifacts/Android/ManagedStripped/Mono.Security.dll --assembly=Library/Bee/artifacts/Android/ManagedStripped/mscorlib.dll --assembly=Library/Bee/artifacts/Android/ManagedStripped/System.Configuration.dll --assembly=Library/Bee/artifacts/Android/ManagedStripped/System.Core.dll --assembly=Library/Bee/artifacts/Android/ManagedStripped/System.dll --assembly=Library/Bee/artifacts/Android/ManagedStripped/System.Xml.dll --assembly=Library/Bee/artifacts/Android/ManagedStripped/UnityEngine.AndroidJNIModule.dll --assembly=Library/Bee/artifacts/Android/ManagedStripped/UnityEngine.AudioModule.dll --assembly=Library/Bee/artifacts/Android/ManagedStripped/UnityEngine.CoreModule.dll --assembly=Library/Bee/artifacts/Android/ManagedStripped/UnityEngine.dll --assembly=Library/Bee/artifacts/Android/ManagedStripped/UnityEngine.ImageConversionModule.dll --assembly=Library/Bee/artifacts/Android/ManagedStripped/UnityEngine.IMGUIModule.dll --assembly=Library/Bee/artifacts/Android/ManagedStripped/UnityEngine.InputLegacyModule.dll --assembly=Library/Bee/artifacts/Android/ManagedStripped/UnityEngine.JSONSerializeModule.dll --assembly=Library/Bee/artifacts/Android/ManagedStripped/UnityEngine.PhysicsModule.dll --assembly=Library/Bee/artifacts/Android/ManagedStripped/UnityEngine.PropertiesModule.dll --assembly=Library/Bee/artifacts/Android/ManagedStripped/UnityEngine.SharedInternalsModule.dll --assembly=Library/Bee/artifacts/Android/ManagedStripped/UnityEngine.TextRenderingModule.dll --assembly=Library/Bee/artifacts/Android/ManagedStripped/UnityEngine.UI.dll --assembly=Library/Bee/artifacts/Android/ManagedStripped/UnityEngine.UIModule.dll --assembly=Library/Bee/artifacts/Android/ManagedStripped/UnityEngine.UnityWebRequestModule.dll --generatedcppdir=/Users/qinziqian/Documents/overcooked-like/game/Library/Bee/artifacts/Android/il2cppOutput/cpp --symbols-folder=/Users/qinziqian/Documents/overcooked-like/game/Library/Bee/artifacts/Android/il2cppOutput/cpp/Symbols --enable-analytics --emit-null-checks --enable-array-bounds-check --generics-option=None,EnableFullSharing --dotnetprofile=unityaot-linux --profiler-report --profiler-output-file=/Users/qinziqian/Documents/overcooked-like/game/Library/Bee/artifacts/il2cpp_conv_rxym.traceevents --print-command-line --data-folder=/Users/qinziqian/Documents/overcooked-like/game/Library/Bee/artifacts/Android/il2cppOutput/data
*** Tundra requires additional run (6.10 seconds), 17 items updated, 574 evaluated
*** Additional run caused by: contents change of /Users/qinziqian/Documents/overcooked-like/game/Library/Bee/artifacts/Android/il2cppOutput/cpp
Starting: /Applications/Tuanjie/Hub/Editor/2022.3.61t14/Tuanjie.app/Contents/Tools/netcorerun/netcorerun "/Applications/Tuanjie/Hub/Editor/2022.3.61t14/PlaybackEngines/AndroidPlayer/AndroidPlayerBuildProgram.exe" "/Applications/Tuanjie/Hub/Editor/2022.3.61t14/PlaybackEngines/AndroidPlayer/Bee:/Applications/Tuanjie/Hub/Editor/2022.3.61t14/Tuanjie.app/Contents/Tools/BuildPipeline" "Library/Bee/Player863ca9f3.dag.json" "Library/Bee/Player863ca9f3-inputdata.json" "Library/Bee/buildprogram0.traceevents"
WorkingDir: /Users/qinziqian/Documents/overcooked-like/game
ExitCode: 4 Duration: 6s210ms
ExitCode: 0 Duration: 0s769ms
Starting: /Applications/Tuanjie/Hub/Editor/2022.3.61t14/Tuanjie.app/Contents/bee_backend --dont-print-to-structured-log --ipc --dagfile="Library/Bee/Player863ca9f3.dag" --dagfilejson="Library/Bee/Player863ca9f3.dag.json" --profile="Library/Bee/backend2.traceevents" Player
WorkingDir: /Users/qinziqian/Documents/overcooked-like/game
Finished compiling graph: 582 nodes, 1474 flattened edges (1470 ToBuild, 4 ToUse), maximum node priority 296
[181/577    0s] C_Android_arm64 Library/Bee/artifacts/Android/d8kzr/kg42tchkoxwu.o
[182/577    0s] C_Android_arm64 Library/Bee/artifacts/Android/d8kzr/f84ybfbuffeq.o
[183/577    0s] C_Android_arm64 Library/Bee/artifacts/Android/d8kzr/tuln6rivarvd.o
[185/577    0s] C_Android_arm64 Library/Bee/artifacts/Android/d8kzr/zo30zyy87k15.o
[186/577    0s] C_Android_arm64 Library/Bee/artifacts/Android/d8kzr/6pyj82jz2zpk.o
[193/577    0s] C_Android_arm64 Library/Bee/artifacts/Android/d8kzr/07fj4qw6zaz0.o
[199/577    0s] C_Android_arm64 Library/Bee/artifacts/Android/d8kzr/5bq9nn3dn2mx.o
[204/577    0s] C_Android_arm64 Library/Bee/artifacts/Android/d8kzr/47z2qs1bsw4p.o
[205/577    0s] C_Android_arm64 Library/Bee/artifacts/Android/d8kzr/wzhicqwxwutt.o
[206/577    0s] C_Android_arm64 Library/Bee/artifacts/Android/d8kzr/f2i5ystuq92j.o
[208/577    0s] C_Android_arm64 Library/Bee/artifacts/Android/d8kzr/x7lezl3giwgs.o
[212/577    0s] C_Android_arm64 Library/Bee/artifacts/Android/d8kzr/qri0s8gz3j95.o
[216/577    0s] C_Android_arm64 Library/Bee/artifacts/Android/d8kzr/674ia4t9ttua.o
[217/577    0s] C_Android_arm64 Library/Bee/artifacts/Android/d8kzr/1o575gblevv7.o
[219/577    0s] C_Android_arm64 Library/Bee/artifacts/Android/d8kzr/50gx5abozaej.o
[220/577    0s] C_Android_arm64 Library/Bee/artifacts/Android/d8kzr/ygz2q3fq0hdm.o
[221/577    0s] C_Android_arm64 Library/Bee/artifacts/Android/d8kzr/rimh7b3l87h2.o
[223/577    0s] C_Android_arm64 Library/Bee/artifacts/Android/d8kzr/l7mrftta6zzz.o
[224/577    0s] C_Android_arm64 Library/Bee/artifacts/Android/d8kzr/zwyhkcuo48lh.o
[230/577    0s] C_Android_arm64 Library/Bee/artifacts/Android/d8kzr/qxtynwzm65qv.o
[231/577    0s] C_Android_arm64 Library/Bee/artifacts/Android/d8kzr/xlle6z6756iu.o
[232/577    0s] C_Android_arm64 Library/Bee/artifacts/Android/d8kzr/bq0bt0rc5vkf.o
[233/577    0s] C_Android_arm64 Library/Bee/artifacts/Android/d8kzr/jx3pjmkj58d0.o
[239/577    0s] C_Android_arm64 Library/Bee/artifacts/Android/d8kzr/fcda63h47wue.o
[242/577    0s] C_Android_arm64 Library/Bee/artifacts/Android/d8kzr/0g27hjlg9l91.o
[243/577    0s] C_Android_arm64 Library/Bee/artifacts/Android/d8kzr/wen8rs8kg4nc.o
[246/577    0s] C_Android_arm64 Library/Bee/artifacts/Android/d8kzr/8ag3dfhhx3p4.o
[247/577    0s] C_Android_arm64 Library/Bee/artifacts/Android/d8kzr/h1zc23flk1ur.o
[250/577    0s] C_Android_arm64 Library/Bee/artifacts/Android/d8kzr/s81vrx18xrys.o
[253/577    0s] C_Android_arm64 Library/Bee/artifacts/Android/d8kzr/nf9e318c0lfv.o
[261/577    0s] C_Android_arm64 Library/Bee/artifacts/Android/d8kzr/jznmc53k6pvd.o
[367/577    0s] C_Android_arm64 Library/Bee/artifacts/Android/d8kzr/mp9wmolxtidf.o
[380/577    0s] CopyFiles /Users/qinziqian/Documents/overcooked-like/game/Library/Bee/Android/Prj/IL2CPP/Il2CppBackup/il2cppOutput/UnityEngine.UI_CodeGen.c
[381/577    0s] CopyFiles /Users/qinziqian/Documents/overcooked-like/game/Library/Bee/Android/Prj/IL2CPP/Il2CppBackup/il2cppOutput/UnityEngine.TextRenderingModule_CodeGen.c
[382/577    0s] CopyFiles /Users/qinziqian/Documents/overcooked-like/game/Library/Bee/Android/Prj/IL2CPP/Il2CppBackup/il2cppOutput/UnityEngine.JSONSerializeModule_CodeGen.c
[384/577    0s] CopyFiles /Users/qinziqian/Documents/overcooked-like/game/Library/Bee/Android/Prj/IL2CPP/Il2CppBackup/il2cppOutput/Il2CppTypeDefinitions.c
[385/577    0s] CopyFiles /Users/qinziqian/Documents/overcooked-like/game/Library/Bee/Android/Prj/IL2CPP/Il2CppBackup/il2cppOutput/Mono.Security_CodeGen.c
[386/577    0s] CopyFiles /Users/qinziqian/Documents/overcooked-like/game/Library/Bee/Android/Prj/IL2CPP/Il2CppBackup/il2cppOutput/UnityEngine.UIModule_CodeGen.c
[387/577    0s] CopyFiles /Users/qinziqian/Documents/overcooked-like/game/Library/Bee/Android/Prj/IL2CPP/Il2CppBackup/il2cppOutput/System.Configuration_CodeGen.c
[388/577    0s] CopyFiles /Users/qinziqian/Documents/overcooked-like/game/Library/Bee/Android/Prj/IL2CPP/Il2CppBackup/il2cppOutput/Il2CppCCalculateTypeValues.cpp
[389/577    0s] CopyFiles /Users/qinziqian/Documents/overcooked-like/game/Library/Bee/Android/Prj/IL2CPP/Il2CppBackup/il2cppOutput/Il2CppGenericInstDefinitions.c
[391/577    0s] CopyFiles /Users/qinziqian/Documents/overcooked-like/game/Library/Bee/Android/Prj/IL2CPP/Il2CppBackup/il2cppOutput/UnityEngine.PhysicsModule_CodeGen.c
[393/577    0s] CopyFiles /Users/qinziqian/Documents/overcooked-like/game/Library/Bee/Android/Prj/IL2CPP/Il2CppBackup/il2cppOutput/Assembly-CSharp_CodeGen.c
[394/577    0s] CopyFiles /Users/qinziqian/Documents/overcooked-like/game/Library/Bee/Android/Prj/IL2CPP/Il2CppBackup/il2cppOutput/Il2CppGenericClassTable.c
[395/577    0s] CopyFiles /Users/qinziqian/Documents/overcooked-like/game/Library/Bee/artifacts/Android/il2cppOutput/build/arm64-v8a/Data/Metadata/global-metadata.dat
[396/577    0s] CopyFiles /Users/qinziqian/Documents/overcooked-like/game/Library/Bee/Android/Prj/IL2CPP/Il2CppBackup/il2cppOutput/Il2CppCCTypeValuesTable.cpp
[399/577    0s] CopyFiles /Users/qinziqian/Documents/overcooked-like/game/Library/Bee/Android/Prj/IL2CPP/Il2CppBackup/il2cppOutput/Il2CppMetadataRegistration.c
[400/577    0s] CopyFiles /Users/qinziqian/Documents/overcooked-like/game/Library/Bee/Android/Prj/IL2CPP/Il2CppBackup/il2cppOutput/Il2CppCCFieldValuesTable.cpp
[403/577    0s] CopyFiles /Users/qinziqian/Documents/overcooked-like/game/Library/Bee/Android/Prj/IL2CPP/Il2CppBackup/il2cppOutput/Il2CppGenericMethodDefinitions.c
[404/577    0s] CopyFiles /Users/qinziqian/Documents/overcooked-like/game/Library/Bee/Android/Prj/IL2CPP/Il2CppBackup/il2cppOutput/UnityEngine.CoreModule_CodeGen.c
[405/577    0s] CopyFiles /Users/qinziqian/Documents/overcooked-like/game/Library/Bee/Android/Prj/IL2CPP/Il2CppBackup/il2cppOutput/UnityEngine.CoreModule.cpp
[407/577    0s] CopyFiles /Users/qinziqian/Documents/overcooked-like/game/Library/Bee/Android/Prj/IL2CPP/Il2CppBackup/il2cppOutput/Il2CppCodeRegistration.cpp
[408/577    0s] CopyFiles /Users/qinziqian/Documents/overcooked-like/game/Library/Bee/Android/Prj/IL2CPP/Il2CppBackup/il2cppOutput/Il2CppGenericMethodTable.c
[409/577    0s] CopyFiles /Users/qinziqian/Documents/overcooked-like/game/Library/Bee/Android/Prj/IL2CPP/Il2CppBackup/il2cppOutput/UnityEngine.SharedInternalsModule_CodeGen.c
[410/577    0s] CopyFiles /Users/qinziqian/Documents/overcooked-like/game/Library/Bee/Android/Prj/IL2CPP/Il2CppBackup/il2cppOutput/UnityEngine.UnityWebRequestModule_CodeGen.c
[411/577    0s] CopyFiles /Users/qinziqian/Documents/overcooked-like/game/Library/Bee/Android/Prj/IL2CPP/Il2CppBackup/il2cppOutput/UnityEngine.ImageConversionModule_CodeGen.c
[413/577    0s] CopyFiles /Users/qinziqian/Documents/overcooked-like/game/Library/Bee/Android/Prj/IL2CPP/Il2CppBackup/il2cppOutput/System_CodeGen.c
[427/577    0s] CopyFiles /Users/qinziqian/Documents/overcooked-like/game/Library/Bee/Android/Prj/IL2CPP/Il2CppBackup/il2cppOutput/System.Core_CodeGen.c
[432/577    0s] CopyFiles /Users/qinziqian/Documents/overcooked-like/game/Library/Bee/Android/Prj/IL2CPP/Il2CppBackup/il2cppOutput/Il2CppMetadataUsage.c
[434/577    0s] CopyFiles /Users/qinziqian/Documents/overcooked-like/game/Library/Bee/Android/Prj/IL2CPP/Il2CppBackup/il2cppOutput/Assembly-CSharp__7.cpp
[435/577    0s] CopyFiles /Users/qinziqian/Documents/overcooked-like/game/Library/Bee/Android/Prj/IL2CPP/Il2CppBackup/il2cppOutput/Assembly-CSharp__5.cpp
[436/577    0s] CopyFiles /Users/qinziqian/Documents/overcooked-like/game/Library/Bee/Android/Prj/IL2CPP/Il2CppBackup/il2cppOutput/Assembly-CSharp__6.cpp
[441/577    0s] CopyFiles /Users/qinziqian/Documents/overcooked-like/game/Library/Bee/Android/Prj/IL2CPP/Il2CppBackup/il2cppOutput/Il2CppInvokerTable.cpp
[442/577    0s] CopyFiles /Users/qinziqian/Documents/overcooked-like/game/Library/Bee/Android/Prj/IL2CPP/Il2CppBackup/il2cppOutput/mscorlib_CodeGen.c
[445/577    0s] CopyFiles /Users/qinziqian/Documents/overcooked-like/game/Library/Bee/Android/Prj/IL2CPP/Il2CppBackup/il2cppOutput/Il2CppRgctxTable.c
[446/577    0s] CopyFiles /Users/qinziqian/Documents/overcooked-like/game/Library/Bee/Android/Prj/IL2CPP/Il2CppBackup/il2cppOutput/Assembly-CSharp.cpp
[447/577    0s] CopyFiles /Users/qinziqian/Documents/overcooked-like/game/Library/Bee/Android/Prj/IL2CPP/Il2CppBackup/il2cppOutput/System.Xml_CodeGen.c
[468/577    0s] CopyFiles /Users/qinziqian/Documents/overcooked-like/game/Library/Bee/artifacts/Android/il2cppOutput/build/arm64-v8a/Data/Resources/mscorlib.dll-resources.dat
[469/577    0s] CopyFiles /Users/qinziqian/Documents/overcooked-like/game/Library/Bee/Android/Prj/IL2CPP/Il2CppBackup/il2cppOutput/Il2CppCCalculateFieldValues.cpp
[474/577    0s] CopyFiles /Users/qinziqian/Documents/overcooked-like/game/Library/Bee/Android/Prj/IL2CPP/Il2CppBackup/il2cppOutput/UnityEngine.InputLegacyModule_CodeGen.c
[475/577    0s] CopyFiles /Users/qinziqian/Documents/overcooked-like/game/Library/Bee/Android/Prj/IL2CPP/Il2CppBackup/il2cppOutput/UnityEngine.AndroidJNIModule_CodeGen.c
[476/577    0s] CopyFiles /Users/qinziqian/Documents/overcooked-like/game/Library/Bee/Android/Prj/IL2CPP/Il2CppBackup/il2cppOutput/UnityEngine.PropertiesModule_CodeGen.c
[477/577    0s] CopyFiles /Users/qinziqian/Documents/overcooked-like/game/Library/Bee/Android/Prj/IL2CPP/Gradle/tuanjieLibrary/src/main/assets/bin/Data/Managed/Metadata/global-metadata.dat
[481/577    0s] CopyFiles /Users/qinziqian/Documents/overcooked-like/game/Library/Bee/Android/Prj/IL2CPP/Il2CppBackup/il2cppOutput/UnityEngine.IMGUIModule_CodeGen.c
[482/577    0s] CopyFiles /Users/qinziqian/Documents/overcooked-like/game/Library/Bee/Android/Prj/IL2CPP/Il2CppBackup/il2cppOutput/UnityEngine.AudioModule_CodeGen.c
[483/577    0s] CopyFiles /Users/qinziqian/Documents/overcooked-like/game/Library/Bee/Android/Prj/IL2CPP/Gradle/tuanjieLibrary/src/main/assets/bin/Data/Managed/Resources/mscorlib.dll-resources.dat
[508/577    0s] CopyFiles /Users/qinziqian/Documents/overcooked-like/game/Library/Bee/Android/Prj/IL2CPP/Il2CppBackup/Managed/icallsummary.txt
[559/577    0s] C_Android_arm64 Library/Bee/artifacts/Android/d8kzr/fedxzwulperc.o
[560/577    0s] C_Android_arm64 Library/Bee/artifacts/Android/d8kzr/rtwyfxxw82af.o
[561/577    0s] GuidGenerator /Users/qinziqian/Documents/overcooked-like/game/Library/Bee/Android/Prj/IL2CPP/Gradle/tuanjieLibrary/src/main/assets/bin/Data/unity_app_guid
[562/577    0s] C_Android_arm64 Library/Bee/artifacts/Android/d8kzr/aq4iov6y65rj.o
[563/577    1s] C_Android_arm64 Library/Bee/artifacts/Android/d8kzr/9hk23fq023a4.o
[564/577    1s] C_Android_arm64 Library/Bee/artifacts/Android/d8kzr/z0fm9mco2uue.o
[565/577    1s] C_Android_arm64 Library/Bee/artifacts/Android/d8kzr/o2geo6b3zfzk.o
[566/577    2s] C_Android_arm64 Library/Bee/artifacts/Android/d8kzr/91ozzi2n9pfy.o
[567/577    2s] C_Android_arm64 Library/Bee/artifacts/Android/d8kzr/zudnghkv0mqs.o
[568/577    0s] Link_Android_arm64 Library/Bee/artifacts/Android/d8kzr/libil2cpp.so
[569/577    0s] CopyFiles Library/Bee/artifacts/objcopy_5lmi/libil2cpp.dbg.so
[570/577    0s] CopyFiles /Users/qinziqian/Documents/overcooked-like/game/Library/Bee/artifacts/Android/il2cppOutput/build/arm64-v8a/libil2cpp.dbg.so
[571/577    0s] NdkObjCopy Library/Bee/artifacts/objcopy_5lmi/stripped/libil2cpp.so
[572/577    0s] NdkObjCopy Library/Bee/artifacts/objcopy_5lmi/libil2cpp.sym.so
[573/577    0s] CopyFiles /Users/qinziqian/Documents/overcooked-like/game/Library/Bee/artifacts/Android/il2cppOutput/build/arm64-v8a/libil2cpp.sym.so
[574/577    0s] NdkObjCopy Library/Bee/artifacts/objcopy_5lmi/libil2cpp.so
[575/577    0s] CopyFiles /Users/qinziqian/Documents/overcooked-like/game/Library/Bee/artifacts/Android/il2cppOutput/build/arm64-v8a/libil2cpp.so
[576/577    0s] CopyFiles /Users/qinziqian/Documents/overcooked-like/game/Library/Bee/Android/Prj/IL2CPP/Gradle/tuanjieLibrary/src/main/jniLibs/arm64-v8a/libil2cpp.so
*** Tundra build success (3.47 seconds), 95 items updated, 577 evaluated
Total cache size 14125764
Total cache size after purge 14125764
DisplayProgressbar: Calling IPostGenerateGradleAndroidProject callbacks
Calling IPostGenerateGradleAndroidProject callbacks on '/Users/qinziqian/Documents/overcooked-like/game/Library/Bee/Android/Prj/IL2CPP/Gradle/tuanjieLibrary':
Android PostProcess task "Calling IPostGenerateGradleAndroidProject callbacks" took 1.314 ms
Android PostProcess task "Cloud Diagnostics Symbol Upload" took 0.208 ms
DisplayProgressbar: Building Gradle project
ExitCode: 0 Duration: 3s591ms
Android PostProcess task "Building Gradle project" took 29267.5437 ms
DisplayProgressbar: Processing Mapping File
Android PostProcess task "Processing Mapping File" took 0.2874 ms
DisplayProgressbar: Moving output package(s)
Android PostProcess task "Moving output package(s)" took 8.0402 ms
Refreshing native plugins compatible for Editor in 8.07 ms, found 7 plugins.
Preloading 0 native plugins for Editor in 0.00 ms.

-------------------------------------------------------------------------------
Build Report
Information on used Assets is not available, since player data was not rebuilt.
Do a clean build to view the Asset build report information.
-------------------------------------------------------------------------------
Unloading 3 Unused Serialized files (Serialized files now loaded: 0)
Unloading 62 unused Assets / (0.6 MB). Loaded Objects now: 982.
Memory consumption went from 123.5 MB to 122.9 MB.
Total: 4.384041 ms (FindLiveObjects: 0.058667 ms CreateObjectMapping: 0.014333 ms MarkObjects: 3.666834 ms  DeleteObjects: 0.643542 ms)

Build Finished, Result: Success.
Launching external process: /Applications/Tuanjie/Hub/Editor/2022.3.61t14/Tuanjie.app/Contents/il2cpp/build/deploy/Analytics
##utp:{"type":"PlayerBuildInfo","version":2,"phase":"Immediate","time":1791123714191,"processId":6485,"steps":[{"description":"Preprocess Player","duration":62},{"description":"Prepare For Build","duration":5062},{"description":"ProducePlayerScriptAssemblies","duration":2115},{"description":"Verify Build setup","duration":54},{"description":"Prepare assets for target platform","duration":70},{"description":"Prepare splash screen","duration":1},{"description":"Run script only build","duration":17},{"description":"Postprocess built player","duration":39979}],"duration":47360}
Unloading 0 Unused Serialized files (Serialized files now loaded: 0)
Loaded scene 'Temp/__Backupscenes/0.backup'
	Deserialize:            0.671 ms
	Integration:            3.697 ms
	Integration of assets:  0.001 ms
	Thread Wait Time:       0.011 ms
	Total Operation Time:   4.379 ms
Unloading 0 unused Assets / (Unknown). Loaded Objects now: 982.
Memory consumption went from 121.4 MB to 121.4 MB.
Total: 2.975625 ms (FindLiveObjects: 0.043709 ms CreateObjectMapping: 0.012125 ms MarkObjects: 2.916375 ms  DeleteObjects: 0.003166 ms)

PALM_BAY_ANDROID_READY path=Builds/PalmBay.apk scenes=3
UnityEngine.StackTraceUtility:ExtractStackTrace () (at /Users/bokken/build/output/dev/tj/Runtime/Export/Scripting/StackTrace.cs:37)
UnityEngine.DebugLogHandler:LogFormat (UnityEngine.LogType,UnityEngine.Object,string,object[])
UnityEngine.Logger:Log (UnityEngine.LogType,object)
UnityEngine.Debug:Log (object)
DemoBuilder:BuildAndroid () (at Assets/Editor/DemoBuilder.cs:125)

(Filename: Assets/Editor/DemoBuilder.cs Line: 125)

Batchmode quit successfully invoked - shutting down!
Killing ADB server in 0.027111 seconds.
Thread 0x16fbfb000 may have been prematurely finalized
Input System module state changed to: ShutdownInProgress.
Input System polling thread exited.
Input System module state changed to: Shutdown.
[Licensing::IpcConnector] License Notification channel disconnected successfully.
[Licensing::IpcConnector] License Client channel disconnected successfully.
Shutting down server...
Thread 0x17005b000 may have been prematurely finalized
[40m[32minfo[39m[22m[49m: Microsoft.Hosting.Lifetime[0]
      Application is shutting down...
Cleanup mono
debugger-agent: Unable to listen on 53
[Performance] Application.InitializeProject                                                                                   :        1 samples, Peak.  7.70 s (1.0x), Avg.  7.70 s, Total. 7.696 s (13.1%)
[Performance] Application.PackageManager.StartServer                                                                          :        1 samples, Peak.  1.90 ms (1.0x), Avg.  1.90 ms, Total. 1.896 ms (0.0%)
[Performance] Application.AcquireProjectLock                                                                                  :        1 samples, Peak.  3.22 ms (1.0x), Avg.  3.22 ms, Total. 3.218 ms (0.0%)
[Performance] Application.InitializeEngineNoGraphics                                                                          :        1 samples, Peak.   164 ms (1.0x), Avg.   164 ms, Total. 163.7 ms (0.3%)
[Performance] Application.PackageManager.Initialize                                                                           :        1 samples, Peak.   370 ms (1.0x), Avg.   370 ms, Total. 370.3 ms (0.6%)
[Performance] Connecting to Package Manager                                                                                   :       38 samples, Peak.  58.2 us (34.3x), Avg.  1.70 us, Total. 64.41 us (0.0%)
[Performance] PackageManager::Api::RunRequestSynchronously                                                                    :       12 samples, Peak.  8.75 us (3.3x), Avg.  2.65 us, Total. 31.83 us (0.0%)
[Performance] Application.EngineGraphics.Initialize                                                                           :        1 samples, Peak.  26.7 ms (1.0x), Avg.  26.7 ms, Total. 26.66 ms (0.0%)
[Performance] Application.GI.Initialize                                                                                       :        1 samples, Peak.   635 us (1.0x), Avg.   635 us, Total. 634.8 us (0.0%)
[Performance] Application.LoadAllDefaultResourcesFromEditor                                                                   :        1 samples, Peak.  1.31 ms (1.0x), Avg.  1.31 ms, Total. 1.309 ms (0.0%)
[Performance] Application.LoadMonoAssemblies                                                                                  :        1 samples, Peak.   737 ms (1.0x), Avg.   737 ms, Total. 737.5 ms (1.3%)
[Performance] RestoreManagedReferences                                                                                        :        2 samples, Peak.  46.9 ms (2.0x), Avg.  23.4 ms, Total. 46.88 ms (0.1%)
[Performance] InitializeOnLoad BuildProfileHelperManager                                                                      :        2 samples, Peak.  71.9 ms (1.9x), Avg.  38.4 ms, Total. 76.77 ms (0.1%)
[Performance] InitializeOnLoad SceneSearch                                                                                    :        2 samples, Peak.  98.2 us (1.2x), Avg.  84.8 us, Total. 169.6 us (0.0%)
[Performance] InitializeOnLoad DrivenRectTransformUndo                                                                        :        2 samples, Peak.   184 us (1.1x), Avg.   165 us, Total. 329.2 us (0.0%)
[Performance] InitializeOnLoad EditMode                                                                                       :        2 samples, Peak.   212 us (1.1x), Avg.   194 us, Total. 388.8 us (0.0%)
[Performance] InitializeOnLoad PlayModeDownload                                                                               :        2 samples, Peak.   516 us (1.8x), Avg.   289 us, Total. 579.0 us (0.0%)
[Performance] InitializeOnLoad ShortcutIntegration                                                                            :        2 samples, Peak.  38.8 us (1.2x), Avg.  33.3 us, Total. 66.50 us (0.0%)
[Performance] InitializeOnLoad ManagedDebuggerWindow                                                                          :        2 samples, Peak.   427 us (1.0x), Avg.   407 us, Total. 814.7 us (0.0%)
[Performance] InitializeOnLoad MenuItems                                                                                      :        2 samples, Peak.   188 us (1.1x), Avg.   171 us, Total. 342.9 us (0.0%)
[Performance] InitializeOnLoad ConsoleEntrance                                                                                :        2 samples, Peak.   220 us (1.0x), Avg.   211 us, Total. 422.5 us (0.0%)
[Performance] InitializeOnLoad MixerEffectDefinitionReloader                                                                  :        2 samples, Peak.  1.56 ms (1.2x), Avg.  1.26 ms, Total. 2.526 ms (0.0%)
[Performance] InitializeOnLoad SearchService                                                                                  :        2 samples, Peak.  64.2 us (1.0x), Avg.  61.7 us, Total. 123.4 us (0.0%)
[Performance] InitializeOnLoad CloudBuild                                                                                     :        2 samples, Peak.  2.54 us (1.2x), Avg.  2.06 us, Total. 4.125 us (0.0%)
[Performance] InitializeOnLoad PrefabInstanceChangedListener                                                                  :        2 samples, Peak.  87.5 us (1.1x), Avg.  79.4 us, Total. 158.8 us (0.0%)
[Performance] InitializeOnLoad ManagedDebugger                                                                                :        2 samples, Peak.   292 ns (1.2x), Avg.   250 ns, Total. 500.0 ns (0.0%)
[Performance] InitializeOnLoad AssetStoreContext                                                                              :        2 samples, Peak.  15.0 ms (1.7x), Avg.  8.61 ms, Total. 17.23 ms (0.0%)
[Performance] InitializeOnLoad NativeFormatImporterUtility                                                                    :        2 samples, Peak.  1.68 ms (1.2x), Avg.  1.43 ms, Total. 2.869 ms (0.0%)
[Performance] InitializeOnLoad ObjectSelectorSearch                                                                           :        2 samples, Peak.  42.7 us (1.3x), Avg.  33.5 us, Total. 67.08 us (0.0%)
[Performance] InitializeOnLoad CacheServerWindow                                                                              :        2 samples, Peak.  13.6 us (1.3x), Avg.  10.8 us, Total. 21.63 us (0.0%)
[Performance] InitializeOnLoad PoolManager                                                                                    :        2 samples, Peak.  32.3 us (1.0x), Avg.  32.3 us, Total. 64.67 us (0.0%)
[Performance] InitializeOnLoad UISystemProfilerRenderService                                                                  :        2 samples, Peak.  6.58 us (1.1x), Avg.  6.21 us, Total. 12.42 us (0.0%)
[Performance] InitializeOnLoad ProfilerConnectionPopupWindow                                                                  :        2 samples, Peak.  15.9 us (1.0x), Avg.  15.9 us, Total. 31.79 us (0.0%)
[Performance] InitializeOnLoad ProjectSearch                                                                                  :        2 samples, Peak.  29.5 us (1.3x), Avg.  23.4 us, Total. 46.75 us (0.0%)
[Performance] InitializeOnLoad TuanjiePathAndNameFix                                                                          :        2 samples, Peak.   102 us (1.0x), Avg.   101 us, Total. 201.3 us (0.0%)
[Performance] InitializeOnLoad UnityConnect                                                                                   :        2 samples, Peak.   459 ns (1.4x), Avg.   334 ns, Total. 668.0 ns (0.0%)
[Performance] InitializeOnLoad WindowLayout                                                                                   :        2 samples, Peak.  24.0 us (1.0x), Avg.  24.0 us, Total. 47.92 us (0.0%)
[Performance] InitializeOnLoad SettingsService                                                                                :        2 samples, Peak.  7.96 us (1.1x), Avg.  7.17 us, Total. 14.33 us (0.0%)
[Performance] InitializeOnLoad AddComponentWindow                                                                             :        2 samples, Peak.  65.7 us (1.0x), Avg.  64.8 us, Total. 129.7 us (0.0%)
[Performance] InitializeOnLoad EditorMonitor                                                                                  :        2 samples, Peak.   482 us (1.2x), Avg.   415 us, Total. 830.5 us (0.0%)
[Performance] InitializeOnLoad RetainedMode                                                                                   :        2 samples, Peak.  1.57 ms (1.0x), Avg.  1.50 ms, Total. 3.009 ms (0.0%)
[Performance] InitializeOnLoad EditorShaderLoader                                                                             :        2 samples, Peak.   463 us (1.1x), Avg.   419 us, Total. 838.8 us (0.0%)
[Performance] InitializeOnLoad EditorDelegateRegistration                                                                     :        2 samples, Peak.   365 us (1.1x), Avg.   340 us, Total. 680.4 us (0.0%)
[Performance] InitializeOnLoad UIDocumentHierarchyWatcher                                                                     :        2 samples, Peak.  44.7 us (1.0x), Avg.  44.2 us, Total. 88.38 us (0.0%)
[Performance] InitializeOnLoad LiveReloadTrackerCreator                                                                       :        2 samples, Peak.   132 us (1.1x), Avg.   117 us, Total. 233.2 us (0.0%)
[Performance] InitializeOnLoad UxmlObjectEditorFactories                                                                      :        2 samples, Peak.   374 us (1.1x), Avg.   333 us, Total. 666.7 us (0.0%)
[Performance] InitializeOnLoad UXMLEditorFactories                                                                            :        2 samples, Peak.  37.2 ms (1.0x), Avg.  35.6 ms, Total. 71.15 ms (0.1%)
[Performance] InitializeOnLoad PurchasingService                                                                              :        2 samples, Peak.  5.21 ms (1.1x), Avg.  4.74 ms, Total. 9.476 ms (0.0%)
[Performance] InitializeOnLoad CloudBuildPoller                                                                               :        2 samples, Peak.  73.4 us (1.1x), Avg.  69.8 us, Total. 139.6 us (0.0%)
[Performance] InitializeOnLoad EditorGameServicesAnalytics                                                                    :        2 samples, Peak.   859 us (1.3x), Avg.   682 us, Total. 1.364 ms (0.0%)
[Performance] InitializeOnLoad AnalyticsService                                                                               :        2 samples, Peak.   112 us (1.0x), Avg.   108 us, Total. 216.1 us (0.0%)
[Performance] InitializeOnLoad BuildService                                                                                   :        2 samples, Peak.   102 us (1.0x), Avg.  98.7 us, Total. 197.4 us (0.0%)
[Performance] InitializeOnLoad AdsService                                                                                     :        2 samples, Peak.   244 us (1.0x), Avg.   234 us, Total. 467.0 us (0.0%)
[Performance] InitializeOnLoad UDPService                                                                                     :        2 samples, Peak.  93.1 us (1.0x), Avg.  89.7 us, Total. 179.4 us (0.0%)
[Performance] InitializeOnLoad CrashService                                                                                   :        2 samples, Peak.   101 us (1.1x), Avg.  93.2 us, Total. 186.4 us (0.0%)
[Performance] InitializeOnLoad ServicesRepository                                                                             :        2 samples, Peak.  1.42 us (1.7x), Avg.   812 ns, Total. 1.624 us (0.0%)
[Performance] InitializeOnLoad SearchWindow                                                                                   :        2 samples, Peak.   112 us (1.2x), Avg.  94.6 us, Total. 189.2 us (0.0%)
[Performance] InitializeOnLoad CustomIndexers                                                                                 :        2 samples, Peak.  13.0 ms (1.1x), Avg.  11.8 ms, Total. 23.59 ms (0.0%)
[Performance] InitializeOnLoad SearchMonitor                                                                                  :        2 samples, Peak.   621 us (1.1x), Avg.   571 us, Total. 1.141 ms (0.0%)
[Performance] InitializeOnLoad ParameterControllerEditor                                                                      :        2 samples, Peak.  19.9 us (1.3x), Avg.  15.0 us, Total. 29.96 us (0.0%)
[Performance] InitializeOnLoad LayerSettingsWindow                                                                            :        2 samples, Peak.  18.0 us (1.7x), Avg.  10.6 us, Total. 21.13 us (0.0%)
[Performance] InitializeOnLoad PackageManagerHookGUIDConverter.RegisterPackagesEventHandler                                   :        2 samples, Peak.   524 us (1.8x), Avg.   290 us, Total. 579.2 us (0.0%)
[Performance] InitializeOnLoad EditorDragAndDrop.RegisterEditorClient                                                         :        2 samples, Peak.   129 us (1.0x), Avg.   128 us, Total. 255.5 us (0.0%)
[Performance] InitializeOnLoad EditorEventCallbacks.InitializeFontAssetResourceChangeCallBacks                                :        2 samples, Peak.   707 us (1.1x), Avg.   643 us, Total. 1.286 ms (0.0%)
[Performance] InitializeOnLoad SceneTemplateService.Init                                                                      :        2 samples, Peak.   720 us (1.0x), Avg.   720 us, Total. 1.440 ms (0.0%)
[Performance] InitializeOnLoad DiagnosticSwitchesConsoleMessage.Init                                                          :        2 samples, Peak.  2.26 ms (1.5x), Avg.  1.46 ms, Total. 2.923 ms (0.0%)
[Performance] InitializeOnLoad EditorWindow.Initialize                                                                        :        2 samples, Peak.   155 us (1.1x), Avg.   142 us, Total. 283.7 us (0.0%)
[Performance] InitializeOnLoad MemoryProfilerCompilationGuard.InjectCompileGuard                                              :        2 samples, Peak.  94.7 us (1.1x), Avg.  87.1 us, Total. 174.2 us (0.0%)
[Performance] InitializeOnLoad ToolShortcutContext.Init                                                                       :        2 samples, Peak.  63.7 us (1.0x), Avg.  62.6 us, Total. 125.3 us (0.0%)
[Performance] InitializeOnLoad SceneVisibilityManager.Initialize                                                              :        2 samples, Peak.  2.20 ms (1.6x), Avg.  1.34 ms, Total. 2.687 ms (0.0%)
[Performance] InitializeOnLoad AssetPostprocessingInternal.RefreshCustomDependencies                                          :        2 samples, Peak.  2.17 ms (1.2x), Avg.  1.82 ms, Total. 3.631 ms (0.0%)
[Performance] InitializeOnLoad SysrootManager.Initialize                                                                      :        2 samples, Peak.   287 us (1.0x), Avg.   279 us, Total. 558.4 us (0.0%)
[Performance] InitializeOnLoad ScopedRegistryAddedPopup.SubscribeToRegistriesAdded                                            :        2 samples, Peak.   111 us (1.2x), Avg.  92.8 us, Total. 185.7 us (0.0%)
[Performance] InitializeOnLoad PackageManagerWindow.EditorInitializedInSafeMode                                               :        2 samples, Peak.  64.8 us (1.6x), Avg.  41.2 us, Total. 82.37 us (0.0%)
[Performance] AssemblyReloadEvents.afterAssemblyReload: UnityEditor.PackageManager.TuanjiePathAndNameFix.FixTuanjieNameOrPath :        2 samples, Peak.  2.24 ms (1.2x), Avg.  1.92 ms, Total. 3.831 ms (0.0%)
[Performance] AssemblyReloadEvents.afterAssemblyReload: UnityEditor.SceneTemplate.SceneTemplateService.AfterAssemblyReload    :        2 samples, Peak.  2.22 ms (1.9x), Avg.  1.20 ms, Total. 2.396 ms (0.0%)
[Performance] ProcessService.EditorAfterLoadAllAssemblies                                                                     :        2 samples, Peak.   222 us (1.0x), Avg.   214 us, Total. 428.9 us (0.0%)
[Performance] Application.ReadLicenseInfo                                                                                     :        1 samples, Peak.  28.4 ms (1.0x), Avg.  28.4 ms, Total. 28.45 ms (0.0%)
[Performance] Application.InitialRefresh                                                                                      :        1 samples, Peak.  5.02 s (1.0x), Avg.  5.02 s, Total. 5.025 s (8.5%)
[Performance] Compiling Scripts                                                                                               :        1 samples, Peak.  4.02 s (1.0x), Avg.  4.02 s, Total. 4.015 s (6.8%)
[Performance] AssemblyReloadEvents.beforeAssemblyReload: UnityEditor.SceneTemplate.SceneTemplateService.BeforeAssemblyReload  :        1 samples, Peak.   315 us (1.0x), Avg.   315 us, Total. 315.4 us (0.0%)
[Performance] InitializeOnLoad M3ReplayFailureCapture                                                                         :        1 samples, Peak.  92.3 us (1.0x), Avg.  92.3 us, Total. 92.29 us (0.0%)
[Performance] InitializeOnLoad M3FuelPlaytest                                                                                 :        1 samples, Peak.   129 us (1.0x), Avg.   129 us, Total. 129.0 us (0.0%)
[Performance] InitializeOnLoad M7IdentityReview                                                                               :        1 samples, Peak.  33.4 us (1.0x), Avg.  33.4 us, Total. 33.37 us (0.0%)
[Performance] InitializeOnLoad M6ResultsCapture                                                                               :        1 samples, Peak.  30.0 us (1.0x), Avg.  30.0 us, Total. 29.96 us (0.0%)
[Performance] InitializeOnLoad MacVideoShareBuilder                                                                           :        1 samples, Peak.  69.0 us (1.0x), Avg.  69.0 us, Total. 69.04 us (0.0%)
[Performance] InitializeOnLoad MainLoopPlaytest                                                                               :        1 samples, Peak.  25.6 us (1.0x), Avg.  25.6 us, Total. 25.58 us (0.0%)
[Performance] InitializeOnLoad M2LobbyCapture                                                                                 :        1 samples, Peak.  30.2 us (1.0x), Avg.  30.2 us, Total. 30.17 us (0.0%)
[Performance] InitializeOnLoad NetPlaytest                                                                                    :        1 samples, Peak.  93.0 us (1.0x), Avg.  93.0 us, Total. 92.96 us (0.0%)
[Performance] InitializeOnLoad M4CoopCapture                                                                                  :        1 samples, Peak.   463 us (1.0x), Avg.   463 us, Total. 462.8 us (0.0%)
[Performance] InitializeOnLoad M1ReviewCapture                                                                                :        1 samples, Peak.  31.0 us (1.0x), Avg.  31.0 us, Total. 31.00 us (0.0%)
[Performance] InitializeOnLoad CodelyToolbar                                                                                  :        1 samples, Peak.  81.8 us (1.0x), Avg.  81.8 us, Total. 81.79 us (0.0%)
[Performance] InitializeOnLoad CodelyLayoutInstaller                                                                          :        1 samples, Peak.  36.1 us (1.0x), Avg.  36.1 us, Total. 36.08 us (0.0%)
[Performance] InitializeOnLoad SelectionChangedNotifier                                                                       :        1 samples, Peak.  60.7 us (1.0x), Avg.  60.7 us, Total. 60.75 us (0.0%)
[Performance] InitializeOnLoad UnityTcpBridge                                                                                 :        1 samples, Peak.   275 us (1.0x), Avg.   275 us, Total. 275.0 us (0.0%)
[Performance] InitializeOnLoad BridgeUpdateRestartPrompt                                                                      :        1 samples, Peak.  30.9 us (1.0x), Avg.  30.9 us, Total. 30.92 us (0.0%)
[Performance] InitializeOnLoad TmpEssentialsAutoImporter                                                                      :        1 samples, Peak.  32.8 us (1.0x), Avg.  32.8 us, Total. 32.75 us (0.0%)
[Performance] InitializeOnLoad NativeDllLoader                                                                                :        1 samples, Peak.   340 us (1.0x), Avg.   340 us, Total. 340.1 us (0.0%)
[Performance] InitializeOnLoad DialogWatcher                                                                                  :        1 samples, Peak.   659 us (1.0x), Avg.   659 us, Total. 659.1 us (0.0%)
[Performance] InitializeOnLoad StepJobRunner                                                                                  :        1 samples, Peak.  2.31 ms (1.0x), Avg.  2.31 ms, Total. 2.306 ms (0.0%)
[Performance] InitializeOnLoad ManageWindowBridge                                                                             :        1 samples, Peak.   447 us (1.0x), Avg.   447 us, Total. 447.4 us (0.0%)
[Performance] InitializeOnLoad PrefabLayoutRebuilder                                                                          :        1 samples, Peak.   127 us (1.0x), Avg.   127 us, Total. 127.4 us (0.0%)
[Performance] InitializeOnLoad ManageScreenshot.ScheduleStaleCaptureWindowCleanup                                             :        1 samples, Peak.  1.53 ms (1.0x), Avg.  1.53 ms, Total. 1.532 ms (0.0%)
[Performance] InitializeOnLoad ManageInput.Initialize                                                                         :        1 samples, Peak.   103 us (1.0x), Avg.   103 us, Total. 103.1 us (0.0%)
[Performance] InitializeOnLoad NativeWindowBridgeHost.OnDomainReload                                                          :        1 samples, Peak.  3.58 ms (1.0x), Avg.  3.58 ms, Total. 3.578 ms (0.0%)
[Performance] InitializeOnLoad DrillWindow.AutoOpenOnLoadIfDrillIncomplete                                                    :        1 samples, Peak.  1.04 ms (1.0x), Avg.  1.04 ms, Total. 1.039 ms (0.0%)
[Performance] InitializeOnLoad CodelyWindow.RegisterReloadEvents                                                              :        1 samples, Peak.   300 us (1.0x), Avg.   300 us, Total. 300.3 us (0.0%)
[Performance] InitializeOnLoad CodelyLogger.Init                                                                              :        1 samples, Peak.  45.1 us (1.0x), Avg.  45.1 us, Total. 45.12 us (0.0%)
[Performance] DidReloadScriptsAdvancedDropdownWindow.OnScriptReload                                                           :        1 samples, Peak.   138 us (1.0x), Avg.   138 us, Total. 138.2 us (0.0%)
[Performance] PresetManagerPostProcessor.OnPreprocessAsset                                                                    :        4 samples, Peak.   189 us (2.1x), Avg.  92.1 us, Total. 368.4 us (0.0%)
[Performance] CancelSplashScreenOnAssetChange.OnPreprocessAsset                                                               :        4 samples, Peak.  90.1 us (3.8x), Avg.  23.9 us, Total. 95.67 us (0.0%)
[Performance] AssetDatabase.ImportAssets                                                                                      :        6 samples, Peak.  27.9 ms (6.0x), Avg.  4.65 ms, Total. 27.90 ms (0.0%)
[Performance] VersionControl.Task.Wait                                                                                        :        1 samples, Peak.  8.54 us (1.0x), Avg.  8.54 us, Total. 8.542 us (0.0%)
[Performance] BuilderAssetPostprocessor.OnPostprocessAllAssets                                                                :        4 samples, Peak.  2.24 ms (2.0x), Avg.  1.11 ms, Total. 4.442 ms (0.0%)
[Performance] ArtifactBrowserPostProcessor.OnPostprocessAllAssets                                                             :        4 samples, Peak.   326 us (2.0x), Avg.   164 us, Total. 654.8 us (0.0%)
[Performance] AssetEvents.OnPostprocessAllAssets                                                                              :        8 samples, Peak.   111 us (3.1x), Avg.  36.0 us, Total. 288.2 us (0.0%)
[Performance] AudioMixerPostprocessor.OnPostprocessAllAssets                                                                  :        4 samples, Peak.   173 us (2.0x), Avg.  87.0 us, Total. 348.2 us (0.0%)
[Performance] DomainReloadPostprocessor.OnPostprocessAllAssets                                                                :        4 samples, Peak.  1.25 ms (2.0x), Avg.   631 us, Total. 2.524 ms (0.0%)
[Performance] StyleCatalogPostProcessor.OnPostprocessAllAssets                                                                :        4 samples, Peak.  12.6 ms (2.0x), Avg.  6.29 ms, Total. 25.16 ms (0.0%)
[Performance] BuildCatalog                                                                                                    :        1 samples, Peak.  11.9 ms (1.0x), Avg.  11.9 ms, Total. 11.89 ms (0.0%)
[Performance] ModelImporterPostProcessor.OnPostprocessAllAssets                                                               :        4 samples, Peak.   631 us (2.0x), Avg.   323 us, Total. 1.294 ms (0.0%)
[Performance] RetainedModeAssetPostprocessor.OnPostprocessAllAssets                                                           :        4 samples, Peak.  1.46 ms (2.0x), Avg.   733 us, Total. 2.933 ms (0.0%)
[Performance] AssetChangedListener.OnPostprocessAllAssets                                                                     :        4 samples, Peak.  1.22 ms (1.7x), Avg.   711 us, Total. 2.843 ms (0.0%)
[Performance] SpeedTreePostProcessor.OnPostprocessAllAssets                                                                   :        4 samples, Peak.   151 us (1.9x), Avg.  78.1 us, Total. 312.3 us (0.0%)
[Performance] TextAssetPostProcessor.OnPostprocessAllAssets                                                                   :        4 samples, Peak.   276 us (2.0x), Avg.   141 us, Total. 562.5 us (0.0%)
[Performance] SyncVS.PostprocessSyncProject                                                                                   :        2 samples, Peak.   873 us (2.0x), Avg.   439 us, Total. 877.1 us (0.0%)
[Performance] Application.ImportPackagesAndSetTemplateWhenCreatingProject                                                     :        1 samples, Peak.  18.0 ms (1.0x), Avg.  18.0 ms, Total. 18.00 ms (0.0%)
[Performance] Application.SyncCurrentColorSpace                                                                               :        1 samples, Peak.   110 ms (1.0x), Avg.   110 ms, Total. 110.0 ms (0.2%)
[Performance] Application.OnUsbDevicesChanged                                                                                 :        1 samples, Peak.  80.5 us (1.0x), Avg.  80.5 us, Total. 80.46 us (0.0%)
[Performance] Application.AssetInstanceCacheUpdate                                                                            :        1 samples, Peak.   208 ns (1.0x), Avg.   208 ns, Total. 208.0 ns (0.0%)
[Performance] Application.UnityExtensions.Initialize                                                                          :        1 samples, Peak.   885 us (1.0x), Avg.   885 us, Total. 885.3 us (0.0%)
[Performance] CodeEditorProjectSync.SyncEditorProject                                                                         :        1 samples, Peak.  46.8 us (1.0x), Avg.  46.8 us, Total. 46.75 us (0.0%)
[Performance] Application.ExecuteStartups                                                                                     :        1 samples, Peak.  48.7 ms (1.0x), Avg.  48.7 ms, Total. 48.69 ms (0.1%)
[Performance] Menu.RegisterMenuInterface                                                                                      :       26 samples, Peak.   375 ns (3.0x), Avg.   123 ns, Total. 3.207 us (0.0%)
[Performance] Gizmo.RebuildRenderers                                                                                          :        2 samples, Peak.  43.3 ms (1.5x), Avg.  28.4 ms, Total. 56.77 ms (0.1%)
[Performance] Gizmo.AddGizmoRenderers                                                                                         :       68 samples, Peak.  1.33 ms (45.3x), Avg.  29.4 us, Total. 2.000 ms (0.0%)
[Performance] Application.editorInitializingProject                                                                           :        1 samples, Peak.   798 us (1.0x), Avg.   798 us, Total. 798.4 us (0.0%)
[Performance] Application.InitializeMenu                                                                                      :        1 samples, Peak.  32.5 ms (1.0x), Avg.  32.5 ms, Total. 32.51 ms (0.1%)
[Performance] Menu.RebuildAll                                                                                                 :        1 samples, Peak.  32.5 ms (1.0x), Avg.  32.5 ms, Total. 32.50 ms (0.1%)
[Performance] Menu.BuildRegisteredMenuInterfaces                                                                              :        1 samples, Peak.  29.7 ms (1.0x), Avg.  29.7 ms, Total. 29.74 ms (0.1%)
[Performance] Menu.FilterMenuItem                                                                                             :      494 samples, Peak.  14.5 ms (490.4x), Avg.  29.6 us, Total. 14.63 ms (0.0%)
[Performance] UpdateAllMenus                                                                                                  :        1 samples, Peak.   353 us (1.0x), Avg.   353 us, Total. 352.6 us (0.0%)
[Performance] EditorSceneManager.sceneClosing: UnityEditor.SceneVisibilityManager.EditorSceneManagerOnSceneClosing            :        2 samples, Peak.   167 us (1.9x), Avg.  86.3 us, Total. 172.7 us (0.0%)
[Performance] GUIView.RepaintAll.PlayerLoopController                                                                         :        2 samples, Peak.  4.17 us (1.8x), Avg.  2.35 us, Total. 4.709 us (0.0%)
[Performance] EditorSceneManager.newSceneCreated: UnityEditor.SceneTemplate.SceneTemplateService.OnNewSceneCreated            :        1 samples, Peak.   158 us (1.0x), Avg.   158 us, Total. 158.1 us (0.0%)
[Performance] EditorSceneManager.newSceneCreated: UnityEditor.SceneVisibilityManager.EditorSceneManagerOnNewSceneCreated      :        1 samples, Peak.  97.6 us (1.0x), Avg.  97.6 us, Total. 97.63 us (0.0%)
[Performance] EditorSceneManager.newSceneCreated: UnityEditor.SceneManagement.StageNavigationManager.OnNewSceneCreated        :        1 samples, Peak.  32.1 us (1.0x), Avg.  32.1 us, Total. 32.12 us (0.0%)
[Performance] Application.InvokeFinishedLoadingProject                                                                        :        1 samples, Peak.  5.69 ms (1.0x), Avg.  5.69 ms, Total. 5.693 ms (0.0%)
[Performance] ProcessService.OnProjectLoaded                                                                                  :        1 samples, Peak.  27.5 us (1.0x), Avg.  27.5 us, Total. 27.50 us (0.0%)
[Performance] BuilderAssetModificationProcessor.OnWillSaveAssets                                                              :        3 samples, Peak.   220 us (2.8x), Avg.  77.9 us, Total. 233.8 us (0.0%)
[Performance] TerrainModificationProcessor.OnWillSaveAssets                                                                   :        3 samples, Peak.   368 us (3.0x), Avg.   124 us, Total. 373.1 us (0.0%)
[Performance] Inspector.InitOrRebuild                                                                                         :        2 samples, Peak.   251 us (1.2x), Avg.   203 us, Total. 406.4 us (0.0%)
[Performance] Application.Message                                                                                             :      100 samples, Peak.  5.71 us (23.8x), Avg.   240 ns, Total. 23.96 us (0.0%)
[Performance] Application.Idle                                                                                                :      100 samples, Peak.  3.78 ms (1.0x), Avg.  3.60 ms, Total. 360.4 ms (0.6%)
[Performance] GenerateAssemblyTypeInfos                                                                                       :        2 samples, Peak.  17.8 ms (1.7x), Avg.  10.5 ms, Total. 20.92 ms (0.0%)
[Performance] AssetDatabase.Refresh                                                                                           :        1 samples, Peak.  36.6 ms (1.0x), Avg.  36.6 ms, Total. 36.63 ms (0.1%)
[Performance] EditorApplication.quitting: UnityTcp.Editor.Native.NativeDllLoader.OnEditorQuitting                             :        1 samples, Peak.   171 us (1.0x), Avg.   171 us, Total. 171.1 us (0.0%)
[Performance] EditorApplication.quitting: UnityTcp.Editor.Tools.ManageWindowBridge.OnEditorQuitting                           :        1 samples, Peak.  42.9 ms (1.0x), Avg.  42.9 ms, Total. 42.94 ms (0.1%)
[Performance] EditorApplication.quitting: UnityTcp.Editor.Tools.ManageScreenshot.CleanupRecordingBeforeDomainExit             :        1 samples, Peak.  31.7 us (1.0x), Avg.  31.7 us, Total. 31.71 us (0.0%)
[Performance] EditorApplication.quitting: Cn.Tuanjie.Codely.Editor.CodelyWindow.OnEditorQuitting                              :        1 samples, Peak.   549 us (1.0x), Avg.   549 us, Total. 548.9 us (0.0%)
[Performance] EditorApplication.quitting: callback in UnityEditor.TextCore.Text.EditorEventCallbacks                          :        1 samples, Peak.  2.37 ms (1.0x), Avg.  2.37 ms, Total. 2.367 ms (0.0%)
[Performance] Killing ADB server                                                                                              :        1 samples, Peak.  27.3 ms (1.0x), Avg.  27.3 ms, Total. 27.27 ms (0.0%)
[Performance] Application.Shutdown.PauseProfilerSession                                                                       :        1 samples, Peak.  31.0 us (1.0x), Avg.  31.0 us, Total. 31.04 us (0.0%)
[Performance] Application.Shutdown.PauseAssetImportWorkers                                                                    :        1 samples, Peak.   183 us (1.0x), Avg.   183 us, Total. 183.5 us (0.0%)
[Performance] Application.Shutdown.SaveAssets                                                                                 :        1 samples, Peak.  1.87 ms (1.0x), Avg.  1.87 ms, Total. 1.865 ms (0.0%)
[Performance] Application.Shutdown.CleanupRenderPipeline                                                                      :        1 samples, Peak.  7.50 us (1.0x), Avg.  7.50 us, Total. 7.500 us (0.0%)
[Performance] Application.Shutdown.StopPreloadManager                                                                         :        1 samples, Peak.  12.1 ms (1.0x), Avg.  12.1 ms, Total. 12.06 ms (0.0%)
[Performance] Application.Shutdown.DestroyWorld                                                                               :        1 samples, Peak.   436 us (1.0x), Avg.   436 us, Total. 436.4 us (0.0%)
[Performance] Application.Shutdown.CleanupAfterLoad                                                                           :        1 samples, Peak.  2.49 ms (1.0x), Avg.  2.49 ms, Total. 2.489 ms (0.0%)
[Performance] Application.Shutdown.Progress                                                                                   :        1 samples, Peak.  17.1 us (1.0x), Avg.  17.1 us, Total. 17.08 us (0.0%)
[Performance] Application.Shutdown.GICleanupManagers                                                                          :        1 samples, Peak.   659 us (1.0x), Avg.   659 us, Total. 659.1 us (0.0%)
[Performance] Application.Shutdown.MenuCleanupClass                                                                           :        1 samples, Peak.  82.9 us (1.0x), Avg.  82.9 us, Total. 82.88 us (0.0%)
[Performance] Application.Shutdown.ADBSaveStateBeforeShutdown                                                                 :        1 samples, Peak.  9.96 us (1.0x), Avg.  9.96 us, Total. 9.958 us (0.0%)
[Performance] Application.Shutdown.RemoteShutdown                                                                             :        1 samples, Peak.   666 ns (1.0x), Avg.   666 ns, Total. 666.0 ns (0.0%)
[Performance] Application.Shutdown.CleanupVCProvider                                                                          :        1 samples, Peak.  13.0 us (1.0x), Avg.  13.0 us, Total. 12.96 us (0.0%)
[Performance] Application.Shutdown.InputShutdown                                                                              :        1 samples, Peak.   211 us (1.0x), Avg.   211 us, Total. 210.7 us (0.0%)
[Performance] Application.Shutdown.GizmoManagerDestroy                                                                        :        1 samples, Peak.   313 us (1.0x), Avg.   313 us, Total. 313.4 us (0.0%)
[Performance] Application.Shutdown.ProfilerSession                                                                            :        1 samples, Peak.   193 us (1.0x), Avg.   193 us, Total. 192.9 us (0.0%)
[Performance] Application.Shutdown.ReleaseGfxWindowOnAllGUIViews                                                              :        1 samples, Peak.  1.75 us (1.0x), Avg.  1.75 us, Total. 1.750 us (0.0%)
[Performance] Application.Shutdown.CleanupEngine                                                                              :        1 samples, Peak.  88.3 ms (1.0x), Avg.  88.3 ms, Total. 88.35 ms (0.1%)
[Performance] Application.Shutdown.CleanupAssetDatabase                                                                       :        1 samples, Peak.  1.76 ms (1.0x), Avg.  1.76 ms, Total. 1.757 ms (0.0%)
[Performance] Application.Shutdown.ScriptCompilationCleanUp                                                                   :        1 samples, Peak.  12.8 us (1.0x), Avg.  12.8 us, Total. 12.83 us (0.0%)
[Performance] Application.Shutdown.DestroyJobSystem                                                                           :        1 samples, Peak.   298 us (1.0x), Avg.   298 us, Total. 297.8 us (0.0%)
[Performance] Application.Shutdown.CleanupPersistentManager                                                                   :        1 samples, Peak.  1.13 ms (1.0x), Avg.  1.13 ms, Total. 1.126 ms (0.0%)
[Performance] Application.Shutdown.CleanupAsyncReadManager                                                                    :        1 samples, Peak.  83.9 us (1.0x), Avg.  83.9 us, Total. 83.92 us (0.0%)
[Performance] Application.Shutdown.CleanupMono                                                                                :        1 samples, Peak.  32.2 ms (1.0x), Avg.  32.2 ms, Total. 32.18 ms (0.1%)
[Performance] Application.Shutdown.CleanupStdConverters                                                                       :        1 samples, Peak.  7.33 us (1.0x), Avg.  7.33 us, Total. 7.333 us (0.0%)
[Performance] Application.Shutdown.UnloadAllPlatformSupportModuleNativeDlls                                                   :        1 samples, Peak.   542 ns (1.0x), Avg.   542 ns, Total. 542.0 ns (0.0%)
[Performance] Application.Shutdown.UnloadAllPlatformSupportNativeLibraries                                                    :        1 samples, Peak.   167 ns (1.0x), Avg.   167 ns, Total. 167.0 ns (0.0%)
[Performance] Application.Shutdown.CleanupAutoDocumentation                                                                   :        1 samples, Peak.   136 us (1.0x), Avg.   136 us, Total. 135.6 us (0.0%)
[Performance] Application.Shutdown.ShaderNameManagerDestroy                                                                   :        1 samples, Peak.  23.6 us (1.0x), Avg.  23.6 us, Total. 23.58 us (0.0%)
[Performance] Application.Shutdown.CleanupCacheServer                                                                         :        1 samples, Peak.   167 ns (1.0x), Avg.   167 ns, Total. 167.0 ns (0.0%)
[Performance] Application.Shutdown.Virtualization_Shutdown                                                                    :        1 samples, Peak.   167 ns (1.0x), Avg.   167 ns, Total. 167.0 ns (0.0%)
[Performance] Application.Shutdown.DevConnections                                                                             :        1 samples, Peak.  76.7 us (1.0x), Avg.  76.7 us, Total. 76.75 us (0.0%)
Exiting batchmode successfully now!
[Package Manager] Server::Kill -- Server was shutdown
