Tuanjie Editor version:  2022.3.61t14 (3a70663b70e0)
Branch:                  tuanjie/1.6/staging
Build type:              Release
Batch mode:              YES
macOS version:           Version 27.2 (Build 26B5091g)
Darwin version:          27.2.0
Architecture:            arm64
Running under Rosetta:   NO
Available memory:        16384 MB
[Licensing::Module] Trying to connect to existing licensing client channel...
[Licensing::IpcConnector] Successfully connected to the License Client on channel: "LicenseClient-qinziqian" at "2026-10-04T12:10:24.213186Z"
[Licensing::Client] Error: Code 10 while verifying Licensing Client signature (process Id: 33870, path: "/Applications/Tuanjie Hub.app/Contents/Frameworks/TuanjieLicensingClient_V1.app/Contents/MacOS/Tuanjie.Licensing.Client")
[Licensing::Module] Error: LicensingClient has failed validation; ignoring
[Licensing::Client] Successfully send message: {"messageType":"HandshakeRequest","protocolVersion":"1.12","userAgent":"TuanjieEditor/2022.3.61t14 (Macintosh; U; Intel Mac OS X 27.2; zh-Hans-CN)","externalCorrelationId":"5595422873659247704"} at 1791115824
[Licensing::Client] Successfully receive message: {"protocolVersion":"1.12","sessionId":"28ebfe6c82d945f1ba211d890ced068e","context":{"DeviceName":"Link's MBP","DeviceModel":"Mac17,2","PhysicalMemoryMB":"16384","SystemLanguageISO":"zh-Hans-CN","ProcessorCount":"10","ProcessorType":"Apple M5","OperatingSystem":"Mac OS X 27.2.0","OperatingSystemNumeric":"270200","Legacy.MachineBinding1":"A12EBA94-6CAE-536D-8639-8B28F22AAE12","Legacy.MachineBinding2":"HWF12RQ93K","Legacy.MachineBinding4":null,"Legacy.MachineBinding5":"5c:9b:a6:84:6a:ac","EnvironmentUser":"qinziqian","EnvironmentDomain":"Links-MBP","EnvironmentHostname":"Links-MBP"},"assemblyProductVersion":"1.14.0+af049b8","machineId":"2qJXSmjy+8qC9zvVypdceXsI7UU=","correlationId":"ee26600ca9f6c50f0a68447f7e54978e","responseCode":200,"responseStatus":"Handshake successful","messageType":"HandshakeResponse"} at 1791115824
[Licensing::Client] Handshaking with LicensingClient:
  Version:                 1.14.0+af049b8
  Session Id:              28ebfe6c82d945f1ba211d890ced068e
  Correlation Id:          ee26600ca9f6c50f0a68447f7e54978e
  External correlation Id: 5595422873659247704
  Machine Id:              2qJXSmjy+8qC9zvVypdceXsI7UU=
[Licensing::Module] Successfully connected to LicensingClient on channel: "LicenseClient-qinziqian" (connect: 0.00s, validation: 0.01s, handshake: 0.19s)
[Licensing::IpcConnector] Successfully connected to the License Notification on channel: "LicenseClient-qinziqian-notifications" at "2026-10-04T12:10:24.415551Z"
[Licensing::Module] Error: Access token is unavailable; failed to update
[Licensing::Client] Successfully send message: {"messageType":"UpdateLicenseRequest","AccessToken":"","OrgId":"","ProjectId":"","forceUpdateLicense":true} at 1791115824
[Licensing::Client] Successfully receive message: {"responseCode":200,"responseStatus":"Licenses updated.","messageType":"UpdateLicenseResponse"} at 1791115824
[Licensing::Client] Successfully updated license
[Licensing::Client] Successfully send message: {"messageType":"EntitlementDetailsRequest","entitlementIds":["com.unity.editor.legacy.pro","com.unity.editor.headless"],"packageEntitlementIds":[],"includeCustomData":false} at 1791115824
[Licensing::Client] Successfully receive message: {"entitlementGroups":[{"entitlementGroupId":"F4-W5GR-B6V2-Y5WE-WRK9-GR7N","entitlementGroupIdHash":"8d58bf4deb18ac7618b28a8936c405932a8efcb2","productName":"Unity Personal","productType":"TuanjieEditor","licenseType":"ULF","expiration":1791378624000,"matchedEntitlements":[{"entitlementId":"com.unity.editor.headless","isPackage":false,"count":1}]}],"responseCode":200,"responseStatus":"Found 1 entitlement groups and 0 free entitlements matching requested entitlement ids","messageType":"EntitlementDetailsResponse"} at 1791115824
[Licensing::Client] Successfully resolved entitlement details
[Licensing::Module] Serial number assigned to: "F4-W5GR-B6V2-Y5WE-WRK9-XXXX"
Pro License: NO
[Licensing::Client] Successfully send message: {"messageType":"EntitlementDetailsRequest","entitlementIds":["com.unity.editor.headless","com.unity.editor.ui"],"packageEntitlementIds":[],"includeCustomData":false} at 1791115824
[Licensing::Client] Successfully receive message: {"entitlementGroups":[{"entitlementGroupId":"F4-W5GR-B6V2-Y5WE-WRK9-GR7N","entitlementGroupIdHash":"8d58bf4deb18ac7618b28a8936c405932a8efcb2","productName":"Unity Personal","productType":"TuanjieEditor","licenseType":"ULF","expiration":1791378624000,"matchedEntitlements":[{"entitlementId":"com.unity.editor.ui","isPackage":false,"count":1},{"entitlementId":"com.unity.editor.headless","isPackage":false,"count":1}]}],"responseCode":200,"responseStatus":"Found 1 entitlement groups and 0 free entitlements matching requested entitlement ids","messageType":"EntitlementDetailsResponse"} at 1791115824
[Licensing::Client] Successfully resolved entitlement details
Launching external process: /Applications/Tuanjie/Hub/Editor/2022.3.61t14/Tuanjie.app/Contents/Resources/PackageManager/Server/TuanjiePackageManager

COMMAND LINE ARGUMENTS:
/Applications/Tuanjie/Hub/Editor/2022.3.61t14/Tuanjie.app/Contents/MacOS/Tuanjie
-batchmode
-projectPath
/private/var/folders/19/jlz3f3_12q1d22xb7lhnbk700000gp/T/palmbay-netplay.zV0Rjk/client
-executeMethod
NetPlaytest.RunClientBaggage
-logFile
/Users/qinziqian/Documents/overcooked-like/game/Evidence/net-client-session4.log
Successfully changed project path to: /private/var/folders/19/jlz3f3_12q1d22xb7lhnbk700000gp/T/palmbay-netplay.zV0Rjk/client
/private/var/folders/19/jlz3f3_12q1d22xb7lhnbk700000gp/T/palmbay-netplay.zV0Rjk/client
[Memory] Configuration Parameters - Can be set up in boot.config
    "memorysetup-bucket-allocator-granularity=16"
    "memorysetup-bucket-allocator-bucket-count=8"
    "memorysetup-bucket-allocator-block-size=33554432"
    "memorysetup-bucket-allocator-block-count=8"
    "memorysetup-main-allocator-block-size=16777216"
    "memorysetup-thread-allocator-block-size=16777216"
    "memorysetup-gfx-main-allocator-block-size=16777216"
    "memorysetup-gfx-thread-allocator-block-size=16777216"
    "memorysetup-cache-allocator-block-size=4194304"
    "memorysetup-typetree-allocator-block-size=2097152"
    "memorysetup-profiler-bucket-allocator-granularity=16"
    "memorysetup-profiler-bucket-allocator-bucket-count=8"
    "memorysetup-profiler-bucket-allocator-block-size=33554432"
    "memorysetup-profiler-bucket-allocator-block-count=8"
    "memorysetup-profiler-allocator-block-size=16777216"
    "memorysetup-profiler-editor-allocator-block-size=1048576"
    "memorysetup-temp-allocator-size-main=16777216"
    "memorysetup-job-temp-allocator-block-size=2097152"
    "memorysetup-job-temp-allocator-block-size-background=1048576"
    "memorysetup-job-temp-allocator-reduction-small-platforms=262144"
    "memorysetup-allocator-temp-initial-block-size-main=262144"
    "memorysetup-allocator-temp-initial-block-size-worker=262144"
    "memorysetup-temp-allocator-size-background-worker=32768"
    "memorysetup-temp-allocator-size-job-worker=262144"
    "memorysetup-temp-allocator-size-preload-manager=33554432"
    "memorysetup-temp-allocator-size-nav-mesh-worker=65536"
    "memorysetup-temp-allocator-size-audio-worker=65536"
    "memorysetup-temp-allocator-size-cloud-worker=32768"
    "memorysetup-temp-allocator-size-gi-baking-worker=262144"
    "memorysetup-temp-allocator-size-gfx=262144"
Player connection [8621359872]  Target information:

Player connection [8621359872]  * "[IP] 192.168.123.27 [Port] 55505 [Flags] 2 [Guid] 102421777 [EditorId] 102421777 [Version] 1048832 [Id] OSXEditor(0,Links-MBP.local) [Debug] 1 [PackageName] OSXEditor [ProjectName] Editor" 

Player connection [8621359872]  * "[IP] 192.168.200.6 [Port] 55505 [Flags] 2 [Guid] 102421777 [EditorId] 102421777 [Version] 1048832 [Id] OSXEditor(0,Links-MBP.local) [Debug] 1 [PackageName] OSXEditor [ProjectName] Editor" 

Player connection [8621359872] Host joined multi-casting on [225.0.0.222:54997]...
Player connection [8621359872] Host joined alternative multi-casting on [225.0.0.222:34997]...
Input System module state changed to: Initialized.
AS: AutoStreaming module initializing.
Begin write certificate to file.
Write certificate complete, return 1.
StartServer, cert is /Users/qinziqian/Library/Tuanjie/3431-rest-certificate.pem
Start HTTP server port 38001, HTTPS server port 38444.
[Package Manager] UpmClient::Connect -- Connected to IPC stream "Upm-3431" after 0.2 seconds.
[Licensing::Client] Successfully send message: {"messageType":"EntitlementDetailsRequest","entitlementIds":["com.unity.editor.last.activation.date","com.unity.editor.headless"],"packageEntitlementIds":[],"includeCustomData":false} at 1791115825
[Licensing::Client] Successfully receive message: {"entitlementGroups":[{"entitlementGroupId":"F4-W5GR-B6V2-Y5WE-WRK9-GR7N","entitlementGroupIdHash":"8d58bf4deb18ac7618b28a8936c405932a8efcb2","productName":"Unity Personal","productType":"TuanjieEditor","licenseType":"ULF","expiration":1791378624000,"matchedEntitlements":[{"entitlementId":"com.unity.editor.headless","isPackage":false,"count":1},{"entitlementId":"com.unity.editor.last.activation.date","isPackage":false,"count":1}]}],"responseCode":200,"responseStatus":"Found 1 entitlement groups and 0 free entitlements matching requested entitlement ids","messageType":"EntitlementDetailsResponse"} at 1791115825
[Licensing::Client] Successfully resolved entitlement details
[Licensing::Client] Successfully send message: {"messageType":"EntitlementDetailsRequest","entitlementIds":["com.unity.editor.disable-splash-screen","com.unity.editor.headless"],"packageEntitlementIds":[],"includeCustomData":false} at 1791115825
[Licensing::Client] Successfully receive message: {"entitlementGroups":[{"entitlementGroupId":"F4-W5GR-B6V2-Y5WE-WRK9-GR7N","entitlementGroupIdHash":"8d58bf4deb18ac7618b28a8936c405932a8efcb2","productName":"Unity Personal","productType":"TuanjieEditor","licenseType":"ULF","expiration":1791378624000,"matchedEntitlements":[{"entitlementId":"com.unity.editor.headless","isPackage":false,"count":1}]}],"responseCode":200,"responseStatus":"Found 1 entitlement groups and 0 free entitlements matching requested entitlement ids","messageType":"EntitlementDetailsResponse"} at 1791115825
[Licensing::Client] Successfully resolved entitlement details
[Licensing::Client] Successfully send message: {"messageType":"EntitlementDetailsRequest","entitlementIds":["com.unity.editor.allow-mix-usage","com.unity.editor.headless"],"packageEntitlementIds":[],"includeCustomData":false} at 1791115825
[Licensing::Client] Successfully receive message: {"entitlementGroups":[{"entitlementGroupId":"F4-W5GR-B6V2-Y5WE-WRK9-GR7N","entitlementGroupIdHash":"8d58bf4deb18ac7618b28a8936c405932a8efcb2","productName":"Unity Personal","productType":"TuanjieEditor","licenseType":"ULF","expiration":1791378624000,"matchedEntitlements":[{"entitlementId":"com.unity.editor.headless","isPackage":false,"count":1}]}],"responseCode":200,"responseStatus":"Found 1 entitlement groups and 0 free entitlements matching requested entitlement ids","messageType":"EntitlementDetailsResponse"} at 1791115825
[Licensing::Client] Successfully resolved entitlement details
[Package Manager] Restoring resolved packages state from cache
[Licensing::Client] Successfully send message: {"messageType":"EntitlementDetailsRequest","entitlementIds":[],"packageEntitlementIds":["com.unity.modules.audio","com.unity.modules.androidjni","com.unity.modules.imgui","com.unity.modules.physics","com.unity.modules.jsonserialize","com.unity.modules.screencapture","com.unity.modules.ui","cn.tuanjie.codely.bridge","com.unity.modules.imageconversion","com.unity.ugui","com.unity.modules.unitywebrequest","com.unity.ext.nunit"],"includeCustomData":false} at 1791115825
[Licensing::Client] Successfully receive message: {"freeEntitlementIds":["com.unity.modules.audio","com.unity.modules.androidjni","com.unity.modules.imgui","com.unity.modules.physics","com.unity.modules.jsonserialize","com.unity.modules.screencapture","com.unity.modules.ui","cn.tuanjie.codely.bridge","com.unity.modules.imageconversion","com.unity.ugui","com.unity.modules.unitywebrequest","com.unity.ext.nunit"],"responseCode":200,"responseStatus":"Found 0 entitlement groups and 12 free entitlements matching requested entitlement ids","messageType":"EntitlementDetailsResponse"} at 1791115825
[Licensing::Client] Successfully resolved entitlement details
[Package Manager] Registered 12 packages:
  Packages from [https://packages.tuanjie.cn]:
    com.unity.ext.nunit@1.0.6 (location: /private/var/folders/19/jlz3f3_12q1d22xb7lhnbk700000gp/T/palmbay-netplay.zV0Rjk/client/Library/PackageCache/com.unity.ext.nunit@1.0.6)
  Built-in packages:
    com.unity.modules.audio@1.0.0 (location: /private/var/folders/19/jlz3f3_12q1d22xb7lhnbk700000gp/T/palmbay-netplay.zV0Rjk/client/Library/PackageCache/com.unity.modules.audio@1.0.0)
    com.unity.modules.androidjni@1.0.0 (location: /private/var/folders/19/jlz3f3_12q1d22xb7lhnbk700000gp/T/palmbay-netplay.zV0Rjk/client/Library/PackageCache/com.unity.modules.androidjni@1.0.0)
    com.unity.modules.imgui@1.0.0 (location: /private/var/folders/19/jlz3f3_12q1d22xb7lhnbk700000gp/T/palmbay-netplay.zV0Rjk/client/Library/PackageCache/com.unity.modules.imgui@1.0.0)
    com.unity.modules.physics@1.0.0 (location: /private/var/folders/19/jlz3f3_12q1d22xb7lhnbk700000gp/T/palmbay-netplay.zV0Rjk/client/Library/PackageCache/com.unity.modules.physics@1.0.0)
    com.unity.modules.jsonserialize@1.0.0 (location: /private/var/folders/19/jlz3f3_12q1d22xb7lhnbk700000gp/T/palmbay-netplay.zV0Rjk/client/Library/PackageCache/com.unity.modules.jsonserialize@1.0.0)
    com.unity.modules.screencapture@1.0.0 (location: /private/var/folders/19/jlz3f3_12q1d22xb7lhnbk700000gp/T/palmbay-netplay.zV0Rjk/client/Library/PackageCache/com.unity.modules.screencapture@1.0.0)
    com.unity.modules.ui@1.0.0 (location: /private/var/folders/19/jlz3f3_12q1d22xb7lhnbk700000gp/T/palmbay-netplay.zV0Rjk/client/Library/PackageCache/com.unity.modules.ui@1.0.0)
    com.unity.modules.imageconversion@1.0.0 (location: /private/var/folders/19/jlz3f3_12q1d22xb7lhnbk700000gp/T/palmbay-netplay.zV0Rjk/client/Library/PackageCache/com.unity.modules.imageconversion@1.0.0)
    com.unity.ugui@1.0.0 (location: /private/var/folders/19/jlz3f3_12q1d22xb7lhnbk700000gp/T/palmbay-netplay.zV0Rjk/client/Library/PackageCache/com.unity.ugui@1.0.0)
    com.unity.modules.unitywebrequest@1.0.0 (location: /private/var/folders/19/jlz3f3_12q1d22xb7lhnbk700000gp/T/palmbay-netplay.zV0Rjk/client/Library/PackageCache/com.unity.modules.unitywebrequest@1.0.0)
  Local packages:
    cn.tuanjie.codely.bridge@file:/private/var/folders/19/jlz3f3_12q1d22xb7lhnbk700000gp/T/palmbay-netplay.zV0Rjk/client/.codely.packages/cn.tuanjie.codely.bridge@1.0.85-785dea6a (location: /private/var/folders/19/jlz3f3_12q1d22xb7lhnbk700000gp/T/palmbay-netplay.zV0Rjk/client/.codely.packages/cn.tuanjie.codely.bridge@1.0.85-785dea6a)
[Subsystems] No new subsystems found in resolved package list.
Package Manager log level set to [2]
[Package Manager] Done registering packages in 0.08 seconds
[Package Manager] Done resolving packages in 0.50 seconds
[Package Manager] Registered 12 packages:
  Packages from [https://packages.tuanjie.cn]:
    com.unity.ext.nunit@1.0.6 (location: /private/var/folders/19/jlz3f3_12q1d22xb7lhnbk700000gp/T/palmbay-netplay.zV0Rjk/client/Library/PackageCache/com.unity.ext.nunit@1.0.6)
  Built-in packages:
    com.unity.modules.audio@1.0.0 (location: /private/var/folders/19/jlz3f3_12q1d22xb7lhnbk700000gp/T/palmbay-netplay.zV0Rjk/client/Library/PackageCache/com.unity.modules.audio@1.0.0)
    com.unity.modules.androidjni@1.0.0 (location: /private/var/folders/19/jlz3f3_12q1d22xb7lhnbk700000gp/T/palmbay-netplay.zV0Rjk/client/Library/PackageCache/com.unity.modules.androidjni@1.0.0)
    com.unity.modules.imgui@1.0.0 (location: /private/var/folders/19/jlz3f3_12q1d22xb7lhnbk700000gp/T/palmbay-netplay.zV0Rjk/client/Library/PackageCache/com.unity.modules.imgui@1.0.0)
    com.unity.modules.physics@1.0.0 (location: /private/var/folders/19/jlz3f3_12q1d22xb7lhnbk700000gp/T/palmbay-netplay.zV0Rjk/client/Library/PackageCache/com.unity.modules.physics@1.0.0)
    com.unity.modules.jsonserialize@1.0.0 (location: /private/var/folders/19/jlz3f3_12q1d22xb7lhnbk700000gp/T/palmbay-netplay.zV0Rjk/client/Library/PackageCache/com.unity.modules.jsonserialize@1.0.0)
    com.unity.modules.screencapture@1.0.0 (location: /private/var/folders/19/jlz3f3_12q1d22xb7lhnbk700000gp/T/palmbay-netplay.zV0Rjk/client/Library/PackageCache/com.unity.modules.screencapture@1.0.0)
    com.unity.modules.ui@1.0.0 (location: /private/var/folders/19/jlz3f3_12q1d22xb7lhnbk700000gp/T/palmbay-netplay.zV0Rjk/client/Library/PackageCache/com.unity.modules.ui@1.0.0)
    com.unity.modules.imageconversion@1.0.0 (location: /private/var/folders/19/jlz3f3_12q1d22xb7lhnbk700000gp/T/palmbay-netplay.zV0Rjk/client/Library/PackageCache/com.unity.modules.imageconversion@1.0.0)
    com.unity.ugui@1.0.0 (location: /private/var/folders/19/jlz3f3_12q1d22xb7lhnbk700000gp/T/palmbay-netplay.zV0Rjk/client/Library/PackageCache/com.unity.ugui@1.0.0)
    com.unity.modules.unitywebrequest@1.0.0 (location: /private/var/folders/19/jlz3f3_12q1d22xb7lhnbk700000gp/T/palmbay-netplay.zV0Rjk/client/Library/PackageCache/com.unity.modules.unitywebrequest@1.0.0)
  Local packages:
    cn.tuanjie.codely.bridge@file:/private/var/folders/19/jlz3f3_12q1d22xb7lhnbk700000gp/T/palmbay-netplay.zV0Rjk/client/.codely.packages/cn.tuanjie.codely.bridge@1.0.85-785dea6a (location: /private/var/folders/19/jlz3f3_12q1d22xb7lhnbk700000gp/T/palmbay-netplay.zV0Rjk/client/.codely.packages/cn.tuanjie.codely.bridge@1.0.85-785dea6a)
[Subsystems] No new subsystems found in resolved package list.
[Package Manager] Done registering packages in 0.00 seconds
Refreshing native plugins compatible for Editor in 7.06 ms, found 6 plugins.
Preloading 0 native plugins for Editor in 0.00 ms.
Initialize engine version: 2022.3.61t14 (3a70663b70e0)
[Subsystems] Discovering subsystems at path /Applications/Tuanjie/Hub/Editor/2022.3.61t14/Tuanjie.app/Contents/Resources/UnitySubsystems
[Subsystems] Discovering subsystems at path /private/var/folders/19/jlz3f3_12q1d22xb7lhnbk700000gp/T/palmbay-netplay.zV0Rjk/client/Assets
GfxDevice: creating device client; threaded=0; jobified=0
 preferred device: Apple M5 (high power)
Metal devices available: 1
0: Apple M5 (high power)
Using device Apple M5 (high power)
Initializing Metal device caps: Apple M5
[Licensing::Client] Successfully send message: {"messageType":"EntitlementDetailsRequest","entitlementIds":["com.unity.editor.cluster","com.unity.editor.headless"],"packageEntitlementIds":[],"includeCustomData":false} at 1791115825
[Licensing::Client] Successfully receive message: {"entitlementGroups":[{"entitlementGroupId":"F4-W5GR-B6V2-Y5WE-WRK9-GR7N","entitlementGroupIdHash":"8d58bf4deb18ac7618b28a8936c405932a8efcb2","productName":"Unity Personal","productType":"TuanjieEditor","licenseType":"ULF","expiration":1791378624000,"matchedEntitlements":[{"entitlementId":"com.unity.editor.headless","isPackage":false,"count":1}]}],"responseCode":200,"responseStatus":"Found 1 entitlement groups and 0 free entitlements matching requested entitlement ids","messageType":"EntitlementDetailsResponse"} at 1791115825
[Licensing::Client] Successfully resolved entitlement details
Initialize mono
Mono path[0] = '/Applications/Tuanjie/Hub/Editor/2022.3.61t14/Tuanjie.app/Contents/Managed'
Mono path[1] = '/Applications/Tuanjie/Hub/Editor/2022.3.61t14/Tuanjie.app/Contents/MonoBleedingEdge/lib/mono/unityjit-macos'
Mono config path = '/Applications/Tuanjie/Hub/Editor/2022.3.61t14/Tuanjie.app/Contents/MonoBleedingEdge/etc'
Using monoOptions --debugger-agent=transport=dt_socket,embedding=1,server=y,suspend=n,address=0.0.0.0:56431
Using cacheserver namespaces - metadata:defaultmetadata, artifacts:defaultartifacts
Using cacheserver namespaces - metadata:defaultmetadata, artifacts:defaultartifacts
ImportWorker Server TCP listen port: 0
Begin MonoManager ReloadAssembly
Registering precompiled tuanjie dll's ...
Register platform support module: /Applications/Tuanjie/Hub/Editor/2022.3.61t14/Tuanjie.app/Contents/PlaybackEngines/MacStandaloneSupport/UnityEditor.OSXStandalone.Extensions.dll
[Licensing::Client] Successfully send message: {"messageType":"EntitlementDetailsRequest","entitlementIds":["com.unity.editor.platforms.android","com.unity.editor.headless"],"packageEntitlementIds":[],"includeCustomData":false} at 1791115826
[Licensing::Client] Successfully receive message: {"entitlementGroups":[{"entitlementGroupId":"F4-W5GR-B6V2-Y5WE-WRK9-GR7N","entitlementGroupIdHash":"8d58bf4deb18ac7618b28a8936c405932a8efcb2","productName":"Unity Personal","productType":"TuanjieEditor","licenseType":"ULF","expiration":1791378624000,"matchedEntitlements":[{"entitlementId":"com.unity.editor.platforms.android","isPackage":false,"count":1},{"entitlementId":"com.unity.editor.headless","isPackage":false,"count":1}]}],"responseCode":200,"responseStatus":"Found 1 entitlement groups and 0 free entitlements matching requested entitlement ids","messageType":"EntitlementDetailsResponse"} at 1791115826
[Licensing::Client] Successfully resolved entitlement details
Register platform support module: /Applications/Tuanjie/Hub/Editor/2022.3.61t14/PlaybackEngines/AndroidPlayer/UnityEditor.Android.Extensions.dll
Registered in 0.014217 seconds.
- Loaded All Assemblies, in  0.160 seconds
Native extension for Android target not found
Android Extension - Scanning For ADB Devices 69 ms
Native extension for OSXStandalone target not found
[Licensing::Client] Successfully send message: {"messageType":"EntitlementDetailsRequest","entitlementIds":["com.unity.editor.minigame.subplatform.wechat","com.unity.editor.headless"],"packageEntitlementIds":[],"includeCustomData":false} at 1791115826
[Licensing::Client] Successfully receive message: {"entitlementGroups":[{"entitlementGroupId":"F4-W5GR-B6V2-Y5WE-WRK9-GR7N","entitlementGroupIdHash":"8d58bf4deb18ac7618b28a8936c405932a8efcb2","productName":"Unity Personal","productType":"TuanjieEditor","licenseType":"ULF","expiration":1791378624000,"matchedEntitlements":[{"entitlementId":"com.unity.editor.headless","isPackage":false,"count":1},{"entitlementId":"com.unity.editor.minigame.subplatform.wechat","isPackage":false,"count":1}]}],"responseCode":200,"responseStatus":"Found 1 entitlement groups and 0 free entitlements matching requested entitlement ids","messageType":"EntitlementDetailsResponse"} at 1791115826
[Licensing::Client] Successfully resolved entitlement details
[Licensing::Client] Successfully send message: {"messageType":"EntitlementDetailsRequest","entitlementIds":["com.unity.editor.minigame.subplatform.douyin","com.unity.editor.headless"],"packageEntitlementIds":[],"includeCustomData":false} at 1791115826
[Licensing::Client] Successfully receive message: {"entitlementGroups":[{"entitlementGroupId":"F4-W5GR-B6V2-Y5WE-WRK9-GR7N","entitlementGroupIdHash":"8d58bf4deb18ac7618b28a8936c405932a8efcb2","productName":"Unity Personal","productType":"TuanjieEditor","licenseType":"ULF","expiration":1791378624000,"matchedEntitlements":[{"entitlementId":"com.unity.editor.headless","isPackage":false,"count":1},{"entitlementId":"com.unity.editor.minigame.subplatform.douyin","isPackage":false,"count":1}]}],"responseCode":200,"responseStatus":"Found 1 entitlement groups and 0 free entitlements matching requested entitlement ids","messageType":"EntitlementDetailsResponse"} at 1791115826
[Licensing::Client] Successfully resolved entitlement details
[Licensing::Client] Successfully send message: {"messageType":"EntitlementDetailsRequest","entitlementIds":["com.unity.editor.minigame.subplatform.kuaishou","com.unity.editor.headless"],"packageEntitlementIds":[],"includeCustomData":false} at 1791115826
[Licensing::Client] Successfully receive message: {"entitlementGroups":[{"entitlementGroupId":"F4-W5GR-B6V2-Y5WE-WRK9-GR7N","entitlementGroupIdHash":"8d58bf4deb18ac7618b28a8936c405932a8efcb2","productName":"Unity Personal","productType":"TuanjieEditor","licenseType":"ULF","expiration":1791378624000,"matchedEntitlements":[{"entitlementId":"com.unity.editor.headless","isPackage":false,"count":1},{"entitlementId":"com.unity.editor.minigame.subplatform.kuaishou","isPackage":false,"count":1}]}],"responseCode":200,"responseStatus":"Found 1 entitlement groups and 0 free entitlements matching requested entitlement ids","messageType":"EntitlementDetailsResponse"} at 1791115826
[Licensing::Client] Successfully resolved entitlement details
[Licensing::Client] Successfully send message: {"messageType":"EntitlementDetailsRequest","entitlementIds":["com.unity.editor.minigame.subplatform.minihost","com.unity.editor.headless"],"packageEntitlementIds":[],"includeCustomData":false} at 1791115826
[Licensing::Client] Successfully receive message: {"entitlementGroups":[{"entitlementGroupId":"F4-W5GR-B6V2-Y5WE-WRK9-GR7N","entitlementGroupIdHash":"8d58bf4deb18ac7618b28a8936c405932a8efcb2","productName":"Unity Personal","productType":"TuanjieEditor","licenseType":"ULF","expiration":1791378624000,"matchedEntitlements":[{"entitlementId":"com.unity.editor.headless","isPackage":false,"count":1},{"entitlementId":"com.unity.editor.minigame.subplatform.minihost","isPackage":false,"count":1}]}],"responseCode":200,"responseStatus":"Found 1 entitlement groups and 0 free entitlements matching requested entitlement ids","messageType":"EntitlementDetailsResponse"} at 1791115826
[Licensing::Client] Successfully resolved entitlement details
Mono: successfully reloaded assembly
- Finished resetting the current domain, in  0.233 seconds
Domain Reload Profiling: 394ms
	BeginReloadAssembly (43ms)
		ExecutionOrderSort (0ms)
		DisableScriptedObjects (0ms)
		BackupInstance (0ms)
		ReleaseScriptingObjects (0ms)
		CreateAndSetChildDomain (0ms)
	RebuildCommonClasses (14ms)
	RebuildNativeTypeToScriptingClass (5ms)
	initialDomainReloadingComplete (33ms)
	LoadAllAssembliesAndSetupDomain (65ms)
		LoadAssemblies (43ms)
		RebuildTransferFunctionScriptingTraits (0ms)
		AnalyzeDomain (64ms)
			TypeCache.Refresh (64ms)
				TypeCache.ScanAssembly (57ms)
			ScanForSourceGeneratedMonoScriptInfo (0ms)
			ResolveRequiredComponents (0ms)
	FinalizeReload (234ms)
		ReleaseScriptCaches (0ms)
		RebuildScriptCaches (0ms)
		SetupLoadedEditorAssemblies (213ms)
			LogAssemblyErrors (0ms)
			InitializePlatformSupportModulesInManaged (104ms)
			SetLoadedEditorAssemblies (2ms)
			RefreshPlugins (0ms)
			BeforeProcessingInitializeOnLoad (1ms)
			ProcessInitializeOnLoadAttributes (102ms)
			ProcessInitializeOnLoadMethodAttributes (5ms)
			AfterProcessingInitializeOnLoad (0ms)
			EditorAssembliesLoaded (0ms)
		ExecutionOrderSort2 (0ms)
		AwakeInstancesAfterBackupRestoration (0ms)
[Licensing::Client] Successfully send message: {"messageType":"EntitlementDetailsRequest","entitlementIds":["com.unity.editor.legacy.pro","com.unity.editor.watermarks.disable","com.unity.editor.watermarks.prototyping","com.unity.editor.watermarks.edu","com.unity.editor.watermarks.trial","com.unity.editor.time-limited-license","com.unity.editor.cluster","com.unity.editor.unity.compliant","com.unity.editor.watermarks.forcedisable","com.unity.editor.open-harmony.analytics.disabled","com.unity.editor.mini-game.analytics.disabled","com.unity.editor.unity.expiration.2d","com.unity.editor.unity.expiration.7d","com.unity.editor.headless"],"packageEntitlementIds":[],"includeCustomData":false} at 1791115826
[Licensing::Client] Successfully receive message: {"entitlementGroups":[{"entitlementGroupId":"F4-W5GR-B6V2-Y5WE-WRK9-GR7N","entitlementGroupIdHash":"8d58bf4deb18ac7618b28a8936c405932a8efcb2","productName":"Unity Personal","productType":"TuanjieEditor","licenseType":"ULF","expiration":1791378624000,"matchedEntitlements":[{"entitlementId":"com.unity.editor.headless","isPackage":false,"count":1},{"entitlementId":"com.unity.editor.unity.expiration.2d","isPackage":false,"count":1},{"entitlementId":"com.unity.editor.watermarks.forcedisable","isPackage":false,"count":1},{"entitlementId":"com.unity.editor.unity.compliant","isPackage":false,"count":1},{"entitlementId":"com.unity.editor.mini-game.analytics.disabled","isPackage":false,"count":1},{"entitlementId":"com.unity.editor.time-limited-license","isPackage":false,"count":1}]}],"responseCode":200,"responseStatus":"Found 1 entitlement groups and 0 free entitlements matching requested entitlement ids","messageType":"EntitlementDetailsResponse"} at 1791115826
[Licensing::Client] Successfully resolved entitlement details
Application.AssetDatabase Initial Refresh Start
[40m[32minfo[39m[22m[49m: Microsoft.Hosting.Lifetime[14]
      Now listening on: http://unix:/tmp/ilpp.sock-80573703db3433ebacc073bfd71dbed1
[40m[32minfo[39m[22m[49m: Microsoft.Hosting.Lifetime[0]
      Application started. Press Ctrl+C to shut down.
[40m[32minfo[39m[22m[49m: Microsoft.Hosting.Lifetime[0]
      Hosting environment: Production
[40m[32minfo[39m[22m[49m: Microsoft.Hosting.Lifetime[0]
      Content root path: /private/var/folders/19/jlz3f3_12q1d22xb7lhnbk700000gp/T/palmbay-netplay.zV0Rjk/client/
[40m[32minfo[39m[22m[49m: Microsoft.AspNetCore.Hosting.Diagnostics[1]
      Request starting HTTP/2 POST http://ilpp/UnityILPP.PostProcessing/Ping application/grpc -
[40m[32minfo[39m[22m[49m: Microsoft.AspNetCore.Routing.EndpointMiddleware[0]
      Executing endpoint 'gRPC - /UnityILPP.PostProcessing/Ping'
[40m[32minfo[39m[22m[49m: Microsoft.AspNetCore.Routing.EndpointMiddleware[1]
      Executed endpoint 'gRPC - /UnityILPP.PostProcessing/Ping'
[40m[32minfo[39m[22m[49m: Microsoft.AspNetCore.Hosting.Diagnostics[2]
      Request finished HTTP/2 POST http://ilpp/UnityILPP.PostProcessing/Ping application/grpc - - 200 - application/grpc 19.5286ms
Starting: /Applications/Tuanjie/Hub/Editor/2022.3.61t14/Tuanjie.app/Contents/bee_backend --dont-print-to-structured-log --ipc --defer-dag-verification --dagfile="Library/Bee/200b0aE.dag" --continue-on-failure --profile="Library/Bee/backend1.traceevents" ScriptAssemblies
WorkingDir: /private/var/folders/19/jlz3f3_12q1d22xb7lhnbk700000gp/T/palmbay-netplay.zV0Rjk/client
DisplayProgressbar: Compiling Scripts
ExitCode: 0 Duration: 0s33ms
*** Tundra build success (0.02 seconds), 0 items updated, 158 evaluated
Total cache size 13652344
Total cache size after purge 13652344
AssetDatabase: script compilation time: 0.355731s
Begin MonoManager ReloadAssembly
- Loaded All Assemblies, in  0.194 seconds
Refreshing native plugins compatible for Editor in 2.05 ms, found 6 plugins.
Preloading 0 native plugins for Editor in 0.00 ms.
Start importing ProjectSettings/ProjectSettings.asset using Guid(00000000000000004000000000000000) Importer(Primary)  -> (artifact id: '4d1e1fb3e1eb4ef50dfd05101c4cecf1') in 0.005000 seconds
Refreshing native plugins compatible for Editor in 1.89 ms, found 6 plugins.
Native extension for Android target not found
Native extension for OSXStandalone target not found
Mono: successfully reloaded assembly
- Finished resetting the current domain, in  0.140 seconds
Domain Reload Profiling: 334ms
	BeginReloadAssembly (56ms)
		ExecutionOrderSort (0ms)
		DisableScriptedObjects (2ms)
		BackupInstance (0ms)
		ReleaseScriptingObjects (0ms)
		CreateAndSetChildDomain (10ms)
	RebuildCommonClasses (14ms)
	RebuildNativeTypeToScriptingClass (5ms)
	initialDomainReloadingComplete (9ms)
	LoadAllAssembliesAndSetupDomain (109ms)
		LoadAssemblies (81ms)
		RebuildTransferFunctionScriptingTraits (0ms)
		AnalyzeDomain (62ms)
			TypeCache.Refresh (60ms)
				TypeCache.ScanAssembly (54ms)
			ScanForSourceGeneratedMonoScriptInfo (1ms)
			ResolveRequiredComponents (1ms)
	FinalizeReload (140ms)
		ReleaseScriptCaches (0ms)
		RebuildScriptCaches (0ms)
		SetupLoadedEditorAssemblies (82ms)
			LogAssemblyErrors (0ms)
			InitializePlatformSupportModulesInManaged (6ms)
			SetLoadedEditorAssemblies (4ms)
			RefreshPlugins (0ms)
			BeforeProcessingInitializeOnLoad (13ms)
			ProcessInitializeOnLoadAttributes (52ms)
			ProcessInitializeOnLoadMethodAttributes (7ms)
			AfterProcessingInitializeOnLoad (1ms)
			EditorAssembliesLoaded (0ms)
		ExecutionOrderSort2 (0ms)
		AwakeInstancesAfterBackupRestoration (2ms)
plugin_module success
g_query_callback success 
g_get_assembly_csharp load success 
Launching external process: /Applications/Tuanjie/Hub/Editor/2022.3.61t14/Tuanjie.app/Contents/Tools/TuanjieShaderCompiler
Launched and connected shader compiler TuanjieShaderCompiler after 0.03 seconds
Refreshing native plugins compatible for Editor in 1.26 ms, found 6 plugins.
Preloading 0 native plugins for Editor in 0.00 ms.
Asset Pipeline Refresh (id=84466d53ad895457c89e42ab21c6fcb2): Total: 1.023 seconds - Initiated by InitialRefreshV2(ForceSynchronousImport)
	Summary:
		Imports: total=1 (actual=1, local cache=0, cache server=0)
		Asset DB Process Time: managed=0 ms, native=250 ms
		Asset DB Callback time: managed=18 ms, native=50 ms
		Scripting: domain reloads=1, domain reload time=343 ms, compile time=356 ms, other=2 ms
		Project Asset Count: scripts=581, non-scripts=4227
		Asset File Changes: new=0, changed=1, moved=0, deleted=0
		Scan Filter Count: 1
		OnDemandAssets Count:0
	InvokeBeforeRefreshCallbacks: 0.463ms
	ApplyChangesToAssetFolders: 0.029ms
	Scan: 92.560ms
	OnSourceAssetsModified: 1.052ms
	GetAllGuidsForCategorization: 0.209ms
	CategorizeAssets: 33.249ms
	ImportOutOfDateAssets: 156.159ms (-208.867ms without children)
		ImportManagerImport: 6.869ms (1.725ms without children)
			ImportInProcess: 5.136ms
			UpdateCategorizedAssets: 0.008ms
		CompileScripts: 356.416ms
		ReloadNativeAssets: 0.000ms
		UnloadImportedAssets: 0.696ms
		ReloadImportedAssets: 0.000ms
		EnsureUptoDateAssetsAreRegisteredWithGuidPM: 0.610ms
		InitializingProgressBar: 0.000ms
		PostProcessAllAssetNotificationsAddChangedAssets: 0.000ms
		OnDemandSchedulerStart: 0.434ms
	PostProcessAllAssets: 99.077ms
	Hotreload: 1.716ms
	GatherAllCurrentPrimaryArtifactRevisions: 0.104ms
	UnloadStreamsBegin: 0.136ms
	PersistCurrentRevisions: 0.246ms
	UnloadStreamsEnd: 0.003ms
	GenerateScriptTypeHashes: 0.000ms
	Untracked: 637.927ms
Application.AssetDatabase Initial Refresh End
Scanning for USB devices : 0.022ms
Initializing Tuanjie extensions:
[Licensing::Client] Successfully send message: {"messageType":"ProductNameRequest","Value":"studio.palmbay.airport"} at 1791115827
[Licensing::Client] Successfully receive message: {"responseCode":200,"messageType":"ProductNameResponse"} at 1791115827
[Licensing::Client] Error: ProductNameResponse could not be deserialized
[MODES] ModeService[none].Initialize
[MODES] ModeService[none].LoadModes
[MODES] Loading mode Default (0) for mode-current-id-Netplay-zV0Rjk-client4
Unloading 3 Unused Serialized files (Serialized files now loaded: 0)
Unloading 45 unused Assets / (385.2 KB). Loaded Objects now: 962.
Memory consumption went from 96.5 MB to 96.2 MB.
Total: 1.505125 ms (FindLiveObjects: 0.027708 ms CreateObjectMapping: 0.006625 ms MarkObjects: 1.358750 ms  DeleteObjects: 0.111792 ms)

Opening scene 'Assets/Scenes/CabinLobby.unity'
Unloading 0 Unused Serialized files (Serialized files now loaded: 0)
Loaded scene 'Assets/Scenes/CabinLobby.unity'
	Deserialize:            8.148 ms
	Integration:            2.846 ms
	Integration of assets:  0.012 ms
	Thread Wait Time:       -0.009 ms
	Total Operation Time:   10.998 ms
Unloading 1 unused Assets / (0.5 KB). Loaded Objects now: 2117.
Memory consumption went from 95.8 MB to 95.8 MB.
Total: 1.506667 ms (FindLiveObjects: 0.051167 ms CreateObjectMapping: 0.023083 ms MarkObjects: 1.424000 ms  DeleteObjects: 0.008208 ms)

[Project] Loading completed in 3.437 seconds
	Project init time: 				2.634 seconds
		Template init time: 		0.000 seconds
		Package Manager init time: 		0.190 seconds
		Asset Database init time: 		0.637 seconds
		Global illumination init time: 	0.000 seconds
		Assemblies load time: 			0.399 seconds
		Tuanjie extensions init time: 	0.001 seconds
		Asset Database refresh time: 	1.056 seconds
	Scene opening time: 			0.052 seconds
##utp:{"type":"ProjectInfo","version":2,"phase":"Immediate","time":1791115827646,"processId":3431,"projectLoad":3.437354291,"projectInit":2.633507292,"templateInit":0.0,"packageManagerInit":0.190100375,"assetDatabaseInit":0.636970625,"globalIlluminationInit":0.00039375,"assembliesLoad":0.398652875,"unityExtensionsInit":0.000550625,"assetDatabaseRefresh":1.056356709,"sceneOpening":0.052428625}
##utp:{"type":"EditorInfo","version":2,"phase":"Immediate","time":1791115827646,"processId":3431,"editorVersion":"2022.3.61t14 (3a70663b70e0)","branch":"tuanjie/1.6/staging","buildType":"Release","platform":"OSX"}
Subscribe to USB device events
Thread 0x1720c7000 may have been prematurely finalized
CachePath: /Users/qinziqian/Library/Caches/Tuanjie/Palm Bay Netplaytest zV0Rjk client4_Netplay-zV0Rjk-client4
CachePath: /Users/qinziqian/Library/Caches/Tuanjie/Palm Bay Netplaytest zV0Rjk client4_Netplay-zV0Rjk-client4
Reloading assemblies for play mode.
Reloading assemblies after forced synchronous recompile.
Begin MonoManager ReloadAssembly
[NWB-WebRTC] SendDataChannelMessage rejected: dataChannel=null len=24
[NWB-C++] SendDataChannelMessage REJECTED (len=24)
- Loaded All Assemblies, in  0.097 seconds
Refreshing native plugins compatible for Editor in 1.87 ms, found 6 plugins.
Native extension for Android target not found
Native extension for OSXStandalone target not found
Mono: successfully reloaded assembly
- Finished resetting the current domain, in  0.146 seconds
Domain Reload Profiling: 244ms
	BeginReloadAssembly (60ms)
		ExecutionOrderSort (0ms)
		DisableScriptedObjects (2ms)
		BackupInstance (0ms)
		ReleaseScriptingObjects (0ms)
		CreateAndSetChildDomain (13ms)
	RebuildCommonClasses (13ms)
	RebuildNativeTypeToScriptingClass (5ms)
	initialDomainReloadingComplete (8ms)
	LoadAllAssembliesAndSetupDomain (12ms)
		LoadAssemblies (37ms)
		RebuildTransferFunctionScriptingTraits (0ms)
		AnalyzeDomain (6ms)
			TypeCache.Refresh (4ms)
				TypeCache.ScanAssembly (0ms)
			ScanForSourceGeneratedMonoScriptInfo (0ms)
			ResolveRequiredComponents (1ms)
	FinalizeReload (147ms)
		ReleaseScriptCaches (0ms)
		RebuildScriptCaches (0ms)
		SetupLoadedEditorAssemblies (79ms)
			LogAssemblyErrors (0ms)
			InitializePlatformSupportModulesInManaged (6ms)
			SetLoadedEditorAssemblies (2ms)
			RefreshPlugins (0ms)
			BeforeProcessingInitializeOnLoad (11ms)
			ProcessInitializeOnLoadAttributes (52ms)
			ProcessInitializeOnLoadMethodAttributes (8ms)
			AfterProcessingInitializeOnLoad (1ms)
			EditorAssembliesLoaded (0ms)
		ExecutionOrderSort2 (0ms)
		AwakeInstancesAfterBackupRestoration (2ms)
Asset Pipeline Refresh (id=a748d5b780fb5442cb2d4111f7d96c5c): Total: 0.341 seconds - Initiated by StopAssetImportingV2(ForceSynchronousImport | ForceDomainReload)
	Summary:
		Imports: total=0 (actual=0, local cache=0, cache server=0)
		Asset DB Process Time: managed=0 ms, native=84 ms
		Asset DB Callback time: managed=5 ms, native=0 ms
		Scripting: domain reloads=1, domain reload time=250 ms, compile time=1 ms, other=0 ms
		Project Asset Count: scripts=581, non-scripts=4227
		Asset File Changes: new=0, changed=0, moved=0, deleted=0
		Scan Filter Count: 0
		OnDemandAssets Count:0
	InvokeBeforeRefreshCallbacks: 0.435ms
	ApplyChangesToAssetFolders: 0.010ms
	Scan: 0.000ms
	OnSourceAssetsModified: 0.000ms
	GetAllGuidsForCategorization: 0.179ms
	CategorizeAssets: 25.288ms
	ImportOutOfDateAssets: 152.136ms (150.686ms without children)
		CompileScripts: 0.770ms
		CollectScriptTypesHashes: 0.000ms
		ReloadNativeAssets: 0.000ms
		UnloadImportedAssets: 0.218ms
		EnsureUptoDateAssetsAreRegisteredWithGuidPM: 0.326ms
		InitializingProgressBar: 0.000ms
		PostProcessAllAssetNotificationsAddChangedAssets: 0.000ms
		OnDemandSchedulerStart: 0.135ms
	PostProcessAllAssets: 5.539ms
	GatherAllCurrentPrimaryArtifactRevisions: 0.111ms
	UnloadStreamsBegin: 0.039ms
	PersistCurrentRevisions: 0.093ms
	UnloadStreamsEnd: 0.010ms
	Untracked: 157.562ms
AppState: beacon 收听套接绑定失败，自动发现不可用。Address already in use
UnityEngine.StackTraceUtility:ExtractStackTrace () (at /Users/bokken/build/output/dev/tj/Runtime/Export/Scripting/StackTrace.cs:37)
UnityEngine.DebugLogHandler:LogFormat (UnityEngine.LogType,UnityEngine.Object,string,object[])
UnityEngine.Logger:Log (UnityEngine.LogType,object)
UnityEngine.Debug:LogWarning (object)
IslandAirport.AppState:Awake () (at Assets/Scripts/Gameplay/AppState.cs:164)
UnityEngine.GameObject:AddComponent (System.Type) (at /Users/bokken/build/output/dev/tj/Runtime/Export/Scripting/GameObject.bindings.cs:240)
UnityEngine.GameObject:AddComponent<IslandAirport.AppState> () (at /Users/bokken/build/output/dev/tj/Runtime/Export/Scripting/GameObject.bindings.cs:245)
IslandAirport.AppState:Ensure () (at Assets/Scripts/Gameplay/AppState.cs:122)
IslandAirport.LobbyApp:Awake () (at Assets/Scripts/Gameplay/LobbyApp.cs:137)

(Filename: Assets/Scripts/Gameplay/AppState.cs Line: 164)

Loaded scene 'Temp/__Backupscenes/0.backup'
	Deserialize:            10.686 ms
	Integration:            45.828 ms
	Integration of assets:  0.026 ms
	Thread Wait Time:       0.001 ms
	Total Operation Time:   56.542 ms
[MODES] ModeService[none].Initialize
[MODES] ModeService[none].LoadModes
[MODES] Loading mode Default (0) for mode-current-id-Netplay-zV0Rjk-client4
[NWB-WebRTC] SendDataChannelMessage rejected: dataChannel=null len=54
[NWB-C++] SendDataChannelMessage REJECTED (len=54)
[NWB-WebRTC] SendDataChannelMessage rejected: dataChannel=null len=33
[NWB-C++] SendDataChannelMessage REJECTED (len=33)
Created GICache directory at /Users/qinziqian/Library/Caches/cn.yousandi.TuanjieEditor/Tuanjie/GiCache. Took: 0.003s, timestamps: [3.962 - 3.965]
Unloading 68 Unused Serialized files (Serialized files now loaded: 0)
UnloadTime: 1.656208 ms
Loaded scene 'Assets/Scenes/PalmBay.unity'
	Deserialize:            1.009 ms
	Integration:            22.739 ms
	Integration of assets:  0.001 ms
	Thread Wait Time:       0.006 ms
	Total Operation Time:   23.755 ms
Unloading 98 unused Assets / (263.8 KB). Loaded Objects now: 3672.
Memory consumption went from 102.3 MB to 102.1 MB.
Total: 1.870417 ms (FindLiveObjects: 0.084542 ms CreateObjectMapping: 0.024667 ms MarkObjects: 1.709625 ms  DeleteObjects: 0.051459 ms)

Unloading 56 Unused Serialized files (Serialized files now loaded: 0)
UnloadTime: 1.363041 ms
Loaded scene 'Temp/__Backupscenes/0.backup'
	Deserialize:            10.892 ms
	Integration:            3.286 ms
	Integration of assets:  0.033 ms
	Thread Wait Time:       0.004 ms
	Total Operation Time:   14.215 ms
Unloading 87 unused Assets / (188.2 KB). Loaded Objects now: 2279.
Memory consumption went from 88.4 MB to 88.3 MB.
Total: 1.867167 ms (FindLiveObjects: 0.050875 ms CreateObjectMapping: 0.010000 ms MarkObjects: 1.731333 ms  DeleteObjects: 0.074834 ms)

NETPLAY_PASSED client-baggage Session 4 client completed arrival return, cargo reload, canceled/held delivery inputs, wrong-receiver failure, and correct delivery through real UDP input and snapshots.
UnityEngine.StackTraceUtility:ExtractStackTrace () (at /Users/bokken/build/output/dev/tj/Runtime/Export/Scripting/StackTrace.cs:37)
UnityEngine.DebugLogHandler:LogFormat (UnityEngine.LogType,UnityEngine.Object,string,object[])
UnityEngine.Logger:Log (UnityEngine.LogType,object)
UnityEngine.Debug:Log (object)
NetPlaytest:Complete (bool,string) (at Assets/Editor/NetPlaytest.cs:1699)
NetPlaytest:AdvanceClientBaggage (double,single) (at Assets/Editor/NetPlaytest.cs:1526)
NetPlaytest:AdvanceScenario (double,single) (at Assets/Editor/NetPlaytest.cs:325)
NetPlaytest:Poll () (at Assets/Editor/NetPlaytest.cs:219)
UnityEditor.EditorApplication:Internal_CallUpdateFunctions () (at /Users/bokken/build/output/dev/tj/Editor/Mono/EditorApplication.cs:387)

(Filename: Assets/Editor/NetPlaytest.cs Line: 1699)

Thread 0x172153000 may have been prematurely finalized
CachePath: /Users/qinziqian/Library/Caches/Tuanjie/Palm Bay Netplaytest zV0Rjk client4_Netplay-zV0Rjk-client4
Unloading 0 Unused Serialized files (Serialized files now loaded: 0)
Loaded scene 'Temp/__Backupscenes/0.backup'
	Deserialize:            1.110 ms
	Integration:            1.800 ms
	Integration of assets:  0.001 ms
	Thread Wait Time:       0.007 ms
	Total Operation Time:   2.918 ms
Unloading 0 unused Assets / (94.5 KB). Loaded Objects now: 2181.
Memory consumption went from 87.0 MB to 86.9 MB.
Total: 1.839291 ms (FindLiveObjects: 0.045708 ms CreateObjectMapping: 0.008125 ms MarkObjects: 1.778458 ms  DeleteObjects: 0.006834 ms)

[UnityConnectServicesConfig] config is NOT valid, switching to default
gi::BakeBackendSwitch: switching bake backend from 3 to 2.
[00:00:00] Builtin Sky manager started.
Killing ADB server in 0.020255 seconds.
Thread 0x16de63000 may have been prematurely finalized
Input System module state changed to: ShutdownInProgress.
Input System polling thread exited.
Input System module state changed to: Shutdown.
[Licensing::IpcConnector] License Notification channel disconnected successfully.
[Licensing::IpcConnector] License Client channel disconnected successfully.
Shutting down server...
Thread 0x16eb83000 may have been prematurely finalized
[40m[32minfo[39m[22m[49m: Microsoft.Hosting.Lifetime[0]
      Application is shutting down...
Cleanup mono
debugger-agent: Unable to listen on 53
[Performance] Application.InitializeProject                                                                                        :        1 samples, Peak.  2.63 s (1.0x), Avg.  2.63 s, Total. 2.634 s (4.7%)
[Performance] Application.PackageManager.StartServer                                                                               :        1 samples, Peak.   792 us (1.0x), Avg.   792 us, Total. 791.7 us (0.0%)
[Performance] Application.AcquireProjectLock                                                                                       :        1 samples, Peak.  2.08 ms (1.0x), Avg.  2.08 ms, Total. 2.078 ms (0.0%)
[Performance] Application.InitializeEngineNoGraphics                                                                               :        1 samples, Peak.   143 ms (1.0x), Avg.   143 ms, Total. 142.5 ms (0.3%)
[Performance] Application.PackageManager.Initialize                                                                                :        1 samples, Peak.   190 ms (1.0x), Avg.   190 ms, Total. 190.1 ms (0.3%)
[Performance] Connecting to Package Manager                                                                                        :       20 samples, Peak.  38.0 us (15.0x), Avg.  2.54 us, Total. 50.71 us (0.0%)
[Performance] PackageManager::Api::RunRequestSynchronously                                                                         :       10 samples, Peak.  2.00 us (1.9x), Avg.  1.05 us, Total. 10.46 us (0.0%)
[Performance] Application.EngineGraphics.Initialize                                                                                :        1 samples, Peak.  19.6 ms (1.0x), Avg.  19.6 ms, Total. 19.58 ms (0.0%)
[Performance] Application.GI.Initialize                                                                                            :        1 samples, Peak.   394 us (1.0x), Avg.   394 us, Total. 394.1 us (0.0%)
[Performance] Application.LoadAllDefaultResourcesFromEditor                                                                        :        1 samples, Peak.   773 us (1.0x), Avg.   773 us, Total. 772.7 us (0.0%)
[Performance] Application.LoadMonoAssemblies                                                                                       :        1 samples, Peak.   399 ms (1.0x), Avg.   399 ms, Total. 398.7 ms (0.7%)
[Performance] RestoreManagedReferences                                                                                             :        3 samples, Peak.  32.7 ms (1.6x), Avg.  20.3 ms, Total. 60.77 ms (0.1%)
[Performance] InitializeOnLoad BuildProfileHelperManager                                                                           :        3 samples, Peak.  63.7 ms (2.8x), Avg.  23.1 ms, Total. 69.43 ms (0.1%)
[Performance] InitializeOnLoad SceneSearch                                                                                         :        3 samples, Peak.  67.0 us (1.3x), Avg.  50.1 us, Total. 150.2 us (0.0%)
[Performance] InitializeOnLoad DrivenRectTransformUndo                                                                             :        3 samples, Peak.   122 us (1.1x), Avg.   108 us, Total. 322.7 us (0.0%)
[Performance] InitializeOnLoad EditMode                                                                                            :        3 samples, Peak.   132 us (1.1x), Avg.   122 us, Total. 365.2 us (0.0%)
[Performance] InitializeOnLoad PlayModeDownload                                                                                    :        3 samples, Peak.   195 us (2.1x), Avg.  91.6 us, Total. 274.8 us (0.0%)
[Performance] InitializeOnLoad ShortcutIntegration                                                                                 :        3 samples, Peak.  30.0 us (1.3x), Avg.  23.6 us, Total. 70.75 us (0.0%)
[Performance] InitializeOnLoad ManagedDebuggerWindow                                                                               :        3 samples, Peak.   252 us (1.0x), Avg.   240 us, Total. 721.5 us (0.0%)
[Performance] InitializeOnLoad MenuItems                                                                                           :        3 samples, Peak.   123 us (1.2x), Avg.   103 us, Total. 309.6 us (0.0%)
[Performance] InitializeOnLoad ConsoleEntrance                                                                                     :        3 samples, Peak.   137 us (1.1x), Avg.   123 us, Total. 368.8 us (0.0%)
[Performance] InitializeOnLoad MixerEffectDefinitionReloader                                                                       :        3 samples, Peak.   858 us (1.3x), Avg.   683 us, Total. 2.048 ms (0.0%)
[Performance] InitializeOnLoad SearchService                                                                                       :        3 samples, Peak.  44.1 us (1.1x), Avg.  38.5 us, Total. 115.5 us (0.0%)
[Performance] InitializeOnLoad CloudBuild                                                                                          :        3 samples, Peak.  1.79 us (1.3x), Avg.  1.35 us, Total. 4.043 us (0.0%)
[Performance] InitializeOnLoad PrefabInstanceChangedListener                                                                       :        3 samples, Peak.  51.5 us (1.1x), Avg.  45.9 us, Total. 137.8 us (0.0%)
[Performance] InitializeOnLoad ManagedDebugger                                                                                     :        3 samples, Peak.   125 ns (1.1x), Avg.   111 ns, Total. 334.0 ns (0.0%)
[Performance] InitializeOnLoad AssetStoreContext                                                                                   :        3 samples, Peak.  8.72 ms (1.5x), Avg.  6.01 ms, Total. 18.03 ms (0.0%)
[Performance] InitializeOnLoad NativeFormatImporterUtility                                                                         :        3 samples, Peak.   855 us (1.1x), Avg.   745 us, Total. 2.236 ms (0.0%)
[Performance] InitializeOnLoad ObjectSelectorSearch                                                                                :        3 samples, Peak.  25.3 us (1.3x), Avg.  20.2 us, Total. 60.58 us (0.0%)
[Performance] InitializeOnLoad CacheServerWindow                                                                                   :        3 samples, Peak.  7.83 us (1.2x), Avg.  6.33 us, Total. 19.00 us (0.0%)
[Performance] InitializeOnLoad PoolManager                                                                                         :        3 samples, Peak.  20.1 us (1.1x), Avg.  18.8 us, Total. 56.50 us (0.0%)
[Performance] InitializeOnLoad UISystemProfilerRenderService                                                                       :        3 samples, Peak.  3.96 us (1.1x), Avg.  3.61 us, Total. 10.83 us (0.0%)
[Performance] InitializeOnLoad ProfilerConnectionPopupWindow                                                                       :        3 samples, Peak.  10.7 us (1.1x), Avg.  9.56 us, Total. 28.67 us (0.0%)
[Performance] InitializeOnLoad ProjectSearch                                                                                       :        3 samples, Peak.  18.4 us (1.2x), Avg.  15.4 us, Total. 46.12 us (0.0%)
[Performance] InitializeOnLoad TuanjiePathAndNameFix                                                                               :        3 samples, Peak.  58.3 us (1.1x), Avg.  53.0 us, Total. 159.0 us (0.0%)
[Performance] InitializeOnLoad UnityConnect                                                                                        :        3 samples, Peak.   417 ns (1.7x), Avg.   250 ns, Total. 750.0 ns (0.0%)
[Performance] InitializeOnLoad WindowLayout                                                                                        :        3 samples, Peak.  13.3 us (1.1x), Avg.  12.6 us, Total. 37.71 us (0.0%)
[Performance] InitializeOnLoad SettingsService                                                                                     :        3 samples, Peak.  5.46 us (1.1x), Avg.  4.85 us, Total. 14.54 us (0.0%)
[Performance] InitializeOnLoad AddComponentWindow                                                                                  :        3 samples, Peak.  41.9 us (1.1x), Avg.  36.9 us, Total. 110.7 us (0.0%)
[Performance] InitializeOnLoad EditorMonitor                                                                                       :        3 samples, Peak.   292 us (1.2x), Avg.   246 us, Total. 738.5 us (0.0%)
[Performance] InitializeOnLoad RetainedMode                                                                                        :        3 samples, Peak.   802 us (1.0x), Avg.   789 us, Total. 2.367 ms (0.0%)
[Performance] InitializeOnLoad EditorShaderLoader                                                                                  :        3 samples, Peak.   249 us (1.2x), Avg.   216 us, Total. 648.1 us (0.0%)
[Performance] InitializeOnLoad EditorDelegateRegistration                                                                          :        3 samples, Peak.   204 us (1.1x), Avg.   192 us, Total. 577.1 us (0.0%)
[Performance] InitializeOnLoad UIDocumentHierarchyWatcher                                                                          :        3 samples, Peak.  29.2 us (1.2x), Avg.  25.2 us, Total. 75.54 us (0.0%)
[Performance] InitializeOnLoad LiveReloadTrackerCreator                                                                            :        3 samples, Peak.   104 us (1.4x), Avg.  75.2 us, Total. 225.5 us (0.0%)
[Performance] InitializeOnLoad UxmlObjectEditorFactories                                                                           :        3 samples, Peak.   235 us (1.2x), Avg.   197 us, Total. 592.0 us (0.0%)
[Performance] InitializeOnLoad UXMLEditorFactories                                                                                 :        3 samples, Peak.  21.6 ms (1.0x), Avg.  21.0 ms, Total. 62.97 ms (0.1%)
[Performance] InitializeOnLoad PurchasingService                                                                                   :        3 samples, Peak.  2.60 ms (1.1x), Avg.  2.45 ms, Total. 7.351 ms (0.0%)
[Performance] InitializeOnLoad CloudBuildPoller                                                                                    :        3 samples, Peak.  38.0 us (1.0x), Avg.  36.9 us, Total. 110.7 us (0.0%)
[Performance] InitializeOnLoad EditorGameServicesAnalytics                                                                         :        3 samples, Peak.   420 us (1.1x), Avg.   376 us, Total. 1.127 ms (0.0%)
[Performance] InitializeOnLoad AnalyticsService                                                                                    :        3 samples, Peak.  66.2 us (1.1x), Avg.  60.9 us, Total. 182.7 us (0.0%)
[Performance] InitializeOnLoad BuildService                                                                                        :        3 samples, Peak.  51.2 us (1.0x), Avg.  50.1 us, Total. 150.2 us (0.0%)
[Performance] InitializeOnLoad AdsService                                                                                          :        3 samples, Peak.   178 us (1.2x), Avg.   145 us, Total. 436.1 us (0.0%)
[Performance] InitializeOnLoad UDPService                                                                                          :        3 samples, Peak.  52.2 us (1.1x), Avg.  48.9 us, Total. 146.7 us (0.0%)
[Performance] InitializeOnLoad CrashService                                                                                        :        3 samples, Peak.  52.0 us (1.0x), Avg.  50.0 us, Total. 149.9 us (0.0%)
[Performance] InitializeOnLoad ServicesRepository                                                                                  :        3 samples, Peak.   125 ns (1.1x), Avg.   111 ns, Total. 333.0 ns (0.0%)
[Performance] InitializeOnLoad SearchWindow                                                                                        :        3 samples, Peak.  57.5 us (1.2x), Avg.  48.1 us, Total. 144.4 us (0.0%)
[Performance] InitializeOnLoad CustomIndexers                                                                                      :        3 samples, Peak.  6.09 ms (1.1x), Avg.  5.66 ms, Total. 16.99 ms (0.0%)
[Performance] InitializeOnLoad SearchMonitor                                                                                       :        3 samples, Peak.   399 us (1.1x), Avg.   349 us, Total. 1.047 ms (0.0%)
[Performance] InitializeOnLoad ParameterControllerEditor                                                                           :        3 samples, Peak.  9.21 us (1.1x), Avg.  8.32 us, Total. 24.96 us (0.0%)
[Performance] InitializeOnLoad LayerSettingsWindow                                                                                 :        3 samples, Peak.  16.2 us (1.7x), Avg.  9.58 us, Total. 28.75 us (0.0%)
[Performance] InitializeOnLoad PackageManagerHookGUIDConverter.RegisterPackagesEventHandler                                        :        3 samples, Peak.   288 us (2.4x), Avg.   120 us, Total. 359.8 us (0.0%)
[Performance] InitializeOnLoad EditorDragAndDrop.RegisterEditorClient                                                              :        3 samples, Peak.  92.8 us (1.2x), Avg.  79.8 us, Total. 239.3 us (0.0%)
[Performance] InitializeOnLoad EditorEventCallbacks.InitializeFontAssetResourceChangeCallBacks                                     :        3 samples, Peak.   400 us (1.1x), Avg.   374 us, Total. 1.121 ms (0.0%)
[Performance] InitializeOnLoad SceneTemplateService.Init                                                                           :        3 samples, Peak.   454 us (1.1x), Avg.   431 us, Total. 1.292 ms (0.0%)
[Performance] InitializeOnLoad DiagnosticSwitchesConsoleMessage.Init                                                               :        3 samples, Peak.  1.62 ms (1.6x), Avg.  1.04 ms, Total. 3.106 ms (0.0%)
[Performance] InitializeOnLoad EditorWindow.Initialize                                                                             :        3 samples, Peak.  88.6 us (1.1x), Avg.  83.4 us, Total. 250.3 us (0.0%)
[Performance] InitializeOnLoad MemoryProfilerCompilationGuard.InjectCompileGuard                                                   :        3 samples, Peak.  64.4 us (1.1x), Avg.  56.1 us, Total. 168.3 us (0.0%)
[Performance] InitializeOnLoad ToolShortcutContext.Init                                                                            :        3 samples, Peak.  41.6 us (1.1x), Avg.  39.0 us, Total. 116.9 us (0.0%)
[Performance] InitializeOnLoad SceneVisibilityManager.Initialize                                                                   :        3 samples, Peak.  1.10 ms (1.9x), Avg.   570 us, Total. 1.711 ms (0.0%)
[Performance] InitializeOnLoad AssetPostprocessingInternal.RefreshCustomDependencies                                               :        3 samples, Peak.  1.31 ms (1.4x), Avg.   907 us, Total. 2.722 ms (0.0%)
[Performance] InitializeOnLoad SysrootManager.Initialize                                                                           :        3 samples, Peak.   229 us (1.2x), Avg.   195 us, Total. 583.8 us (0.0%)
[Performance] InitializeOnLoad ScopedRegistryAddedPopup.SubscribeToRegistriesAdded                                                 :        3 samples, Peak.  81.1 us (1.2x), Avg.  68.1 us, Total. 204.2 us (0.0%)
[Performance] InitializeOnLoad PackageManagerWindow.EditorInitializedInSafeMode                                                    :        3 samples, Peak.  40.7 us (1.7x), Avg.  23.6 us, Total. 70.71 us (0.0%)
[Performance] AssemblyReloadEvents.afterAssemblyReload: UnityEditor.PackageManager.TuanjiePathAndNameFix.FixTuanjieNameOrPath      :        3 samples, Peak.  1.38 ms (1.3x), Avg.  1.10 ms, Total. 3.305 ms (0.0%)
[Performance] AssemblyReloadEvents.afterAssemblyReload: UnityEditor.SceneTemplate.SceneTemplateService.AfterAssemblyReload         :        3 samples, Peak.  1.21 ms (1.5x), Avg.   818 us, Total. 2.455 ms (0.0%)
[Performance] ProcessService.EditorAfterLoadAllAssemblies                                                                          :        3 samples, Peak.   123 us (1.1x), Avg.   114 us, Total. 341.1 us (0.0%)
[Performance] Application.ReadLicenseInfo                                                                                          :        1 samples, Peak.  14.5 ms (1.0x), Avg.  14.5 ms, Total. 14.48 ms (0.0%)
[Performance] Application.InitialRefresh                                                                                           :        1 samples, Peak.  1.03 s (1.0x), Avg.  1.03 s, Total. 1.026 s (1.8%)
[Performance] ShaderImporter.SourceAssetModified                                                                                   :        2 samples, Peak.   375 ns (1.2x), Avg.   312 ns, Total. 625.0 ns (0.0%)
[Performance] ShaderIncludeImporter.SourceAssetModified                                                                            :        2 samples, Peak.   417 ns (1.3x), Avg.   333 ns, Total. 667.0 ns (0.0%)
[Performance] Compiling Scripts                                                                                                    :        1 samples, Peak.   356 ms (1.0x), Avg.   356 ms, Total. 355.8 ms (0.6%)
[Performance] AssemblyReloadEvents.beforeAssemblyReload: UnityEditor.SceneTemplate.SceneTemplateService.BeforeAssemblyReload       :        2 samples, Peak.   179 us (1.1x), Avg.   165 us, Total. 329.2 us (0.0%)
[Performance] PresetManagerPostProcessor.OnPreprocessAsset                                                                         :        1 samples, Peak.   385 us (1.0x), Avg.   385 us, Total. 384.8 us (0.0%)
[Performance] CancelSplashScreenOnAssetChange.OnPreprocessAsset                                                                    :        1 samples, Peak.  44.6 us (1.0x), Avg.  44.6 us, Total. 44.58 us (0.0%)
[Performance] InitializeOnLoad M3ReplayFailureCapture                                                                              :        2 samples, Peak.  65.5 us (1.1x), Avg.  62.2 us, Total. 124.5 us (0.0%)
[Performance] InitializeOnLoad NetPlaytest                                                                                         :        2 samples, Peak.  55.6 us (1.0x), Avg.  54.9 us, Total. 109.9 us (0.0%)
[Performance] InitializeOnLoad M3FuelPlaytest                                                                                      :        2 samples, Peak.  72.5 us (1.0x), Avg.  72.3 us, Total. 144.5 us (0.0%)
[Performance] InitializeOnLoad MainLoopPlaytest                                                                                    :        2 samples, Peak.  19.8 us (1.2x), Avg.  17.2 us, Total. 34.37 us (0.0%)
[Performance] InitializeOnLoad M2LobbyCapture                                                                                      :        2 samples, Peak.  18.5 us (1.0x), Avg.  18.0 us, Total. 36.08 us (0.0%)
[Performance] InitializeOnLoad M4CoopCapture                                                                                       :        2 samples, Peak.   261 us (1.0x), Avg.   259 us, Total. 518.3 us (0.0%)
[Performance] InitializeOnLoad M1ReviewCapture                                                                                     :        2 samples, Peak.  20.4 us (1.1x), Avg.  19.3 us, Total. 38.58 us (0.0%)
[Performance] InitializeOnLoad CodelyToolbar                                                                                       :        2 samples, Peak.  87.1 us (1.3x), Avg.  68.5 us, Total. 137.1 us (0.0%)
[Performance] InitializeOnLoad CodelyLayoutInstaller                                                                               :        2 samples, Peak.  35.5 us (1.3x), Avg.  27.9 us, Total. 55.75 us (0.0%)
[Performance] InitializeOnLoad SelectionChangedNotifier                                                                            :        2 samples, Peak.  94.6 us (1.4x), Avg.  66.3 us, Total. 132.7 us (0.0%)
[Performance] InitializeOnLoad UnityTcpBridge                                                                                      :        2 samples, Peak.   233 us (1.2x), Avg.   201 us, Total. 401.5 us (0.0%)
[Performance] InitializeOnLoad BridgeUpdateRestartPrompt                                                                           :        2 samples, Peak.  20.0 us (1.1x), Avg.  18.7 us, Total. 37.33 us (0.0%)
[Performance] InitializeOnLoad TmpEssentialsAutoImporter                                                                           :        2 samples, Peak.  21.1 us (1.1x), Avg.  19.4 us, Total. 38.79 us (0.0%)
[Performance] InitializeOnLoad NativeDllLoader                                                                                     :        2 samples, Peak.   374 us (1.3x), Avg.   289 us, Total. 577.5 us (0.0%)
[Performance] InitializeOnLoad DialogWatcher                                                                                       :        2 samples, Peak.   429 us (1.2x), Avg.   343 us, Total. 686.8 us (0.0%)
[Performance] InitializeOnLoad StepJobRunner                                                                                       :        2 samples, Peak.  1.71 ms (1.0x), Avg.  1.65 ms, Total. 3.302 ms (0.0%)
[Performance] InitializeOnLoad ManageWindowBridge                                                                                  :        2 samples, Peak.   280 us (1.0x), Avg.   275 us, Total. 550.4 us (0.0%)
[Performance] InitializeOnLoad PrefabLayoutRebuilder                                                                               :        2 samples, Peak.  93.4 us (1.0x), Avg.  91.8 us, Total. 183.6 us (0.0%)
[Performance] InitializeOnLoad ManageScreenshot.ScheduleStaleCaptureWindowCleanup                                                  :        2 samples, Peak.   974 us (1.1x), Avg.   847 us, Total. 1.694 ms (0.0%)
[Performance] InitializeOnLoad ManageInput.Initialize                                                                              :        2 samples, Peak.  85.3 us (1.1x), Avg.  76.0 us, Total. 152.0 us (0.0%)
[Performance] InitializeOnLoad NativeWindowBridgeHost.OnDomainReload                                                               :        2 samples, Peak.  1.93 ms (1.1x), Avg.  1.83 ms, Total. 3.661 ms (0.0%)
[Performance] InitializeOnLoad DrillWindow.AutoOpenOnLoadIfDrillIncomplete                                                         :        2 samples, Peak.   596 us (1.0x), Avg.   595 us, Total. 1.189 ms (0.0%)
[Performance] InitializeOnLoad CodelyWindow.RegisterReloadEvents                                                                   :        2 samples, Peak.   171 us (1.0x), Avg.   171 us, Total. 342.0 us (0.0%)
[Performance] InitializeOnLoad CodelyLogger.Init                                                                                   :        2 samples, Peak.  27.7 us (1.0x), Avg.  26.6 us, Total. 53.25 us (0.0%)
[Performance] DidReloadScriptsAdvancedDropdownWindow.OnScriptReload                                                                :        2 samples, Peak.  73.3 us (1.0x), Avg.  73.0 us, Total. 146.0 us (0.0%)
[Performance] AssetDatabase.ImportAssets                                                                                           :        3 samples, Peak.   291 ns (1.7x), Avg.   167 ns, Total. 500.0 ns (0.0%)
[Performance] VersionControl.Task.Wait                                                                                             :        1 samples, Peak.  5.46 us (1.0x), Avg.  5.46 us, Total. 5.458 us (0.0%)
[Performance] BuilderAssetPostprocessor.OnPostprocessAllAssets                                                                     :        2 samples, Peak.  1.26 ms (1.0x), Avg.  1.24 ms, Total. 2.479 ms (0.0%)
[Performance] ArtifactBrowserPostProcessor.OnPostprocessAllAssets                                                                  :        2 samples, Peak.   208 us (1.0x), Avg.   208 us, Total. 415.3 us (0.0%)
[Performance] AssetEvents.OnPostprocessAllAssets                                                                                   :        4 samples, Peak.  65.9 us (1.6x), Avg.  41.8 us, Total. 167.2 us (0.0%)
[Performance] AudioMixerPostprocessor.OnPostprocessAllAssets                                                                       :        2 samples, Peak.   105 us (1.0x), Avg.   104 us, Total. 208.4 us (0.0%)
[Performance] DomainReloadPostprocessor.OnPostprocessAllAssets                                                                     :        4 samples, Peak.   940 us (1.2x), Avg.   816 us, Total. 3.263 ms (0.0%)
[Performance] StyleCatalogPostProcessor.OnPostprocessAllAssets                                                                     :        2 samples, Peak.  8.25 ms (1.0x), Avg.  8.25 ms, Total. 16.50 ms (0.0%)
[Performance] BuildCatalog                                                                                                         :        1 samples, Peak.  7.24 ms (1.0x), Avg.  7.24 ms, Total. 7.237 ms (0.0%)
[Performance] ModelImporterPostProcessor.OnPostprocessAllAssets                                                                    :        2 samples, Peak.   400 us (1.0x), Avg.   400 us, Total. 799.3 us (0.0%)
[Performance] RetainedModeAssetPostprocessor.OnPostprocessAllAssets                                                                :        2 samples, Peak.   901 us (1.0x), Avg.   901 us, Total. 1.801 ms (0.0%)
[Performance] AssetChangedListener.OnPostprocessAllAssets                                                                          :        2 samples, Peak.   720 us (1.0x), Avg.   720 us, Total. 1.440 ms (0.0%)
[Performance] SpeedTreePostProcessor.OnPostprocessAllAssets                                                                        :        2 samples, Peak.  90.8 us (1.0x), Avg.  90.4 us, Total. 180.8 us (0.0%)
[Performance] TextAssetPostProcessor.OnPostprocessAllAssets                                                                        :        2 samples, Peak.   162 us (1.0x), Avg.   162 us, Total. 324.0 us (0.0%)
[Performance] SyncVS.PostprocessSyncProject                                                                                        :        2 samples, Peak.   615 us (1.1x), Avg.   584 us, Total. 1.167 ms (0.0%)
[Performance] Application.ImportPackagesAndSetTemplateWhenCreatingProject                                                          :        1 samples, Peak.  10.5 ms (1.0x), Avg.  10.5 ms, Total. 10.48 ms (0.0%)
[Performance] Application.SyncCurrentColorSpace                                                                                    :        1 samples, Peak.  4.92 ms (1.0x), Avg.  4.92 ms, Total. 4.918 ms (0.0%)
[Performance] Application.OnUsbDevicesChanged                                                                                      :        1 samples, Peak.  52.2 us (1.0x), Avg.  52.2 us, Total. 52.17 us (0.0%)
[Performance] Application.AssetInstanceCacheUpdate                                                                                 :        1 samples, Peak.  83.0 ns (1.0x), Avg.  83.0 ns, Total. 83.00 ns (0.0%)
[Performance] Application.UnityExtensions.Initialize                                                                               :        1 samples, Peak.   551 us (1.0x), Avg.   551 us, Total. 551.3 us (0.0%)
[Performance] CodeEditorProjectSync.SyncEditorProject                                                                              :        1 samples, Peak.  32.7 us (1.0x), Avg.  32.7 us, Total. 32.75 us (0.0%)
[Performance] Application.ExecuteStartups                                                                                          :        1 samples, Peak.  26.2 ms (1.0x), Avg.  26.2 ms, Total. 26.18 ms (0.0%)
[Performance] Menu.RegisterMenuInterface                                                                                           :       26 samples, Peak.   167 ns (2.5x), Avg.  65.7 ns, Total. 1.707 us (0.0%)
[Performance] Gizmo.RebuildRenderers                                                                                               :        4 samples, Peak.  23.5 ms (2.0x), Avg.  11.6 ms, Total. 46.43 ms (0.1%)
[Performance] Gizmo.AddGizmoRenderers                                                                                              :      136 samples, Peak.   794 us (53.6x), Avg.  14.8 us, Total. 2.016 ms (0.0%)
[Performance] Application.editorInitializingProject                                                                                :        1 samples, Peak.  1.48 ms (1.0x), Avg.  1.48 ms, Total. 1.476 ms (0.0%)
[Performance] Application.FinishLoadingProject                                                                                     :        1 samples, Peak.  52.4 ms (1.0x), Avg.  52.4 ms, Total. 52.43 ms (0.1%)
[Performance] Application.InitializeMenu                                                                                           :        1 samples, Peak.  18.2 ms (1.0x), Avg.  18.2 ms, Total. 18.20 ms (0.0%)
[Performance] Menu.RebuildAll                                                                                                      :        1 samples, Peak.  18.2 ms (1.0x), Avg.  18.2 ms, Total. 18.20 ms (0.0%)
[Performance] Menu.BuildRegisteredMenuInterfaces                                                                                   :        1 samples, Peak.  16.5 ms (1.0x), Avg.  16.5 ms, Total. 16.49 ms (0.0%)
[Performance] Menu.FilterMenuItem                                                                                                  :      857 samples, Peak.  7.46 ms (832.1x), Avg.  8.97 us, Total. 7.685 ms (0.0%)
[Performance] UpdateAllMenus                                                                                                       :        2 samples, Peak.  13.3 ms (2.0x), Avg.  6.78 ms, Total. 13.55 ms (0.0%)
[Performance] EditorSceneManager.sceneClosing: UnityEditor.SceneVisibilityManager.EditorSceneManagerOnSceneClosing                 :        4 samples, Peak.  98.0 us (2.0x), Avg.  48.8 us, Total. 195.0 us (0.0%)
[Performance] GUIView.RepaintAll.PlayerLoopController                                                                              :   505899 samples, Peak.  11.3 us (452.7x), Avg.  25.0 ns, Total. 12.66 ms (0.0%)
[Performance] EditorSceneManager.newSceneCreated: UnityEditor.SceneTemplate.SceneTemplateService.OnNewSceneCreated                 :        1 samples, Peak.  94.3 us (1.0x), Avg.  94.3 us, Total. 94.33 us (0.0%)
[Performance] EditorSceneManager.newSceneCreated: UnityEditor.SceneVisibilityManager.EditorSceneManagerOnNewSceneCreated           :        1 samples, Peak.  57.4 us (1.0x), Avg.  57.4 us, Total. 57.42 us (0.0%)
[Performance] EditorSceneManager.newSceneCreated: UnityEditor.SceneManagement.StageNavigationManager.OnNewSceneCreated             :        1 samples, Peak.  20.0 us (1.0x), Avg.  20.0 us, Total. 20.00 us (0.0%)
[Performance] Application.InvokeFinishedLoadingProject                                                                             :        1 samples, Peak.  3.20 ms (1.0x), Avg.  3.20 ms, Total. 3.203 ms (0.0%)
[Performance] ProcessService.OnProjectLoaded                                                                                       :        1 samples, Peak.  20.8 us (1.0x), Avg.  20.8 us, Total. 20.83 us (0.0%)
[Performance] EditorSceneManager.sceneOpening: UnityEditor.SceneVisibilityManager.EditorSceneManagerOnSceneOpening                 :        1 samples, Peak.  39.1 us (1.0x), Avg.  39.1 us, Total. 39.12 us (0.0%)
[Performance] Inspector.InitOrRebuild                                                                                              :        3 samples, Peak.   164 us (1.4x), Avg.   118 us, Total. 353.5 us (0.0%)
[Performance] EditorSceneManager.sceneOpened: UnityEditor.SceneTemplate.SceneTemplateService.OnSceneOpened                         :        1 samples, Peak.  78.1 us (1.0x), Avg.  78.1 us, Total. 78.12 us (0.0%)
[Performance] EditorSceneManager.sceneOpened: UnityEditor.SceneVisibilityManager.EditorSceneManagerOnSceneOpened                   :        1 samples, Peak.  35.0 us (1.0x), Avg.  35.0 us, Total. 34.96 us (0.0%)
[Performance] EditorSceneManager.sceneOpened: UnityEditor.SceneManagement.StageNavigationManager.OnSceneOpened                     :        1 samples, Peak.  15.5 us (1.0x), Avg.  15.5 us, Total. 15.50 us (0.0%)
[Performance] EditorApplication.playModeStateChanged                                                                               :        2 samples, Peak.   581 us (1.8x), Avg.   316 us, Total. 632.8 us (0.0%)
[Performance] EditorApplication.playModeStateChanged: UnityEditor.PackageManager.UI.Internal.ApplicationProxy.PlayModeStateChanged :        4 samples, Peak.  62.5 us (2.1x), Avg.  30.2 us, Total. 120.8 us (0.0%)
[Performance] EditorApplication.playModeStateChanged: UnityEditor.PackageManager.UI.Internal.PlayModeDownload.PlayModeStateChanged :        4 samples, Peak.   133 us (2.8x), Avg.  46.9 us, Total. 187.7 us (0.0%)
[Performance] EditorApplication.playModeStateChanged: UnityEditor.ObjectPool.PoolManager.OnEditorStateChange                       :        4 samples, Peak.  49.5 us (2.0x), Avg.  24.8 us, Total. 99.08 us (0.0%)
[Performance] EditorApplication.playModeStateChanged: UnityTcp.Editor.Tools.ManageInput.OnPlayModeStateChanged                     :        4 samples, Peak.  12.3 us (1.9x), Avg.  6.64 us, Total. 26.54 us (0.0%)
[Performance] EditorApplication.playModeStateChanged: UnityTcp.Editor.Native.NativeWindowBridgeHost.OnPlayModeStateChanged         :        4 samples, Peak.  96.0 us (2.2x), Avg.  44.5 us, Total. 177.8 us (0.0%)
[Performance] EditorApplication.playModeStateChanged: Cn.Tuanjie.Codely.Editor.CodelyWindow.OnPlayModeStateChanged                 :        4 samples, Peak.  98.4 us (2.2x), Avg.  44.4 us, Total. 177.5 us (0.0%)
[Performance] EditorApplication.playModeStateChanged: UnityEditor.SceneManagement.EditorSceneManager.PlayModeStateChangedCallback  :        4 samples, Peak.  22.2 us (2.6x), Avg.  8.64 us, Total. 34.54 us (0.0%)
[Performance] EditorApplication.playModeStateChanged: UnityEditor.SceneVisibilityManager.EditorApplicationPlayModeStateChanged     :        4 samples, Peak.  15.0 us (2.3x), Avg.  6.52 us, Total. 26.08 us (0.0%)
[Performance] Application.InvokeProjectWasLoaded                                                                                   :        1 samples, Peak.  10.7 us (1.0x), Avg.  10.7 us, Total. 10.67 us (0.0%)
[Performance] Application.Tick                                                                                                     :   505896 samples, Peak.   608 ms (32487.2x), Avg.  18.7 us, Total. 9.465 s (16.9%)
[Performance] CheckLicensingClient                                                                                                 :       11 samples, Peak.  4.25 us (2.5x), Avg.  1.69 us, Total. 18.62 us (0.0%)
[Performance] CheckLicensingClientNotification                                                                                     :       11 samples, Peak.  3.21 us (1.2x), Avg.  2.65 us, Total. 29.16 us (0.0%)
[Performance] LicenseActivated.Tick                                                                                                :        1 samples, Peak.  4.08 us (1.0x), Avg.  4.08 us, Total. 4.083 us (0.0%)
[Performance] Application.TickVersionControl                                                                                       :   505897 samples, Peak.  41.2 us (570.9x), Avg.  72.3 ns, Total. 36.55 ms (0.1%)
[Performance] MonoCompiler.Tick                                                                                                    :      259 samples, Peak.   520 ms (258.4x), Avg.  2.01 ms, Total. 520.7 ms (0.9%)
[Performance] Application.EnterPlayMode                                                                                            :        1 samples, Peak.   511 ms (1.0x), Avg.   511 ms, Total. 511.2 ms (0.9%)
[Performance] Application.Reload                                                                                                   :        1 samples, Peak.   341 ms (1.0x), Avg.   341 ms, Total. 341.5 ms (0.6%)
[Performance] AssemblyReloadEvents.beforeAssemblyReload: UnityTcp.Editor.Native.NativeDllLoader.OnBeforeAssemblyReload             :        1 samples, Peak.  42.4 us (1.0x), Avg.  42.4 us, Total. 42.42 us (0.0%)
[Performance] AssemblyReloadEvents.beforeAssemblyReload: UnityTcp.Editor.Helpers.DetachedJobs.FlushIfDirty                         :        1 samples, Peak.  88.5 us (1.0x), Avg.  88.5 us, Total. 88.46 us (0.0%)
[Performance] AssemblyReloadEvents.beforeAssemblyReload: UnityTcp.Editor.Helpers.StepJobRunner.Save                                :        1 samples, Peak.  77.3 us (1.0x), Avg.  77.3 us, Total. 77.33 us (0.0%)
[Performance] AssemblyReloadEvents.beforeAssemblyReload: UnityTcp.Editor.Tools.ManageWindowBridge.OnBeforeAssemblyReload           :        1 samples, Peak.  7.08 us (1.0x), Avg.  7.08 us, Total. 7.084 us (0.0%)
[Performance] AssemblyReloadEvents.beforeAssemblyReload: UnityTcp.Editor.Tools.ManageScreenshot.CleanupRecordingBeforeDomainExit   :        1 samples, Peak.  7.04 us (1.0x), Avg.  7.04 us, Total. 7.042 us (0.0%)
[Performance] AssemblyReloadEvents.beforeAssemblyReload: UnityTcp.Editor.Native.NativeWindowBridgeHost.OnBeforeAssemblyReload      :        1 samples, Peak.  8.74 ms (1.0x), Avg.  8.74 ms, Total. 8.744 ms (0.0%)
[Performance] AssemblyReloadEvents.beforeAssemblyReload: Cn.Tuanjie.Codely.Editor.CodelyWindow.OnBeforeAssemblyReload              :        1 samples, Peak.   301 us (1.0x), Avg.   301 us, Total. 301.4 us (0.0%)
[Performance] SceneDataContainer.TransformHierarchyChangedSetParentCallback                                                        :     4251 samples, Peak.  15.2 us (77.4x), Avg.   196 ns, Total. 834.9 us (0.0%)
[Performance] SceneVisibilityState.IsFlagSetInParents                                                                              :    12012 samples, Peak.  15.0 us (130.4x), Avg.   115 ns, Total. 1.382 ms (0.0%)
[Performance] UnityBuildPostprocessor.OnProcessScene                                                                               :        3 samples, Peak.   319 us (2.6x), Avg.   123 us, Total. 369.7 us (0.0%)
[Performance] UnityConnect.Tick                                                                                                    :        2 samples, Peak.  3.64 ms (2.0x), Avg.  1.85 ms, Total. 3.708 ms (0.0%)
[Performance] UnityVersionControl.Tick                                                                                             :        2 samples, Peak.   292 ns (1.3x), Avg.   229 ns, Total. 459.0 ns (0.0%)
[Performance] CurlRequest.Tick                                                                                                     :      516 samples, Peak.  31.5 us (76.0x), Avg.   415 ns, Total. 214.0 us (0.0%)
[Performance] HubClient.Tick                                                                                                       :      516 samples, Peak.  1.04 us (9.0x), Avg.   116 ns, Total. 59.99 us (0.0%)
[Performance] AssetDatabase.Tick                                                                                                   :      516 samples, Peak.  20.8 us (100.4x), Avg.   207 ns, Total. 106.7 us (0.0%)
[Performance] SceneBackgroundTask.Tick                                                                                             :      345 samples, Peak.  5.83 us (57.2x), Avg.   102 ns, Total. 35.21 us (0.0%)
[Performance] Scheduler.Tick                                                                                                       :     5104 samples, Peak.  1.01 ms (570.6x), Avg.  1.78 us, Total. 9.070 ms (0.0%)
[Performance] RepaintAllProfilerWindows                                                                                            :      104 samples, Peak.   107 us (55.7x), Avg.  1.92 us, Total. 199.7 us (0.0%)
[Performance] PlayerUpdates.Tick                                                                                                   :     1029 samples, Peak.  58.9 us (9.0x), Avg.  6.54 us, Total. 6.734 ms (0.0%)
[Performance] Application.TickGlobalCallbacks                                                                                      :   505897 samples, Peak.  24.7 ms (15292.4x), Avg.  1.62 us, Total. 818.0 ms (1.5%)
[Performance] EditorAnalytics.Tick                                                                                                 :      207 samples, Peak.  14.2 us (6.0x), Avg.  2.39 us, Total. 495.5 us (0.0%)
[Performance] Video.Update                                                                                                         :   505897 samples, Peak.  20.8 us (457.7x), Avg.  45.4 ns, Total. 22.98 ms (0.0%)
[Performance] Application.TickProgress                                                                                             :   505897 samples, Peak.  5.48 ms (104495.7x), Avg.  52.4 ns, Total. 26.52 ms (0.0%)
[Performance] Application.TickSceneTracker                                                                                         :   505896 samples, Peak.   100 ms (8748.5x), Avg.  11.4 us, Total. 5.786 s (10.4%)
[Performance] EditorApplication.update                                                                                             :   505896 samples, Peak.   100 ms (9159.7x), Avg.  10.9 us, Total. 5.526 s (9.9%)
[Performance] EditorApplication.update: UnityEditor.PackageManager.UI.Internal.ApplicationProxy.OnUpdate                           :   505897 samples, Peak.   208 us (1455.2x), Avg.   143 ns, Total. 72.43 ms (0.1%)
[Performance] EditorApplication.update: M3ReplayFailureCapture.Poll                                                                :   505897 samples, Peak.   129 us (527.2x), Avg.   245 ns, Total. 124.1 ms (0.2%)
[Performance] EditorApplication.update: NetPlaytest.Poll                                                                           :   505896 samples, Peak.   100 ms (66315.9x), Avg.  1.51 us, Total. 763.1 ms (1.4%)
[Performance] EditorApplication.update: M3FuelPlaytest.Poll                                                                        :   505896 samples, Peak.  97.2 us (733.0x), Avg.   133 ns, Total. 67.06 ms (0.1%)
[Performance] EditorApplication.update: MainLoopPlaytest.Poll                                                                      :   505896 samples, Peak.  59.6 us (466.7x), Avg.   128 ns, Total. 64.59 ms (0.1%)
[Performance] EditorApplication.update: M2LobbyCapture.Poll                                                                        :   505896 samples, Peak.  51.2 us (421.4x), Avg.   122 ns, Total. 61.47 ms (0.1%)
[Performance] EditorApplication.update: M4CoopCapture.Poll                                                                         :   505896 samples, Peak.  54.0 us (358.1x), Avg.   151 ns, Total. 76.23 ms (0.1%)
[Performance] EditorApplication.update: M1ReviewCapture.Poll                                                                       :   505896 samples, Peak.  50.6 us (343.0x), Avg.   147 ns, Total. 74.60 ms (0.1%)
[Performance] EditorApplication.update: UnityTcp.Editor.Windows.CodelyToolbar.EnsureAttached                                       :   505896 samples, Peak.   509 us (67.1x), Avg.  7.59 us, Total. 3.839 s (6.9%)
[Performance] EditorApplication.update: UnityEditor.SceneManagement.StageNavigationManager.Update                                  :   505896 samples, Peak.   167 us (2237.5x), Avg.  74.4 ns, Total. 37.65 ms (0.1%)
[Performance] ConsoleLog.Tick                                                                                                      :      258 samples, Peak.  76.7 us (61.4x), Avg.  1.25 us, Total. 322.2 us (0.0%)
[Performance] HierarchyWindow.Tick                                                                                                 :      344 samples, Peak.   183 us (70.3x), Avg.  2.60 us, Total. 895.5 us (0.0%)
[Performance] EditorApplication.hierarchyChanged: Unity.UIElements.Editor.UIDocumentHierarchyWatcher.OnHierarchyChanged            :       10 samples, Peak.  47.3 us (9.2x), Avg.  5.13 us, Total. 51.33 us (0.0%)
[Performance] Inspector.Tick                                                                                                       :      344 samples, Peak.  49.0 ms (293.9x), Avg.   167 us, Total. 57.34 ms (0.1%)
[Performance] EditorApplication.delayCall: UnityEditor.ShortcutManagement.ShortcutIntegration.EnsureShortcutsAreInitialized        :        1 samples, Peak.  12.4 ms (1.0x), Avg.  12.4 ms, Total. 12.41 ms (0.0%)
[Performance] EditorApplication.delayCall: UnityTcp.Editor.Windows.CodelyToolbar.AttachToToolbar                                   :      344 samples, Peak.   890 us (103.1x), Avg.  8.64 us, Total. 2.971 ms (0.0%)
[Performance] EditorApplication.delayCall: Cn.Tuanjie.Codely.Editor.CodelyLayoutInstaller.InstallCodelyLayout                      :        1 samples, Peak.  17.3 ms (1.0x), Avg.  17.3 ms, Total. 17.34 ms (0.0%)
[Performance] EditorApplication.delayCall: UnityTcp.Editor.Helpers.BridgeUpdateRestartPrompt.TryShowPendingPrompt                  :        1 samples, Peak.   119 us (1.0x), Avg.   119 us, Total. 119.3 us (0.0%)
[Performance] EditorApplication.delayCall: callback in UnityTcp.Editor.Tools.ManageScreenshot                                      :        1 samples, Peak.   101 us (1.0x), Avg.   101 us, Total. 100.7 us (0.0%)
[Performance] EditorApplication.delayCall: callback in UnityTcp.Editor.Native.NativeWindowBridgeHost                               :        1 samples, Peak.  17.5 ms (1.0x), Avg.  17.5 ms, Total. 17.46 ms (0.0%)
[Performance] EditorApplication.delayCall: callback in UnityEditor.EditorWindow                                                    :        1 samples, Peak.   506 us (1.0x), Avg.   506 us, Total. 506.1 us (0.0%)
[Performance] EditorApplication.delayCall: callback in UnityEditor.EditorTools.ToolShortcutContext                                 :        1 samples, Peak.  41.9 us (1.0x), Avg.  41.9 us, Total. 41.92 us (0.0%)
[Performance] EditorApplication.delayCall: callback in UnityEditor.SceneVisibilityManager                                          :        1 samples, Peak.  13.7 us (1.0x), Avg.  13.7 us, Total. 13.71 us (0.0%)
[Performance] Tooltip.Tick                                                                                                         :     1026 samples, Peak.  3.13 us (24.7x), Avg.   127 ns, Total. 129.9 us (0.0%)
[Performance] Application.RequestRepaintForPanels                                                                                  :   505896 samples, Peak.   131 us (431.4x), Avg.   303 ns, Total. 153.5 ms (0.3%)
[Performance] Application.UpdateScene                                                                                              :   505896 samples, Peak.  41.3 ms (13480.9x), Avg.  3.07 us, Total. 1.551 s (2.8%)
[Performance] PackageImporter.Tick                                                                                                 :      258 samples, Peak.  2.71 us (15.5x), Avg.   174 ns, Total. 45.00 us (0.0%)
[Performance] InspectorBackground.Tick                                                                                             :      344 samples, Peak.  2.79 us (23.0x), Avg.   122 ns, Total. 41.84 us (0.0%)
[Performance] BurstDebug.Tick                                                                                                      :      104 samples, Peak.   667 ns (2.8x), Avg.   237 ns, Total. 24.67 us (0.0%)
[Performance] Application.ChangeLayoutIfNeeded                                                                                     :   505896 samples, Peak.  22.7 us (951.1x), Avg.  23.8 ns, Total. 12.06 ms (0.0%)
[Performance] AsyncReadManager.ForceCloseFiles                                                                                     :       52 samples, Peak.  56.2 us (23.7x), Avg.  2.37 us, Total. 123.2 us (0.0%)
[Performance] Application.Message                                                                                                  :   505896 samples, Peak.  12.6 us (402.9x), Avg.  31.3 ns, Total. 15.85 ms (0.0%)
[Performance] Application.ExitPlayMode                                                                                             :        1 samples, Peak.  19.1 ms (1.0x), Avg.  19.1 ms, Total. 19.13 ms (0.0%)
[Performance] CoreBusinessMetrics.Tick                                                                                             :        1 samples, Peak.  29.6 us (1.0x), Avg.  29.6 us, Total. 29.62 us (0.0%)
[Performance] GI.Tick                                                                                                              :        1 samples, Peak.   297 us (1.0x), Avg.   297 us, Total. 297.1 us (0.0%)
[Performance] UnitySynchronization.ExecuteTasks                                                                                    :        1 samples, Peak.  2.17 us (1.0x), Avg.  2.17 us, Total. 2.167 us (0.0%)
[Performance] Application.TickPreloadManager                                                                                       :        1 samples, Peak.  1.25 us (1.0x), Avg.  1.25 us, Total. 1.250 us (0.0%)
[Performance] Application.Shutdown.SaveDefaultWindowPreferences                                                                    :        1 samples, Peak.  19.3 us (1.0x), Avg.  19.3 us, Total. 19.25 us (0.0%)
[Performance] Application.Shutdown.SaveSceneManagerSetup                                                                           :        1 samples, Peak.   175 us (1.0x), Avg.   175 us, Total. 174.6 us (0.0%)
[Performance] Application.Shutdown.CleanupAllContainerWindows                                                                      :        1 samples, Peak.   334 ns (1.0x), Avg.   334 ns, Total. 334.0 ns (0.0%)
[Performance] EditorApplication.quitting: UnityTcp.Editor.Native.NativeDllLoader.OnEditorQuitting                                  :        1 samples, Peak.  65.5 us (1.0x), Avg.  65.5 us, Total. 65.50 us (0.0%)
[Performance] EditorApplication.quitting: UnityTcp.Editor.Tools.ManageWindowBridge.OnEditorQuitting                                :        1 samples, Peak.  82.7 us (1.0x), Avg.  82.7 us, Total. 82.71 us (0.0%)
[Performance] EditorApplication.quitting: UnityTcp.Editor.Tools.ManageScreenshot.CleanupRecordingBeforeDomainExit                  :        1 samples, Peak.  7.38 us (1.0x), Avg.  7.38 us, Total. 7.375 us (0.0%)
[Performance] EditorApplication.quitting: Cn.Tuanjie.Codely.Editor.CodelyWindow.OnEditorQuitting                                   :        1 samples, Peak.   222 us (1.0x), Avg.   222 us, Total. 222.5 us (0.0%)
[Performance] EditorApplication.quitting: callback in UnityEditor.TextCore.Text.EditorEventCallbacks                               :        1 samples, Peak.  1.14 ms (1.0x), Avg.  1.14 ms, Total. 1.136 ms (0.0%)
[Performance] Killing ADB server                                                                                                   :        1 samples, Peak.  20.4 ms (1.0x), Avg.  20.4 ms, Total. 20.44 ms (0.0%)
[Performance] Application.Shutdown.PauseProfilerSession                                                                            :        1 samples, Peak.  15.1 us (1.0x), Avg.  15.1 us, Total. 15.08 us (0.0%)
[Performance] Application.Shutdown.PauseAssetImportWorkers                                                                         :        1 samples, Peak.   105 us (1.0x), Avg.   105 us, Total. 104.6 us (0.0%)
[Performance] Application.Shutdown.SaveAssets                                                                                      :        1 samples, Peak.  1.97 ms (1.0x), Avg.  1.97 ms, Total. 1.971 ms (0.0%)
[Performance] BuilderAssetModificationProcessor.OnWillSaveAssets                                                                   :        1 samples, Peak.   179 us (1.0x), Avg.   179 us, Total. 179.1 us (0.0%)
[Performance] TerrainModificationProcessor.OnWillSaveAssets                                                                        :        1 samples, Peak.   242 us (1.0x), Avg.   242 us, Total. 241.7 us (0.0%)
[Performance] Application.Shutdown.CleanupRenderPipeline                                                                           :        1 samples, Peak.  3.58 us (1.0x), Avg.  3.58 us, Total. 3.584 us (0.0%)
[Performance] Application.Shutdown.StopPreloadManager                                                                              :        1 samples, Peak.  10.3 ms (1.0x), Avg.  10.3 ms, Total. 10.28 ms (0.0%)
[Performance] Application.Shutdown.DestroyWorld                                                                                    :        1 samples, Peak.   654 us (1.0x), Avg.   654 us, Total. 654.3 us (0.0%)
[Performance] Application.Shutdown.CleanupAfterLoad                                                                                :        1 samples, Peak.  1.41 ms (1.0x), Avg.  1.41 ms, Total. 1.407 ms (0.0%)
[Performance] Application.Shutdown.Progress                                                                                        :        1 samples, Peak.  5.79 us (1.0x), Avg.  5.79 us, Total. 5.792 us (0.0%)
[Performance] Application.Shutdown.GICleanupManagers                                                                               :        1 samples, Peak.   358 us (1.0x), Avg.   358 us, Total. 358.2 us (0.0%)
[Performance] Application.Shutdown.MenuCleanupClass                                                                                :        1 samples, Peak.  43.1 us (1.0x), Avg.  43.1 us, Total. 43.12 us (0.0%)
[Performance] Application.Shutdown.ADBSaveStateBeforeShutdown                                                                      :        1 samples, Peak.  4.54 us (1.0x), Avg.  4.54 us, Total. 4.542 us (0.0%)
[Performance] Application.Shutdown.RemoteShutdown                                                                                  :        1 samples, Peak.   416 ns (1.0x), Avg.   416 ns, Total. 416.0 ns (0.0%)
[Performance] Application.Shutdown.CleanupVCProvider                                                                               :        1 samples, Peak.  6.17 us (1.0x), Avg.  6.17 us, Total. 6.167 us (0.0%)
[Performance] Application.Shutdown.InputShutdown                                                                                   :        1 samples, Peak.   118 us (1.0x), Avg.   118 us, Total. 117.8 us (0.0%)
[Performance] Application.Shutdown.GizmoManagerDestroy                                                                             :        1 samples, Peak.   438 us (1.0x), Avg.   438 us, Total. 438.1 us (0.0%)
[Performance] Application.Shutdown.ProfilerSession                                                                                 :        1 samples, Peak.  75.7 us (1.0x), Avg.  75.7 us, Total. 75.71 us (0.0%)
[Performance] Application.Shutdown.ReleaseGfxWindowOnAllGUIViews                                                                   :        1 samples, Peak.   708 ns (1.0x), Avg.   708 ns, Total. 708.0 ns (0.0%)
[Performance] Application.Shutdown.CleanupEngine                                                                                   :        1 samples, Peak.   118 ms (1.0x), Avg.   118 ms, Total. 117.7 ms (0.2%)
[Performance] Application.Shutdown.CleanupAssetDatabase                                                                            :        1 samples, Peak.   967 us (1.0x), Avg.   967 us, Total. 966.8 us (0.0%)
[Performance] Application.Shutdown.ScriptCompilationCleanUp                                                                        :        1 samples, Peak.  6.75 us (1.0x), Avg.  6.75 us, Total. 6.750 us (0.0%)
[Performance] Application.Shutdown.DestroyJobSystem                                                                                :        1 samples, Peak.   172 us (1.0x), Avg.   172 us, Total. 172.2 us (0.0%)
[Performance] Application.Shutdown.CleanupPersistentManager                                                                        :        1 samples, Peak.   367 us (1.0x), Avg.   367 us, Total. 366.5 us (0.0%)
[Performance] Application.Shutdown.CleanupAsyncReadManager                                                                         :        1 samples, Peak.  59.0 us (1.0x), Avg.  59.0 us, Total. 58.96 us (0.0%)
[Performance] Application.Shutdown.CleanupMono                                                                                     :        1 samples, Peak.  16.8 ms (1.0x), Avg.  16.8 ms, Total. 16.84 ms (0.0%)
[Performance] Application.Shutdown.CleanupStdConverters                                                                            :        1 samples, Peak.  4.13 us (1.0x), Avg.  4.13 us, Total. 4.125 us (0.0%)
[Performance] Application.Shutdown.UnloadAllPlatformSupportModuleNativeDlls                                                        :        1 samples, Peak.   292 ns (1.0x), Avg.   292 ns, Total. 292.0 ns (0.0%)
[Performance] Application.Shutdown.UnloadAllPlatformSupportNativeLibraries                                                         :        1 samples, Peak.  42.0 ns (1.0x), Avg.  42.0 ns, Total. 42.00 ns (0.0%)
[Performance] Application.Shutdown.CleanupAutoDocumentation                                                                        :        1 samples, Peak.  75.4 us (1.0x), Avg.  75.4 us, Total. 75.42 us (0.0%)
[Performance] Application.Shutdown.ShaderNameManagerDestroy                                                                        :        1 samples, Peak.  13.3 us (1.0x), Avg.  13.3 us, Total. 13.33 us (0.0%)
[Performance] Application.Shutdown.CleanupCacheServer                                                                              :        1 samples, Peak.  84.0 ns (1.0x), Avg.  84.0 ns, Total. 84.00 ns (0.0%)
[Performance] Application.Shutdown.Virtualization_Shutdown                                                                         :        1 samples, Peak.   125 ns (1.0x), Avg.   125 ns, Total. 125.0 ns (0.0%)
[Performance] Application.Shutdown.DevConnections                                                                                  :        1 samples, Peak.  41.8 us (1.0x), Avg.  41.8 us, Total. 41.75 us (0.0%)
[Package Manager] Server::Kill -- Server was shutdown
Checking for leaked weakptr:
  Found no leaked weakptrs.
Memory Statistics:
[ALLOC_TEMP_TLS] TLS Allocator
  StackAllocators : 
    [ALLOC_TEMP_CurlRequest]
      Initial Block Size 64.0 KB
      Current Block Size 64.0 KB
      Peak Allocated Bytes 0 B
      Overflow Count 0
    [ALLOC_TEMP_MAIN]
      Peak usage frame count: [4.0 KB-8.0 KB]: 4649 frames, [8.0 KB-16.0 KB]: 2 frames, [16.0 KB-32.0 KB]: 1 frames, [32.0 KB-64.0 KB]: 1 frames, [64.0 KB-128.0 KB]: 1 frames, [128.0 KB-256.0 KB]: 1 frames, [256.0 KB-0.5 MB]: 1 frames, [4.0 MB-8.0 MB]: 2 frames, [8.0 MB-16.0 MB]: 1 frames
      Initial Block Size 16.0 MB
      Current Block Size 16.0 MB
      Peak Allocated Bytes 13.2 MB
      Overflow Count 0
    [ALLOC_TEMP_Background Job.Worker 8]
      Initial Block Size 32.0 KB
      Current Block Size 32.0 KB
      Peak Allocated Bytes 0 B
      Overflow Count 0
    [ALLOC_TEMP_Job.Worker 4]
      Initial Block Size 256.0 KB
      Current Block Size 0.8 MB
      Peak Allocated Bytes 0.8 MB
      Overflow Count 0
    [ALLOC_TEMP_BakingJobs.Worker 5]
      Initial Block Size 256.0 KB
      Current Block Size 256.0 KB
      Peak Allocated Bytes 0 B
      Overflow Count 0
    [ALLOC_TEMP_Background Job.Worker 11]
      Initial Block Size 32.0 KB
      Current Block Size 32.0 KB
      Peak Allocated Bytes 0 B
      Overflow Count 0
    [ALLOC_TEMP_Background Job.Worker 3]
      Initial Block Size 32.0 KB
      Current Block Size 32.0 KB
      Peak Allocated Bytes 0 B
      Overflow Count 0
    [ALLOC_TEMP_BatchDeleteObjects]
      Initial Block Size 64.0 KB
      Current Block Size 64.0 KB
      Peak Allocated Bytes 0 B
      Overflow Count 0
    [ALLOC_TEMP_CoreBusinessMetricsCache]
      Initial Block Size 64.0 KB
      Current Block Size 64.0 KB
      Peak Allocated Bytes 7.9 KB
      Overflow Count 0
    [ALLOC_TEMP_REST Message Handler]
      Initial Block Size 64.0 KB
      Current Block Size 64.0 KB
      Peak Allocated Bytes 0 B
      Overflow Count 0
    [ALLOC_TEMP_AssetDatabase.IOService]
      Initial Block Size 64.0 KB
      Current Block Size 64.0 KB
      Peak Allocated Bytes 0 B
      Overflow Count 0
    [ALLOC_TEMP_Background Job.Worker 2]
      Initial Block Size 32.0 KB
      Current Block Size 32.0 KB
      Peak Allocated Bytes 141 B
      Overflow Count 0
    [ALLOC_TEMP_Loading.PreloadManager] x 3
      Initial Block Size 32.0 MB
      Current Block Size 32.0 MB
      Peak Allocated Bytes 1.1 MB
      Overflow Count 0
    [ALLOC_TEMP_Profiler.Dispatcher]
      Initial Block Size 64.0 KB
      Current Block Size 64.0 KB
      Peak Allocated Bytes 0 B
      Overflow Count 0
    [ALLOC_TEMP_Job.Worker 3]
      Initial Block Size 256.0 KB
      Current Block Size 256.0 KB
      Peak Allocated Bytes 20.2 KB
      Overflow Count 1
    [ALLOC_TEMP_BakingJobs.Worker 7]
      Initial Block Size 256.0 KB
      Current Block Size 256.0 KB
      Peak Allocated Bytes 0 B
      Overflow Count 0
    [ALLOC_TEMP_Background Job.Worker 5]
      Initial Block Size 32.0 KB
      Current Block Size 32.0 KB
      Peak Allocated Bytes 0 B
      Overflow Count 0
    [ALLOC_TEMP_CurlRequest]
      Initial Block Size 64.0 KB
      Current Block Size 64.0 KB
      Peak Allocated Bytes 0 B
      Overflow Count 0
    [ALLOC_TEMP_Background Job.Worker 13]
      Initial Block Size 32.0 KB
      Current Block Size 32.0 KB
      Peak Allocated Bytes 0 B
      Overflow Count 0
    [ALLOC_TEMP_Job.Worker 2]
      Initial Block Size 256.0 KB
      Current Block Size 256.0 KB
      Peak Allocated Bytes 20.0 KB
      Overflow Count 1
    [ALLOC_TEMP_BakingJobs.Worker 6]
      Initial Block Size 256.0 KB
      Current Block Size 256.0 KB
      Peak Allocated Bytes 0 B
      Overflow Count 0
    [ALLOC_TEMP_Job.Worker 0]
      Initial Block Size 256.0 KB
      Current Block Size 0.8 MB
      Peak Allocated Bytes 0.8 MB
      Overflow Count 0
    [ALLOC_TEMP_Job.Worker 5]
      Initial Block Size 256.0 KB
      Current Block Size 0.8 MB
      Peak Allocated Bytes 0.8 MB
      Overflow Count 0
    [ALLOC_TEMP_ReadCacheIndex] x 3
      Initial Block Size 64.0 KB
      Current Block Size 64.0 KB
      Peak Allocated Bytes 1.0 KB
      Overflow Count 0
    [ALLOC_TEMP_Job.Worker 6]
      Initial Block Size 256.0 KB
      Current Block Size 256.0 KB
      Peak Allocated Bytes 16.9 KB
      Overflow Count 0
    [ALLOC_TEMP_BakingJobs.Worker 8]
      Initial Block Size 256.0 KB
      Current Block Size 256.0 KB
      Peak Allocated Bytes 0 B
      Overflow Count 0
    [ALLOC_TEMP_Background Job.Worker 9]
      Initial Block Size 32.0 KB
      Current Block Size 32.0 KB
      Peak Allocated Bytes 0 B
      Overflow Count 0
    [ALLOC_TEMP_BakingJobs.Worker 1]
      Initial Block Size 256.0 KB
      Current Block Size 256.0 KB
      Peak Allocated Bytes 340 B
      Overflow Count 0
    [ALLOC_TEMP_Loading.AsyncRead]
      Initial Block Size 64.0 KB
      Current Block Size 64.0 KB
      Peak Allocated Bytes 128 B
      Overflow Count 0
    [ALLOC_TEMP_Background Job.Worker 10]
      Initial Block Size 32.0 KB
      Current Block Size 32.0 KB
      Peak Allocated Bytes 0 B
      Overflow Count 0
    [ALLOC_TEMP_Background Job.Worker 6]
      Initial Block Size 32.0 KB
      Current Block Size 32.0 KB
      Peak Allocated Bytes 0 B
      Overflow Count 0
    [ALLOC_TEMP_BakingJobs.Worker 9]
      Initial Block Size 256.0 KB
      Current Block Size 256.0 KB
      Peak Allocated Bytes 0 B
      Overflow Count 0
    [ALLOC_TEMP_Background Job.Worker 1]
      Initial Block Size 32.0 KB
      Current Block Size 32.0 KB
      Peak Allocated Bytes 14.7 KB
      Overflow Count 0
    [ALLOC_TEMP_OSX HID Input]
      Initial Block Size 64.0 KB
      Current Block Size 64.0 KB
      Peak Allocated Bytes 0 B
      Overflow Count 0
    [ALLOC_TEMP_BakingJobs.Worker 2]
      Initial Block Size 256.0 KB
      Current Block Size 256.0 KB
      Peak Allocated Bytes 0 B
      Overflow Count 0
    [ALLOC_TEMP_Background Job.Worker 7]
      Initial Block Size 32.0 KB
      Current Block Size 32.0 KB
      Peak Allocated Bytes 0 B
      Overflow Count 0
    [ALLOC_TEMP_Job.Worker 8]
      Initial Block Size 256.0 KB
      Current Block Size 256.0 KB
      Peak Allocated Bytes 5.6 KB
      Overflow Count 1
    [ALLOC_TEMP_Job.Worker 1]
      Initial Block Size 256.0 KB
      Current Block Size 0.8 MB
      Peak Allocated Bytes 0.8 MB
      Overflow Count 0
    [ALLOC_TEMP_BakingJobs.Worker 0]
      Initial Block Size 256.0 KB
      Current Block Size 256.0 KB
      Peak Allocated Bytes 0 B
      Overflow Count 0
    [ALLOC_TEMP_BakingJobs.Worker 3]
      Initial Block Size 256.0 KB
      Current Block Size 256.0 KB
      Peak Allocated Bytes 0 B
      Overflow Count 0
    [ALLOC_TEMP_EditorTaskManager]
      Initial Block Size 64.0 KB
      Current Block Size 80.0 KB
      Peak Allocated Bytes 64.0 KB
      Overflow Count 0
    [ALLOC_TEMP_Background Job.Worker 15]
      Initial Block Size 32.0 KB
      Current Block Size 32.0 KB
      Peak Allocated Bytes 0 B
      Overflow Count 0
    [ALLOC_TEMP_BakingJobs.Worker 4]
      Initial Block Size 256.0 KB
      Current Block Size 256.0 KB
      Peak Allocated Bytes 0 B
      Overflow Count 0
    [ALLOC_TEMP_Background Job.Worker 12]
      Initial Block Size 32.0 KB
      Current Block Size 32.0 KB
      Peak Allocated Bytes 0 B
      Overflow Count 0
    [ALLOC_TEMP_HTTP REST Server]
      Initial Block Size 64.0 KB
      Current Block Size 64.0 KB
      Peak Allocated Bytes 0 B
      Overflow Count 0
    [ALLOC_TEMP_AssetGarbageCollectorHelper] x 9
      Initial Block Size 64.0 KB
      Current Block Size 64.0 KB
      Peak Allocated Bytes 0 B
      Overflow Count 0
    [ALLOC_TEMP_Background Job.Worker 0]
      Initial Block Size 32.0 KB
      Current Block Size 32.0 KB
      Peak Allocated Bytes 0 B
      Overflow Count 0
    [ALLOC_TEMP_AUDIO_Audio Mixer Thread]
      Initial Block Size 64.0 KB
      Current Block Size 64.0 KB
      Peak Allocated Bytes 0 B
      Overflow Count 0
    [ALLOC_TEMP_Background Job.Worker 4]
      Initial Block Size 32.0 KB
      Current Block Size 32.0 KB
      Peak Allocated Bytes 0 B
      Overflow Count 0
    [ALLOC_TEMP_Background Job.Worker 14]
      Initial Block Size 32.0 KB
      Current Block Size 32.0 KB
      Peak Allocated Bytes 0 B
      Overflow Count 0
    [ALLOC_TEMP_Job.Worker 7]
      Initial Block Size 256.0 KB
      Current Block Size 256.0 KB
      Peak Allocated Bytes 5.6 KB
      Overflow Count 0
    [ALLOC_TEMP_CloudJob.Worker 0]
      Initial Block Size 32.0 KB
      Current Block Size 32.0 KB
      Peak Allocated Bytes 5.0 KB
      Overflow Count 0
[ALLOC_MEMORYPROFILER]
  Peak usage frame count: [128.0 KB-256.0 KB]: 4657 frames, [256.0 KB-0.5 MB]: 2 frames
  Requested Block Size 1.0 MB
  Peak Block count 1
  Peak Allocated memory 306.6 KB
  Peak Large allocation bytes 0 B
[ALLOC_DEFAULT] Dual Thread Allocator
  Peak main deferred allocation count 623
    [ALLOC_BUCKET]
      Large Block size 32.0 MB
      Used Block count 1
      Peak Allocated bytes 5.4 MB
    [ALLOC_DEFAULT_MAIN]
      Peak usage frame count: [32.0 MB-64.0 MB]: 4659 frames
      Requested Block Size 16.0 MB
      Peak Block count 4
      Peak Allocated memory 51.7 MB
      Peak Large allocation bytes 0 B
    [ALLOC_DEFAULT_THREAD]
      Peak usage frame count: [4.0 MB-8.0 MB]: 4659 frames
      Requested Block Size 16.0 MB
      Peak Block count 1
      Peak Allocated memory 4.8 MB
      Peak Large allocation bytes 0 B
[ALLOC_TEMP_JOB_1_FRAME]
  Initial Block Size 2.0 MB
  Used Block Count 0
  Overflow Count (too large) 0
  Overflow Count (full) 0
[ALLOC_TEMP_JOB_2_FRAMES]
  Initial Block Size 2.0 MB
  Used Block Count 0
  Overflow Count (too large) 0
  Overflow Count (full) 0
[ALLOC_TEMP_JOB_4_FRAMES (JobTemp)]
  Initial Block Size 2.0 MB
  Used Block Count 1
  Overflow Count (too large) 0
  Overflow Count (full) 0
[ALLOC_TEMP_JOB_ASYNC (Background)]
  Initial Block Size 1.0 MB
  Used Block Count 1
  Overflow Count (too large) 0
  Overflow Count (full) 0
[ALLOC_GFX] Dual Thread Allocator
  Peak main deferred allocation count 77
    [ALLOC_BUCKET]
      Large Block size 32.0 MB
      Used Block count 1
      Peak Allocated bytes 5.4 MB
    [ALLOC_GFX_MAIN]
      Peak usage frame count: [4.0 MB-8.0 MB]: 4657 frames, [8.0 MB-16.0 MB]: 2 frames
      Requested Block Size 16.0 MB
      Peak Block count 1
      Peak Allocated memory 13.4 MB
      Peak Large allocation bytes 0 B
    [ALLOC_GFX_THREAD]
      Peak usage frame count: [0-1.0 KB]: 4479 frames, [4.0 KB-8.0 KB]: 176 frames, [8.0 KB-16.0 KB]: 4 frames
      Requested Block Size 16.0 MB
      Peak Block count 1
      Peak Allocated memory 8.7 KB
      Peak Large allocation bytes 0 B
[ALLOC_CACHEOBJECTS] Dual Thread Allocator
  Peak main deferred allocation count 117
    [ALLOC_BUCKET]
      Large Block size 32.0 MB
      Used Block count 1
      Peak Allocated bytes 5.4 MB
    [ALLOC_CACHEOBJECTS_MAIN]
      Peak usage frame count: [8.0 MB-16.0 MB]: 4658 frames, [32.0 MB-64.0 MB]: 1 frames
      Requested Block Size 4.0 MB
      Peak Block count 6
      Peak Allocated memory 52.2 MB
      Peak Large allocation bytes 33.9 MB
    [ALLOC_CACHEOBJECTS_THREAD]
      Peak usage frame count: [4.0 KB-8.0 KB]: 3070 frames, [256.0 KB-0.5 MB]: 1 frames, [0.5 MB-1.0 MB]: 1586 frames, [1.0 MB-2.0 MB]: 2 frames
      Requested Block Size 4.0 MB
      Peak Block count 1
      Peak Allocated memory 1.9 MB
      Peak Large allocation bytes 0 B
[ALLOC_TYPETREE] Dual Thread Allocator
  Peak main deferred allocation count 542
    [ALLOC_BUCKET]
      Large Block size 32.0 MB
      Used Block count 1
      Peak Allocated bytes 5.4 MB
    [ALLOC_TYPETREE_MAIN]
      Peak usage frame count: [256.0 KB-0.5 MB]: 1 frames, [0.5 MB-1.0 MB]: 4657 frames, [2.0 MB-4.0 MB]: 1 frames
      Requested Block Size 2.0 MB
      Peak Block count 2
      Peak Allocated memory 2.5 MB
      Peak Large allocation bytes 0 B
    [ALLOC_TYPETREE_THREAD]
      Peak usage frame count: [32.0 KB-64.0 KB]: 4658 frames, [64.0 KB-128.0 KB]: 1 frames
      Requested Block Size 2.0 MB
      Peak Block count 1
      Peak Allocated memory 91.5 KB
      Peak Large allocation bytes 0 B
[ALLOC_PROFILER]
  Peak usage frame count: [256.0 KB-0.5 MB]: 4659 frames
  Requested Block Size 16.0 MB
  Peak Block count 1
  Peak Allocated memory 460.7 KB
  Peak Large allocation bytes 0 B
    [ALLOC_PROFILER_BUCKET]
      Large Block size 32.0 MB
      Used Block count 1
      Peak Allocated bytes 4.4 KB
[ALLOC_PROFILER_EDITOR]
  Peak usage frame count: [0-1.0 KB]: 4659 frames
  Requested Block Size 1.0 MB
  Peak Block count 0
  Peak Allocated memory 0 B
  Peak Large allocation bytes 0 B
    [ALLOC_PROFILER_BUCKET]
      Large Block size 32.0 MB
      Used Block count 1
      Peak Allocated bytes 4.4 KB
##utp:{"type":"MemoryLeaks","version":2,"phase":"Immediate","time":1791115880095,"processId":3431,"allocatedMemory":11564392,"memoryLabels":[{"Default":20391},{"Permanent":15696},{"Thread":1083692},{"Manager":30530},{"VertexData":12},{"Geometry":280},{"Texture":1208},{"Shader":68824},{"Material":24},{"GfxDevice":38920},{"Animation":312},{"Audio":323988},{"FMODOther":3088},{"FontEngine":328},{"Physics":513},{"Serialization":676},{"Input":9032},{"JobScheduler":33704},{"Mono":40},{"ScriptingNativeRuntime":193824},{"BaseObject":1627372},{"Resource":1000},{"Renderer":2320},{"Transform":48},{"File":6888},{"WebCam":40},{"Culling":40},{"Skinning":24},{"Terrain":1025},{"Wind":24},{"String":21065},{"DynamicArray":57239},{"HashMap":112810},{"Utility":2660354},{"Curl":2047},{"PoolAlloc":1496},{"AI":72},{"TypeTree":5061},{"ScriptManager":640},{"RuntimeInitializeOnLoadManager":80},{"SpriteAtlas":128},{"GI":2600},{"Director":7880},{"CloudService":2704},{"WebRequest":816},{"VR":45709},{"SceneManager":576},{"Video":1096},{"LazyScriptCache":40},{"NativeArray":12},{"Camera":25},{"Secure":9945},{"SerializationCache":1576},{"APIUpdating":11856},{"Subsystems":392},{"VirtualTexturing":57512},{"StaticSafetyDebugInfo":327680},{"Baselib":16},{"EditorGui":80},{"EditorUtility":14199},{"VersionControl":4},{"Undo":720},{"AssetDatabase":4702071},{"RestService":1310},{"EditorGi":376},{"License":3712},{"UnityConnect":25520},{"Collab":641},{"Upm":1920},{"DrivenProperties":96},{"LocalIPC":226},{"ProfilerEditor":10975},{"CoreBusinessMetrics":3741},{"TLS":3431},{"AssetReference":40},{"IPCStream":40}]}
